_id,district,Sub_County,Parish,enumerator,trees_count_unreliable,n_male,n_female,adults,children,children_imputed,n_elder,hh_size,dependency_ratio,female_respondent,female_head,head_age,head_edu,resp_age,resp_edu,resp_edu_secondary_plus,married,farming_years,land_owned_ac,coffee_ac,other_crops_ac,owns_land,land_tenure,trees_on_farm,trees_per_acre,system_has_trees,system_has_banana,system_has_annuals,trees_planted_any,removed_trees,credit_access,group_member,extension_contact,saves,sells_to_cooperative,coffee_kg_faq,coffee_kg_raw,coffee_yield_faq_ac,kiboko_price,harvest_year,inc_coffee_mi,inc_livestock_mi,inc_offfarm_mi,inc_remittances_mi,inc_othercrops_mi,inc_trade_mi,inc_professional_mi,inc_other_mi,income_total_mi,n_income_sources,share_farm_cash,share_coffee_cash,inkind_food_central,tree_inkind,gross,cost_central,net_central,bench_ref_year,bench_hh_year,ratio_ref,ratio_hh,ratio_net_ref,gap_ref,below_ref,income_pc,li_group
616677841,mukono,Nabaale,Makukuba,Namazzi_Patience,False,0.0,1.0,1.0,7.0,False,1.0,8.0,8.0,1.0,1.0,61_and_above,secondary,65.0,2.0,1.0,0.0,20.0,0.5,0.25,0.0,1.0,mailo_kibanja,0.0,0.0,0.0,0.0,0.0,,0.0,0.0,0.0,0.0,0.0,0.0,10.0,20.0,40.0,2500.0,2025.0,70000.0,0.0,6000000.0,0.0,0.0,0.0,0.0,0.0,6070000.0,2,0.011532125205930808,0.011532125205930808,3697162.4716008897,0.0,9767162.47160089,0.0,9767162.47160089,20166768.67704479,29771271.83648328,48.43196561637834,32.807340328778615,48.43196561637834,10399606.2054439,1.0,1220895.3089501113,25-50%
551440657,nakaseke,Kasangombe,Mpwedde,Kawalya_Dan,False,1.0,1.0,2.0,5.0,False,0.0,7.0,2.5,1.0,0.0,41_60,secondary,45.0,2.0,1.0,1.0,5.0,1.0,0.8,0.2,1.0,mailo_kibanja,1.0,1.0,1.0,1.0,1.0,0.0,0.0,0.0,0.0,0.0,,0.0,40.0,80.0,50.0,4500.0,2024.0,280000.0,221000.0,54000.0,9250.000000000004,21250.000000000007,0.0,0.0,0.0,585500.0,5,0.8919726729291204,0.47822374039282667,2797306.964071096,0.0,3382806.964071096,798769.2307692308,2584037.733301865,19779321.73522621,26975037.242780183,17.102745025105925,12.540508966216526,13.064339454571858,16396514.771155115,1.0,483258.1377244423,<25%
592191523,nakaseke,Kikamulo,Kamuli,Najjuma_Olivia,False,1.0,1.0,2.0,2.0,False,2.0,4.0,4.0,1.0,1.0,61_and_above,non_formal,75.0,0.0,0.0,0.0,60.0,2.0,0.6,1.3,1.0,mailo_kibanja,1.0,0.5263157894736842,1.0,1.0,1.0,1.0,1.0,0.0,0.0,0.0,0.0,0.0,26.0,52.0,43.333333333333336,6000.0,2024.0,312000.0,0.0,0.0,0.0,500000.0,0.0,0.0,0.0,812000.0,2,1.0,0.3842364532019704,1667335.5692488411,0.0,2479335.569248841,0.0,2479335.569248841,19779321.73522621,15736788.99645548,12.5349878142345,15.755028359389462,12.5349878142345,17299986.16597737,1.0,619833.8923122103,<25%
552803559,nakaseke,Kasangombe,Bukuuku,Najjuma_Olivia,False,1.0,1.0,2.0,1.0,False,1.0,3.0,2.0,1.0,1.0,41_60,non_formal,55.0,0.0,0.0,0.0,7.0,0.9,0.6,0.1,1.0,freehold_full_ownership,2.0,2.857142857142857,,,,1.0,0.0,0.0,0.0,0.0,,0.0,85.5,171.0,142.5,7000.0,2024.0,3440000.0,695000.0,0.0,0.0,412749.9999999998,0.0,0.0,0.0,4547750.0,3,1.0,0.7564180089055027,1290678.4376414227,0.0,5838428.437641423,104038.46153846152,5734389.976102961,19779321.73522621,12583606.227672242,29.517839467889374,46.39710057679893,28.991843364832036,13940893.297584787,1.0,1946142.812547141,25-50%
613177526,nakaseke,Kikamulo,Magoma,Kawalya_Dan,False,0.0,1.0,1.0,3.0,False,1.0,4.0,4.0,0.0,1.0,61_and_above,primary,65.0,2.0,1.0,1.0,30.0,10.0,9.0,1.0,1.0,freehold_full_ownership,2.0,0.2,0.0,1.0,1.0,0.0,0.0,0.0,1.0,0.0,1.0,0.0,2000.0,4000.0,222.22222222222223,6000.0,2025.0,50000000.0,0.0,0.0,0.0,0.0,0.0,0.0,0.0,50000000.0,1,1.0,1.0,1541783.192046367,0.0,51541783.19204637,41880000.0,9661783.192046368,19779321.73522621,14685728.073527724,260.5841791847313,350.9651202445647,48.84789944459574,-31762461.456820156,0.0,12885445.798011592,>=100%
613831899,nakaseke,Kikamulo,Magoma,Najjuma_Olivia,False,1.0,1.0,2.0,3.0,False,1.0,5.0,4.0,1.0,1.0,61_and_above,primary,65.0,1.0,0.0,0.0,40.0,1.0,0.6,0.2,1.0,mailo_kibanja,2.0,2.5,1.0,1.0,1.0,1.0,0.0,0.0,0.0,0.0,0.0,0.0,29.5,59.0,49.16666666666667,5800.0,2024.0,203000.0,0.0,0.0,0.0,0.0,0.0,0.0,0.0,203000.0,1,1.0,1.0,2043992.7008562596,0.0,2246992.700856259,0.0,2246992.700856259,19779321.73522621,19779321.73522621,11.36031220349913,11.36031220349913,11.36031220349913,17532329.034369953,1.0,449398.5401712518,<25%
614880484,mukono,Kimenyedde,Naggalama,Kisira_Isaac,False,0.0,1.0,1.0,0.0,False,0.0,1.0,0.0,1.0,1.0,26_40,primary,45.0,1.0,0.0,0.0,28.0,0.25,0.25,0.0,1.0,mailo_kibanja,2.0,8.0,1.0,1.0,1.0,1.0,1.0,0.0,0.0,0.0,0.0,0.0,18.0,36.0,72.0,8000.0,2024.0,120000.0,0.0,0.0,0.0,0.0,0.0,0.0,0.0,120000.0,1,1.0,1.0,499451.9319131346,0.0,619451.9319131346,269050.0,350401.93191313464,20166768.67704479,4317894.793894773,3.071646934782555,14.346156205310978,1.737521451872388,19547316.745131657,1.0,619451.9319131346,<25%
550714067,nakaseke,Kasangombe,Nakaseta,Kawalya_Dan,False,0.0,1.0,1.0,3.0,False,0.0,4.0,3.0,1.0,1.0,,,65.0,1.0,0.0,1.0,20.0,1.0,0.5,0.5,1.0,freehold_full_ownership,3.0,3.0,1.0,1.0,1.0,0.0,0.0,0.0,0.0,1.0,,0.0,25.0,50.0,50.0,4500.0,2025.0,800000.0,0.0,0.0,0.0,224779.99999999994,0.0,0.0,0.0,1024780.0,2,1.0,0.7806553601748668,1541783.192046367,0.0,2566563.192046367,815134.6153846154,1751428.5766617514,19779321.73522621,14685728.073527724,12.975991929366398,17.47658120316701,8.854846491234959,17212758.543179844,1.0,641640.7980115918,<25%
550714208,nakaseke,Kasangombe,Nakaseta,Kawalya_Dan,False,1.0,0.0,1.0,3.0,False,0.0,4.0,3.0,0.0,0.0,,,45.0,2.0,1.0,1.0,15.0,2.0,1.5,0.5,0.0,,3.0,1.5,1.0,1.0,1.0,0.0,1.0,0.0,0.0,0.0,,0.0,20.0,40.0,13.333333333333334,4500.0,2024.0,1000000.0,0.0,0.0,0.0,215120.0,0.0,0.0,0.0,1215120.0,2,1.0,0.8229639870959247,1632180.9036321468,0.0,2847300.903632147,1924500.0,922800.9036321468,19779321.73522621,15442491.938035691,14.39534146694835,18.438092213725497,4.665483053388398,16932020.831594065,1.0,711825.2259080367,<25%
556045414,nakaseke,Kasangombe,Mpwedde,Kawalya_Dan,False,0.0,1.0,1.0,4.0,False,1.0,5.0,5.0,0.0,1.0,61_and_above,non_formal,25.0,2.0,1.0,0.0,10.0,3.0,1.0,2.0,1.0,mailo_kibanja,3.0,1.0,1.0,1.0,1.0,0.0,0.0,0.0,0.0,0.0,,0.0,25.0,50.0,25.0,2500.0,2025.0,1000000.0,0.0,0.0,0.0,500000.0,0.0,0.0,0.0,1500000.0,2,1.0,0.6666666666666666,1918440.3236537853,0.0,3418440.323653786,1573750.0,1844690.3236537853,19779321.73522621,18728260.81229846,17.28289963333614,18.25284450016291,9.326357841525287,16360881.411572425,1.0,683688.0647307571,<25%
556046788,nakaseke,Kasangombe,Nakaseta,Kawalya_Dan,False,0.0,2.0,2.0,3.0,False,0.0,5.0,1.5,0.0,1.0,26_40,vocational,45.0,1.0,0.0,1.0,10.0,2.0,1.0,1.0,1.0,freehold_full_ownership,3.0,1.5,0.0,1.0,1.0,0.0,0.0,0.0,0.0,0.0,0.0,0.0,50.0,100.0,50.0,7000.0,2024.0,800000.0,0.0,0.0,300000.0,0.0,0.0,0.0,0.0,1100000.0,2,0.7272727272727273,0.7272727272727273,1953594.98927048,0.0,3053594.98927048,1613500.0,1440094.98927048,19779321.73522621,19022557.87071824,15.43832003011582,16.052494149437877,7.280810780815229,16725726.74595573,1.0,610718.997854096,<25%
557695958,nakaseke,Kasangombe,Mpwedde,Kawalya_Dan,False,0.0,1.0,1.0,5.0,False,0.0,6.0,5.0,1.0,1.0,,,35.0,1.0,0.0,0.0,8.0,1.5,1.0,0.5,,,3.0,2.0,1.0,1.0,1.0,0.0,0.0,0.0,1.0,1.0,1.0,0.0,25.0,50.0,25.0,7000.0,2025.0,1000000.0,500000.0,0.0,0.0,200000.0,0.0,0.0,0.0,1700000.0,3,1.0,0.5882352941176471,2295097.455261204,0.0,3995097.455261204,1576250.0,2418847.455261204,19779321.73522621,21881443.58108169,20.198354163712747,18.257924530698215,12.229172909166696,15784224.279965006,1.0,665849.5758768673,<25%
560461977,nakaseke,Kasangombe,Mpwedde,Kawalya_Dan,False,0.0,1.0,1.0,2.0,False,0.0,3.0,2.0,1.0,1.0,,,55.0,2.0,1.0,0.0,10.0,3.0,1.5,1.5,1.0,mailo_kibanja,3.0,1.0,1.0,1.0,1.0,0.0,0.0,0.0,0.0,0.0,1.0,0.0,75.0,150.0,50.0,6000.0,2025.0,3000000.0,500000.0,0.0,0.0,0.0,0.0,0.0,0.0,3500000.0,2,1.0,0.8571428571428571,1165126.0604389491,0.0,4665126.06043895,2391250.0,2273876.0604389496,19779321.73522621,11532545.30474449,23.58587479837865,40.45183380740517,11.496228692156132,15114195.67478726,1.0,1555042.0201463166,25-50%
592361767,nakaseke,Kikamulo,Kibose,Kawalya_Dan,False,0.0,1.0,1.0,2.0,False,0.0,3.0,2.0,0.0,0.0,,,35.0,2.0,1.0,1.0,10.0,0.8,0.5,0.3,1.0,mailo_kibanja,3.0,3.75,0.0,1.0,1.0,0.0,0.0,0.0,0.0,0.0,0.0,0.0,500.0,1000.0,1000.0,5500.0,2025.0,5000000.0,0.0,0.0,0.0,250000.0,0.0,0.0,0.0,5250000.0,2,1.0,0.9523809523809523,1165126.0604389491,0.0,6415126.06043895,2195000.0,4220126.06043895,19779321.73522621,11532545.30474449,32.43349871302137,55.62628102401441,21.33605043151236,13364195.67478726,1.0,2138375.35347965,50-100%
592363240,nakaseke,Kikamulo,Magoma,Kawalya_Dan,False,0.0,1.0,1.0,2.0,False,0.0,3.0,2.0,0.0,1.0,26_40,secondary,55.0,2.0,1.0,1.0,7.0,1.5,1.0,0.5,1.0,mailo_kibanja,3.0,2.0,0.0,1.0,1.0,0.0,0.0,0.0,1.0,0.0,1.0,0.0,200.0,400.0,200.0,2000.0,2025.0,3000000.0,200000.0,0.0,0.0,500000.0,0.0,0.0,0.0,3700000.0,3,1.0,0.8108108108108109,1165126.0604389491,0.0,4865126.06043895,2500000.0,2365126.0604389496,19779321.73522621,11532545.30474449,24.59703181719496,42.186056346446236,11.957569081991073,14914195.67478726,1.0,1621708.6868129831,25-50%
616701192,mukono,Kimenyedde,Naggalama,Kisira_Isaac,False,0.0,1.0,1.0,2.0,False,0.0,3.0,2.0,1.0,1.0,41_60,primary,45.0,1.0,0.0,1.0,28.0,0.75,0.75,0.0,1.0,mailo_kibanja,3.0,4.0,1.0,1.0,1.0,1.0,1.0,0.0,0.0,0.0,0.0,0.0,90.0,180.0,120.0,8000.0,2025.0,520000.0,0.0,0.0,0.0,0.0,0.0,0.0,0.0,520000.0,1,1.0,1.0,1413083.5146810643,0.0,1933083.5146810643,1240500.0,692583.5146810643,20166768.67704479,11682309.66284863,9.58548960241426,16.54710044905365,3.4342810480561057,18233685.162363727,1.0,644361.1715603548,<25%
624293019,mukono,Nabaale,Nakanyonyi,Sserugo_William,False,0.0,1.0,1.0,8.0,False,0.0,9.0,8.0,1.0,1.0,41_60,primary,65.0,1.0,0.0,0.0,12.0,1.0,0.5,0.5,1.0,customary_divided_inheritance,3.0,3.0,1.0,1.0,1.0,1.0,0.0,1.0,1.0,0.0,0.0,0.0,180.0,360.0,360.0,,2024.0,900000.0,500000.0,200000.0,300000.0,300000.0,0.0,0.0,0.0,2200000.0,5,0.7727272727272727,0.4090909090909091,4153978.262984855,0.0,6353978.262984855,1051000.0,5302978.262984855,20166768.67704479,33775554.269710205,31.50717085487965,18.812358228812485,26.295626968841425,13812790.414059935,1.0,705997.584776095,<25%
550715350,nakaseke,Kasangombe,Mpwedde,Kawalya_Dan,False,0.0,1.0,1.0,1.0,False,0.0,2.0,1.0,1.0,1.0,,,65.0,1.0,0.0,0.0,15.0,2.0,1.0,1.0,1.0,mailo_kibanja,4.0,2.0,1.0,1.0,1.0,0.0,1.0,0.0,0.0,0.0,,0.0,225.0,450.0,225.0,,2024.0,800000.0,0.0,0.0,0.0,0.0,0.0,0.0,0.0,800000.0,1,1.0,1.0,788468.9288315307,0.0,1588468.9288315307,1330416.6666666667,258052.262164864,19779321.73522621,7490012.565973753,8.030957532798148,21.207827287870764,1.3046567805471452,18190852.80639468,1.0,794234.4644157654,<25%
552803832,nakaseke,Kasangombe,Bukuuku,Najjuma_Olivia,False,0.0,1.0,1.0,1.0,False,0.0,2.0,1.0,1.0,1.0,26_40,secondary,45.0,2.0,1.0,1.0,30.0,2.0,1.0,0.5,1.0,mailo_kibanja,4.0,2.6666666666666665,1.0,1.0,1.0,1.0,0.0,0.0,1.0,1.0,,0.0,250.0,500.0,250.0,7000.0,2025.0,2300000.0,0.0,0.0,0.0,1595750.0000000002,0.0,0.0,0.0,3895750.0,2,1.0,0.5903869601488801,788468.9288315307,0.0,4684218.928831531,2152833.333333333,2531385.5954981977,19779321.73522621,7490012.565973753,23.682404237801123,62.539533646597434,12.79814156109255,15095102.80639468,1.0,2342109.4644157654,50-100%
553311655,nakaseke,Kasangombe,Nakaseta,Kawalya_Dan,False,1.0,0.0,1.0,2.0,False,0.0,3.0,2.0,1.0,1.0,,,65.0,1.0,0.0,0.0,20.0,1.0,0.7,0.2,1.0,mailo_kibanja,4.0,4.444444444444445,1.0,1.0,1.0,0.0,0.0,0.0,0.0,1.0,,0.0,100.0,200.0,142.85714285714286,4000.0,2025.0,950000.0,49999.99999999996,33749.999999999985,397499.9999999999,6349.999999999996,0.0,0.0,0.0,1437599.9999999998,5,0.7000208681135226,0.6608235948803562,1255523.7720247286,0.0,2693123.7720247284,1151400.0,1541723.7720247284,19779321.73522621,12289309.169252455,13.615855023119314,21.914362597068163,7.794624065793812,17086197.96320148,1.0,897707.9240082428,<25%
554396495,nakaseke,Kasangombe,Bukuuku,Najjuma_Olivia,False,0.0,2.0,2.0,2.0,False,1.0,4.0,3.0,1.0,1.0,61_and_above,primary,65.0,1.0,0.0,0.0,20.0,1.0,0.6,0.1,1.0,mailo_kibanja,4.0,5.714285714285714,,,,1.0,0.0,0.0,0.0,0.0,,0.0,41.5,83.0,69.16666666666667,7000.0,2024.0,900000.0,0.0,0.0,0.0,0.0,0.0,0.0,0.0,900000.0,1,1.0,1.0,1576937.8576630617,0.0,2476937.857663061,82187.40384615384,2394750.4538169075,19779321.73522621,14980025.131947506,12.522865499739206,16.534937931316023,12.107343648452561,17302383.87756315,1.0,619234.4644157653,<25%
555218845,nakaseke,Kasangombe,Nakaseta,Kawalya_Dan,False,1.0,1.0,2.0,2.0,False,0.0,4.0,1.0,0.0,1.0,26_40,secondary,45.0,2.0,1.0,1.0,15.0,4.0,3.0,1.0,1.0,mailo_kibanja,4.0,1.0,1.0,1.0,1.0,0.0,0.0,0.0,1.0,0.0,,0.0,125.0,250.0,41.666666666666664,7000.0,2024.0,4500000.0,0.0,0.0,400000.0,0.0,0.0,0.0,0.0,4900000.0,2,0.9183673469387755,0.9183673469387755,1667335.5692488411,0.0,6567335.569248841,5526350.0,1040985.5692488411,19779321.73522621,15736788.99645548,33.2030372788399,41.732373553004074,5.262999324162294,13211986.16597737,1.0,1641833.8923122103,25-50%
556047384,nakaseke,Kasangombe,Mpwedde,Kawalya_Dan,False,1.0,1.0,2.0,4.0,False,0.0,6.0,2.0,0.0,1.0,41_60,primary,55.0,2.0,1.0,1.0,15.0,4.0,2.0,2.0,1.0,freehold_full_ownership,4.0,1.0,1.0,1.0,1.0,0.0,1.0,0.0,1.0,1.0,1.0,0.0,30.0,60.0,15.0,3000.0,2025.0,1500000.0,0.0,0.0,300000.0,0.0,500000.0,0.0,0.0,2300000.0,3,0.6521739130434783,0.6521739130434783,2420649.832463677,150000.0,4870649.832463678,3399250.0,1471399.832463678,19779321.73522621,22932504.504009448,24.624958821460687,21.239066285202775,7.439081340403961,14908671.902762532,1.0,811774.9720772797,<25%
557713875,nakaseke,Kasangombe,Bulyake,Najjuma_Olivia,False,1.0,2.0,3.0,4.0,False,0.0,7.0,1.3333333333333333,1.0,1.0,26_40,secondary,35.0,2.0,1.0,1.0,21.0,0.7,0.4,0.1,1.0,mailo_kibanja,4.0,8.0,1.0,1.0,0.0,1.0,0.0,0.0,0.0,0.0,0.0,0.0,50.0,100.0,125.0,7000.0,2024.0,700000.0,0.0,0.0,0.0,0.0,0.0,0.0,0.0,700000.0,1,1.0,1.0,2832461.62968779,0.0,3532461.62968779,0.0,3532461.62968779,19779321.73522621,27269334.30119997,17.85936685279057,12.953970898850825,17.85936685279057,16246860.10553842,1.0,504637.37566968426,<25%
558376731,nakaseke,Kasangombe,Mpwedde,Kawalya_Dan,False,1.0,0.0,1.0,4.0,False,0.0,5.0,4.0,0.0,0.0,,,45.0,1.0,0.0,1.0,6.0,1.5,1.0,0.5,1.0,mailo_kibanja,4.0,2.6666666666666665,1.0,1.0,1.0,0.0,0.0,0.0,0.0,0.0,1.0,0.0,35.0,70.0,35.0,6000.0,2025.0,800000.0,0.0,0.0,0.0,0.0,0.0,0.0,0.0,800000.0,1,1.0,1.0,2008838.035239565,16000.0,2824838.035239565,3267550.0,-442711.9647604348,19779321.73522621,19485024.676806428,14.28177403175882,14.497482462016325,-2.2382565524073654,16954483.699986644,1.0,564967.607047913,<25%
558377788,nakaseke,Kasangombe,Nakaseta,Kawalya_Dan,False,1.0,2.0,3.0,3.0,False,0.0,6.0,1.0,0.0,1.0,26_40,primary,55.0,2.0,1.0,1.0,8.0,3.0,1.5,1.0,1.0,mailo_kibanja,4.0,1.6,1.0,1.0,1.0,1.0,0.0,0.0,1.0,0.0,1.0,0.0,50.0,100.0,33.333333333333336,6000.0,2024.0,1250000.0,0.0,0.0,350000.0,40000.0,0.0,0.0,0.0,1640000.0,3,0.7865853658536586,0.7621951219512195,2455804.498080372,0.0,4095804.498080372,2672500.0,1423304.498080372,19779321.73522621,23226801.562429227,20.70750732966693,17.633958283372024,7.195921665733976,15683517.237145837,1.0,682634.0830133953,<25%
558378029,nakaseke,Kasangombe,Nakaseta,Kawalya_Dan,False,1.0,0.0,1.0,4.0,False,0.0,5.0,4.0,1.0,0.0,26_40,secondary,55.0,2.0,1.0,1.0,30.0,1.0,0.5,0.5,1.0,mailo_kibanja,4.0,4.0,1.0,1.0,1.0,0.0,0.0,0.0,0.0,0.0,0.0,0.0,50.0,100.0,100.0,6000.0,2024.0,1000000.0,0.0,0.0,0.0,250000.0,0.0,0.0,0.0,1250000.0,2,1.0,0.8,2008838.035239565,0.0,3258838.035239565,975000.0,2283838.035239565,19779321.73522621,19485024.676806428,16.475984762590215,16.724834016344108,11.5465942958607,16520483.699986644,1.0,651767.607047913,<25%
559605691,nakaseke,Kasangombe,Mpwedde,Kawalya_Dan,False,1.0,2.0,3.0,4.0,False,0.0,7.0,1.3333333333333333,1.0,1.0,41_60,non_formal,55.0,1.0,0.0,0.0,15.0,15.0,6.0,4.0,1.0,freehold_full_ownership,4.0,0.4,1.0,1.0,1.0,0.0,1.0,0.0,1.0,0.0,1.0,0.0,75.0,150.0,12.5,4000.0,2025.0,4000000.0,300000.0,0.0,0.0,250000.0,0.0,0.0,0.0,4550000.0,3,1.0,0.8791208791208791,2832461.62968779,0.0,7382461.629687789,9327916.666666666,-1945455.036978876,19779321.73522621,27269334.30119997,37.32413946500455,27.072394023798847,-9.835802577163683,12396860.10553842,1.0,1054637.375669684,25-50%
560460598,nakaseke,Kasangombe,Mpwedde,Kawalya_Dan,False,1.0,2.0,3.0,5.0,False,0.0,8.0,1.6666666666666667,0.0,1.0,41_60,vocational,65.0,1.0,0.0,1.0,20.0,4.0,2.0,2.0,0.0,,4.0,1.0,0.0,1.0,1.0,0.0,0.0,0.0,0.0,0.0,,0.0,100.0,200.0,50.0,6000.0,2025.0,4000000.0,0.0,0.0,0.0,0.0,0.0,0.0,0.0,4000000.0,1,1.0,1.0,3209118.761295208,0.0,7209118.761295209,4453750.0,2755368.7612952087,19779321.73522621,30422517.0699832,36.44775517482,23.69665450334544,13.930552312054276,12570202.973931001,1.0,901139.8451619011,<25%
560460842,nakaseke,Kasangombe,Mpwedde,Kawalya_Dan,False,1.0,1.0,2.0,2.0,False,0.0,4.0,1.0,1.0,0.0,41_60,vocational,45.0,2.0,1.0,1.0,8.0,1.5,0.8,0.7,1.0,mailo_kibanja,4.0,2.6666666666666665,0.0,1.0,1.0,0.0,0.0,0.0,0.0,0.0,,0.0,45.0,90.0,56.25,6000.0,2025.0,2000000.0,0.0,0.0,0.0,400000.0,0.0,0.0,0.0,2400000.0,2,1.0,0.8333333333333334,1667335.5692488411,0.0,4067335.569248841,1574750.0,2492585.569248841,19779321.73522621,15736788.99645548,20.56357454363601,25.846032314247587,12.60197696673108,15711986.16597737,1.0,1016833.8923122103,25-50%
561199081,nakaseke,Kasangombe,Mpwedde,Kawalya_Dan,False,1.0,2.0,3.0,4.0,False,0.0,7.0,1.3333333333333333,0.0,1.0,26_40,primary,55.0,2.0,1.0,1.0,15.0,3.0,2.0,1.0,1.0,mailo_kibanja,4.0,1.3333333333333333,0.0,1.0,1.0,0.0,0.0,0.0,0.0,0.0,1.0,0.0,75.0,150.0,37.5,6000.0,2025.0,2500000.0,400000.0,0.0,0.0,200000.0,0.0,0.0,0.0,3100000.0,3,1.0,0.8064516129032258,2832461.62968779,0.0,5932461.62968779,2501250.0,3431211.62968779,19779321.73522621,27269334.30119997,29.993251078586304,21.755065833883357,17.34746861201481,13846860.10553842,1.0,847494.5185268271,<25%
561203340,nakaseke,Kasangombe,Nakaseta,Kawalya_Dan,False,0.0,1.0,1.0,2.0,False,0.0,3.0,2.0,0.0,1.0,26_40,vocational,55.0,2.0,1.0,1.0,15.0,2.0,1.0,1.0,1.0,mailo_kibanja,4.0,2.0,0.0,1.0,1.0,0.0,0.0,0.0,0.0,0.0,1.0,0.0,50.0,100.0,50.0,6000.0,2025.0,2500000.0,0.0,0.0,0.0,0.0,0.0,0.0,0.0,2500000.0,1,1.0,1.0,1165126.0604389491,0.0,3665126.0604389487,1407500.0,2257626.060438949,19779321.73522621,11532545.30474449,18.53008970429709,31.78072111219989,11.414072184377304,16114195.67478726,1.0,1221708.686812983,25-50%
561250862,nakaseke,Kasangombe,Bulyake,Najjuma_Olivia,False,0.0,2.0,2.0,1.0,False,0.0,3.0,0.5,1.0,1.0,41_60,primary,55.0,1.0,0.0,0.0,12.0,0.8,0.4,0.2,1.0,mailo_kibanja,4.0,6.666666666666666,1.0,1.0,1.0,1.0,0.0,0.0,0.0,0.0,1.0,0.0,37.0,74.0,92.5,5400.0,2024.0,399600.0,0.0,0.0,300000.0,0.0,0.0,0.0,0.0,699600.0,2,0.5711835334476844,0.5711835334476844,1200280.7260556433,0.0,1899880.7260556435,0.0,1899880.7260556435,19779321.73522621,11826842.363164272,9.605388655324965,16.064141786255536,9.605388655324965,17879441.009170566,1.0,633293.5753518812,<25%
582704845,nakaseke,Kikamulo,Kibose,Kawalya_Dan,False,0.0,2.0,2.0,3.0,False,0.0,5.0,1.5,0.0,1.0,26_40,secondary,55.0,2.0,1.0,1.0,15.0,5.0,3.0,1.0,1.0,mailo_kibanja,4.0,1.0,1.0,1.0,1.0,1.0,0.0,0.0,0.0,0.0,1.0,0.0,250.0,500.0,83.33333333333333,4500.0,2025.0,7000000.0,400000.0,0.0,0.0,0.0,0.0,0.0,0.0,7400000.0,2,1.0,0.9459459459459459,1953594.98927048,0.0,9353594.98927048,9096250.0,257344.98927048035,19779321.73522621,19022557.87071824,47.289766122829626,49.17106864828433,1.3010809607902725,10425726.74595573,1.0,1870718.9978540961,25-50%
585217011,nakaseke,Kikamulo,Kapeke,Kawalya_Dan,False,0.0,1.0,1.0,2.0,False,0.0,3.0,2.0,0.0,1.0,41_60,primary,65.0,1.0,0.0,1.0,9.0,3.0,2.0,1.0,1.0,freehold_full_ownership,4.0,1.3333333333333333,0.0,1.0,1.0,0.0,0.0,0.0,0.0,0.0,1.0,0.0,300.0,600.0,150.0,4500.0,2025.0,8000000.0,0.0,200000.0,0.0,0.0,0.0,0.0,0.0,8200000.0,2,0.975609756097561,0.975609756097561,1165126.0604389491,0.0,9365126.06043895,2422142.8571428573,6942983.203296092,19779321.73522621,11532545.30474449,47.34806474056196,81.20606347486999,35.102230987682994,10414195.67478726,1.0,3121708.6868129834,50-100%
588626659,nakaseke,Kikamulo,Luteete,Najjuma_Olivia,False,1.0,1.0,2.0,2.0,False,0.0,4.0,1.0,0.0,0.0,26_40,secondary,35.0,2.0,1.0,1.0,18.0,0.9,0.5,0.1,1.0,mailo_kibanja,4.0,6.666666666666667,1.0,1.0,1.0,1.0,0.0,0.0,0.0,0.0,1.0,0.0,13.0,26.0,26.0,6000.0,2024.0,156000.0,500000.0,300000.0,0.0,0.0,0.0,0.0,0.0,956000.0,3,0.6861924686192469,0.16317991631799164,1667335.5692488411,0.0,2623335.569248841,0.0,2623335.569248841,19779321.73522621,15736788.99645548,13.263020867782243,16.670081614741836,13.263020867782243,17155986.16597737,1.0,655833.8923122103,<25%
588783193,nakaseke,Kikamulo,Kasana,Kawalya_Dan,False,0.0,1.0,1.0,3.0,False,0.0,4.0,3.0,0.0,1.0,26_40,primary,55.0,2.0,1.0,1.0,20.0,2.0,1.0,1.0,1.0,mailo_kibanja,4.0,2.0,0.0,1.0,1.0,0.0,0.0,0.0,0.0,0.0,0.0,0.0,650.0,1300.0,650.0,6750.0,2025.0,7000000.0,0.0,0.0,0.0,0.0,0.0,0.0,0.0,7000000.0,1,1.0,1.0,1541783.192046367,0.0,8541783.192046367,3477500.0,5064283.192046367,19779321.73522621,14685728.073527724,43.18542013922439,58.16383872341787,25.603927474555782,11237538.543179844,1.0,2135445.7980115917,50-100%
613810847,nakaseke,Kikamulo,Kapeke,Najjuma_Olivia,False,1.0,1.0,2.0,0.0,False,0.0,2.0,0.0,1.0,1.0,16_25,secondary,25.0,2.0,1.0,1.0,7.0,1.0,0.6,0.3,1.0,mailo_kibanja,4.0,4.444444444444445,1.0,1.0,1.0,1.0,0.0,0.0,0.0,0.0,0.0,0.0,30.0,60.0,50.0,6000.0,2024.0,360000.0,0.0,0.0,0.0,0.0,0.0,0.0,0.0,360000.0,1,1.0,1.0,914021.3060340044,0.0,1274021.3060340043,0.0,1274021.3060340043,19779321.73522621,8541073.488901505,6.441177928589034,14.916407260627146,6.441177928589034,18505300.429192208,1.0,637010.6530170022,<25%
614880582,mukono,Kimenyedde,Naggalama,Kisira_Isaac,False,1.0,1.0,2.0,2.0,False,0.0,4.0,1.0,1.0,1.0,41_60,primary,45.0,1.0,0.0,1.0,30.0,0.5,0.5,0.0,1.0,mailo_kibanja,4.0,8.0,1.0,1.0,1.0,1.0,0.0,0.0,0.0,0.0,,0.0,80.0,160.0,160.0,8000.0,2024.0,400000.0,0.0,0.0,0.0,0.0,0.0,0.0,0.0,400000.0,1,1.0,1.0,2022171.23652635,0.0,2422171.23652635,670000.0,1752171.23652635,20166768.67704479,16162486.243817862,12.010705707570459,14.98637771433729,8.68840846337863,17744597.44051844,1.0,605542.8091315875,<25%
616579050,mukono,Nabaale,Nakanyonyi,Sserugo_William,False,0.0,1.0,1.0,0.0,False,1.0,1.0,1.0,1.0,1.0,61_and_above,primary,75.0,1.0,0.0,0.0,50.0,1.0,0.5,0.25,1.0,customary_divided_inheritance,4.0,5.333333333333333,1.0,1.0,1.0,1.0,0.0,0.0,0.0,0.0,0.0,0.0,100.0,200.0,200.0,2500.0,2024.0,500000.0,0.0,0.0,0.0,0.0,0.0,0.0,90000.0,590000.0,2,0.847457627118644,0.847457627118644,499451.9319131346,0.0,1089451.9319131346,339000.0,750451.9319131346,20166768.67704479,4317894.793894773,5.402213658320107,25.23109023993706,3.721230425811106,19077316.745131657,1.0,1089451.9319131346,25-50%
616701381,mukono,Kimenyedde,Naggalama,Kisira_Isaac,False,0.0,1.0,1.0,2.0,False,0.0,3.0,2.0,1.0,1.0,26_40,secondary,35.0,2.0,1.0,1.0,16.0,0.5,0.5,0.0,1.0,mailo_kibanja,4.0,8.0,1.0,1.0,1.0,1.0,1.0,1.0,0.0,0.0,0.0,0.0,30.0,60.0,60.0,7500.0,2024.0,400000.0,0.0,0.0,0.0,0.0,0.0,0.0,180000.0,580000.0,2,0.6896551724137931,0.6896551724137931,1413083.5146810643,0.0,1993083.5146810643,798500.0,1194583.5146810643,20166768.67704479,11682309.66284863,9.883008758610544,17.060697517883362,5.923524654898342,18173685.162363727,1.0,664361.1715603548,<25%
623704503,mukono,Nabaale,Nabalanga,Sserugo_William,False,0.0,1.0,1.0,1.0,False,1.0,2.0,2.0,1.0,1.0,61_and_above,non_formal,75.0,0.0,0.0,0.0,60.0,2.0,0.5,1.0,1.0,customary_divided_inheritance,4.0,2.6666666666666665,1.0,1.0,1.0,1.0,0.0,0.0,0.0,0.0,0.0,0.0,50.0,100.0,100.0,3000.0,2024.0,300000.0,0.0,0.0,100000.0,0.0,0.0,0.0,100000.0,500000.0,3,0.6,0.6,956267.7232970996,0.0,1456267.7232970996,817500.0,638767.7232970996,20166768.67704479,7678027.2296217,7.221125737187258,18.96669130944005,3.1674272340128993,18710500.95374769,1.0,728133.8616485498,<25%
550714829,nakaseke,Kasangombe,Nakaseta,Kawalya_Dan,False,1.0,0.0,1.0,1.0,False,0.0,2.0,1.0,0.0,0.0,,,35.0,2.0,1.0,1.0,10.0,0.5,0.4,0.1,1.0,mailo_kibanja,5.0,10.0,1.0,1.0,1.0,1.0,0.0,0.0,0.0,0.0,,0.0,50.0,100.0,125.0,7000.0,2025.0,600000.0,24999.99999999999,14999.999999999989,0.0,15749.999999999989,0.0,0.0,0.0,655750.0,4,0.9771254288982082,0.9149828440716736,878866.6404173102,0.0,1534616.6404173102,597500.0,937116.6404173102,19779321.73522621,8246776.430481722,7.758691935751351,18.608684900745732,4.737860342037622,18244705.0948089,1.0,767308.3202086551,<25%
551432268,nakaseke,Kasangombe,Bulyake,Najjuma_Olivia,False,0.0,1.0,1.0,2.0,False,1.0,3.0,3.0,1.0,1.0,61_and_above,primary,75.0,1.0,0.0,0.0,50.0,1.0,0.6,0.1,1.0,freehold_full_ownership,5.0,7.142857142857143,1.0,1.0,0.0,1.0,0.0,0.0,1.0,1.0,,0.0,42.5,85.0,70.83333333333334,5500.0,2024.0,650000.0,77500.0,224000.00000000006,507500.0000000001,57499.99999999998,0.0,0.0,0.0,1516500.0000000002,5,0.5176393010220902,0.42861852950873713,1165126.0604389491,0.0,2681626.060438949,0.0,2681626.060438949,19779321.73522621,11532545.30474449,13.557725064267883,23.252681776465497,13.557725064267883,17097695.67478726,1.0,893875.3534796498,<25%
551438359,nakaseke,Kasangombe,Nakaseta,Kawalya_Dan,False,1.0,0.0,1.0,4.0,False,0.0,5.0,4.0,0.0,0.0,,,55.0,1.0,0.0,1.0,38.0,4.0,3.0,1.0,1.0,mailo_kibanja,5.0,1.25,1.0,1.0,1.0,1.0,1.0,0.0,1.0,1.0,,0.0,4000.0,8000.0,1333.3333333333333,6500.0,2025.0,3800000.0,799999.9999999998,105000.00000000009,77499.99999999997,151500.0,524999.9999999998,0.0,0.0,5459000.0,6,0.8703975087012273,0.6960981864810405,2008838.035239565,0.0,7467838.035239565,6480000.0,987838.0352395648,19779321.73522621,19485024.676806428,37.75578422357949,38.32603837617277,4.994296813931002,12311483.699986644,1.0,1493567.6070479131,25-50%
551438847,nakaseke,Kasangombe,Mpwedde,Kawalya_Dan,False,0.0,1.0,1.0,4.0,False,0.0,5.0,4.0,1.0,1.0,,,75.0,1.0,0.0,1.0,20.0,1.0,0.8,0.2,1.0,mailo_kibanja,5.0,5.0,1.0,1.0,1.0,0.0,0.0,0.0,1.0,1.0,,0.0,44.0,88.0,55.0,6500.0,2025.0,750000.0,0.0,0.0,0.0,227439.99999999994,0.0,0.0,0.0,977440.0,2,1.0,0.7673105254542478,1918440.3236537853,0.0,2895880.323653785,969800.0,1926080.3236537853,19779321.73522621,18728260.81229846,14.640948574572876,15.462622785304871,9.737848190332587,16883441.411572427,1.0,579176.064730757,<25%
552834713,nakaseke,Kasangombe,Nakaseta,Kawalya_Dan,False,0.0,1.0,1.0,3.0,False,0.0,4.0,3.0,1.0,1.0,,,55.0,1.0,0.0,1.0,20.0,1.0,0.8,0.2,1.0,mailo_kibanja,5.0,5.0,1.0,1.0,1.0,1.0,1.0,0.0,0.0,1.0,,0.0,250.0,500.0,312.5,7000.0,2025.0,2500000.0,25005.44999999999,175000.00000000006,45499.999999999985,189999.99999999994,0.0,0.0,0.0,2935505.45,5,0.9248851675611776,0.8516420911431113,1541783.192046367,0.0,4477288.642046367,2351000.0,2126288.642046367,19779321.73522621,14685728.073527724,22.636209178358673,30.487345398401196,10.750058422172934,15302033.093179844,1.0,1119322.1605115917,25-50%
553313606,nakaseke,Kasangombe,Nakaseta,Kawalya_Dan,False,1.0,0.0,1.0,3.0,False,0.0,4.0,3.0,1.0,1.0,,,45.0,2.0,1.0,1.0,15.0,1.0,0.5,0.4,1.0,mailo_kibanja,5.0,5.555555555555555,1.0,1.0,1.0,0.0,0.0,0.0,0.0,0.0,,0.0,75.0,150.0,150.0,6500.0,2025.0,1100000.0,0.0,0.0,0.0,240250.0,0.0,0.0,0.0,1340250.0,2,1.0,0.8207423988061929,1632180.9036321468,0.0,2972430.903632147,1619250.0,1353180.9036321468,19779321.73522621,15442491.938035691,15.027971855770774,19.2483888970723,6.841391842179218,16806890.831594065,1.0,743107.7259080367,<25%
553314110,nakaseke,Kasangombe,Bukuuku,Najjuma_Olivia,False,0.0,1.0,1.0,0.0,False,0.0,1.0,0.0,0.0,1.0,26_40,non_formal,45.0,1.0,0.0,1.0,15.0,1.0,0.3,0.3,0.0,,5.0,8.333333333333334,,,,0.0,0.0,0.0,0.0,0.0,,0.0,250.0,500.0,833.3333333333334,7000.0,2025.0,6500000.0,0.0,0.0,0.0,366780.0,0.0,0.0,0.0,6866780.0,2,1.0,0.9465863184782387,411811.7972241125,0.0,7278591.797224114,236461.53846153844,7042130.258762574,19779321.73522621,4336829.797190519,36.79899591430995,167.83208328672072,35.603497192832506,12500729.938002096,1.0,7278591.797224114,>=100%
553314852,nakaseke,Kasangombe,Nakaseta,Kawalya_Dan,False,2.0,1.0,3.0,3.0,False,0.0,6.0,1.0,0.0,0.0,26_40,secondary,45.0,1.0,0.0,1.0,15.0,4.0,3.0,0.5,1.0,freehold_full_ownership,5.0,1.4285714285714286,1.0,1.0,1.0,1.0,1.0,0.0,1.0,1.0,,0.0,455.0,910.0,151.66666666666666,6250.0,2025.0,6380000.0,0.0,0.0,0.0,701000.0,0.0,0.0,0.0,7081000.0,2,1.0,0.901002683236831,2546202.209666152,0.0,9627202.209666152,6055173.076923077,3572029.1327430746,19779321.73522621,23983565.4269372,48.67306542933914,40.14082993203895,18.059411644947502,10152119.525560059,1.0,1604533.7016110253,25-50%
554382238,nakaseke,Kasangombe,Mpwedde,Kawalya_Dan,False,1.0,0.0,1.0,2.0,False,0.0,3.0,2.0,1.0,1.0,,,55.0,1.0,0.0,0.0,20.0,2.0,1.5,0.5,1.0,mailo_kibanja,5.0,2.5,1.0,1.0,1.0,0.0,1.0,0.0,0.0,0.0,,0.0,150.0,300.0,100.0,6500.0,2025.0,5500000.0,0.0,275149.99999999994,0.0,909000.0000000003,0.0,0.0,0.0,6684150.0,3,0.9588354540218278,0.8228420966016622,1255523.7720247286,0.0,7939673.772024728,3726666.6666666665,4213007.105358062,19779321.73522621,12289309.169252455,40.141284308472905,64.60634737621862,21.30005852452897,11839647.963201482,1.0,2646557.924008243,50-100%
554383042,nakaseke,Kasangombe,Mpwedde,Kawalya_Dan,False,1.0,0.0,1.0,1.0,False,0.0,2.0,1.0,1.0,1.0,,,45.0,2.0,1.0,1.0,30.0,2.0,1.0,1.0,1.0,mailo_kibanja,5.0,2.5,1.0,1.0,1.0,0.0,0.0,0.0,0.0,0.0,,0.0,225.0,450.0,225.0,8000.0,2025.0,5500000.0,0.0,0.0,0.0,1986349.9999999993,0.0,0.0,0.0,7486350.0,2,0.9999999999999999,0.734670433522344,878866.6404173102,0.0,8365216.640417309,2809500.0,5555716.6404173095,19779321.73522621,8246776.430481722,42.292737599384814,101.43620008295373,28.088509377562694,11414105.094808903,1.0,4182608.3202086543,>=100%
554388188,nakaseke,Kasangombe,Mpwedde,Kawalya_Dan,False,1.0,2.0,3.0,3.0,False,0.0,6.0,1.0,0.0,1.0,41_60,secondary,55.0,2.0,1.0,1.0,17.0,3.0,2.0,1.0,0.0,,5.0,1.6666666666666667,1.0,1.0,1.0,1.0,1.0,1.0,1.0,0.0,,0.0,250.0,500.0,125.0,6500.0,2025.0,7500000.0,0.0,291499.99999999994,0.0,1515650.0,0.0,0.0,0.0,9307150.0,3,0.9686799933384549,0.8058320753399268,2455804.498080372,0.0,11762954.498080373,4528000.0,7234954.498080373,19779321.73522621,23226801.562429227,59.47097001375433,50.64388424925313,36.578375107753054,8016367.237145837,1.0,1960492.4163467288,50-100%
555219221,nakaseke,Kasangombe,Mpwedde,Kawalya_Dan,False,1.0,0.0,1.0,1.0,False,0.0,2.0,1.0,0.0,0.0,,,35.0,4.0,1.0,1.0,5.0,10.0,20.5,2.5,1.0,freehold_full_ownership,5.0,0.21739130434782608,1.0,1.0,1.0,1.0,1.0,0.0,0.0,1.0,,0.0,250.0,500.0,12.195121951219512,6000.0,2025.0,4000000.0,0.0,0.0,0.0,1000000.0,0.0,6000000.0,0.0,11000000.0,3,0.45454545454545453,0.36363636363636365,878866.6404173102,0.0,11878866.64041731,32234166.666666668,-20355300.02624936,19779321.73522621,8246776.430481722,60.05699689520447,144.0425448725718,-102.9120224582694,7900455.094808901,1.0,5939433.320208655,>=100%
555219441,nakaseke,Kasangombe,Mpwedde,Kawalya_Dan,False,1.0,2.0,3.0,3.0,False,0.0,6.0,1.0,0.0,0.0,,,55.0,1.0,0.0,1.0,30.0,10.0,5.0,4.0,1.0,mailo_kibanja,5.0,0.5555555555555556,1.0,1.0,1.0,1.0,1.0,0.0,1.0,1.0,,1.0,250.0,500.0,50.0,7000.0,2025.0,8000000.0,0.0,0.0,0.0,1000000.0,0.0,0.0,0.0,9000000.0,2,1.0,0.8888888888888888,2455804.498080372,0.0,11455804.498080373,12045500.0,-589695.5019196272,19779321.73522621,23226801.562429227,57.918085622107185,49.321489518431314,-2.9813737286521924,8323517.237145837,1.0,1909300.749680062,25-50%
555219813,nakaseke,Kasangombe,Nakaseta,Kawalya_Dan,False,0.0,1.0,1.0,3.0,False,0.0,4.0,3.0,1.0,0.0,26_40,non_formal,35.0,1.0,0.0,1.0,15.0,1.0,0.6,0.4,1.0,mailo_kibanja,5.0,5.0,1.0,1.0,1.0,1.0,0.0,0.0,0.0,0.0,,0.0,75.0,150.0,125.0,6000.0,2025.0,800000.0,0.0,0.0,0.0,150000.0,0.0,0.0,0.0,950000.0,2,1.0,0.8421052631578947,1541783.192046367,0.0,2491783.192046367,1971350.0,520433.1920463671,19779321.73522621,14685728.073527724,12.597920320030982,16.96737934660535,2.631198374813306,17287538.543179844,1.0,622945.7980115918,<25%
556046148,nakaseke,Kasangombe,Nakaseta,Kawalya_Dan,False,1.0,0.0,1.0,0.0,False,0.0,1.0,0.0,1.0,1.0,,,75.0,2.0,1.0,0.0,40.0,3.0,1.0,2.0,1.0,freehold_full_ownership,5.0,1.6666666666666667,1.0,1.0,1.0,0.0,0.0,0.0,0.0,0.0,1.0,0.0,40.0,80.0,40.0,3500.0,2025.0,500000.0,0.0,0.0,200000.0,150000.0,0.0,0.0,0.0,850000.0,3,0.7647058823529411,0.5882352941176471,502209.5088098921,0.0,1352209.508809892,1628000.0,-275790.491190108,19779321.73522621,5093593.6616984885,6.836480678716393,26.547259138040268,-1.3943374544483786,18427112.22641632,1.0,1352209.508809892,25-50%
557695618,nakaseke,Kasangombe,Mpwedde,Kawalya_Dan,False,1.0,0.0,1.0,0.0,False,0.0,1.0,0.0,0.0,0.0,,,55.0,1.0,0.0,0.0,30.0,1.0,0.8,0.2,1.0,mailo_kibanja,5.0,5.0,1.0,1.0,1.0,0.0,0.0,0.0,0.0,0.0,0.0,0.0,50.0,100.0,62.5,6700.0,2024.0,800000.0,0.0,0.0,0.0,300000.0,0.0,0.0,0.0,1100000.0,2,1.0,0.7272727272727273,502209.5088098921,0.0,1602209.508809892,1295500.0,306709.508809892,19779321.73522621,5093593.6616984885,8.100426952236782,31.455385239262018,1.5506573628541274,18177112.22641632,1.0,1602209.508809892,25-50%
557695779,nakaseke,Kasangombe,Mpwedde,Kawalya_Dan,False,0.0,2.0,2.0,3.0,False,0.0,5.0,1.5,0.0,0.0,,,45.0,1.0,0.0,0.0,15.0,4.0,3.0,1.0,1.0,mailo_kibanja,5.0,1.25,1.0,1.0,1.0,0.0,0.0,0.0,0.0,0.0,0.0,0.0,75.0,150.0,25.0,6500.0,2025.0,5000000.0,0.0,200000.0,0.0,0.0,0.0,0.0,0.0,5200000.0,2,0.9615384615384616,0.9615384615384616,1953594.98927048,0.0,7153594.98927048,9304500.0,-2150905.01072952,19779321.73522621,19022557.87071824,36.1670389158502,37.60585215662366,-10.874513492031635,12625726.74595573,1.0,1430718.9978540961,25-50%
557696080,nakaseke,Kasangombe,Nakaseta,Kawalya_Dan,False,0.0,1.0,1.0,0.0,False,0.0,1.0,0.0,1.0,1.0,,,65.0,2.0,1.0,0.0,8.0,1.5,1.0,0.5,1.0,mailo_kibanja,5.0,3.3333333333333335,1.0,1.0,1.0,1.0,0.0,0.0,0.0,0.0,1.0,0.0,75.0,150.0,75.0,7000.0,2025.0,2000000.0,800000.0,0.0,250000.0,0.0,0.0,0.0,0.0,3050000.0,3,0.9180327868852459,0.6557377049180327,411811.7972241125,0.0,3461811.797224113,1631250.0,1830561.7972241123,19779321.73522621,4336829.797190519,17.50217648292135,79.82355681716493,9.25492704820081,16317509.938002098,1.0,3461811.797224113,50-100%
559607285,nakaseke,Kasangombe,Nakaseta,Kawalya_Dan,False,1.0,3.0,4.0,3.0,False,0.0,7.0,0.75,0.0,1.0,26_40,primary,65.0,2.0,1.0,1.0,10.0,2.5,1.0,1.0,1.0,mailo_kibanja,5.0,2.5,1.0,1.0,1.0,1.0,1.0,0.0,0.0,0.0,1.0,0.0,45.0,90.0,45.0,6000.0,2025.0,1000000.0,0.0,150000.0,300000.0,0.0,0.0,0.0,0.0,1450000.0,3,0.6896551724137931,0.6896551724137931,2867616.295304484,150000.0,4467616.295304485,1882750.0,2584866.2953044847,19779321.73522621,27563631.35961975,22.587307871876273,16.208373407030347,13.068528485994227,15311705.439921726,1.0,638230.8993292121,<25%
559607680,nakaseke,Kasangombe,Nakaseta,Kawalya_Dan,False,1.0,1.0,2.0,0.0,False,0.0,2.0,0.0,0.0,0.0,,,55.0,1.0,0.0,0.0,8.0,2.0,1.0,1.0,0.0,,5.0,2.5,0.0,1.0,1.0,0.0,0.0,0.0,0.0,0.0,0.0,0.0,75.0,150.0,75.0,6500.0,2025.0,3500000.0,0.0,0.0,350000.0,0.0,0.0,0.0,0.0,3850000.0,2,0.9090909090909091,0.9090909090909091,914021.3060340044,0.0,4764021.306034004,1188285.7142857143,3575735.5917482898,19779321.73522621,8541073.488901505,24.085867906933665,55.77778147236994,18.078150705137894,15015300.429192206,1.0,2382010.653017002,50-100%
559615651,nakaseke,Kasangombe,Nakaseta,Namyenya_Lillian,True,0.0,1.0,1.0,3.0,False,0.0,4.0,3.0,0.0,0.0,,,55.0,2.0,1.0,1.0,18.0,3.0,1.0,1.0,1.0,mailo_kibanja,,,1.0,1.0,1.0,0.0,0.0,0.0,0.0,0.0,0.0,0.0,75.0,150.0,75.0,7000.0,2024.0,2000000.0,0.0,0.0,0.0,0.0,0.0,0.0,0.0,2000000.0,1,1.0,1.0,1541783.192046367,0.0,3541783.192046368,1611250.0,1930533.192046367,19779321.73522621,14685728.073527724,17.90649466881662,24.117178081424058,9.760360935977708,16237538.543179842,1.0,885445.798011592,<25%
560459965,nakaseke,Kasangombe,Mpwedde,Kawalya_Dan,False,1.0,2.0,3.0,4.0,False,0.0,7.0,1.3333333333333333,0.0,1.0,41_60,vocational,55.0,2.0,1.0,1.0,15.0,3.0,1.0,1.5,1.0,mailo_kibanja,5.0,2.0,1.0,1.0,1.0,1.0,0.0,0.0,0.0,0.0,1.0,0.0,75.0,150.0,75.0,6500.0,2025.0,3000000.0,0.0,0.0,0.0,0.0,0.0,1500000.0,0.0,4500000.0,2,0.6666666666666666,0.6666666666666666,2832461.62968779,0.0,7332461.629687789,2221250.0,5111211.62968779,19779321.73522621,27269334.30119997,37.07135021030047,26.889037879318998,25.84118757007182,12446860.10553842,1.0,1047494.518526827,25-50%
561202301,nakaseke,Kasangombe,Nakaseta,Kawalya_Dan,False,1.0,1.0,2.0,2.0,False,0.0,4.0,1.0,1.0,0.0,26_40,secondary,45.0,1.0,0.0,1.0,15.0,3.0,1.0,2.0,1.0,mailo_kibanja,5.0,1.6666666666666667,0.0,1.0,1.0,0.0,0.0,0.0,0.0,0.0,,0.0,125.0,250.0,125.0,6000.0,2025.0,3500000.0,0.0,150000.0,0.0,0.0,0.0,0.0,0.0,3650000.0,2,0.958904109589041,0.958904109589041,1667335.5692488411,0.0,5317335.569248841,2388750.0,2928585.569248841,19779321.73522621,15736788.99645548,26.883305911237954,33.78920293362583,14.806299267750639,14461986.16597737,1.0,1329333.8923122103,25-50%
567488224,nakaseke,Kasangombe,Nakaseta,Kawalya_Dan,False,2.0,1.0,3.0,3.0,False,0.0,6.0,1.0,1.0,0.0,41_60,secondary,55.0,1.0,0.0,1.0,15.0,3.0,2.0,1.0,1.0,mailo_kibanja,5.0,1.6666666666666667,1.0,1.0,1.0,0.0,0.0,0.0,0.0,0.0,1.0,0.0,125.0,250.0,62.5,7000.0,2025.0,3000000.0,0.0,0.0,0.0,300000.0,0.0,0.0,0.0,3300000.0,2,1.0,0.9090909090909091,2546202.209666152,0.0,5846202.209666152,3361250.0,2484952.209666152,19779321.73522621,23983565.4269372,29.55714198861678,24.375867831143967,12.563384341135157,13933119.525560059,1.0,974367.0349443586,<25%
581728335,nakaseke,Kikamulo,Luteete,Kawalya_Dan,False,0.0,1.0,1.0,5.0,False,0.0,6.0,5.0,0.0,1.0,26_40,primary,45.0,1.0,0.0,1.0,10.0,5.0,4.0,0.9,1.0,mailo_kibanja,5.0,1.0204081632653061,1.0,1.0,1.0,0.0,1.0,0.0,0.0,0.0,1.0,0.0,150.0,300.0,37.5,7000.0,2025.0,6000000.0,400000.0,0.0,0.0,0.0,0.0,0.0,0.0,6400000.0,2,1.0,0.9375,2295097.455261204,0.0,8695097.455261204,10312500.0,-1617402.5447387956,19779321.73522621,21881443.58108169,43.96054410589606,39.737311768492425,-8.17723967681998,11084224.279965006,1.0,1449182.9092102007,25-50%
581800534,nakaseke,Kikamulo,Luteete,Kawalya_Dan,False,1.0,1.0,2.0,3.0,False,0.0,5.0,1.5,0.0,1.0,26_40,primary,55.0,2.0,1.0,1.0,15.0,2.0,1.0,1.0,1.0,mailo_kibanja,5.0,2.5,1.0,1.0,1.0,0.0,0.0,0.0,0.0,0.0,1.0,0.0,250.0,500.0,250.0,7000.0,2025.0,5000000.0,0.0,0.0,0.0,400000.0,0.0,0.0,0.0,5400000.0,2,1.0,0.9259259259259259,2043992.7008562596,5000.0,7448992.700856259,1309166.6666666667,6139826.034189592,19779321.73522621,19779321.73522621,37.66050626291138,37.66050626291138,31.04164094390961,12330329.034369951,1.0,1489798.5401712519,25-50%
581801301,nakaseke,Kikamulo,Magoma,Kawalya_Dan,False,1.0,0.0,1.0,3.0,False,0.0,4.0,3.0,1.0,0.0,26_40,primary,45.0,2.0,1.0,1.0,10.0,2.0,1.5,0.5,1.0,mailo_kibanja,5.0,2.5,1.0,1.0,1.0,1.0,0.0,0.0,0.0,0.0,0.0,0.0,350.0,700.0,233.33333333333334,5500.0,2025.0,4000000.0,0.0,0.0,0.0,0.0,0.0,0.0,0.0,4000000.0,1,1.0,1.0,1632180.9036321468,0.0,5632180.903632147,4697083.333333333,935097.5702988142,19779321.73522621,15442491.938035691,28.475096259754196,36.47196920180856,4.727652357428624,14147140.831594063,1.0,1408045.2259080368,25-50%
582682579,nakaseke,Kikamulo,Magoma,Kawalya_Dan,False,1.0,1.0,2.0,2.0,False,0.0,4.0,1.0,0.0,1.0,26_40,primary,45.0,2.0,1.0,1.0,15.0,1.0,0.8,0.2,1.0,mailo_kibanja,5.0,5.0,1.0,1.0,1.0,0.0,0.0,0.0,0.0,0.0,0.0,0.0,150.0,300.0,187.5,7000.0,2025.0,3000000.0,0.0,0.0,0.0,400000.0,0.0,0.0,0.0,3400000.0,2,1.0,0.8823529411764706,1667335.5692488411,0.0,5067335.569248841,2073416.6666666667,2993918.902582174,19779321.73522621,15736788.99645548,25.619359637717565,32.20056880975018,15.136610560563964,14711986.16597737,1.0,1266833.8923122103,25-50%
582684638,nakaseke,Kikamulo,Kasana,Kawalya_Dan,False,0.0,1.0,1.0,4.0,False,0.0,5.0,4.0,1.0,1.0,,,75.0,2.0,1.0,0.0,40.0,2.0,1.0,1.0,1.0,mailo_kibanja,5.0,2.5,1.0,1.0,1.0,0.0,0.0,0.0,0.0,0.0,1.0,0.0,225.0,450.0,225.0,5250.0,2025.0,2000000.0,0.0,0.0,0.0,0.0,0.0,0.0,0.0,2000000.0,1,1.0,1.0,1918440.3236537853,0.0,3918440.323653786,3126625.0,791815.3236537855,19779321.73522621,18728260.81229846,19.810792180376918,20.922606551274782,4.003248110594171,15860881.411572425,1.0,783688.0647307571,<25%
583582238,nakaseke,Kikamulo,Kasana,Kawalya_Dan,False,2.0,0.0,2.0,3.0,False,0.0,5.0,1.5,1.0,0.0,26_40,secondary,55.0,2.0,1.0,1.0,8.0,6.0,4.0,1.5,1.0,freehold_full_ownership,5.0,0.9090909090909091,1.0,1.0,1.0,1.0,0.0,0.0,0.0,0.0,1.0,0.0,250.0,500.0,62.5,4500.0,2025.0,15000000.0,500000.0,0.0,0.0,0.0,0.0,0.0,0.0,15500000.0,2,1.0,0.967741935483871,2134390.4124420388,15000.0,17649390.41244204,10977500.0,6671890.41244204,19779321.73522621,20536085.59973418,89.23152496685039,85.94330368719584,33.73164409657011,2129931.3227841705,1.0,3529878.082488408,50-100%
584447265,nakaseke,Kikamulo,Kamuli,Kawalya_Dan,False,1.0,2.0,3.0,4.0,False,0.0,7.0,1.3333333333333333,0.0,1.0,41_60,primary,55.0,2.0,1.0,0.0,15.0,5.0,3.0,2.0,1.0,mailo_kibanja,5.0,1.0,0.0,1.0,1.0,0.0,0.0,0.0,0.0,0.0,1.0,0.0,300.0,600.0,100.0,4000.0,2025.0,8000000.0,0.0,0.0,0.0,500000.0,0.0,0.0,0.0,8500000.0,2,1.0,0.9411764705882353,2832461.62968779,10500.0,11342961.62968779,7095000.0,4247961.62968779,19779321.73522621,27269334.30119997,57.347576330114556,41.59603422804733,21.47678108760592,8436360.10553842,1.0,1620423.0899553986,25-50%
585215638,nakaseke,Kikamulo,Kapeke,Kawalya_Dan,False,0.0,2.0,2.0,3.0,False,0.0,5.0,1.5,0.0,1.0,26_40,secondary,45.0,2.0,1.0,1.0,15.0,6.0,4.0,2.0,1.0,mailo_kibanja,5.0,0.8333333333333334,1.0,1.0,1.0,1.0,0.0,0.0,1.0,1.0,0.0,0.0,450.0,900.0,112.5,4000.0,2025.0,15000000.0,0.0,0.0,0.0,0.0,0.0,0.0,0.0,15000000.0,1,1.0,1.0,1953594.98927048,0.0,16953594.98927048,14554583.333333334,2399011.6559371445,19779321.73522621,19022557.87071824,85.71373283784943,89.1236347103848,12.128887370614924,2825726.7459557317,1.0,3390718.997854096,50-100%
585216305,nakaseke,Kikamulo,Kapeke,Kawalya_Dan,False,3.0,0.0,3.0,2.0,False,0.0,5.0,0.6666666666666666,1.0,0.0,26_40,secondary,55.0,2.0,1.0,1.0,20.0,2.0,1.0,1.0,1.0,mailo_kibanja,5.0,2.5,0.0,1.0,1.0,0.0,0.0,0.0,0.0,0.0,0.0,0.0,250.0,500.0,250.0,5750.0,2025.0,3000000.0,0.0,0.0,0.0,0.0,0.0,0.0,0.0,3000000.0,1,1.0,1.0,2259942.789644513,0.0,5259942.789644513,3997500.0,1262442.7896445133,19779321.73522621,21587146.522661936,26.593140351606486,24.366086477074152,6.382639438015467,14519378.945581697,1.0,1051988.5579289026,<25%
587012670,nakaseke,Kikamulo,Kapeke,Kawalya_Dan,False,1.0,1.0,2.0,3.0,False,0.0,5.0,1.5,1.0,0.0,41_60,secondary,55.0,2.0,1.0,1.0,15.0,4.0,3.0,1.0,1.0,mailo_kibanja,5.0,1.25,0.0,1.0,1.0,0.0,1.0,0.0,0.0,0.0,1.0,0.0,450.0,900.0,150.0,4500.0,2025.0,15000000.0,0.0,0.0,0.0,0.0,0.0,0.0,0.0,15000000.0,1,1.0,1.0,2043992.7008562596,0.0,17043992.70085626,7849166.666666667,9194826.034189591,19779321.73522621,19779321.73522621,86.17076424062392,86.17076424062392,46.48706440632876,2735329.0343699493,1.0,3408798.540171252,50-100%
587012983,nakaseke,Kikamulo,Magoma,Kawalya_Dan,False,0.0,2.0,2.0,4.0,False,0.0,6.0,2.0,1.0,1.0,,,65.0,1.0,0.0,0.0,20.0,3.0,2.0,1.0,1.0,mailo_kibanja,5.0,1.6666666666666667,0.0,1.0,1.0,0.0,0.0,0.0,0.0,0.0,,0.0,450.0,900.0,225.0,4000.0,2025.0,8000000.0,0.0,0.0,0.0,200000.0,0.0,0.0,0.0,8200000.0,2,1.0,0.975609756097561,2330252.1208778983,15000.0,10545252.1208779,5672500.0,4872752.120877899,19779321.73522621,22175740.63950148,53.31452848606639,47.55309999474706,24.635587539888768,9234069.614348311,1.0,1757542.0201463166,25-50%
587013280,nakaseke,Kikamulo,Luteete,Kawalya_Dan,False,1.0,0.0,1.0,4.0,False,0.0,5.0,4.0,1.0,0.0,41_60,secondary,45.0,2.0,1.0,1.0,12.0,6.0,4.0,2.0,1.0,mailo_kibanja,5.0,0.8333333333333334,1.0,1.0,1.0,0.0,0.0,0.0,0.0,0.0,1.0,0.0,900.0,900.0,225.0,,2025.0,25000000.0,0.0,0.0,0.0,0.0,2000000.0,0.0,0.0,27000000.0,2,0.9259259259259259,0.9259259259259259,2008838.035239565,0.0,29008838.03523957,14900714.285714284,14108123.749525284,19779321.73522621,19485024.676806428,146.6624509351903,148.87760480883355,71.32764175830792,-9229516.30001336,0.0,5801767.607047914,>=100%
588781706,nakaseke,Kikamulo,Luteete,Kawalya_Dan,False,2.0,0.0,2.0,3.0,False,0.0,5.0,1.5,1.0,0.0,41_60,secondary,45.0,2.0,1.0,1.0,12.0,3.0,2.0,1.0,1.0,mailo_kibanja,5.0,1.6666666666666667,0.0,1.0,1.0,0.0,0.0,0.0,0.0,0.0,1.0,0.0,400.0,800.0,200.0,6000.0,2025.0,14000000.0,300000.0,0.0,0.0,0.0,0.0,0.0,0.0,14300000.0,2,1.0,0.9790209790209791,2134390.4124420388,0.0,16434390.41244204,6231428.571428572,10202961.841013469,19779321.73522621,20536085.59973418,83.08874607754129,80.02688892499926,51.5839823912788,3344931.3227841705,1.0,3286878.082488408,50-100%
589705500,nakaseke,Kikamulo,Kasana,Kawalya_Dan,False,0.0,1.0,1.0,2.0,False,0.0,3.0,2.0,0.0,1.0,41_60,primary,55.0,3.0,1.0,1.0,14.0,2.0,1.5,0.5,1.0,mailo_kibanja,5.0,2.5,0.0,1.0,1.0,0.0,0.0,0.0,0.0,0.0,0.0,0.0,500.0,1000.0,333.3333333333333,5750.0,2025.0,5000000.0,0.0,0.0,0.0,400000.0,0.0,0.0,0.0,5400000.0,2,1.0,0.9259259259259259,1165126.0604389491,0.0,6565126.06043895,5935000.0,630126.0604389496,19779321.73522621,11532545.30474449,33.19186647713361,56.92694792829521,3.185781943759575,13214195.67478726,1.0,2188375.35347965,50-100%
589705733,nakaseke,Kikamulo,Kasana,Kawalya_Dan,False,1.0,0.0,1.0,2.0,False,0.0,3.0,2.0,1.0,0.0,26_40,secondary,35.0,2.0,1.0,1.0,7.0,4.0,3.0,1.0,1.0,mailo_kibanja,5.0,1.25,0.0,1.0,1.0,0.0,0.0,0.0,0.0,0.0,1.0,0.0,450.0,900.0,150.0,6000.0,2025.0,12000000.0,450000.0,0.0,0.0,0.0,0.0,0.0,0.0,12450000.0,2,1.0,0.963855421686747,1255523.7720247286,0.0,13705523.772024726,11160833.333333334,2544690.4386913944,19779321.73522621,12289309.169252455,69.29218279318302,111.52395617416482,12.865407988987807,6073797.963201484,1.0,4568507.924008242,>=100%
592193539,nakaseke,Kikamulo,Kasana,Najjuma_Olivia,False,1.0,0.0,1.0,0.0,False,0.0,1.0,0.0,0.0,0.0,26_40,secondary,35.0,2.0,1.0,0.0,20.0,8.6,8.0,0.3,1.0,freehold_full_ownership,5.0,0.6024096385542168,1.0,1.0,1.0,1.0,0.0,0.0,0.0,0.0,0.0,0.0,666.5,1333.0,83.3125,6000.0,2024.0,7998000.0,0.0,0.0,0.0,0.0,0.0,0.0,0.0,7998000.0,1,1.0,1.0,502209.5088098921,0.0,8500209.508809892,7523175.0,977034.5088098923,19779321.73522621,5093593.6616984885,42.975232531211354,166.88040062417244,4.939676506044348,11279112.226416318,1.0,8500209.508809892,>=100%
593223241,nakaseke,Kikamulo,Kamuli,Kawalya_Dan,False,0.0,1.0,1.0,4.0,False,0.0,5.0,4.0,0.0,1.0,26_40,primary,45.0,1.0,0.0,1.0,7.0,1.5,1.0,0.5,1.0,mailo_kibanja,5.0,3.3333333333333335,1.0,1.0,1.0,1.0,0.0,0.0,1.0,1.0,1.0,0.0,400.0,800.0,400.0,5500.0,2025.0,3000000.0,3000000.0,0.0,0.0,5000000.0,0.0,0.0,0.0,11000000.0,3,1.0,0.2727272727272727,1918440.3236537853,0.0,12918440.323653786,2670000.0,10248440.323653786,19779321.73522621,18728260.81229846,65.3128580271109,68.97832347128843,51.81391182591316,6860881.411572425,1.0,2583688.064730757,50-100%
593223559,nakaseke,Kikamulo,Luteete,Kawalya_Dan,False,1.0,0.0,1.0,5.0,False,0.0,6.0,5.0,1.0,0.0,41_60,secondary,55.0,2.0,1.0,1.0,10.0,0.8,0.5,0.3,1.0,mailo_kibanja,5.0,6.25,0.0,1.0,1.0,0.0,0.0,0.0,1.0,1.0,1.0,0.0,650.0,1300.0,1300.0,5750.0,2025.0,5000000.0,450000.0,0.0,0.0,0.0,0.0,0.0,0.0,5450000.0,2,1.0,0.9174311926605505,2385495.166846983,0.0,7835495.166846983,2435000.0,5400495.166846983,19779321.73522621,22638207.44558966,39.61457966929305,34.61181803232164,27.303742965204457,11943826.568379227,1.0,1305915.8611411639,25-50%
613174996,nakaseke,Kikamulo,Magoma,Kawalya_Dan,False,0.0,1.0,1.0,2.0,False,0.0,3.0,2.0,0.0,1.0,26_40,primary,35.0,2.0,1.0,1.0,7.0,2.0,1.0,1.0,1.0,mailo_kibanja,5.0,2.5,0.0,1.0,1.0,0.0,0.0,0.0,0.0,0.0,0.0,0.0,250.0,500.0,250.0,7000.0,2025.0,3500000.0,0.0,0.0,0.0,300000.0,0.0,0.0,0.0,3800000.0,2,1.0,0.9210526315789473,1165126.0604389491,0.0,4965126.06043895,3717500.0,1247626.0604389496,19779321.73522621,11532545.30474449,25.10261032660312,43.05316761596676,6.307729239354935,14814195.67478726,1.0,1655042.0201463166,25-50%
613177861,nakaseke,Kikamulo,Luteete,Kawalya_Dan,False,1.0,0.0,1.0,3.0,False,0.0,4.0,3.0,1.0,1.0,,,55.0,1.0,0.0,1.0,7.0,1.0,0.8,0.2,1.0,mailo_kibanja,5.0,5.0,0.0,1.0,1.0,0.0,0.0,0.0,0.0,0.0,0.0,0.0,200.0,400.0,250.0,7000.0,2025.0,2000000.0,0.0,0.0,0.0,500000.0,0.0,0.0,0.0,2500000.0,2,1.0,0.8,1632180.9036321468,0.0,4132180.903632147,2400333.333333333,1731847.5702988133,19779321.73522621,15442491.938035691,20.89141861863186,26.758510998178746,8.755849131138099,15647140.831594063,1.0,1033045.2259080367,25-50%
613177864,nakaseke,Kikamulo,Kapeke,Kawalya_Dan,False,0.0,1.0,1.0,6.0,False,0.0,7.0,6.0,0.0,1.0,41_60,primary,55.0,1.0,0.0,1.0,20.0,1.5,1.0,0.5,1.0,mailo_kibanja,5.0,3.3333333333333335,0.0,1.0,1.0,0.0,0.0,0.0,1.0,0.0,0.0,0.0,200.0,400.0,200.0,5500.0,2025.0,5000000.0,0.0,0.0,0.0,0.0,0.0,0.0,0.0,5000000.0,1,1.0,1.0,2671754.5868686223,0.0,7671754.586868623,1681176.4705882352,5990578.116280387,19779321.73522621,25923976.319852427,38.78674248574219,29.59327879417032,30.28707554522154,12107567.148357587,1.0,1095964.9409812319,25-50%
613178463,nakaseke,Kikamulo,Kapeke,Kawalya_Dan,False,1.0,1.0,2.0,2.0,False,1.0,4.0,3.0,0.0,1.0,41_60,primary,25.0,2.0,1.0,0.0,20.0,3.0,2.0,1.0,1.0,mailo_kibanja,5.0,1.6666666666666667,0.0,1.0,1.0,0.0,1.0,0.0,0.0,0.0,1.0,0.0,950.0,1900.0,475.0,6750.0,2025.0,8000000.0,0.0,0.0,0.0,0.0,5000000.0,0.0,0.0,13000000.0,2,0.6153846153846154,0.6153846153846154,1667335.5692488411,0.0,14667335.56924884,3894807.692307692,10772527.876941148,19779321.73522621,15736788.99645548,74.1548965409005,93.20411916657508,54.46358586581708,5111986.16597737,1.0,3666833.89231221,50-100%
613178868,nakaseke,Kikamulo,Kamuli,Kawalya_Dan,False,1.0,0.0,1.0,0.0,False,0.0,1.0,0.0,0.0,0.0,,,25.0,2.0,1.0,0.0,5.0,0.8,0.5,0.3,1.0,mailo_kibanja,5.0,6.25,0.0,1.0,1.0,0.0,1.0,0.0,0.0,0.0,0.0,0.0,45.0,90.0,90.0,6000.0,2025.0,500000.0,0.0,0.0,0.0,300000.0,0.0,0.0,0.0,800000.0,2,1.0,0.625,502209.5088098921,0.0,1302209.508809892,1172750.0,129459.508809892,19779321.73522621,5093593.6616984885,6.583691424012315,25.56563391779592,0.6545194549281718,18477112.22641632,1.0,1302209.508809892,25-50%
613180603,nakaseke,Kikamulo,Kasana,Kawalya_Dan,False,0.0,1.0,1.0,4.0,False,0.0,5.0,4.0,0.0,1.0,26_40,primary,45.0,1.0,0.0,1.0,6.0,0.8,0.5,0.3,1.0,mailo_kibanja,5.0,6.25,0.0,1.0,1.0,0.0,0.0,0.0,0.0,0.0,0.0,0.0,200.0,400.0,400.0,5000.0,2025.0,2000000.0,0.0,0.0,0.0,0.0,0.0,0.0,0.0,2000000.0,1,1.0,1.0,1918440.3236537853,0.0,3918440.323653786,1360000.0,2558440.323653785,19779321.73522621,18728260.81229846,19.810792180376918,20.922606551274782,12.934924452425998,15860881.411572425,1.0,783688.0647307571,<25%
613822490,nakaseke,Kikamulo,Kamuli,Najjuma_Olivia,False,2.0,1.0,3.0,4.0,False,0.0,7.0,1.3333333333333333,1.0,1.0,26_40,primary,35.0,1.0,0.0,0.0,10.0,0.8,0.4,0.2,1.0,mailo_kibanja,5.0,8.333333333333332,1.0,1.0,1.0,0.0,0.0,0.0,0.0,0.0,0.0,0.0,15.0,30.0,37.5,6000.0,2024.0,180000.0,150000.0,250000.0,0.0,0.0,0.0,0.0,0.0,580000.0,3,0.5689655172413793,0.3103448275862069,2922859.34127357,0.0,3502859.34127357,0.0,3502859.34127357,19779321.73522621,28026098.16570794,17.709704044275252,12.498562306327695,17.709704044275252,16276462.39395264,1.0,500408.47732479573,<25%
613825443,nakaseke,Kikamulo,Kamuli,Najjuma_Olivia,False,1.0,0.0,1.0,0.0,False,1.0,1.0,1.0,0.0,0.0,61_and_above,primary,65.0,1.0,0.0,0.0,30.0,1.5,1.0,0.2,1.0,mailo_kibanja,5.0,4.166666666666667,1.0,1.0,1.0,1.0,0.0,0.0,0.0,0.0,0.0,0.0,65.0,130.0,65.0,5800.0,2024.0,754000.0,250000.0,0.0,100000.0,0.0,0.0,0.0,0.0,1104000.0,3,0.9094202898550725,0.6829710144927537,502209.5088098921,0.0,1606209.508809892,0.0,1606209.508809892,19779321.73522621,5093593.6616984885,8.12065009261311,31.533915256881563,8.12065009261311,18173112.22641632,1.0,1606209.508809892,25-50%
618055484,mukono,Nabaale,Nabalanga,Sserugo_William,False,1.0,0.0,1.0,0.0,False,1.0,1.0,1.0,0.0,0.0,61_and_above,secondary,75.0,2.0,1.0,0.0,45.0,1.0,0.5,0.25,1.0,mailo_kibanja,5.0,6.666666666666667,1.0,1.0,0.0,1.0,1.0,0.0,1.0,0.0,1.0,0.0,150.0,300.0,300.0,2500.0,2024.0,750000.0,0.0,0.0,0.0,0.0,0.0,0.0,500000.0,1250000.0,2,0.6,0.6,609087.7218452854,0.0,1859087.7218452853,248250.0,1610837.7218452855,20166768.67704479,5124326.578469231,9.218570171637994,36.279649498854596,7.987584662875874,18307680.955199506,1.0,1859087.7218452853,25-50%
619558400,mukono,Kimenyedde,Bamusuuta,Namazzi_Patience,False,0.0,1.0,1.0,1.0,False,1.0,2.0,2.0,1.0,1.0,61_and_above,primary,65.0,1.0,0.0,0.0,30.0,0.5,0.25,0.0,1.0,mailo_kibanja,5.0,20.0,1.0,1.0,1.0,0.0,0.0,0.0,0.0,0.0,0.0,0.0,25.0,50.0,100.0,5000.0,2025.0,350000.0,0.0,0.0,200000.0,100000.0,0.0,0.0,0.0,650000.0,3,0.6923076923076923,0.5384615384615384,956267.7232970996,0.0,1606267.7232970996,5884.615384615386,1600383.107912484,20166768.67704479,7678027.2296217,7.964923627677965,20.920318139796972,7.9357438642817915,18560500.95374769,1.0,803133.8616485498,<25%
621499875,mukono,Nabaale,Bamusuuta,Namazzi_Patience,False,1.0,1.0,2.0,4.0,False,0.0,6.0,2.0,0.0,0.0,26_40,non_formal,35.0,0.0,0.0,1.0,10.0,1.0,0.5,0.0,1.0,mailo_kibanja,5.0,10.0,1.0,1.0,1.0,0.0,1.0,0.0,0.0,0.0,0.0,0.0,175.0,350.0,350.0,2500.0,2025.0,800000.0,0.0,3600000.0,0.0,0.0,0.0,0.0,0.0,4400000.0,2,0.18181818181818182,0.18181818181818182,2935802.81929428,0.0,7335802.819294279,0.0,7335802.819294279,20166768.67704479,23526901.11277172,36.37569774697915,31.18048902459149,36.37569774697915,12830965.85775051,1.0,1222633.8032157132,25-50%
623176650,mukono,Nabaale,Makukuba,Namazzi_Patience,False,0.0,3.0,3.0,5.0,False,1.0,8.0,3.0,1.0,1.0,61_and_above,non_formal,75.0,0.0,0.0,0.0,50.0,1.0,0.5,0.0,1.0,mailo_kibanja,5.0,10.0,1.0,1.0,1.0,0.0,0.0,0.0,0.0,0.0,1.0,0.0,90.0,180.0,180.0,2500.0,2025.0,500000.0,0.0,12000000.0,1000000.0,0.0,0.0,0.0,0.0,13500000.0,3,0.037037037037037035,0.037037037037037035,3782434.752659229,0.0,17282434.752659228,0.0,17282434.752659228,20166768.67704479,30398496.55781896,85.69759007714156,56.85292599845343,85.69759007714156,2884333.9243855625,1.0,2160304.3440824035,50-100%
623183149,mukono,Nabaale,Makukuba,Namazzi_Patience,False,1.0,1.0,2.0,3.0,False,0.0,5.0,1.5,1.0,0.0,41_60,primary,35.0,1.0,0.0,1.0,10.0,3.0,0.6,2.0,1.0,mailo_kibanja,5.0,1.923076923076923,0.0,0.0,0.0,0.0,0.0,0.0,1.0,0.0,1.0,0.0,22.5,45.0,37.5,6000.0,2025.0,288000.0,0.0,0.0,0.0,0.0,1000000.0,0.0,5000000.0,6288000.0,3,0.04580152671755725,0.04580152671755725,2478987.027910315,0.0,8766987.027910315,0.0,8766987.027910315,20166768.67704479,20166768.67704479,43.472443048793956,43.472443048793956,43.472443048793956,11399781.649134476,1.0,1753397.405582063,25-50%
623185581,mukono,Nabaale,Makukuba,Namazzi_Patience,False,0.0,1.0,1.0,3.0,False,0.0,4.0,3.0,1.0,1.0,41_60,non_formal,55.0,0.0,0.0,0.0,41.0,3.0,0.5,1.0,1.0,freehold_full_ownership,5.0,3.3333333333333335,1.0,1.0,1.0,1.0,1.0,0.0,1.0,0.0,1.0,0.0,62.5,125.0,125.0,2000.0,2025.0,500000.0,0.0,0.0,1000000.0,0.0,2400000.0,0.0,0.0,3900000.0,3,0.1282051282051282,0.1282051282051282,1869899.3060650292,0.0,5769899.306065029,0.0,5769899.306065029,20166768.67704479,15042442.098575557,28.610926214633125,38.357463956011564,28.610926214633125,14396869.37097976,1.0,1442474.8265162574,25-50%
633165095,mukono,Nabaale,Nakanyonyi,Sserugo_William,False,0.0,1.0,1.0,2.0,False,0.0,3.0,2.0,1.0,1.0,41_60,primary,55.0,1.0,0.0,0.0,30.0,6.5,0.5,6.0,1.0,customary_divided_inheritance,5.0,0.7692307692307693,1.0,1.0,1.0,1.0,0.0,1.0,0.0,0.0,1.0,0.0,100.0,200.0,200.0,2500.0,2024.0,500000.0,0.0,0.0,3000000.0,20000000.0,0.0,0.0,0.0,23500000.0,3,0.8723404255319149,0.02127659574468085,1413083.5146810643,0.0,24913083.514681064,1785000.0,23128083.514681064,20166768.67704479,11682309.66284863,123.53532642559071,213.25477781083077,114.6841315287513,-4746314.837636273,0.0,8304361.1715603545,>=100%
633861862,mukono,Nabaale,Makukuba,Namazzi_Patience,False,0.0,1.0,1.0,13.0,False,1.0,14.0,14.0,1.0,1.0,61_and_above,primary,65.0,1.0,0.0,0.0,40.0,0.5,0.3,0.0,1.0,mailo_kibanja,5.0,16.666666666666668,1.0,1.0,0.0,0.0,0.0,0.0,0.0,0.0,0.0,0.0,410.0,820.0,1366.6666666666667,2300.0,2025.0,2000000.0,0.0,1000000.0,20000000.0,0.0,0.0,0.0,0.0,23000000.0,3,0.08695652173913043,0.08695652173913043,6438057.21990468,0.0,29438057.21990468,0.0,29438057.21990468,20166768.67704479,51864516.44334485,145.97309906873238,56.75953279553253,145.97309906873238,-9271288.54285989,0.0,2102718.3728503343,50-100%
634022320,mukono,Nabaale,Nakanyonyi,Sserugo_William,False,0.0,1.0,1.0,0.0,False,1.0,1.0,1.0,1.0,1.0,61_and_above,non_formal,75.0,0.0,0.0,0.0,20.0,0.5,0.5,0.0,1.0,customary_divided_inheritance,5.0,10.0,1.0,1.0,1.0,1.0,0.0,0.0,0.0,0.0,0.0,0.0,50.0,100.0,100.0,3000.0,2024.0,300000.0,0.0,0.0,300000.0,0.0,0.0,0.0,0.0,600000.0,2,0.5,0.5,499451.9319131346,0.0,1099451.9319131346,817500.0,281951.93191313464,20166768.67704479,4317894.793894773,5.4518001843528205,25.46268458109932,1.3981016811784617,19067316.745131657,1.0,1099451.9319131346,25-50%
634322498,mukono,Kimenyedde,Naggalama,Kisira_Isaac,False,1.0,1.0,2.0,5.0,False,0.0,7.0,2.5,1.0,1.0,26_40,non_formal,45.0,0.0,0.0,1.0,28.0,0.5,0.5,0.0,1.0,mailo_kibanja,5.0,10.0,1.0,1.0,1.0,1.0,0.0,0.0,0.0,0.0,0.0,0.0,9.0,18.0,18.0,8000.0,2024.0,120000.0,0.0,0.0,0.0,0.0,0.0,0.0,0.0,120000.0,1,1.0,1.0,3392618.6106782453,0.0,3512618.6106782453,438550.0,3074068.6106782453,20166768.67704479,27531183.545998648,17.4178554181392,12.758690903387498,15.243238318974534,16654150.066366546,1.0,501802.65866832074,<25%
634928993,mukono,Kimenyedde,Naggalama,Kisira_Isaac,False,1.0,1.0,2.0,2.0,False,0.0,4.0,1.0,0.0,0.0,26_40,primary,35.0,1.0,0.0,1.0,17.0,0.5,0.5,0.0,1.0,customary_divided_inheritance,5.0,10.0,1.0,1.0,1.0,1.0,1.0,0.0,0.0,0.0,0.0,0.0,30.0,60.0,60.0,8000.0,2024.0,60000.0,0.0,0.0,0.0,0.0,0.0,0.0,0.0,60000.0,1,1.0,1.0,2022171.23652635,0.0,2082171.23652635,828500.0,1253671.23652635,20166768.67704479,16162486.243817862,10.324763822458188,12.882740966432554,6.216520140647844,18084597.44051844,1.0,520542.8091315875,<25%
634952733,mukono,Nabaale,Bamusuuta,Namazzi_Patience,False,1.0,1.0,2.0,2.0,False,0.0,4.0,1.0,1.0,1.0,41_60,primary,55.0,1.0,0.0,0.0,25.0,3.0,0.25,2.0,1.0,mailo_kibanja,5.0,2.2222222222222223,1.0,1.0,1.0,1.0,0.0,0.0,0.0,0.0,0.0,0.0,100.0,200.0,400.0,7000.0,2025.0,1400000.0,0.0,0.0,0.0,500000.0,10000000.0,0.0,0.0,11900000.0,3,0.15966386554621848,0.11764705882352941,2022171.23652635,0.0,13922171.23652635,0.0,13922171.23652635,20166768.67704479,16162486.243817862,69.0352106451914,86.1387971287621,69.0352106451914,6244597.440518441,1.0,3480542.8091315874,50-100%
634953204,mukono,Kimenyedde,Makukuba,Namazzi_Patience,False,1.0,2.0,3.0,3.0,False,0.0,6.0,1.0,0.0,0.0,26_40,secondary,45.0,2.0,1.0,1.0,20.0,1.0,0.25,0.25,1.0,mailo_kibanja,5.0,10.0,1.0,1.0,1.0,1.0,0.0,0.0,1.0,0.0,0.0,0.0,200.0,400.0,800.0,3000.0,2025.0,1200000.0,720000.0,0.0,0.0,500000.0,0.0,0.0,0.0,2420000.0,3,1.0,0.49586776859504134,2978438.9598234496,0.0,5398438.95982345,0.0,5398438.95982345,20166768.67704479,23840513.473439563,26.768983401730225,22.6439710111017,26.768983401730225,14768329.71722134,1.0,899739.8266372416,<25%
635102101,mukono,Kimenyedde,Bamusuuta,Namazzi_Patience,False,1.0,0.0,1.0,9.0,False,0.0,10.0,9.0,0.0,0.0,26_40,college_university,35.0,4.0,1.0,1.0,25.0,1.5,0.25,1.0,1.0,mailo_kibanja,5.0,4.0,1.0,1.0,0.0,1.0,0.0,0.0,0.0,0.0,1.0,0.0,75.0,150.0,300.0,5000.0,2025.0,500000.0,0.0,0.0,0.0,0.0,20000000.0,12000000.0,0.0,32500000.0,3,0.015384615384615385,0.015384615384615385,4720429.84430097,0.0,37220429.84430097,0.0,37220429.84430097,20166768.67704479,37942118.49001159,184.56318134232302,98.09792211286093,184.56318134232302,-17053661.16725618,0.0,3722042.984430097,50-100%
635102513,mukono,Kimenyedde,Makukuba,Namazzi_Patience,False,0.0,1.0,1.0,13.0,False,0.0,14.0,13.0,1.0,1.0,41_60,secondary,55.0,1.0,0.0,0.0,40.0,1.0,0.25,0.5,1.0,mailo_kibanja,5.0,6.666666666666667,1.0,1.0,0.0,1.0,0.0,0.0,0.0,0.0,1.0,0.0,200.0,400.0,800.0,2000.0,2025.0,800000.0,0.0,0.0,10000000.0,1000000.0,0.0,0.0,0.0,11800000.0,3,0.15254237288135594,0.06779661016949153,6438057.21990468,0.0,18238057.21990468,0.0,18238057.21990468,20166768.67704479,51864516.44334485,90.43618991209284,35.16480721424898,90.43618991209284,1928711.4571401104,1.0,1302718.3728503343,25-50%
644159914,mukono,Kimenyedde,Naggalama,Kisira_Isaac,False,2.0,0.0,2.0,0.0,False,0.0,2.0,0.0,0.0,0.0,26_40,primary,45.0,1.0,0.0,0.0,28.0,7.0,7.0,0.0,1.0,customary_divided_inheritance,5.0,0.7142857142857143,1.0,1.0,1.0,1.0,1.0,0.0,0.0,0.0,0.0,0.0,550.0,1100.0,78.57142857142857,8000.0,2024.0,15000000.0,0.0,0.0,0.0,2800000.0,0.0,0.0,0.0,17800000.0,2,1.0,0.8426966292134831,1218175.4436905708,0.0,19018175.44369057,12302500.0,6715675.443690571,20166768.67704479,9604503.15943846,94.30452517332819,198.01311039188093,33.30070152158197,1148593.233354222,1.0,9509087.721845284,>=100%
644420047,mukono,Nabaale,Makukuba,Namazzi_Patience,False,1.0,1.0,2.0,2.0,False,0.0,4.0,1.0,0.0,0.0,41_60,primary,45.0,1.0,0.0,1.0,5.0,1.0,0.5,0.25,1.0,mailo_kibanja,5.0,6.666666666666667,1.0,1.0,1.0,1.0,1.0,1.0,1.0,0.0,1.0,0.0,100.0,200.0,200.0,4000.0,2025.0,800000.0,0.0,0.0,0.0,0.0,2000000.0,0.0,0.0,2800000.0,2,0.2857142857142857,0.2857142857142857,2022171.23652635,0.0,4822171.23652635,0.0,4822171.23652635,20166768.67704479,16162486.243817862,23.911471955421785,29.835578287782464,23.911471955421785,15344597.44051844,1.0,1205542.8091315874,25-50%
551439754,nakaseke,Kasangombe,Nakaseta,Kawalya_Dan,False,1.0,0.0,1.0,3.0,True,0.0,4.0,3.0,0.0,0.0,,,55.0,1.0,0.0,0.0,8.0,10.0,8.0,1.0,1.0,mailo_kibanja,6.0,0.6666666666666666,1.0,1.0,1.0,1.0,1.0,0.0,1.0,1.0,,0.0,75.0,150.0,9.375,6000.0,2025.0,4000000.0,137999.99999999994,14999.999999999989,182499.99999999994,2278250.000000001,24999.99999999999,300000.00000000023,0.0,6938750.000000002,7,0.9246982525671049,0.5764727076202485,1632180.9036321468,0.0,8570930.903632147,2557147.4358974355,6013783.467734712,19779321.73522621,15442491.938035691,43.332784704986366,55.50225273241997,30.404396815207246,11208390.831594063,1.0,2142732.725908037,50-100%
552968706,nakaseke,Kasangombe,Nakaseta,Kawalya_Dan,False,1.0,0.0,1.0,3.0,False,0.0,4.0,3.0,1.0,1.0,,,45.0,2.0,1.0,0.0,25.0,5.0,3.0,2.0,1.0,mailo_kibanja,6.0,1.2,1.0,1.0,1.0,0.0,0.0,0.0,1.0,1.0,,0.0,250.0,500.0,83.33333333333333,6500.0,2025.0,8000000.0,0.0,0.0,0.0,1577999.999999999,0.0,0.0,0.0,9577999.999999998,2,1.0000000000000002,0.8352474420547089,1632180.9036321468,0.0,11210180.903632144,4803500.0,6406680.903632146,19779321.73522621,15442491.938035691,56.67626551454109,72.59308244170658,32.390801815120355,8569140.831594067,1.0,2802545.225908036,50-100%
552969446,nakaseke,Kasangombe,Nakaseta,Kawalya_Dan,False,1.0,1.0,2.0,3.0,False,0.0,5.0,1.5,1.0,0.0,26_40,non_formal,45.0,1.0,0.0,1.0,8.0,1.0,0.8,0.1,1.0,mailo_kibanja,6.0,6.666666666666666,1.0,1.0,1.0,1.0,0.0,0.0,1.0,1.0,,0.0,50.0,100.0,62.5,7000.0,2025.0,2500000.0,0.0,0.0,0.0,2116039.9999999986,0.0,0.0,0.0,4616039.999999998,2,1.0,0.5415897609206162,2043992.7008562596,0.0,6660032.700856258,1358100.0,5301932.700856258,19779321.73522621,19779321.73522621,33.67169405508479,33.67169405508479,26.805432318812635,13119289.034369953,1.0,1332006.5401712516,25-50%
552970239,nakaseke,Kasangombe,Mpwedde,Kawalya_Dan,False,0.0,2.0,2.0,4.0,False,0.0,6.0,2.0,0.0,0.0,,,75.0,2.0,1.0,1.0,10.0,1.5,1.0,0.5,1.0,mailo_kibanja,6.0,4.0,1.0,1.0,1.0,0.0,1.0,0.0,1.0,1.0,,0.0,250.0,500.0,250.0,6000.0,2025.0,3500000.0,93499.99999999991,3449.9999999999986,141999.99999999994,66349.99999999997,0.0,0.0,0.0,3805300.0,5,0.9617769952434762,0.91976979475994,2330252.1208778983,0.0,6135552.120877898,2002500.0,4133052.120877898,19779321.73522621,22175740.63950148,31.020032956694955,27.667856603394274,20.895823305796636,13643769.614348311,1.0,1022592.0201463164,25-50%
554387935,nakaseke,Kasangombe,Nakaseta,Kawalya_Dan,False,1.0,0.0,1.0,1.0,False,0.0,2.0,1.0,0.0,0.0,41_60,non_formal,75.0,1.0,0.0,0.0,40.0,2.0,1.5,0.5,1.0,mailo_kibanja,6.0,3.0,1.0,1.0,1.0,0.0,1.0,0.0,0.0,0.0,,0.0,150.0,300.0,100.0,6500.0,2025.0,5500000.0,0.0,0.0,0.0,1480249.9999999988,0.0,0.0,0.0,6980249.999999998,2,1.0000000000000002,0.7879373947924503,878866.6404173102,0.0,7859116.640417309,3696500.0,4162616.640417309,19779321.73522621,8246776.430481722,39.73400476327014,95.29925670554684,21.045295162997675,11920205.094808903,1.0,3929558.3202086543,50-100%
558377096,nakaseke,Kasangombe,Mpwedde,Kawalya_Dan,False,0.0,1.0,1.0,4.0,False,0.0,5.0,4.0,0.0,1.0,16_25,primary,35.0,2.0,1.0,1.0,25.0,2.0,1.0,0.5,1.0,freehold_full_ownership,6.0,4.0,1.0,1.0,1.0,1.0,0.0,0.0,0.0,0.0,1.0,0.0,125.0,250.0,125.0,5000.0,2025.0,2500000.0,500000.0,0.0,0.0,0.0,1000000.0,0.0,0.0,4000000.0,3,0.75,0.625,1918440.3236537853,0.0,5918440.3236537855,1670178.5714285714,4248261.752225215,19779321.73522621,18728260.81229846,29.92236236854002,31.601654755722265,21.47829844265703,13860881.411572425,1.0,1183688.0647307571,25-50%
559607458,nakaseke,Kasangombe,Mpwedde,Kawalya_Dan,False,3.0,1.0,4.0,7.0,False,1.0,11.0,2.6666666666666665,1.0,0.0,61_and_above,secondary,45.0,2.0,1.0,1.0,20.0,8.0,5.0,2.0,1.0,mailo_kibanja,6.0,0.8571428571428571,1.0,1.0,1.0,0.0,0.0,0.0,1.0,1.0,1.0,1.0,115.0,230.0,23.0,7500.0,2024.0,4000000.0,500000.0,0.0,0.0,200000.0,0.0,0.0,0.0,4700000.0,3,1.0,0.851063829787234,4555040.244905717,0.0,9255040.244905718,7834250.0,1420790.2449057177,19779321.73522621,43468590.10374363,46.791494515319236,21.291328342643094,7.183210142010809,10524281.490320493,1.0,841367.2949914288,<25%
567493335,nakaseke,Kasangombe,Nakaseta,Kawalya_Dan,False,1.0,2.0,3.0,2.0,False,0.0,5.0,0.6666666666666666,0.0,1.0,41_60,primary,65.0,2.0,1.0,1.0,30.0,2.0,1.0,1.0,1.0,mailo_kibanja,6.0,3.0,1.0,1.0,1.0,0.0,0.0,0.0,0.0,0.0,1.0,0.0,75.0,150.0,75.0,7000.0,2025.0,2000000.0,0.0,0.0,400000.0,800000.0,0.0,0.0,0.0,3200000.0,3,0.875,0.625,2079147.3664729532,0.0,5279147.366472954,1911250.0,3367897.366472953,19779321.73522621,20073618.793645997,26.69023456487386,26.29893204978063,17.027365303810484,14500174.368753256,1.0,1055829.4732945908,25-50%
581802079,nakaseke,Kikamulo,Magoma,Kawalya_Dan,False,1.0,2.0,3.0,4.0,False,0.0,7.0,1.3333333333333333,0.0,1.0,41_60,vocational,55.0,1.0,0.0,1.0,15.0,3.0,2.0,1.0,1.0,mailo_kibanja,6.0,2.0,1.0,1.0,1.0,0.0,0.0,0.0,0.0,0.0,1.0,0.0,400.0,800.0,200.0,4000.0,2025.0,7000000.0,0.0,150000.0,0.0,300000.0,0.0,0.0,0.0,7450000.0,3,0.9798657718120806,0.9395973154362416,2832461.62968779,0.0,10282461.62968779,6126000.0,4156461.62968779,19779321.73522621,27269334.30119997,51.98591623784107,37.70705040362983,21.014176751497455,9496860.10553842,1.0,1468923.0899553986,25-50%
582619340,nakaseke,Kikamulo,Luteete,Kawalya_Dan,False,0.0,1.0,1.0,4.0,False,0.0,5.0,4.0,0.0,1.0,26_40,secondary,65.0,2.0,1.0,1.0,30.0,2.0,1.5,0.5,1.0,mailo_kibanja,6.0,3.0,1.0,1.0,1.0,1.0,0.0,0.0,0.0,0.0,1.0,0.0,95.0,190.0,63.333333333333336,5500.0,2025.0,2000000.0,0.0,0.0,0.0,0.0,0.0,0.0,0.0,2000000.0,1,1.0,1.0,1918440.3236537853,0.0,3918440.323653786,4636375.0,-717934.6763462145,19779321.73522621,18728260.81229846,19.810792180376918,20.922606551274782,-3.6297234351954573,15860881.411572425,1.0,783688.0647307571,<25%
583580839,nakaseke,Kikamulo,Kibose,Kawalya_Dan,False,0.0,2.0,2.0,3.0,False,0.0,5.0,1.5,0.0,1.0,41_60,primary,55.0,2.0,1.0,1.0,25.0,7.0,5.0,2.0,1.0,mailo_kibanja,6.0,0.8571428571428571,1.0,1.0,1.0,1.0,1.0,0.0,0.0,0.0,1.0,0.0,3000.0,3000.0,600.0,,2025.0,25000000.0,0.0,0.0,0.0,0.0,10000000.0,0.0,0.0,35000000.0,2,0.7142857142857143,0.7142857142857143,1953594.98927048,0.0,36953594.98927048,14620000.0,22333594.98927048,19779321.73522621,19022557.87071824,186.82943471948056,194.26196645275448,112.91385664400819,-17174273.25404427,0.0,7390718.997854096,>=100%
584444811,nakaseke,Kikamulo,Kamuli,Kawalya_Dan,False,0.0,2.0,2.0,3.0,False,0.0,5.0,1.5,0.0,1.0,41_60,vocational,55.0,2.0,1.0,1.0,20.0,2.0,1.0,1.0,1.0,mailo_kibanja,6.0,3.0,1.0,1.0,1.0,0.0,0.0,0.0,0.0,0.0,1.0,0.0,250.0,500.0,250.0,4000.0,2025.0,4000000.0,0.0,0.0,300000.0,0.0,0.0,0.0,0.0,4300000.0,2,0.9302325581395349,0.9302325581395349,1953594.98927048,0.0,6253594.98927048,2497500.0,3756094.98927048,19779321.73522621,19022557.87071824,31.6168323311768,32.87462722821703,18.99000905870811,13525726.74595573,1.0,1250718.9978540961,25-50%
585215286,nakaseke,Kikamulo,Kasana,Kawalya_Dan,False,1.0,2.0,3.0,3.0,False,0.0,6.0,1.0,1.0,0.0,41_60,secondary,45.0,3.0,1.0,1.0,15.0,4.0,2.5,0.5,1.0,mailo_kibanja,6.0,2.0,0.0,1.0,1.0,0.0,1.0,0.0,0.0,0.0,1.0,0.0,150.0,300.0,60.0,4500.0,2025.0,6500000.0,500000.0,0.0,500000.0,0.0,0.0,0.0,0.0,7500000.0,3,0.9333333333333333,0.8666666666666667,2455804.498080372,0.0,9955804.498080373,7848214.285714285,2107590.212366088,19779321.73522621,23226801.562429227,50.33440798098485,42.8634328808513,10.655523180112647,9823517.237145837,1.0,1659300.749680062,25-50%
587013182,nakaseke,Kikamulo,Magoma,Kawalya_Dan,False,0.0,1.0,1.0,5.0,False,0.0,6.0,5.0,0.0,1.0,26_40,primary,45.0,2.0,1.0,1.0,15.0,2.0,1.0,1.0,1.0,mailo_kibanja,6.0,3.0,0.0,1.0,1.0,0.0,0.0,0.0,0.0,0.0,1.0,0.0,250.0,500.0,250.0,4500.0,2025.0,6000000.0,0.0,150000.0,0.0,450000.0,0.0,0.0,0.0,6600000.0,3,0.9772727272727273,0.9090909090909091,2295097.455261204,0.0,8895097.455261204,3517500.0,5377597.455261204,19779321.73522621,21881443.58108169,44.97170112471237,40.65132824669643,27.1879770562805,10884224.279965006,1.0,1482516.2425435341,25-50%
588782700,nakaseke,Kikamulo,Kasana,Kawalya_Dan,False,0.0,2.0,2.0,2.0,False,0.0,4.0,1.0,0.0,1.0,26_40,vocational,55.0,1.0,0.0,1.0,20.0,5.0,3.0,1.5,1.0,mailo_kibanja,6.0,1.3333333333333333,1.0,1.0,1.0,1.0,0.0,0.0,0.0,0.0,1.0,0.0,500.0,1000.0,166.66666666666666,4000.0,2025.0,12000000.0,0.0,0.0,500000.0,0.0,0.0,0.0,0.0,12500000.0,2,0.96,0.96,1576937.8576630617,0.0,14076937.85766306,9514166.666666666,4562771.190996395,19779321.73522621,14980025.131947506,71.16997259108524,93.9713901256517,23.06839057514432,5702383.877563151,1.0,3519234.464415765,50-100%
589705993,nakaseke,Kikamulo,Kasana,Kawalya_Dan,False,1.0,0.0,1.0,2.0,False,0.0,3.0,2.0,0.0,0.0,,,45.0,1.0,0.0,0.0,8.0,3.0,2.0,1.0,1.0,mailo_kibanja,6.0,2.0,0.0,1.0,1.0,0.0,0.0,0.0,0.0,0.0,0.0,0.0,450.0,900.0,225.0,4500.0,2025.0,10000000.0,0.0,0.0,0.0,0.0,0.0,0.0,0.0,10000000.0,1,1.0,1.0,1255523.7720247286,0.0,11255523.772024728,5690357.142857143,5565166.629167586,19779321.73522621,12289309.169252455,56.90550931268322,91.58792912612019,28.136286489825572,8523797.963201482,1.0,3751841.2573415763,50-100%
613178458,nakaseke,Kikamulo,Kamuli,Kawalya_Dan,False,0.0,1.0,1.0,2.0,False,0.0,3.0,2.0,0.0,1.0,26_40,secondary,55.0,2.0,1.0,1.0,40.0,13.0,10.0,3.0,1.0,freehold_full_ownership,6.0,0.46153846153846156,0.0,1.0,1.0,0.0,0.0,0.0,0.0,1.0,1.0,0.0,1000.0,2000.0,100.0,6000.0,2025.0,30000000.0,500000.0,0.0,0.0,0.0,0.0,0.0,0.0,30500000.0,2,1.0,0.9836065573770492,1165126.0604389491,0.0,31665126.06043895,41650000.0,-9984873.93956105,19779321.73522621,11532545.30474449,160.09207233858064,274.57187657794776,-50.48137682991614,-11885804.32521274,0.0,10555042.020146316,>=100%
613178880,nakaseke,Kikamulo,Kasana,Kawalya_Dan,False,0.0,1.0,1.0,2.0,False,0.0,3.0,2.0,0.0,1.0,26_40,vocational,55.0,1.0,0.0,1.0,8.0,2.0,1.5,0.5,1.0,mailo_kibanja,6.0,3.0,1.0,1.0,1.0,1.0,0.0,0.0,0.0,0.0,0.0,0.0,450.0,900.0,300.0,4250.0,2025.0,3000000.0,800000.0,300000.0,0.0,0.0,0.0,0.0,0.0,4100000.0,3,0.926829268292683,0.7317073170731707,1165126.0604389491,0.0,5265126.06043895,5226250.0,38876.060438949615,19779321.73522621,11532545.30474449,26.619345854827586,45.65450142452834,0.1965490068838551,14514195.67478726,1.0,1755042.0201463166,25-50%
613179574,nakaseke,Kikamulo,Kibose,Kawalya_Dan,False,1.0,0.0,1.0,4.0,False,0.0,5.0,4.0,1.0,0.0,41_60,secondary,45.0,2.0,1.0,1.0,14.0,1.0,0.8,0.2,1.0,mailo_kibanja,6.0,6.0,1.0,1.0,1.0,0.0,0.0,0.0,1.0,1.0,1.0,0.0,350.0,700.0,437.5,6250.0,2025.0,4000000.0,0.0,0.0,0.0,400000.0,0.0,0.0,0.0,4400000.0,2,1.0,0.9090909090909091,2008838.035239565,0.0,6408838.035239565,2597166.6666666665,3811671.368572899,19779321.73522621,19485024.676806428,32.401707808947116,32.891095297755435,19.270991288768304,13370483.699986644,1.0,1281767.6070479131,25-50%
615825416,mukono,Kimenyedde,Naggalama,Kisira_Isaac,False,1.0,1.0,2.0,3.0,False,0.0,5.0,1.5,0.0,0.0,41_60,primary,55.0,1.0,0.0,1.0,33.0,0.25,0.25,0.0,1.0,mailo_kibanja,6.0,24.0,1.0,1.0,1.0,1.0,0.0,0.0,0.0,0.0,0.0,0.0,16.0,32.0,64.0,8000.0,2024.0,50000.0,0.0,0.0,0.0,0.0,0.0,0.0,0.0,50000.0,1,1.0,1.0,2478987.027910315,0.0,2528987.027910315,400200.0,2128787.027910315,20166768.67704479,20166768.67704479,12.54036810958705,12.54036810958705,10.55591533775784,17637781.649134476,1.0,505797.405582063,<25%
619544793,mukono,Kimenyedde,Bamusuuta,Namazzi_Patience,False,1.0,1.0,2.0,4.0,False,0.0,6.0,2.0,0.0,0.0,41_60,primary,45.0,1.0,0.0,1.0,40.0,1.5,1.0,0.0,1.0,mailo_kibanja,6.0,6.0,1.0,1.0,1.0,1.0,0.0,0.0,0.0,0.0,0.0,0.0,200.0,400.0,200.0,2500.0,2025.0,1000000.0,0.0,0.0,0.0,0.0,1000000.0,0.0,0.0,2000000.0,2,0.5,0.5,2935802.81929428,0.0,4935802.819294279,0.0,4935802.819294279,20166768.67704479,23526901.11277172,24.474931499127827,20.97940054083387,24.474931499127827,15230965.85775051,1.0,822633.8032157132,<25%
623479229,mukono,Kimenyedde,Naggalama,Kisira_Isaac,False,1.0,1.0,2.0,6.0,False,0.0,8.0,3.0,0.0,0.0,41_60,primary,55.0,1.0,0.0,1.0,30.0,0.5,0.5,0.0,1.0,customary_divided_inheritance,6.0,12.0,1.0,1.0,1.0,1.0,1.0,0.0,0.0,0.0,0.0,0.0,30.0,60.0,60.0,8000.0,2024.0,120000.0,0.0,0.0,0.0,0.0,0.0,0.0,0.0,120000.0,1,1.0,1.0,3849434.402062209,0.0,3969434.402062209,978500.0,2990934.4020622093,20166768.67704479,30891315.981725574,19.68304623130077,12.849677250429906,14.831004658999722,16197334.27498258,1.0,496179.3002577761,<25%
633706398,mukono,Kimenyedde,Naggalama,Kisira_Isaac,False,1.0,1.0,2.0,2.0,False,0.0,4.0,1.0,1.0,1.0,,,75.0,1.0,0.0,0.0,55.0,0.25,0.25,0.0,1.0,mailo_kibanja,6.0,24.0,1.0,1.0,1.0,1.0,0.0,0.0,0.0,0.0,0.0,0.0,47.5,95.0,190.0,8000.0,2024.0,600000.0,0.0,0.0,0.0,0.0,0.0,0.0,0.0,600000.0,1,1.0,1.0,2022171.23652635,0.0,2622171.23652635,630125.0,1992046.23652635,20166768.67704479,16162486.243817862,13.002436228224736,16.223811095457723,9.877865256588352,17544597.44051844,1.0,655542.8091315875,<25%
633706854,mukono,Kimenyedde,Naggalama,Kisira_Isaac,False,1.0,1.0,2.0,4.0,False,0.0,6.0,2.0,1.0,1.0,26_40,primary,35.0,1.0,0.0,1.0,20.0,1.0,1.0,0.0,1.0,customary_divided_inheritance,6.0,6.0,1.0,1.0,1.0,1.0,1.0,0.0,0.0,1.0,1.0,0.0,35.0,70.0,35.0,8000.0,2024.0,150000.0,0.0,0.0,0.0,80000.0,0.0,0.0,0.0,230000.0,2,1.0,0.6521739130434783,2935802.81929428,0.0,3165802.81929428,1613250.0,1552552.81929428,20166768.67704479,23526901.11277172,15.698116391337475,13.456097784062623,7.698570079109911,17000965.85775051,1.0,527633.8032157134,<25%
553314312,nakaseke,Kasangombe,Nakaseta,Kawalya_Dan,False,0.0,3.0,3.0,6.0,False,0.0,9.0,2.0,1.0,1.0,,,35.0,2.0,1.0,1.0,20.0,3.0,2.0,1.0,1.0,mailo_kibanja,7.0,2.3333333333333335,1.0,1.0,1.0,1.0,0.0,0.0,0.0,0.0,,0.0,750.0,1500.0,375.0,7000.0,2025.0,11000000.0,0.0,0.0,0.0,1288000.0000000005,0.0,0.0,0.0,12288000.0,2,1.0,0.8951822916666666,3495378.181316847,0.0,15783378.181316849,4834500.0,10948878.181316849,19779321.73522621,33708285.944245964,79.79736814335378,46.823437440345685,55.355175106016496,3995943.5539093614,1.0,1753708.6868129831,25-50%
555219512,nakaseke,Kasangombe,Bulyake,Najjuma_Olivia,False,1.0,1.0,2.0,6.0,False,0.0,8.0,3.0,0.0,0.0,26_40,primary,35.0,1.0,0.0,1.0,10.0,1.5,1.1,0.1,1.0,freehold_full_ownership,7.0,5.833333333333332,,,,1.0,0.0,0.0,0.0,0.0,,0.0,130.0,260.0,118.18181818181817,7000.0,2024.0,1200000.0,2000000.0,0.0,0.0,0.0,0.0,0.0,0.0,3200000.0,2,1.0,0.375,3173964.095678514,0.0,6373964.095678514,776600.0,5597364.095678514,19779321.73522621,30128220.011563417,32.22539266514245,21.156125696214854,28.299069961078715,13405357.639547696,1.0,796745.5119598142,<25%
561200684,nakaseke,Kasangombe,Nakaseta,Kawalya_Dan,False,2.0,1.0,3.0,3.0,False,0.0,6.0,1.0,1.0,1.0,,,75.0,2.0,1.0,0.0,40.0,5.0,2.0,2.0,1.0,mailo_kibanja,7.0,1.75,1.0,1.0,1.0,1.0,1.0,0.0,1.0,1.0,1.0,0.0,100.0,200.0,50.0,6500.0,2025.0,4000000.0,0.0,0.0,200000.0,0.0,0.0,0.0,0.0,4200000.0,2,0.9523809523809523,0.9523809523809523,2546202.209666152,0.0,6746202.209666151,2683750.0,4062452.209666152,19779321.73522621,23983565.4269372,34.107348573290174,28.12843749282222,20.53888532704881,13033119.525560059,1.0,1124367.0349443585,25-50%
583583184,nakaseke,Kikamulo,Kibose,Kawalya_Dan,False,1.0,1.0,2.0,3.0,False,0.0,5.0,1.5,1.0,1.0,,,55.0,2.0,1.0,0.0,7.0,3.0,1.5,1.5,1.0,mailo_kibanja,7.0,2.3333333333333335,0.0,1.0,1.0,0.0,1.0,0.0,0.0,0.0,1.0,0.0,900.0,900.0,600.0,,2025.0,20000000.0,0.0,0.0,0.0,500000.0,0.0,0.0,0.0,20500000.0,2,1.0,0.975609756097561,2043992.7008562596,0.0,22543992.70085626,6315000.0,16228992.700856265,19779321.73522621,19779321.73522621,113.97758225807246,113.97758225807246,82.05029938894747,-2764670.9656300507,0.0,4508798.540171253,>=100%
584444125,nakaseke,Kikamulo,Kasana,Kawalya_Dan,False,2.0,1.0,3.0,6.0,False,0.0,9.0,2.0,1.0,0.0,41_60,secondary,45.0,3.0,1.0,1.0,9.0,3.0,2.0,1.0,1.0,mailo_kibanja,7.0,2.3333333333333335,1.0,1.0,1.0,0.0,0.0,0.0,1.0,0.0,,0.0,250.0,500.0,125.0,4500.0,2025.0,8000000.0,0.0,0.0,0.0,0.0,1000000.0,0.0,0.0,9000000.0,2,0.8888888888888888,0.8888888888888888,3676173.6044884063,0.0,12676173.604488406,5387500.0,7288673.604488405,19779321.73522621,35221813.67326191,64.08800955956254,35.98955386590818,36.84996736519816,7103148.130737804,1.0,1408463.7338320452,25-50%
584446459,nakaseke,Kikamulo,Kibose,Kawalya_Dan,False,1.0,1.0,2.0,2.0,False,1.0,4.0,3.0,1.0,0.0,61_and_above,secondary,65.0,2.0,1.0,1.0,15.0,3.0,2.0,1.0,1.0,mailo_kibanja,7.0,2.3333333333333335,0.0,1.0,1.0,0.0,0.0,0.0,0.0,0.0,0.0,0.0,300.0,600.0,150.0,5500.0,2025.0,4000000.0,0.0,200000.0,0.0,0.0,0.0,0.0,0.0,4200000.0,2,0.9523809523809523,0.9523809523809523,1667335.5692488411,0.0,5867335.569248841,7285000.0,-1417664.4307511589,19779321.73522621,15736788.99645548,29.66398771298281,37.28419800615225,-7.167406697401322,13911986.16597737,1.0,1466833.8923122103,25-50%
586786507,nakaseke,Kikamulo,Kamuli,Najjuma_Olivia,False,1.0,1.0,2.0,1.0,False,1.0,3.0,2.0,1.0,1.0,61_and_above,primary,55.0,1.0,0.0,0.0,25.0,1.5,0.9,0.2,1.0,mailo_kibanja,7.0,6.363636363636363,1.0,1.0,1.0,1.0,0.0,0.0,0.0,0.0,1.0,0.0,44.5,89.0,49.44444444444444,6200.0,2024.0,551800.0,160000.0,0.0,0.0,0.0,0.0,0.0,0.0,711800.0,2,1.0,0.775217757797134,1290678.4376414227,0.0,2002478.4376414227,816275.0,1186203.4376414227,19779321.73522621,12583606.227672242,10.124100636247228,15.913390815089484,5.997189658575805,17776843.297584787,1.0,667492.8125471409,<25%
586805028,nakaseke,Kikamulo,Kapeke,Najjuma_Olivia,False,0.0,3.0,3.0,3.0,False,2.0,6.0,5.0,1.0,1.0,61_and_above,primary,65.0,1.0,0.0,0.0,37.0,2.0,1.0,0.9,0.0,,7.0,3.68421052631579,1.0,1.0,1.0,1.0,0.0,1.0,0.0,0.0,0.0,0.0,31.0,62.0,31.0,6200.0,2024.0,384400.0,180000.0,0.0,0.0,100800.0,0.0,0.0,0.0,665200.0,3,1.0,0.5778713168971737,2365406.786494592,0.0,3030606.786494592,800000.0,2230606.786494592,19779321.73522621,22470037.69792126,15.322096617181764,13.48732399667918,11.277468541916518,16748714.948731618,1.0,505101.13108243205,<25%
588783732,nakaseke,Kikamulo,Kasana,Kawalya_Dan,False,0.0,2.0,2.0,3.0,False,0.0,5.0,1.5,1.0,1.0,,,65.0,2.0,1.0,0.0,18.0,3.0,1.5,1.5,1.0,mailo_kibanja,7.0,2.3333333333333335,0.0,1.0,1.0,0.0,0.0,0.0,0.0,0.0,0.0,0.0,640.0,1280.0,426.6666666666667,7000.0,2025.0,8000000.0,0.0,0.0,300000.0,0.0,0.0,0.0,0.0,8300000.0,2,0.963855421686747,0.963855421686747,1953594.98927048,0.0,10253594.98927048,3998000.0,6255594.98927048,19779321.73522621,19022557.87071824,51.83997270750302,53.902293576690965,31.626943901364964,9525726.74595573,1.0,2050718.9978540961,50-100%
589705256,nakaseke,Kikamulo,Magoma,Kawalya_Dan,False,1.0,0.0,1.0,3.0,False,0.0,4.0,3.0,1.0,0.0,41_60,secondary,55.0,2.0,1.0,1.0,18.0,3.5,2.0,1.5,1.0,mailo_kibanja,7.0,2.0,0.0,1.0,1.0,0.0,1.0,0.0,0.0,0.0,1.0,0.0,900.0,1800.0,450.0,5750.0,2025.0,10000000.0,0.0,0.0,0.0,0.0,8000000.0,0.0,0.0,18000000.0,2,0.5555555555555556,0.5555555555555556,1632180.9036321468,0.0,19632180.903632145,7215000.0,12417180.903632144,19779321.73522621,15442491.938035691,99.25608757689595,127.1309124356868,62.77859812309753,147140.83159406483,1.0,4908045.225908036,>=100%
592362627,nakaseke,Kikamulo,Magoma,Kawalya_Dan,False,2.0,0.0,2.0,1.0,False,0.0,3.0,0.5,1.0,1.0,,,55.0,2.0,1.0,1.0,20.0,1.0,0.5,0.5,1.0,mailo_kibanja,7.0,7.0,0.0,1.0,1.0,0.0,0.0,0.0,0.0,0.0,,0.0,450.0,900.0,900.0,5500.0,2025.0,4000000.0,500000.0,0.0,0.0,0.0,0.0,0.0,0.0,4500000.0,2,1.0,0.8888888888888888,1381076.1492272024,0.0,5881076.149227202,1667500.0,4213576.149227202,19779321.73522621,13340370.092180211,29.733457132421442,44.084805058553364,21.302935488040447,13898245.585999008,1.0,1960358.7164090674,25-50%
592363516,nakaseke,Kikamulo,Magoma,Kawalya_Dan,False,1.0,1.0,2.0,8.0,False,0.0,10.0,4.0,1.0,1.0,,,75.0,2.0,1.0,1.0,25.0,2.0,1.5,,1.0,mailo_kibanja,7.0,4.666666666666667,0.0,1.0,1.0,0.0,0.0,0.0,1.0,0.0,0.0,0.0,450.0,900.0,300.0,5500.0,2025.0,9900000.0,0.0,0.0,0.0,0.0,0.0,0.0,0.0,9900000.0,1,1.0,1.0,3927278.358893351,0.0,13827278.358893352,3897500.0,9929778.358893352,19779321.73522621,37323935.51911739,69.90774781860948,37.04667840241818,50.20282541442662,5952043.376332859,1.0,1382727.8358893353,25-50%
615755561,mukono,Kimenyedde,Bamusuuta,Namazzi_Patience,False,1.0,1.0,2.0,10.0,False,0.0,12.0,5.0,0.0,0.0,41_60,secondary,55.0,2.0,1.0,1.0,20.0,4.0,3.0,0.0,1.0,mailo_kibanja,7.0,2.3333333333333335,1.0,1.0,0.0,1.0,1.0,0.0,0.0,0.0,1.0,0.0,1000.0,2000.0,333.3333333333333,5500.0,2025.0,24000000.0,2000000.0,0.0,0.0,1000000.0,5000000.0,0.0,0.0,32000000.0,4,0.84375,0.75,5676697.567598069,0.0,37676697.56759807,5361538.461538462,32315159.106059603,20166768.67704479,45620145.719633296,186.82565447623887,82.58785011154261,160.23964782639152,-17509928.890553277,0.0,3139724.797299839,50-100%
616699698,mukono,Kimenyedde,Naggalama,Kisira_Isaac,False,0.0,1.0,1.0,0.0,False,1.0,1.0,1.0,1.0,1.0,61_and_above,secondary,65.0,2.0,1.0,0.0,46.0,0.5,0.5,0.0,1.0,mailo_kibanja,7.0,14.0,1.0,1.0,1.0,1.0,1.0,0.0,0.0,0.0,0.0,0.0,110.0,220.0,220.0,8000.0,2024.0,600000.0,0.0,0.0,0.0,0.0,0.0,0.0,0.0,600000.0,1,1.0,1.0,499451.9319131346,0.0,1099451.9319131346,874500.0,224951.93191313464,20166768.67704479,4317894.793894773,5.4518001843528205,25.46268458109932,1.1154584827919927,19067316.745131657,1.0,1099451.9319131346,25-50%
618056804,mukono,Nabaale,Nabalanga,Sserugo_William,False,0.0,1.0,1.0,2.0,False,1.0,3.0,3.0,1.0,1.0,61_and_above,primary,65.0,1.0,0.0,0.0,55.0,2.0,1.0,1.0,1.0,mailo_kibanja,7.0,3.5,1.0,1.0,1.0,1.0,1.0,0.0,1.0,0.0,0.0,0.0,140.0,280.0,140.0,5000.0,2024.0,1400000.0,0.0,0.0,200000.0,50000.0,0.0,0.0,0.0,1650000.0,3,0.8787878787878788,0.8484848484848485,1413083.5146810643,0.0,3063083.5146810645,369100.0,2693983.5146810645,20166768.67704479,11682309.66284863,15.188767044110929,26.21984524534644,13.35852836824346,17103685.162363727,1.0,1021027.8382270215,25-50%
623479343,mukono,Kimenyedde,Naggalama,Kisira_Isaac,False,1.0,1.0,2.0,5.0,False,0.0,7.0,2.5,1.0,1.0,26_40,primary,35.0,1.0,0.0,0.0,17.0,0.5,0.5,0.0,1.0,mailo_kibanja,7.0,14.0,1.0,1.0,1.0,1.0,0.0,0.0,0.0,0.0,0.0,0.0,20.5,41.0,41.0,8000.0,2024.0,150000.0,0.0,0.0,0.0,70000.0,0.0,0.0,0.0,220000.0,2,1.0,0.6818181818181818,3392618.6106782453,0.0,3612618.610678245,209475.0,3403143.6106782453,20166768.67704479,27531183.545998648,17.913720678466337,13.121915389661112,16.875006924396065,16554150.066366546,1.0,516088.372954035,<25%
631647706,mukono,Kimenyedde,Naggalama,Kisira_Isaac,False,1.0,1.0,2.0,5.0,False,0.0,7.0,2.5,1.0,1.0,26_40,secondary,35.0,2.0,1.0,1.0,16.0,0.5,0.5,0.0,1.0,customary_divided_inheritance,7.0,14.0,1.0,1.0,1.0,0.0,0.0,0.0,0.0,0.0,0.0,0.0,31.0,62.0,62.0,8000.0,2024.0,230000.0,0.0,0.0,0.0,0.0,0.0,0.0,0.0,230000.0,1,1.0,1.0,3392618.6106782453,0.0,3622618.610678245,459450.0,3163168.6106782453,20166768.67704479,27531183.545998648,17.963307204499053,13.158237838288475,15.685054265926016,16544150.066366546,1.0,517516.9443826064,<25%
632871446,mukono,Kimenyedde,Naggalama,Kisira_Isaac,False,0.0,1.0,1.0,3.0,False,1.0,4.0,4.0,1.0,1.0,61_and_above,primary,65.0,1.0,0.0,0.0,48.0,0.25,0.25,0.0,1.0,mailo_kibanja,7.0,28.0,1.0,1.0,1.0,1.0,1.0,0.0,0.0,0.0,0.0,0.0,90.0,180.0,360.0,8000.0,2024.0,800000.0,0.0,0.0,0.0,0.0,0.0,0.0,0.0,800000.0,1,1.0,1.0,1869899.3060650292,0.0,2669899.306065029,504600.0,2165299.306065029,20166768.67704479,15042442.098575557,13.239103144491823,17.74910808078068,10.736967040881082,17496869.37097976,1.0,667474.8265162572,<25%
644420087,mukono,Nabaale,Bamusuuta,Namazzi_Patience,False,1.0,2.0,3.0,4.0,False,2.0,7.0,6.0,0.0,0.0,61_and_above,primary,75.0,1.0,0.0,1.0,40.0,3.0,2.0,0.5,1.0,mailo_kibanja,7.0,2.8,1.0,1.0,1.0,1.0,0.0,0.0,0.0,0.0,1.0,0.0,120.0,240.0,60.0,2500.0,2025.0,600000.0,0.0,0.0,1500000.0,0.0,0.0,0.0,0.0,2100000.0,2,0.2857142857142857,0.2857142857142857,3435254.751207414,0.0,5535254.751207414,69230.76923076923,5466023.981976645,20166768.67704479,27844795.906666487,27.447405381844952,19.878956088459553,27.10411404777232,14631513.925837375,1.0,790750.6787439163,<25%
583581711,nakaseke,Kikamulo,Kibose,Kawalya_Dan,False,1.0,2.0,3.0,4.0,False,0.0,7.0,1.3333333333333333,0.0,1.0,41_60,secondary,45.0,2.0,1.0,1.0,10.0,3.0,2.0,1.0,1.0,mailo_kibanja,8.0,2.6666666666666665,0.0,1.0,1.0,0.0,0.0,0.0,0.0,0.0,0.0,0.0,350.0,700.0,175.0,4500.0,2025.0,8000000.0,0.0,200000.0,0.0,0.0,0.0,0.0,0.0,8200000.0,2,0.975609756097561,0.975609756097561,2832461.62968779,0.0,11032461.62968779,6187500.0,4844961.62968779,19779321.73522621,27269334.30119997,55.777755058402235,40.457392570827494,24.49508478877261,8746860.10553842,1.0,1576065.9470982556,25-50%
592192218,nakaseke,Kikamulo,Kasana,Najjuma_Olivia,False,1.0,2.0,3.0,4.0,False,0.0,7.0,1.3333333333333333,1.0,1.0,26_40,non_formal,25.0,1.0,0.0,0.0,5.0,2.0,1.0,0.9,1.0,mailo_kibanja,8.0,4.2105263157894735,1.0,1.0,1.0,1.0,0.0,0.0,0.0,0.0,0.0,0.0,200.0,400.0,200.0,6000.0,2024.0,2400000.0,0.0,0.0,0.0,250000.0,0.0,0.0,0.0,2650000.0,2,1.0,0.9056603773584906,2832461.62968779,0.0,5482461.62968779,0.0,5482461.62968779,19779321.73522621,27269334.30119997,27.718147786249602,20.104860533564757,27.718147786249602,14296860.10553842,1.0,783208.8042411128,<25%
614880682,mukono,Kimenyedde,Naggalama,Kisira_Isaac,False,0.0,2.0,2.0,2.0,False,0.0,4.0,1.0,1.0,1.0,41_60,primary,55.0,1.0,0.0,0.0,38.0,0.5,0.5,0.0,1.0,mailo_kibanja,8.0,16.0,1.0,1.0,1.0,1.0,1.0,0.0,0.0,0.0,0.0,0.0,80.0,160.0,160.0,8000.0,2024.0,1400000.0,0.0,0.0,0.0,0.0,0.0,0.0,0.0,1400000.0,1,1.0,1.0,1912535.4465941992,0.0,3312535.446594199,574000.0,2738535.446594199,20166768.67704479,15356054.4592434,16.42571251568307,21.571527083249283,13.579445921405295,16854233.230450593,1.0,828133.8616485498,<25%
618739011,mukono,Kimenyedde,Naggalama,Kisira_Isaac,False,1.0,1.0,2.0,4.0,False,0.0,6.0,2.0,1.0,1.0,26_40,secondary,35.0,2.0,1.0,1.0,20.0,5.0,5.0,0.0,1.0,customary_divided_inheritance,8.0,1.6,1.0,1.0,1.0,1.0,0.0,0.0,0.0,0.0,0.0,0.0,300.0,600.0,60.0,8000.0,2024.0,6400000.0,0.0,0.0,0.0,0.0,0.0,0.0,0.0,6400000.0,1,1.0,1.0,2935802.81929428,0.0,9335802.81929428,7985000.0,1350802.8192942794,20166768.67704479,23526901.11277172,46.29300295352193,39.68139609438951,6.698161916399907,10830965.85775051,1.0,1555967.1365490465,25-50%
618739107,mukono,Kimenyedde,Naggalama,Kisira_Isaac,False,0.0,1.0,1.0,2.0,False,1.0,3.0,3.0,1.0,1.0,61_and_above,primary,75.0,1.0,0.0,0.0,60.0,3.0,3.0,0.0,1.0,mailo_kibanja,8.0,2.6666666666666665,1.0,1.0,1.0,1.0,1.0,0.0,0.0,0.0,0.0,0.0,200.0,400.0,66.66666666666667,8000.0,2024.0,1800000.0,0.0,0.0,0.0,0.0,0.0,0.0,0.0,1800000.0,1,1.0,1.0,1413083.5146810643,0.0,3213083.5146810645,4810000.0,-1596916.4853189357,20166768.67704479,11682309.66284863,15.932564934601636,27.503837917420704,-7.918554087133733,16953685.162363727,1.0,1071027.8382270215,25-50%
622484850,mukono,Kimenyedde,Naggalama,Kisira_Isaac,False,1.0,1.0,2.0,2.0,False,0.0,4.0,1.0,1.0,1.0,26_40,secondary,35.0,2.0,1.0,1.0,17.0,0.5,0.5,0.0,1.0,mailo_kibanja,8.0,16.0,1.0,1.0,1.0,1.0,0.0,0.0,0.0,0.0,0.0,0.0,90.0,180.0,180.0,8000.0,2024.0,600000.0,0.0,0.0,0.0,0.0,0.0,0.0,0.0,600000.0,1,1.0,1.0,2022171.23652635,0.0,2622171.23652635,755500.0,1866671.23652635,20166768.67704479,16162486.243817862,13.002436228224736,16.223811095457723,9.256174186453203,17544597.44051844,1.0,655542.8091315875,<25%
623479274,mukono,Kimenyedde,Naggalama,Kisira_Isaac,False,0.0,3.0,3.0,1.0,False,1.0,4.0,1.0,1.0,1.0,61_and_above,primary,65.0,1.0,0.0,0.0,48.0,0.25,0.25,0.0,1.0,customary_divided_inheritance,8.0,32.0,1.0,1.0,1.0,1.0,0.0,0.0,0.0,0.0,0.0,0.0,20.0,40.0,80.0,8000.0,2024.0,150000.0,0.0,0.0,0.0,0.0,0.0,0.0,0.0,150000.0,1,1.0,1.0,1955171.587123369,0.0,2105171.587123369,114000.0,1991171.5871233689,20166768.67704479,15669666.819911247,10.438814570822249,13.434692717578104,9.87352817404931,18061597.089921422,1.0,526292.8967808422,<25%
623981062,mukono,Kimenyedde,Naggalama,Kisira_Isaac,False,0.0,1.0,1.0,7.0,False,0.0,8.0,7.0,1.0,1.0,41_60,primary,55.0,1.0,0.0,1.0,38.0,0.5,0.5,0.0,1.0,mailo_kibanja,8.0,16.0,1.0,1.0,1.0,1.0,0.0,0.0,0.0,0.0,0.0,0.0,54.5,109.0,109.0,8000.0,2024.0,400000.0,0.0,0.0,0.0,180000.0,0.0,0.0,0.0,580000.0,2,1.0,0.6896551724137931,3697162.4716008897,250000.0,4527162.47160089,681775.0,3845387.47160089,20166768.67704479,29771271.83648328,22.44862597523628,15.20647991280328,19.067940596640927,15639606.2054439,1.0,565895.3089501113,<25%
634929144,mukono,Kimenyedde,Naggalama,Kisira_Isaac,False,2.0,1.0,3.0,5.0,False,0.0,8.0,1.6666666666666667,0.0,0.0,41_60,primary,45.0,1.0,0.0,1.0,29.0,0.5,0.5,0.0,1.0,mailo_kibanja,8.0,16.0,1.0,1.0,1.0,1.0,0.0,0.0,0.0,0.0,0.0,0.0,11.0,22.0,22.0,8000.0,2024.0,40000.0,0.0,0.0,0.0,75000.0,0.0,0.0,0.0,115000.0,2,1.0,0.34782608695652173,4001706.3325235294,0.0,4116706.332523531,440450.0,3676256.332523531,20166768.67704479,32011360.12696788,20.413316572671608,12.860141887740106,18.229278033560725,16050062.34452126,1.0,514588.29156544135,<25%
635625391,mukono,Kimenyedde,Naggalama,Kisira_Isaac,False,1.0,1.0,2.0,3.0,False,0.0,5.0,1.5,1.0,1.0,16_25,primary,25.0,2.0,1.0,1.0,12.0,0.5,0.5,0.0,1.0,mailo_kibanja,8.0,16.0,1.0,1.0,1.0,1.0,1.0,0.0,0.0,0.0,0.0,0.0,45.0,90.0,90.0,8000.0,2024.0,120000.0,0.0,0.0,0.0,0.0,0.0,0.0,0.0,120000.0,1,1.0,1.0,2478987.027910315,0.0,2598987.027910315,472750.0,2126237.027910315,20166768.67704479,20166768.67704479,12.887473791816046,12.887473791816046,10.543270773619499,17567781.649134476,1.0,519797.405582063,<25%
635625490,mukono,Kimenyedde,Naggalama,Kisira_Isaac,False,1.0,1.0,2.0,3.0,False,0.0,5.0,1.5,1.0,1.0,26_40,primary,25.0,1.0,0.0,1.0,16.0,0.25,0.25,0.0,1.0,mailo_kibanja,8.0,32.0,1.0,1.0,1.0,1.0,0.0,0.0,0.0,0.0,0.0,0.0,16.0,32.0,64.0,8000.0,2024.0,80000.0,0.0,0.0,0.0,0.0,0.0,0.0,0.0,80000.0,1,1.0,1.0,2478987.027910315,0.0,2558987.027910315,230200.0,2328787.027910315,20166768.67704479,20166768.67704479,12.689127687685192,12.689127687685192,11.547645858412118,17607781.649134476,1.0,511797.405582063,<25%
556031317,nakaseke,Kasangombe,Bukuuku,Najjuma_Olivia,False,0.0,3.0,3.0,4.0,False,1.0,7.0,2.5,1.0,1.0,61_and_above,primary,65.0,1.0,0.0,0.0,10.0,0.8,0.5,0.2,1.0,mailo_kibanja,9.0,12.857142857142858,1.0,1.0,1.0,1.0,0.0,0.0,0.0,0.0,,0.0,32.5,65.0,65.0,7000.0,2024.0,450000.0,0.0,0.0,0.0,0.0,0.0,0.0,0.0,450000.0,1,1.0,1.0,2742063.9181020106,0.0,3192063.9181020106,0.0,3192063.9181020106,19779321.73522621,26512570.436692,16.138389176495714,12.039813060465697,16.138389176495714,16587257.8171242,1.0,456009.13115743006,<25%
556037719,nakaseke,Kasangombe,Bukuuku,Najjuma_Olivia,False,1.0,0.0,1.0,0.0,False,1.0,1.0,1.0,0.0,0.0,61_and_above,primary,65.0,1.0,0.0,0.0,40.0,2.0,0.8,0.9,1.0,mailo_kibanja,9.0,5.294117647058823,1.0,1.0,1.0,1.0,0.0,0.0,0.0,0.0,,0.0,107.0,214.0,133.75,7000.0,2024.0,400000.0,0.0,0.0,0.0,0.0,0.0,0.0,0.0,400000.0,1,1.0,1.0,502209.5088098921,0.0,902209.508809892,0.0,902209.508809892,19779321.73522621,5093593.6616984885,4.561377386379694,17.712632155841128,4.561377386379694,18877112.22641632,1.0,902209.508809892,<25%
560449324,nakaseke,Kasangombe,Bukuuku,Najjuma_Olivia,False,0.0,3.0,3.0,3.0,False,0.0,6.0,1.0,1.0,1.0,41_60,non_formal,55.0,0.0,0.0,1.0,16.0,4.0,2.0,1.5,1.0,freehold_full_ownership,9.0,2.5714285714285716,1.0,1.0,1.0,1.0,0.0,0.0,1.0,1.0,1.0,0.0,215.0,430.0,107.5,6200.0,2024.0,2666000.0,0.0,0.0,0.0,1425600.0,0.0,0.0,0.0,4091600.0,2,1.0,0.6515788444618242,2365406.786494592,0.0,6457006.786494592,3392835.576923077,3064171.209571515,19779321.73522621,22470037.69792126,32.645238663542806,28.736074559821233,15.491791127065516,13322314.948731618,1.0,1076167.7977490986,25-50%
586026956,nakaseke,Kikamulo,Kibose,Najjuma_Olivia,False,1.0,0.0,1.0,0.0,False,0.0,1.0,0.0,0.0,0.0,26_40,non_formal,35.0,0.0,0.0,0.0,9.0,1.0,0.6,0.2,1.0,mailo_kibanja,9.0,11.25,1.0,1.0,1.0,1.0,0.0,0.0,0.0,0.0,,0.0,29.5,59.0,49.16666666666667,6000.0,2024.0,354000.0,0.0,300000.0,0.0,0.0,0.0,0.0,0.0,654000.0,2,0.5412844036697247,0.5412844036697247,502209.5088098921,0.0,1156209.508809892,0.0,1156209.508809892,19779321.73522621,5093593.6616984885,5.845546800276409,22.699288274682424,5.845546800276409,18623112.22641632,1.0,1156209.508809892,<25%
616680304,mukono,Kimenyedde,Makukuba,Namazzi_Patience,False,1.0,1.0,2.0,1.0,False,0.0,3.0,0.5,1.0,0.0,41_60,primary,35.0,2.0,1.0,1.0,8.0,0.7,0.5,0.0,1.0,freehold_full_ownership,9.0,18.0,1.0,1.0,1.0,0.0,1.0,0.0,0.0,0.0,1.0,0.0,50.0,100.0,100.0,2500.0,2025.0,400000.0,0.0,800000.0,0.0,0.0,3600000.0,0.0,0.0,4800000.0,3,0.08333333333333333,0.08333333333333333,1565355.445142385,0.0,6365355.445142385,27692.30769230769,6337663.137450077,20166768.67704479,12802353.808090933,31.56358634880298,49.720196305772745,31.426269815173924,13801413.231902406,1.0,2121785.148380795,25-50%
616700114,mukono,Kimenyedde,Naggalama,Kisira_Isaac,False,2.0,1.0,3.0,5.0,False,0.0,8.0,1.6666666666666667,1.0,1.0,41_60,primary,45.0,1.0,0.0,1.0,30.0,0.5,0.5,0.0,1.0,mailo_kibanja,9.0,18.0,1.0,1.0,1.0,1.0,1.0,0.0,0.0,0.0,0.0,0.0,45.0,90.0,90.0,8000.0,2024.0,360000.0,0.0,0.0,0.0,0.0,0.0,0.0,0.0,360000.0,1,1.0,1.0,4001706.3325235294,0.0,4361706.33252353,812750.0,3548956.332523531,20166768.67704479,32011360.12696788,21.628186460473096,13.625495184283103,17.59804155716428,15805062.34452126,1.0,545213.2915654413,<25%
623980936,mukono,Kimenyedde,Naggalama,Kisira_Isaac,False,0.0,1.0,1.0,4.0,False,1.0,5.0,5.0,1.0,1.0,61_and_above,primary,75.0,1.0,0.0,0.0,52.0,0.5,0.5,0.0,1.0,customary_divided_inheritance,9.0,18.0,1.0,1.0,1.0,1.0,0.0,0.0,0.0,0.0,0.0,0.0,45.0,90.0,90.0,8000.0,2024.0,180000.0,0.0,0.0,0.0,0.0,0.0,0.0,0.0,180000.0,1,1.0,1.0,2326715.0974489944,0.0,2506715.0974489944,832750.0,1673965.0974489944,20166768.67704479,19046724.531802487,12.429929343625142,13.160872323551013,8.300611388250896,17660053.579595797,1.0,501343.01948979887,<25%
632872132,mukono,Kimenyedde,Naggalama,Kisira_Isaac,False,0.0,1.0,1.0,0.0,False,1.0,1.0,1.0,1.0,1.0,61_and_above,secondary,65.0,2.0,1.0,0.0,48.0,0.5,0.5,0.0,1.0,mailo_kibanja,9.0,18.0,1.0,1.0,1.0,1.0,0.0,0.0,0.0,0.0,0.0,0.0,110.0,220.0,220.0,8000.0,2024.0,590000.0,0.0,0.0,0.0,0.0,0.0,0.0,0.0,590000.0,1,1.0,1.0,499451.9319131346,0.0,1089451.9319131346,534500.0,554951.9319131346,20166768.67704479,4317894.793894773,5.402213658320107,25.23109023993706,2.75181384187155,19077316.745131657,1.0,1089451.9319131346,25-50%
550732883,nakaseke,Kasangombe,Bulyake,Najjuma_Olivia,False,1.0,2.0,3.0,5.0,False,0.0,8.0,1.6666666666666667,0.0,0.0,,,45.0,2.0,1.0,1.0,35.0,0.8,0.5,0.0,1.0,freehold_full_ownership,10.0,20.0,1.0,1.0,0.0,1.0,0.0,1.0,1.0,0.0,,0.0,200.0,400.0,400.0,7000.0,2024.0,2800000.0,0.0,0.0,0.0,0.0,0.0,0.0,0.0,2800000.0,1,1.0,1.0,3209118.761295208,0.0,6009118.761295209,0.0,6009118.761295209,19779321.73522621,30422517.0699832,30.380813061922137,19.752207706785015,30.380813061922137,13770202.973931001,1.0,751139.8451619011,<25%
582502735,nakaseke,Kikamulo,Magoma,Najjuma_Olivia,False,0.0,2.0,2.0,4.0,False,0.0,6.0,2.0,1.0,1.0,26_40,primary,35.0,1.0,0.0,0.0,20.0,1.0,0.7,0.2,1.0,mailo_kibanja,10.0,11.111111111111112,1.0,1.0,1.0,1.0,0.0,0.0,0.0,0.0,1.0,0.0,37.5,75.0,53.57142857142858,6000.0,2024.0,450000.0,0.0,0.0,0.0,0.0,0.0,0.0,0.0,450000.0,1,1.0,1.0,2330252.1208778983,0.0,2780252.1208778983,0.0,2780252.1208778983,19779321.73522621,22175740.63950148,14.056357230523108,12.537358576089478,14.056357230523108,16999069.61434831,1.0,463375.3534796497,<25%
586030936,nakaseke,Kikamulo,Kasana,Najjuma_Olivia,False,0.0,2.0,2.0,2.0,False,0.0,4.0,1.0,1.0,1.0,26_40,secondary,45.0,2.0,1.0,0.0,14.0,0.8,0.4,0.2,1.0,mailo_kibanja,10.0,16.666666666666664,1.0,1.0,1.0,1.0,0.0,0.0,0.0,0.0,1.0,0.0,15.0,30.0,37.5,6500.0,2024.0,195000.0,0.0,150000.0,0.0,0.0,0.0,0.0,0.0,345000.0,2,0.5652173913043478,0.5652173913043478,1576937.8576630617,0.0,1921937.8576630612,0.0,1921937.8576630612,19779321.73522621,14980025.131947506,9.716904772523943,12.83000422719048,9.716904772523943,17857383.87756315,1.0,480484.4644157653,<25%
614807290,mukono,Nabaale,Nabalanga,Sserugo_William,False,1.0,0.0,1.0,0.0,False,0.0,1.0,0.0,0.0,0.0,16_25,primary,25.0,1.0,0.0,0.0,7.0,1.0,0.5,0.35,1.0,customary_divided_inheritance,10.0,11.764705882352942,1.0,1.0,1.0,1.0,1.0,0.0,0.0,0.0,0.0,0.0,180.0,360.0,360.0,,2024.0,900000.0,0.0,0.0,0.0,0.0,0.0,0.0,600000.0,1500000.0,2,0.6,0.6,609087.7218452854,45000.0,2154087.721845285,312500.0,1841587.7218452853,20166768.67704479,5124326.578469231,10.681372689603052,42.03650350654986,9.131793751080746,18012680.955199506,1.0,2154087.721845285,25-50%
614850521,mukono,Nabaale,Bamusuuta,Namazzi_Patience,False,1.0,2.0,3.0,4.0,False,0.0,7.0,1.3333333333333333,1.0,0.0,41_60,primary,45.0,2.0,1.0,1.0,19.0,1.0,0.5,0.0,1.0,mailo_kibanja,10.0,20.0,1.0,1.0,1.0,1.0,0.0,0.0,0.0,0.0,0.0,0.0,100.0,200.0,200.0,2500.0,2024.0,200000.0,0.0,150000.0,0.0,300000.0,0.0,0.0,0.0,650000.0,3,0.7692307692307693,0.3076923076923077,3435254.751207414,0.0,4085254.751207414,34000.0,4051254.751207414,20166768.67704479,27844795.906666487,20.257359107101443,14.67151982331226,20.088764918590215,16081513.925837375,1.0,583607.8216010592,<25%
614880379,mukono,Kimenyedde,Naggalama,Kisira_Isaac,False,1.0,3.0,4.0,3.0,False,1.0,7.0,1.3333333333333333,0.0,0.0,61_and_above,primary,75.0,1.0,0.0,0.0,40.0,3.0,3.0,0.0,1.0,mailo_kibanja,10.0,3.3333333333333335,1.0,1.0,1.0,1.0,1.0,0.0,0.0,0.0,0.0,0.0,245.0,490.0,81.66666666666667,8000.0,2024.0,2600000.0,0.0,0.0,20000.0,1822499.9999999988,0.0,0.0,0.0,4442499.999999998,3,0.9954980303882951,0.585256049521666,3477890.8917365847,0.0,7920390.891736584,5121200.0,2799190.891736584,20166768.67704479,28158408.26733433,39.27446691423659,28.12797803249687,13.880215202363164,12246377.785308206,1.0,1131484.4131052264,25-50%
615759274,mukono,Nabaale,Bamusuuta,Namazzi_Patience,False,1.0,1.0,2.0,5.0,False,2.0,7.0,7.0,0.0,0.0,61_and_above,primary,75.0,1.0,0.0,1.0,25.0,1.0,0.5,0.0,1.0,mailo_kibanja,10.0,20.0,1.0,1.0,0.0,1.0,1.0,0.0,0.0,0.0,0.0,0.0,75.0,150.0,150.0,2500.0,2025.0,1000000.0,0.0,0.0,0.0,0.0,0.0,500000.0,0.0,1500000.0,2,0.6666666666666666,0.6666666666666666,3392618.6106782453,0.0,4892618.610678245,0.0,4892618.610678245,20166768.67704479,27531183.545998648,24.260796010653713,17.771188813963406,24.260796010653713,15274150.066366546,1.0,698945.5158111779,<25%
615825361,mukono,Kimenyedde,Naggalama,Kisira_Isaac,False,1.0,1.0,2.0,0.0,False,2.0,2.0,2.0,1.0,1.0,61_and_above,primary,65.0,1.0,0.0,1.0,50.0,2.0,2.0,0.0,1.0,customary_divided_inheritance,10.0,5.0,1.0,1.0,1.0,1.0,1.0,0.0,0.0,0.0,0.0,0.0,190.0,380.0,95.0,8000.0,2024.0,2600000.0,0.0,0.0,0.0,0.0,0.0,0.0,0.0,2600000.0,1,1.0,1.0,1108539.65375842,350000.0,4058539.65375842,3260500.0,798039.6537584201,20166768.67704479,8798071.374864,20.12488821958934,46.12987870675414,3.957201406622986,16108229.02328637,1.0,2029269.82687921,25-50%
616578776,mukono,Nabaale,Nabalanga,Sserugo_William,False,1.0,1.0,2.0,3.0,False,0.0,5.0,1.5,1.0,1.0,26_40,primary,25.0,1.0,0.0,1.0,5.0,1.5,0.5,0.5,1.0,customary_divided_inheritance,10.0,10.0,1.0,1.0,1.0,1.0,1.0,0.0,0.0,0.0,0.0,0.0,140.0,280.0,280.0,5000.0,2024.0,1200000.0,300000.0,200000.0,0.0,0.0,1500000.0,0.0,0.0,3200000.0,4,0.46875,0.375,2478987.027910315,45000.0,5723987.0279103145,1019600.0,4704387.0279103145,20166768.67704479,20166768.67704479,28.383263177039126,28.383263177039126,23.32742098274362,14442781.649134476,1.0,1144797.405582063,25-50%
616579437,mukono,Nabaale,Nabalanga,Sserugo_William,False,0.0,1.0,1.0,3.0,False,1.0,4.0,4.0,1.0,1.0,61_and_above,primary,65.0,1.0,0.0,0.0,52.0,2.0,1.0,0.75,1.0,customary_divided_inheritance,10.0,5.714285714285714,1.0,1.0,1.0,1.0,0.0,0.0,0.0,0.0,,0.0,300.0,600.0,300.0,,2024.0,1500000.0,0.0,0.0,500000.0,0.0,0.0,0.0,0.0,2000000.0,2,0.75,0.75,1869899.3060650292,0.0,3869899.3060650295,925000.0,2944899.306065029,20166768.67704479,15042442.098575557,19.18948626841749,25.726536161515217,14.602732610391456,16296869.37097976,1.0,967474.8265162574,25-50%
616580090,mukono,Nabaale,Nakanyonyi,Sserugo_William,False,1.0,1.0,2.0,7.0,False,0.0,9.0,3.5,0.0,0.0,41_60,primary,55.0,1.0,0.0,1.0,15.0,1.0,0.5,0.5,1.0,mailo_kibanja,10.0,10.0,1.0,1.0,1.0,1.0,1.0,1.0,1.0,0.0,1.0,0.0,60.0,120.0,120.0,,2024.0,300000.0,100000.0,100000.0,100000.0,300000.0,0.0,0.0,0.0,900000.0,5,0.7777777777777778,0.3333333333333333,4306250.193446174,0.0,5206250.193446174,1065900.0,4140350.1934461743,20166768.67704479,34895598.4149525,25.81598607501403,14.919503977370782,20.53055826518706,14960518.483598616,1.0,578472.2437162416,<25%
616699119,mukono,Kimenyedde,Naggalama,Kisira_Isaac,False,0.0,1.0,1.0,4.0,False,0.0,5.0,4.0,1.0,1.0,26_40,secondary,35.0,2.0,1.0,1.0,18.0,0.5,0.5,0.0,1.0,mailo_kibanja,10.0,20.0,1.0,1.0,1.0,1.0,1.0,0.0,0.0,0.0,0.0,0.0,6.0,12.0,12.0,7500.0,2024.0,90000.0,0.0,0.0,0.0,0.0,0.0,0.0,0.0,90000.0,1,1.0,1.0,2326715.0974489944,0.0,2416715.0974489944,681200.0,1735515.0974489942,20166768.67704479,19046724.531802487,11.983650609330718,12.688350132925919,8.605816455982248,17750053.579595797,1.0,483343.01948979887,<25%
617648886,mukono,Kimenyedde,Naggalama,Kisira_Isaac,False,2.0,1.0,3.0,4.0,False,0.0,7.0,1.3333333333333333,1.0,1.0,41_60,primary,45.0,1.0,0.0,1.0,28.0,1.0,1.0,0.0,1.0,mailo_kibanja,10.0,10.0,1.0,1.0,1.0,1.0,1.0,0.0,0.0,0.0,0.0,0.0,75.0,150.0,75.0,8000.0,2024.0,320000.0,0.0,0.0,0.0,0.0,0.0,0.0,0.0,320000.0,1,1.0,1.0,3544890.5411395654,0.0,3864890.541139565,1611250.0,2253640.5411395654,20166768.67704479,28651227.69124095,19.164649543180662,13.489441300000948,11.175020536159641,16301878.135905225,1.0,552127.220162795,<25%
618056277,mukono,Nabaale,Nakanyonyi,Sserugo_William,False,1.0,1.0,2.0,1.0,False,1.0,3.0,2.0,0.0,0.0,61_and_above,primary,65.0,1.0,0.0,1.0,22.0,2.0,0.5,1.5,1.0,mailo_kibanja,10.0,5.0,1.0,1.0,0.0,1.0,1.0,0.0,0.0,0.0,1.0,0.0,225.0,450.0,450.0,2000.0,2024.0,900000.0,0.0,0.0,100000.0,0.0,0.0,0.0,0.0,1000000.0,2,0.9,0.9,1565355.445142385,0.0,2565355.445142385,477875.0,2087480.445142385,20166768.67704479,12802353.808090933,12.720706456371714,20.03815457374027,10.3510903435834,17601413.231902406,1.0,855118.4817141284,<25%
618502771,mukono,Nabaale,Nabalanga,Sserugo_William,False,0.0,1.0,1.0,5.0,False,1.0,6.0,6.0,1.0,1.0,61_and_above,primary,65.0,1.0,0.0,0.0,45.0,0.75,0.5,0.25,1.0,mailo_kibanja,10.0,13.333333333333334,1.0,1.0,0.0,1.0,0.0,0.0,0.0,0.0,0.0,0.0,100.0,200.0,200.0,2500.0,2024.0,500000.0,0.0,200000.0,0.0,0.0,0.0,0.0,0.0,700000.0,2,0.7142857142857143,0.7142857142857143,2783530.88883296,0.0,3483530.88883296,252500.0,3231030.88883296,20166768.67704479,22406856.967529416,17.27361951048784,15.546718104556431,16.021559728161815,16683237.78821183,1.0,580588.48147216,<25%
618503624,mukono,Nabaale,Nakanyonyi,Sserugo_William,False,1.0,1.0,2.0,8.0,False,2.0,10.0,10.0,0.0,0.0,61_and_above,primary,75.0,1.0,0.0,1.0,20.0,1.0,0.5,0.25,1.0,mailo_kibanja,10.0,13.333333333333334,1.0,1.0,1.0,1.0,1.0,0.0,0.0,0.0,0.0,0.0,85.0,170.0,170.0,6500.0,2024.0,1100000.0,0.0,0.0,1000000.0,0.0,0.0,0.0,0.0,2100000.0,2,0.5238095238095238,0.5238095238095238,4763065.984830139,0.0,6863065.984830139,320000.0,6543065.984830139,20166768.67704479,38255730.85067943,34.03156001210127,17.93996829290284,32.44479117905443,13303702.692214651,1.0,686306.5984830139,<25%
619549456,mukono,Nabaale,Bamusuuta,Namazzi_Patience,False,2.0,1.0,3.0,3.0,False,1.0,6.0,2.0,0.0,0.0,61_and_above,primary,65.0,1.0,0.0,1.0,40.0,3.5,1.5,1.0,1.0,mailo_kibanja,10.0,4.0,1.0,1.0,1.0,1.0,1.0,0.0,0.0,0.0,1.0,0.0,510.0,1020.0,340.0,2300.0,2025.0,1600000.0,0.0,0.0,0.0,0.0,1200000.0,0.0,1400000.0,4200000.0,3,0.38095238095238093,0.38095238095238093,3088074.7497556005,0.0,7288074.7497556,420000.0,6868074.7497556005,20166768.67704479,24646945.25801402,36.13903083071206,29.56989060291706,34.05639673733808,12878693.927289192,1.0,1214679.1249592665,25-50%
619551006,mukono,Kimenyedde,Makukuba,Namazzi_Patience,False,0.0,2.0,2.0,6.0,False,1.0,8.0,7.0,1.0,1.0,61_and_above,primary,65.0,1.0,0.0,0.0,50.0,2.0,1.0,0.0,1.0,mailo_kibanja,10.0,10.0,1.0,1.0,1.0,0.0,1.0,0.0,1.0,0.0,0.0,0.0,120.0,240.0,120.0,2000.0,2025.0,480000.0,0.0,0.0,500000.0,0.0,0.0,0.0,0.0,980000.0,2,0.4897959183673469,0.4897959183673469,3739798.612130059,0.0,4719798.612130059,41538.46153846154,4678260.150591597,20166768.67704479,30084884.19715111,23.40384167495539,15.688272493257596,23.19786687451181,15446970.064914731,1.0,589974.8265162574,<25%
619552154,mukono,Kimenyedde,Bamusuuta,Namazzi_Patience,False,0.0,1.0,1.0,3.0,False,0.0,4.0,3.0,1.0,1.0,41_60,primary,45.0,1.0,0.0,0.0,3.0,1.5,1.0,0.0,1.0,mailo_kibanja,10.0,10.0,1.0,1.0,1.0,0.0,0.0,0.0,0.0,0.0,0.0,0.0,90.0,180.0,90.0,6000.0,2025.0,1200000.0,0.0,0.0,0.0,1000000.0,0.0,0.0,0.0,2200000.0,2,1.0,0.5454545454545454,1869899.3060650292,0.0,4069899.3060650295,9692.307692307691,4060206.9983727215,20166768.67704479,15042442.098575557,20.18121678907177,27.05610750830431,20.133156002301597,16096869.37097976,1.0,1017474.8265162574,25-50%
619559855,mukono,Nabaale,Bamusuuta,Namazzi_Patience,False,1.0,1.0,2.0,7.0,False,0.0,9.0,3.5,0.0,0.0,41_60,primary,45.0,1.0,0.0,1.0,8.0,1.5,1.0,0.0,1.0,mailo_kibanja,10.0,10.0,1.0,1.0,1.0,1.0,1.0,0.0,0.0,0.0,0.0,0.0,75.0,150.0,75.0,6000.0,2025.0,1800000.0,0.0,0.0,0.0,2000000.0,1350000.0,0.0,0.0,5150000.0,3,0.7378640776699029,0.34951456310679613,4306250.193446174,0.0,9456250.193446174,136000.0,9320250.193446174,20166768.67704479,34895598.4149525,46.89025963891742,27.09869044513718,46.215882884872514,10710518.483598616,1.0,1050694.4659384638,25-50%
622292961,mukono,Nabaale,Nabalanga,Sserugo_William,False,0.0,1.0,1.0,1.0,False,1.0,2.0,2.0,1.0,1.0,61_and_above,primary,65.0,1.0,0.0,0.0,40.0,1.0,0.5,0.5,1.0,mailo_kibanja,10.0,10.0,1.0,1.0,1.0,1.0,1.0,0.0,0.0,0.0,0.0,0.0,100.0,200.0,200.0,2500.0,2024.0,500000.0,0.0,0.0,400000.0,0.0,0.0,0.0,0.0,900000.0,2,0.5555555555555556,0.5555555555555556,956267.7232970996,0.0,1856267.7232971,324500.0,1531767.7232970996,20166768.67704479,7678027.2296217,9.204586778495814,24.17636285705852,7.595504008734247,18310500.95374769,1.0,928133.86164855,<25%
623188000,mukono,Kimenyedde,Makukuba,Namazzi_Patience,False,1.0,1.0,2.0,8.0,False,1.0,10.0,9.0,1.0,0.0,61_and_above,secondary,55.0,2.0,1.0,1.0,30.0,3.0,0.5,2.0,1.0,mailo_kibanja,10.0,4.0,1.0,1.0,1.0,1.0,1.0,0.0,1.0,0.0,0.0,0.0,35.0,70.0,70.0,6500.0,2025.0,600000.0,0.0,0.0,0.0,15000000.0,6000000.0,0.0,0.0,21600000.0,3,0.7222222222222222,0.027777777777777776,4763065.984830139,0.0,26363065.98483014,0.0,26363065.98483014,20166768.67704479,38255730.85067943,130.7252857758933,68.91272339752445,130.7252857758933,-6196297.307785351,0.0,2636306.598483014,50-100%
623704256,mukono,Nabaale,Nakanyonyi,Sserugo_William,False,0.0,1.0,1.0,0.0,False,1.0,1.0,1.0,1.0,1.0,61_and_above,primary,75.0,1.0,0.0,0.0,50.0,5.0,3.0,2.0,1.0,customary_divided_inheritance,10.0,2.0,1.0,1.0,1.0,1.0,0.0,0.0,0.0,0.0,0.0,1.0,290.0,580.0,96.66666666666667,6000.0,2024.0,3500000.0,0.0,0.0,600000.0,500000.0,0.0,0.0,0.0,4600000.0,3,0.8695652173913043,0.7608695652173914,499451.9319131346,0.0,5099451.931913135,4895500.0,203951.93191313464,20166768.67704479,4317894.793894773,25.286410597438362,118.10042104600215,1.0113267781232937,15067316.745131657,1.0,5099451.931913135,>=100%
624717557,mukono,Kimenyedde,Bamusuuta,Namazzi_Patience,False,1.0,1.0,2.0,0.0,False,1.0,2.0,1.0,0.0,0.0,41_60,primary,55.0,1.0,0.0,0.0,20.0,1.0,0.5,0.0,1.0,mailo_kibanja,10.0,20.0,1.0,1.0,1.0,1.0,0.0,0.0,0.0,0.0,0.0,0.0,100.0,200.0,200.0,2000.0,2025.0,400000.0,0.0,2000000.0,0.0,0.0,0.0,0.0,0.0,2400000.0,2,0.16666666666666666,0.16666666666666666,1108539.65375842,0.0,3508539.65375842,0.0,3508539.65375842,20166768.67704479,8798071.374864,17.397629287790078,39.87850864431814,17.397629287790078,16658229.02328637,1.0,1754269.82687921,25-50%
628775538,mukono,Kimenyedde,Bamusuuta,Namazzi_Patience,False,0.0,1.0,1.0,2.0,False,1.0,3.0,3.0,1.0,1.0,61_and_above,primary,65.0,1.0,0.0,0.0,30.0,0.8,0.5,0.0,1.0,mailo_kibanja,10.0,20.0,1.0,1.0,1.0,1.0,0.0,0.0,0.0,0.0,0.0,0.0,150.0,300.0,300.0,3000.0,2025.0,1000000.0,0.0,0.0,1000000.0,0.0,0.0,0.0,0.0,2000000.0,2,0.5,0.5,1413083.5146810643,0.0,3413083.5146810645,34615.38461538462,3378468.1300656805,20166768.67704479,11682309.66284863,16.924295455255915,29.215828146853056,16.7526497882196,16753685.162363727,1.0,1137694.5048936883,25-50%
632457381,mukono,Nabaale,Nabalanga,Sserugo_William,False,0.0,2.0,2.0,4.0,False,1.0,6.0,5.0,1.0,1.0,61_and_above,primary,65.0,1.0,0.0,0.0,40.0,1.0,0.5,0.5,1.0,customary_divided_inheritance,10.0,10.0,1.0,1.0,1.0,1.0,1.0,0.0,1.0,0.0,0.0,0.0,240.0,480.0,480.0,2500.0,2024.0,1200000.0,0.0,0.0,600000.0,300000.0,0.0,0.0,0.0,2100000.0,3,0.7142857142857143,0.5714285714285714,2826167.0293621286,0.0,4926167.029362129,1008000.0,3918167.0293621286,20166768.67704479,22720469.328197263,24.427150964296192,21.681625314176518,19.428829140198633,15240601.647682661,1.0,821027.8382270215,<25%
632479613,mukono,Nabaale,Nabalanga,Sserugo_William,False,0.0,1.0,1.0,3.0,False,1.0,4.0,4.0,1.0,1.0,61_and_above,primary,75.0,1.0,0.0,0.0,50.0,1.0,0.5,0.5,1.0,customary_divided_inheritance,10.0,10.0,1.0,1.0,1.0,1.0,0.0,0.0,1.0,0.0,0.0,0.0,160.0,320.0,320.0,,2024.0,800000.0,100000.0,0.0,200000.0,100000.0,0.0,0.0,0.0,1200000.0,4,0.8333333333333334,0.6666666666666666,1869899.3060650292,0.0,3069899.306065029,932000.0,2137899.306065029,20166768.67704479,15042442.098575557,15.222564185800378,20.40825077435886,10.601099959551446,17096869.37097976,1.0,767474.8265162572,<25%
632526756,mukono,Kimenyedde,Makukuba,Namazzi_Patience,False,2.0,3.0,5.0,1.0,False,0.0,6.0,0.2,0.0,0.0,,,75.0,1.0,0.0,0.0,50.0,4.0,2.5,2.0,1.0,mailo_kibanja,10.0,2.2222222222222223,0.0,1.0,1.0,1.0,0.0,0.0,0.0,0.0,0.0,0.0,1000.0,2000.0,400.0,6500.0,2025.0,17500000.0,0.0,0.0,2000000.0,0.0,0.0,0.0,0.0,19500000.0,2,0.8974358974358975,0.8974358974358975,3173347.03081394,0.0,22673347.03081394,1401282.0512820515,21272064.979531888,20166768.67704479,25274169.97934971,112.42925127922109,89.70956137961889,105.48078038771389,-2506578.3537691496,0.0,3778891.1718023233,50-100%
632870245,mukono,Kimenyedde,Naggalama,Kisira_Isaac,False,1.0,0.0,1.0,0.0,False,0.0,1.0,0.0,0.0,0.0,41_60,primary,55.0,1.0,0.0,0.0,40.0,0.25,0.25,0.0,1.0,mailo_kibanja,10.0,40.0,1.0,1.0,1.0,1.0,1.0,0.0,0.0,0.0,0.0,0.0,10.0,20.0,40.0,8000.0,2024.0,120000.0,0.0,0.0,0.0,15000.0,0.0,0.0,0.0,135000.0,2,1.0,0.8888888888888888,609087.7218452854,0.0,744087.7218452854,224500.0,519587.7218452854,20166768.67704479,5124326.578469231,3.6896725189903994,14.520692825701278,2.5764550095559735,19422680.955199506,1.0,744087.7218452854,<25%
633860192,mukono,Nabaale,Bamusuuta,Namazzi_Patience,False,1.0,1.0,2.0,1.0,False,1.0,3.0,2.0,0.0,0.0,61_and_above,secondary,75.0,2.0,1.0,1.0,50.0,2.0,1.0,0.0,1.0,mailo_kibanja,10.0,10.0,1.0,1.0,0.0,1.0,1.0,0.0,1.0,0.0,1.0,0.0,3000.0,6000.0,3000.0,2500.0,2025.0,15000000.0,0.0,0.0,1000000.0,600000.0,0.0,0.0,0.0,16600000.0,3,0.9397590361445783,0.9036144578313253,1565355.445142385,0.0,18165355.445142385,318461.5384615385,17846893.906680845,20166768.67704479,12802353.808090933,90.07568706740534,141.89074694734728,88.49654693067122,2001413.2319024056,1.0,6055118.4817141285,>=100%
633861646,mukono,Kimenyedde,Bamusuuta,Namazzi_Patience,False,1.0,1.0,2.0,3.0,False,0.0,5.0,1.5,0.0,0.0,41_60,secondary,55.0,2.0,1.0,1.0,10.0,1.0,0.5,0.0,1.0,mailo_kibanja,10.0,20.0,1.0,1.0,1.0,1.0,1.0,0.0,1.0,0.0,0.0,0.0,400.0,800.0,800.0,3000.0,2025.0,3000000.0,0.0,0.0,0.0,2800000.0,0.0,0.0,0.0,5800000.0,2,1.0,0.5172413793103449,2478987.027910315,0.0,8278987.027910314,0.0,8278987.027910314,20166768.67704479,20166768.67704479,41.052620578397516,41.052620578397516,41.052620578397516,11887781.649134476,1.0,1655797.4055820627,25-50%
634322667,mukono,Kimenyedde,Naggalama,Kisira_Isaac,False,1.0,3.0,4.0,1.0,False,1.0,5.0,0.6666666666666666,1.0,1.0,61_and_above,primary,65.0,1.0,0.0,0.0,52.0,0.5,0.5,0.0,1.0,customary_divided_inheritance,10.0,20.0,1.0,1.0,1.0,1.0,1.0,0.0,0.0,0.0,0.0,0.0,20.5,41.0,41.0,8000.0,2024.0,160000.0,0.0,0.0,0.0,0.0,0.0,0.0,0.0,160000.0,1,1.0,1.0,2564259.3089686544,0.0,2724259.3089686544,449475.0,2274784.3089686544,20166768.67704479,20793993.398380484,13.508655514403726,13.10118386966897,11.27986513554832,17442509.368076134,1.0,544851.8617937309,<25%
634322758,mukono,Kimenyedde,Naggalama,Kisira_Isaac,False,1.0,2.0,3.0,3.0,False,0.0,6.0,1.0,1.0,1.0,26_40,primary,35.0,1.0,0.0,1.0,15.0,1.0,1.0,0.0,1.0,mailo_kibanja,10.0,10.0,1.0,1.0,1.0,1.0,1.0,0.0,0.0,0.0,1.0,0.0,150.0,300.0,150.0,8000.0,2024.0,800000.0,0.0,0.0,0.0,0.0,0.0,0.0,0.0,800000.0,1,1.0,1.0,2978438.9598234496,0.0,3778438.9598234496,1002500.0,2775938.9598234496,20166768.67704479,23840513.473439563,18.735966184430577,15.84881535388474,13.764916949651013,16388329.71722134,1.0,629739.8266372416,<25%
635625535,mukono,Kimenyedde,Naggalama,Kisira_Isaac,False,1.0,3.0,4.0,4.0,False,0.0,8.0,1.0,1.0,1.0,41_60,secondary,55.0,1.0,0.0,0.0,42.0,1.0,1.0,0.0,1.0,mailo_kibanja,10.0,10.0,1.0,1.0,1.0,1.0,0.0,0.0,0.0,0.0,0.0,0.0,100.0,200.0,100.0,8000.0,2024.0,900000.0,0.0,0.0,0.0,40000.0,0.0,0.0,0.0,940000.0,2,1.0,0.9574468085106383,3934706.6831205497,0.0,4874706.68312055,955000.0,3919706.6831205497,20166768.67704479,31518540.703061264,24.17197698444014,15.466156028750056,19.436463748315962,15292061.993924242,1.0,609338.3353900687,<25%
635860119,mukono,Nabaale,Nakanyonyi,Sserugo_William,False,1.0,1.0,2.0,3.0,False,0.0,5.0,1.5,1.0,1.0,41_60,primary,55.0,1.0,0.0,1.0,20.0,1.0,0.5,0.5,1.0,customary_divided_inheritance,10.0,10.0,1.0,1.0,1.0,1.0,1.0,0.0,1.0,0.0,1.0,0.0,100.0,200.0,200.0,6000.0,2024.0,1200000.0,200000.0,0.0,300000.0,300000.0,0.0,0.0,0.0,2000000.0,4,0.85,0.6,2478987.027910315,0.0,4478987.0279103145,1105000.0,3373987.0279103145,20166768.67704479,20166768.67704479,22.20974068596625,22.20974068596625,16.730429559351368,15687781.649134476,1.0,895797.4055820629,<25%
636602799,mukono,Nabaale,Nabalanga,Sserugo_William,False,1.0,1.0,2.0,3.0,False,2.0,5.0,5.0,1.0,1.0,61_and_above,primary,55.0,0.0,0.0,1.0,20.0,2.0,1.0,1.0,1.0,customary_divided_inheritance,10.0,5.0,1.0,1.0,1.0,1.0,1.0,0.0,1.0,0.0,0.0,0.0,150.0,300.0,150.0,5000.0,2024.0,1500000.0,200000.0,0.0,0.0,200000.0,0.0,0.0,0.0,1900000.0,3,1.0,0.7894736842105263,2478987.027910315,0.0,4378987.0279103145,1702500.0,2676487.0279103145,20166768.67704479,20166768.67704479,21.713875425639113,21.713875425639113,13.271769368569577,15787781.649134476,1.0,875797.4055820629,<25%
558422222,nakaseke,Kasangombe,Bukuuku,Najjuma_Olivia,False,1.0,1.0,2.0,2.0,False,0.0,4.0,1.0,1.0,1.0,26_40,secondary,35.0,2.0,1.0,1.0,8.0,2.0,1.0,0.5,1.0,freehold_full_ownership,11.0,7.333333333333333,1.0,1.0,1.0,1.0,0.0,0.0,0.0,0.0,0.0,0.0,84.5,169.0,84.5,7000.0,2024.0,1180000.0,240000.0,0.0,0.0,0.0,0.0,0.0,0.0,1420000.0,2,1.0,0.8309859154929577,1667335.5692488411,0.0,3087335.569248841,363788.5576923077,2723547.0115565336,19779321.73522621,15736788.99645548,15.608905151436083,19.61858654865504,13.76966838405789,16691986.16597737,1.0,771833.8923122103,<25%
559666954,nakaseke,Kasangombe,Bukuuku,Najjuma_Olivia,False,0.0,1.0,1.0,1.0,False,0.0,2.0,1.0,1.0,1.0,26_40,primary,35.0,1.0,0.0,0.0,12.0,0.8,0.4,0.2,1.0,mailo_kibanja,11.0,18.333333333333332,1.0,1.0,1.0,1.0,0.0,0.0,0.0,0.0,1.0,0.0,38.0,76.0,95.0,6500.0,2024.0,494000.0,0.0,0.0,0.0,0.0,0.0,0.0,0.0,494000.0,1,1.0,1.0,788468.9288315307,0.0,1282468.9288315307,0.0,1282468.9288315307,19779321.73522621,7490012.565973753,6.483887294009192,17.122386878997194,6.483887294009192,18496852.80639468,1.0,641234.4644157654,<25%
560448617,nakaseke,Kasangombe,Bulyake,Najjuma_Olivia,False,0.0,2.0,2.0,3.0,False,0.0,5.0,1.5,1.0,1.0,41_60,primary,55.0,1.0,0.0,0.0,7.0,1.8,0.9,0.5,0.0,,11.0,7.857142857142858,1.0,1.0,1.0,1.0,0.0,0.0,0.0,0.0,0.0,0.0,44.0,88.0,48.888888888888886,6300.0,2024.0,560000.0,0.0,0.0,0.0,0.0,0.0,0.0,0.0,560000.0,1,1.0,1.0,1953594.98927048,0.0,2513594.98927048,1054030.0,1459564.98927048,19779321.73522621,19022557.87071824,12.70819607931178,13.213759192393896,7.379246916596998,17265726.74595573,1.0,502718.997854096,<25%
583505993,nakaseke,Kikamulo,Magoma,Najjuma_Olivia,False,0.0,2.0,2.0,3.0,False,0.0,5.0,1.5,1.0,1.0,41_60,primary,55.0,1.0,0.0,0.0,20.0,1.0,0.7,0.2,1.0,mailo_kibanja,11.0,12.222222222222223,1.0,1.0,1.0,1.0,0.0,0.0,0.0,0.0,1.0,0.0,37.5,75.0,53.57142857142858,6000.0,2024.0,450000.0,0.0,180000.0,0.0,0.0,0.0,0.0,0.0,630000.0,2,0.7142857142857143,0.7142857142857143,1953594.98927048,0.0,2583594.98927048,19384.61538461538,2564210.3738858644,19779321.73522621,19022557.87071824,13.062101035897488,13.58174335349219,12.964096586381446,17195726.74595573,1.0,516718.997854096,<25%
584452976,nakaseke,Kikamulo,Kapeke,Najjuma_Olivia,False,0.0,2.0,2.0,2.0,False,0.0,4.0,1.0,1.0,1.0,26_40,non_formal,45.0,0.0,0.0,0.0,20.0,1.5,0.8,0.3,1.0,mailo_kibanja,11.0,10.0,1.0,1.0,1.0,1.0,0.0,0.0,0.0,0.0,1.0,0.0,38.5,77.0,48.125,5500.0,2024.0,286000.0,1500000.0,250000.0,0.0,0.0,0.0,0.0,0.0,2036000.0,3,0.8772102161100196,0.14047151277013753,1576937.8576630617,0.0,3612937.8576630615,10000.0,3602937.8576630615,19779321.73522621,14980025.131947506,18.266237366615854,24.118369801382002,18.21567951567504,16166383.877563149,1.0,903234.4644157654,<25%
586809899,nakaseke,Kikamulo,Kibose,Najjuma_Olivia,False,1.0,0.0,1.0,0.0,False,0.0,1.0,0.0,0.0,0.0,26_40,non_formal,35.0,0.0,0.0,1.0,16.0,1.0,0.8,0.1,1.0,mailo_kibanja,11.0,12.222222222222221,1.0,1.0,0.0,1.0,0.0,0.0,0.0,0.0,0.0,0.0,24.5,49.0,30.625,6100.0,2024.0,298900.0,250000.0,150000.0,0.0,0.0,0.0,0.0,0.0,698900.0,3,0.785377021033052,0.4276720560881385,502209.5088098921,0.0,1201109.508809892,0.0,1201109.508809892,19779321.73522621,5093593.6616984885,6.072551551000671,23.580787722461846,6.072551551000671,18578212.22641632,1.0,1201109.508809892,<25%
618738329,mukono,Kimenyedde,Naggalama,Kisira_Isaac,False,1.0,2.0,3.0,11.0,False,0.0,14.0,3.6666666666666665,1.0,1.0,26_40,primary,35.0,1.0,0.0,1.0,17.0,1.0,1.0,0.0,1.0,customary_divided_inheritance,11.0,11.0,1.0,1.0,1.0,1.0,1.0,0.0,0.0,0.0,1.0,0.0,100.0,200.0,100.0,8000.0,2024.0,1200000.0,0.0,0.0,0.0,0.0,0.0,0.0,0.0,1200000.0,1,1.0,1.0,6632965.29089517,0.0,7832965.29089517,1639000.0,6193965.29089517,20166768.67704479,53298172.94925499,38.840953731031746,14.6964986930282,30.71372211426994,12333803.38614962,1.0,559497.5207782264,<25%
623981362,mukono,Kimenyedde,Naggalama,Kisira_Isaac,False,0.0,1.0,1.0,0.0,False,1.0,1.0,1.0,1.0,1.0,61_and_above,primary,75.0,1.0,0.0,0.0,65.0,0.5,0.5,0.0,1.0,customary_divided_inheritance,11.0,22.0,1.0,1.0,1.0,1.0,1.0,0.0,0.0,0.0,0.0,0.0,90.0,180.0,180.0,8000.0,2024.0,800000.0,0.0,0.0,0.0,0.0,0.0,0.0,0.0,800000.0,1,1.0,1.0,499451.9319131346,0.0,1299451.9319131346,855500.0,443951.9319131346,20166768.67704479,4317894.793894773,6.443530705007097,30.09457140434446,2.201403402908426,18867316.745131657,1.0,1299451.9319131346,25-50%
633706233,mukono,Kimenyedde,Naggalama,Kisira_Isaac,False,1.0,2.0,3.0,1.0,False,0.0,4.0,0.3333333333333333,0.0,0.0,41_60,primary,55.0,1.0,0.0,1.0,45.0,0.5,0.5,0.0,1.0,customary_divided_inheritance,11.0,22.0,1.0,1.0,1.0,1.0,0.0,0.0,0.0,0.0,1.0,0.0,40.0,80.0,80.0,8000.0,2024.0,180000.0,0.0,0.0,0.0,0.0,0.0,0.0,0.0,180000.0,1,1.0,1.0,2064807.37705552,0.0,2244807.37705552,708000.0,1536807.3770555195,20166768.67704479,16476098.604485704,11.131219944079168,13.624629415876157,7.620493900963023,17921961.29998927,1.0,561201.84426388,<25%
555219650,nakaseke,Kasangombe,Bulyake,Najjuma_Olivia,False,1.0,2.0,3.0,3.0,False,0.0,6.0,1.0,1.0,1.0,16_25,primary,25.0,1.0,0.0,1.0,6.0,0.8,0.5,0.1,1.0,freehold_full_ownership,12.0,20.0,,,,1.0,1.0,0.0,0.0,0.0,,0.0,50.0,100.0,100.0,7000.0,2024.0,700000.0,0.0,0.0,0.0,0.0,0.0,0.0,0.0,700000.0,1,1.0,1.0,2455804.498080372,0.0,3155804.498080372,147375.0,3008429.498080372,19779321.73522621,23226801.562429227,15.955069341230269,13.586909457155215,15.20997301299,16623517.237145837,1.0,525967.4163467287,<25%
581666974,nakaseke,Kikamulo,Kamuli,Najjuma_Olivia,False,0.0,2.0,2.0,5.0,False,1.0,7.0,6.0,1.0,1.0,61_and_above,primary,65.0,1.0,0.0,0.0,50.0,0.8,0.6,0.1,1.0,mailo_kibanja,12.0,17.142857142857142,1.0,1.0,1.0,1.0,1.0,0.0,0.0,1.0,1.0,0.0,79.0,158.0,131.66666666666669,4200.0,2024.0,663600.0,0.0,0.0,250000.0,162000.0,0.0,0.0,0.0,1075600.0,3,0.7675715879509111,0.6169579769431015,2706909.252485316,0.0,3782509.252485316,1119780.769230769,2662728.483254547,19779321.73522621,26218273.378272213,19.123553896940827,14.426996003558276,13.46218297522473,15996812.482740894,1.0,540358.4646407594,<25%
589566940,nakaseke,Kikamulo,Magoma,Najjuma_Olivia,False,0.0,1.0,1.0,0.0,False,0.0,1.0,0.0,1.0,1.0,41_60,non_formal,55.0,0.0,0.0,0.0,30.0,1.0,0.9,0.1,1.0,mailo_kibanja,12.0,12.0,1.0,1.0,1.0,1.0,0.0,1.0,0.0,0.0,0.0,0.0,1012.0,2024.0,1124.4444444444443,6000.0,2024.0,420000.0,0.0,0.0,0.0,0.0,0.0,0.0,0.0,420000.0,1,1.0,1.0,411811.7972241125,0.0,831811.7972241126,345600.0,486211.7972241126,19779321.73522621,4336829.797190519,4.205461685486857,19.18018082616422,2.4581823569722725,18947509.9380021,1.0,831811.7972241126,<25%
615760019,mukono,Nabaale,Makukuba,Namazzi_Patience,False,0.0,1.0,1.0,5.0,False,0.0,6.0,5.0,1.0,1.0,41_60,primary,55.0,1.0,0.0,0.0,45.0,1.5,0.5,0.0,1.0,mailo_kibanja,12.0,24.0,1.0,1.0,0.0,1.0,1.0,0.0,0.0,0.0,1.0,0.0,50.0,100.0,100.0,2000.0,2025.0,600000.0,300000.0,0.0,0.0,0.0,0.0,0.0,0.0,900000.0,2,1.0,0.6666666666666666,2783530.88883296,0.0,3683530.8888329593,20000.0,3663530.8888329593,20166768.67704479,22406856.967529416,18.265350031142116,16.439302014427533,18.16617697907669,16483237.78821183,1.0,613921.8148054932,<25%
615825276,mukono,Kimenyedde,Naggalama,Kisira_Isaac,False,1.0,0.0,1.0,0.0,False,0.0,1.0,0.0,0.0,0.0,41_60,secondary,45.0,2.0,1.0,0.0,2.0,2.0,2.0,0.0,1.0,mailo_kibanja,12.0,6.0,1.0,1.0,1.0,1.0,1.0,0.0,0.0,0.0,0.0,0.0,110.0,220.0,55.0,8000.0,2024.0,1200000.0,0.0,0.0,0.0,0.0,0.0,0.0,0.0,1200000.0,1,1.0,1.0,609087.7218452854,0.0,1809087.7218452853,3188600.0,-1379512.2781547145,20166768.67704479,5124326.578469231,8.970637541474426,35.30391153144862,-6.840522149316716,18357680.955199506,1.0,1809087.7218452853,25-50%
616698945,mukono,Kimenyedde,Naggalama,Kisira_Isaac,False,1.0,1.0,2.0,3.0,False,0.0,5.0,1.5,0.0,0.0,41_60,primary,45.0,1.0,0.0,1.0,31.0,3.0,1.0,2.0,1.0,mailo_kibanja,12.0,4.0,1.0,1.0,1.0,1.0,1.0,0.0,1.0,0.0,1.0,0.0,500.0,1000.0,500.0,6000.0,2024.0,6000000.0,0.0,0.0,0.0,1500000.0,0.0,0.0,0.0,7500000.0,2,1.0,0.8,2478987.027910315,0.0,9978987.027910316,2015000.0,7963987.027910314,20166768.67704479,20166768.67704479,49.482330003958886,49.482330003958886,39.490645008367025,10187781.649134474,1.0,1995797.4055820634,25-50%
616699320,mukono,Kimenyedde,Naggalama,Kisira_Isaac,False,1.0,1.0,2.0,0.0,False,0.0,2.0,0.0,0.0,0.0,41_60,primary,55.0,1.0,0.0,1.0,30.0,1.0,1.0,0.0,1.0,customary_divided_inheritance,12.0,12.0,1.0,1.0,1.0,1.0,0.0,0.0,0.0,0.0,1.0,0.0,140.0,280.0,140.0,8000.0,2024.0,1800000.0,0.0,0.0,0.0,0.0,0.0,0.0,0.0,1800000.0,1,1.0,1.0,1108539.65375842,0.0,2908539.65375842,1501000.0,1407539.65375842,20166768.67704479,8798071.374864,14.422437725827248,33.05883221256977,6.9795001683168945,17258229.02328637,1.0,1454269.82687921,25-50%
619769782,mukono,Kimenyedde,Naggalama,Kisira_Isaac,False,1.0,1.0,2.0,1.0,False,1.0,3.0,2.0,1.0,1.0,41_60,primary,55.0,1.0,0.0,1.0,38.0,1.0,1.0,0.0,1.0,mailo_kibanja,12.0,12.0,1.0,1.0,1.0,1.0,1.0,0.0,0.0,0.0,0.0,0.0,140.0,280.0,140.0,8000.0,2024.0,1800000.0,0.0,0.0,0.0,0.0,0.0,0.0,0.0,1800000.0,1,1.0,1.0,1565355.445142385,0.0,3365355.445142385,1673000.0,1692355.445142385,20166768.67704479,12802353.808090933,16.68762853898882,26.28700546469448,8.391802733715794,16801413.231902406,1.0,1121785.148380795,25-50%
621639263,mukono,Kimenyedde,Naggalama,Kisira_Isaac,False,1.0,1.0,2.0,2.0,False,0.0,4.0,1.0,0.0,0.0,26_40,primary,35.0,1.0,0.0,1.0,17.0,0.5,0.5,0.0,1.0,customary_divided_inheritance,12.0,24.0,1.0,1.0,1.0,1.0,1.0,0.0,0.0,0.0,1.0,0.0,25.0,50.0,50.0,8000.0,2024.0,100000.0,0.0,0.0,0.0,0.0,0.0,0.0,0.0,100000.0,1,1.0,1.0,2022171.23652635,0.0,2122171.23652635,460000.0,1662171.23652635,20166768.67704479,16162486.243817862,10.523109926589044,13.130227642656642,8.242129729084205,18044597.44051844,1.0,530542.8091315875,<25%
622484708,mukono,Kimenyedde,Naggalama,Kisira_Isaac,False,1.0,0.0,1.0,0.0,False,0.0,1.0,0.0,0.0,0.0,41_60,primary,55.0,1.0,0.0,0.0,38.0,1.0,1.0,0.0,1.0,customary_divided_inheritance,12.0,12.0,1.0,1.0,1.0,1.0,1.0,0.0,0.0,0.0,0.0,0.0,107.5,215.0,107.5,8000.0,2024.0,1600000.0,0.0,0.0,0.0,0.0,0.0,0.0,0.0,1600000.0,1,1.0,1.0,609087.7218452854,0.0,2209087.721845285,1642125.0,566962.7218452855,20166768.67704479,5124326.578469231,10.95409858278298,43.109815270696444,2.811371176635956,17957680.955199506,1.0,2209087.721845285,25-50%
623981163,mukono,Kimenyedde,Naggalama,Kisira_Isaac,False,1.0,1.0,2.0,0.0,False,0.0,2.0,0.0,0.0,0.0,41_60,primary,55.0,1.0,0.0,1.0,38.0,4.0,0.5,3.5,1.0,customary_divided_inheritance,12.0,3.0,1.0,1.0,1.0,1.0,1.0,0.0,0.0,0.0,0.0,0.0,180.0,360.0,360.0,8000.0,2024.0,1800000.0,0.0,0.0,0.0,2200000.0,0.0,0.0,0.0,4000000.0,2,1.0,0.45,1108539.65375842,0.0,5108539.65375842,601000.0,4507539.65375842,20166768.67704479,8798071.374864,25.331473453024294,58.06431246231378,22.35132323845819,15058229.02328637,1.0,2554269.82687921,50-100%
550732746,nakaseke,Kasangombe,Bukuuku,Najjuma_Olivia,False,1.0,0.0,1.0,0.0,False,0.0,1.0,0.0,0.0,0.0,26_40,secondary,35.0,2.0,1.0,0.0,29.0,1.0,0.8,0.0,1.0,freehold_full_ownership,13.0,16.25,1.0,1.0,0.0,1.0,0.0,0.0,0.0,0.0,,0.0,150.0,300.0,187.5,,2024.0,1200000.0,72499.99999999997,0.0,0.0,222000.0000000001,0.0,0.0,0.0,1494500.0,3,1.0,0.8029441284710606,502209.5088098921,0.0,1996709.508809892,0.0,1996709.508809892,19779321.73522621,5093593.6616984885,10.094934171851957,39.20040822698993,10.094934171851957,17782612.22641632,1.0,1996709.508809892,25-50%
615825485,mukono,Kimenyedde,Naggalama,Kisira_Isaac,False,2.0,3.0,5.0,3.0,False,1.0,8.0,1.0,0.0,0.0,61_and_above,primary,65.0,1.0,0.0,1.0,40.0,10.0,0.75,9.25,1.0,customary_divided_inheritance,13.0,1.3,1.0,1.0,1.0,1.0,1.0,0.0,0.0,0.0,0.0,0.0,150.0,300.0,200.0,8000.0,2024.0,2400000.0,0.0,0.0,0.0,0.0,0.0,0.0,0.0,2400000.0,1,1.0,1.0,4086978.61358187,0.0,6486978.61358187,1417500.0,5069478.61358187,20166768.67704479,32638584.848303564,32.166673389603545,19.875183448460817,25.137783324466355,13679790.06346292,1.0,810872.3266977337,<25%
551438282,nakaseke,Kasangombe,Bulyake,Najjuma_Olivia,False,1.0,3.0,4.0,6.0,False,0.0,10.0,1.5,1.0,1.0,41_60,non_formal,45.0,0.0,0.0,1.0,11.0,0.9,0.4,0.2,1.0,freehold_full_ownership,14.0,23.33333333333333,,,,1.0,0.0,0.0,0.0,0.0,,0.0,225.0,450.0,562.5,6500.0,2024.0,1250000.0,0.0,0.0,0.0,0.0,0.0,0.0,0.0,1250000.0,1,1.0,1.0,3997587.6901267385,0.0,5247587.6901267385,0.0,5247587.6901267385,19779321.73522621,37912529.63595695,26.530675623628625,13.841301913945166,26.530675623628625,14531734.04509947,1.0,524758.7690126739,<25%
585181910,nakaseke,Kikamulo,Kasana,Najjuma_Olivia,False,0.0,4.0,4.0,4.0,False,0.0,8.0,1.0,1.0,1.0,41_60,primary,55.0,1.0,0.0,0.0,30.0,2.0,1.0,0.6,1.0,mailo_kibanja,14.0,8.75,1.0,1.0,1.0,1.0,0.0,1.0,0.0,0.0,1.0,0.0,39.0,78.0,39.0,6000.0,2024.0,468000.0,230000.0,0.0,250000.0,0.0,0.0,0.0,0.0,948000.0,3,0.7362869198312236,0.4936708860759494,3153875.715326123,280000.0,4381875.715326123,1019640.0,3362235.715326123,19779321.73522621,29960050.26389501,22.153821925663767,14.625728851352232,16.998741212334448,15397446.019900087,1.0,547734.4644157654,<25%
553313598,nakaseke,Kasangombe,Bulyake,Najjuma_Olivia,False,2.0,1.0,3.0,2.0,False,0.0,5.0,0.6666666666666666,1.0,1.0,41_60,secondary,55.0,2.0,1.0,1.0,20.0,7.0,5.0,2.0,1.0,freehold_full_ownership,15.0,2.142857142857143,1.0,1.0,1.0,1.0,0.0,,,0.0,,0.0,500.0,1000.0,100.0,7000.0,2024.0,14010000.0,0.0,0.0,0.0,1554250.0000000005,0.0,0.0,0.0,15564250.0,2,1.0,0.9001397433220361,2169545.0780587336,0.0,17733795.078058735,2984615.3846153845,14749179.693443352,19779321.73522621,20830382.65815397,89.65825681714621,85.13427414698458,74.56868284404126,2045526.6571674757,1.0,3546759.015611747,50-100%
555219886,nakaseke,Kasangombe,Bukuuku,Najjuma_Olivia,False,1.0,2.0,3.0,5.0,False,1.0,8.0,3.0,1.0,1.0,61_and_above,primary,75.0,1.0,0.0,0.0,50.0,3.0,1.5,0.1,1.0,freehold_full_ownership,15.0,9.375,,,,1.0,0.0,0.0,0.0,0.0,,0.0,100.0,200.0,66.66666666666667,7000.0,2024.0,1900000.0,420000.0,0.0,0.0,0.0,0.0,0.0,0.0,2320000.0,2,1.0,0.8189655172413793,3209118.761295208,0.0,5529118.761295209,1620750.6,3908368.161295208,19779321.73522621,30422517.0699832,27.95403621676299,18.174428988160848,19.759869492059252,14250202.973931001,1.0,691139.8451619011,<25%
561236657,nakaseke,Kasangombe,Bulyake,Najjuma_Olivia,False,1.0,1.0,2.0,3.0,False,1.0,5.0,4.0,0.0,0.0,61_and_above,primary,65.0,1.0,0.0,0.0,20.0,2.0,1.0,0.9,1.0,mailo_kibanja,15.0,7.894736842105264,1.0,1.0,1.0,1.0,1.0,0.0,0.0,0.0,0.0,0.0,107.5,215.0,107.5,6000.0,2024.0,1296000.0,0.0,0.0,500000.0,221000.0,0.0,0.0,0.0,2017000.0,3,0.7521070897372335,0.6425384234010907,2043992.7008562596,0.0,4060992.70085626,1064773.076923077,2996219.623933182,19779321.73522621,19779321.73522621,20.53150636416308,20.53150636416308,15.148242513276026,15718329.03436995,1.0,812198.540171252,<25%
583502844,nakaseke,Kikamulo,Magoma,Najjuma_Olivia,False,1.0,1.0,2.0,1.0,False,0.0,3.0,0.5,1.0,1.0,26_40,secondary,35.0,2.0,1.0,1.0,17.0,1.5,1.0,0.3,1.0,mailo_kibanja,15.0,11.538461538461538,1.0,1.0,1.0,1.0,0.0,0.0,0.0,0.0,1.0,0.0,42.5,85.0,42.5,6000.0,2024.0,510000.0,0.0,0.0,0.0,0.0,0.0,0.0,0.0,510000.0,1,1.0,1.0,1290678.4376414227,0.0,1800678.4376414227,0.0,1800678.4376414227,19779321.73522621,12583606.227672242,9.103843204261569,14.30971698463993,9.103843204261569,17978643.297584787,1.0,600226.1458804742,<25%
584472197,nakaseke,Kikamulo,Magoma,Najjuma_Olivia,False,1.0,1.0,2.0,3.0,False,0.0,5.0,1.5,0.0,0.0,26_40,,35.0,3.0,1.0,1.0,10.0,2.5,1.0,1.0,0.0,,15.0,7.5,1.0,1.0,1.0,1.0,0.0,1.0,0.0,0.0,1.0,0.0,65.0,130.0,65.0,5400.0,2024.0,702000.0,0.0,300000.0,0.0,466200.0,0.0,0.0,0.0,1468200.0,3,0.7956681651001226,0.4781364936657131,2043992.7008562596,0.0,3512192.70085626,2611750.0,900442.7008562591,19779321.73522621,19779321.73522621,17.75689150453112,17.75689150453112,4.552444785063612,16267129.03436995,1.0,702438.540171252,<25%
588619360,nakaseke,Kikamulo,Kibose,Najjuma_Olivia,False,1.0,1.0,2.0,1.0,False,0.0,3.0,0.5,1.0,1.0,41_60,primary,55.0,1.0,0.0,0.0,35.0,1.5,1.0,0.3,1.0,mailo_kibanja,15.0,11.538461538461538,1.0,1.0,0.0,1.0,0.0,1.0,1.0,0.0,1.0,0.0,41.0,82.0,41.0,,2024.0,492000.0,0.0,0.0,0.0,0.0,0.0,0.0,0.0,492000.0,1,1.0,1.0,1290678.4376414227,0.0,1782678.4376414227,0.0,1782678.4376414227,19779321.73522621,12583606.227672242,9.0128390725681,14.166673729198443,9.0128390725681,17996643.297584787,1.0,594226.1458804742,<25%
613814407,nakaseke,Kikamulo,Kamuli,Najjuma_Olivia,False,3.0,1.0,4.0,4.0,False,0.0,8.0,1.0,1.0,1.0,41_60,secondary,45.0,2.0,1.0,1.0,25.0,4.6,4.0,0.1,1.0,mailo_kibanja,15.0,3.658536585365854,1.0,1.0,1.0,1.0,0.0,0.0,0.0,0.0,0.0,0.0,130.0,260.0,32.5,6000.0,2024.0,2560000.0,0.0,0.0,0.0,0.0,0.0,0.0,0.0,2560000.0,1,1.0,1.0,3425068.850083462,0.0,5985068.850083462,200000.0,5785068.850083462,19779321.73522621,32230341.857418925,30.259221879303805,18.56967225653485,29.248064860487492,13794252.885142747,1.0,748133.6062604327,<25%
614850687,mukono,Nabaale,Makukuba,Namazzi_Patience,False,1.0,1.0,2.0,3.0,False,1.0,5.0,4.0,1.0,1.0,61_and_above,primary,65.0,1.0,0.0,0.0,12.0,0.5,0.5,0.0,1.0,mailo_kibanja,15.0,30.0,1.0,1.0,1.0,1.0,1.0,0.0,0.0,0.0,0.0,0.0,40.0,80.0,80.0,2500.0,2025.0,200000.0,0.0,0.0,200000.0,0.0,0.0,0.0,0.0,400000.0,2,0.5,0.5,2478987.027910315,0.0,2878987.027910315,0.0,2878987.027910315,20166768.67704479,20166768.67704479,14.275896520732035,14.275896520732035,14.275896520732035,17287781.649134476,1.0,575797.405582063,<25%
615773237,mukono,Nabaale,Nabalanga,Sserugo_William,False,2.0,1.0,3.0,2.0,False,0.0,5.0,0.6666666666666666,0.0,0.0,41_60,primary,55.0,1.0,0.0,1.0,30.0,1.0,0.5,0.5,1.0,customary_divided_inheritance,15.0,15.0,1.0,1.0,1.0,1.0,0.0,1.0,1.0,1.0,1.0,0.0,140.0,280.0,280.0,2500.0,2024.0,700000.0,0.0,300000.0,200000.0,120000.0,200000.0,0.0,0.0,1520000.0,5,0.5394736842105263,0.4605263157894737,2631258.9583716355,0.0,4151258.958371636,779600.0,3371658.9583716355,20166768.67704479,21286812.82228709,20.584651040783175,19.5015524072505,16.718885471272802,16015509.718673155,1.0,830251.7916743272,<25%
616679140,mukono,Kimenyedde,Bamusuuta,Namazzi_Patience,False,1.0,1.0,2.0,4.0,False,0.0,6.0,2.0,0.0,0.0,26_40,secondary,35.0,2.0,1.0,1.0,10.0,1.3,1.0,0.0,1.0,mailo_kibanja,15.0,15.0,1.0,1.0,1.0,1.0,1.0,0.0,0.0,1.0,0.0,0.0,300.0,600.0,300.0,5000.0,2025.0,3000000.0,1000000.0,0.0,0.0,6000000.0,10000000.0,0.0,0.0,20000000.0,4,0.5,0.15,2935802.81929428,0.0,22935802.81929428,1239230.7692307692,21696572.050063517,20166768.67704479,23526901.11277172,113.73067835801278,97.48756416901605,107.58576347811267,-2769034.142249491,0.0,3822633.8032157137,50-100%
618056509,mukono,Nabaale,Nabalanga,Sserugo_William,False,1.0,1.0,2.0,0.0,False,2.0,2.0,2.0,0.0,0.0,61_and_above,primary,75.0,1.0,0.0,1.0,50.0,3.0,2.5,0.5,1.0,mailo_kibanja,15.0,5.0,1.0,1.0,1.0,1.0,1.0,0.0,1.0,0.0,1.0,0.0,250.0,500.0,100.0,6000.0,2024.0,3000000.0,0.0,0.0,100000.0,0.0,0.0,0.0,0.0,3100000.0,2,0.967741935483871,0.967741935483871,1108539.65375842,0.0,4208539.65375842,1741250.0,2467289.65375842,20166768.67704479,8798071.374864,20.868686110080045,47.834797814691235,12.234432264633748,15958229.02328637,1.0,2104269.82687921,25-50%
618502947,mukono,Nabaale,Nakanyonyi,Sserugo_William,False,0.0,1.0,1.0,6.0,False,0.0,7.0,6.0,1.0,1.0,41_60,primary,55.0,1.0,0.0,0.0,40.0,1.0,0.5,0.25,1.0,customary_divided_inheritance,15.0,20.0,1.0,1.0,1.0,1.0,1.0,0.0,0.0,0.0,0.0,0.0,105.0,210.0,210.0,5000.0,2024.0,1000000.0,0.0,0.0,300000.0,200000.0,0.0,0.0,0.0,1500000.0,3,0.8,0.6666666666666666,3240346.6802169243,0.0,4740346.680216924,763750.0,3976596.680216924,20166768.67704479,26411139.400756348,23.505732406266524,17.948285412030245,19.718561480518,15426421.996827867,1.0,677192.382888132,<25%
618503261,mukono,Nabaale,Nabalanga,Sserugo_William,False,1.0,1.0,2.0,1.0,False,0.0,3.0,0.5,1.0,1.0,41_60,primary,45.0,1.0,0.0,1.0,10.0,1.0,0.75,0.25,1.0,mailo_kibanja,15.0,15.0,1.0,1.0,0.0,1.0,1.0,0.0,0.0,0.0,1.0,0.0,90.0,180.0,120.0,5000.0,2024.0,900000.0,0.0,0.0,0.0,0.0,0.0,0.0,1000000.0,1900000.0,2,0.47368421052631576,0.47368421052631576,1565355.445142385,0.0,3465355.445142385,290000.0,3175355.445142385,20166768.67704479,12802353.808090933,17.18349379931596,27.068111826063756,15.745484544367258,16701413.231902406,1.0,1155118.4817141283,25-50%
618738549,mukono,Kimenyedde,Naggalama,Kisira_Isaac,False,0.0,2.0,2.0,1.0,False,0.0,3.0,0.5,1.0,1.0,41_60,college_university,55.0,4.0,1.0,0.0,42.0,0.5,0.5,0.0,1.0,mailo_kibanja,15.0,30.0,1.0,1.0,1.0,1.0,1.0,0.0,0.0,0.0,0.0,0.0,90.0,180.0,180.0,8000.0,2024.0,900000.0,0.0,0.0,0.0,0.0,0.0,0.0,0.0,900000.0,1,1.0,1.0,1455719.6552102342,0.0,2355719.655210234,925500.0,1430219.6552102342,20166768.67704479,11995922.023516476,11.6811954008858,19.637670623334714,7.0919624165581325,17811049.021834556,1.0,785239.8850700781,<25%
619307564,mukono,Nabaale,Nabalanga,Sserugo_William,False,1.0,1.0,2.0,0.0,False,1.0,2.0,1.0,1.0,1.0,61_and_above,primary,65.0,1.0,0.0,0.0,45.0,1.5,1.0,0.5,1.0,mailo_kibanja,15.0,10.0,1.0,1.0,1.0,1.0,0.0,1.0,1.0,0.0,0.0,0.0,250.0,500.0,250.0,2500.0,2024.0,1300000.0,0.0,0.0,200000.0,500000.0,0.0,0.0,0.0,2000000.0,3,0.9,0.65,1108539.65375842,0.0,3108539.65375842,1867500.0,1241039.65375842,20166768.67704479,8798071.374864,15.414168246481525,35.33205768981922,6.153884509872209,17058229.02328637,1.0,1554269.82687921,25-50%
619543012,mukono,Kimenyedde,Makukuba,Namazzi_Patience,False,1.0,1.0,2.0,4.0,False,0.0,6.0,2.0,0.0,0.0,41_60,primary,55.0,1.0,0.0,1.0,5.0,1.0,0.5,0.25,1.0,mailo_kibanja,15.0,20.0,1.0,1.0,1.0,1.0,1.0,0.0,0.0,0.0,1.0,0.0,200.0,400.0,400.0,2000.0,2025.0,400000.0,360000.0,0.0,0.0,0.0,5100000.0,0.0,0.0,5860000.0,3,0.1296928327645051,0.06825938566552901,2935802.81929428,0.0,8795802.81929428,50000.0,8745802.81929428,20166768.67704479,23526901.11277172,43.61533054775538,37.38615118554405,43.36739791759181,11370965.85775051,1.0,1465967.1365490465,25-50%
620136574,mukono,Nabaale,Nabalanga,Sserugo_William,False,1.0,1.0,2.0,0.0,False,0.0,2.0,0.0,1.0,1.0,41_60,primary,55.0,1.0,0.0,0.0,20.0,1.5,0.5,1.0,1.0,mailo_kibanja,15.0,10.0,1.0,1.0,1.0,1.0,1.0,1.0,0.0,0.0,0.0,0.0,180.0,360.0,360.0,2500.0,2024.0,900000.0,300000.0,200000.0,0.0,300000.0,0.0,0.0,0.0,1700000.0,4,0.8823529411764706,0.5294117647058824,1108539.65375842,0.0,2808539.65375842,1050700.0,1757839.65375842,20166768.67704479,8798071.374864,13.926572465500108,31.92221947394504,8.71651617524286,17358229.02328637,1.0,1404269.82687921,25-50%
620155076,mukono,Nabaale,Nakanyonyi,Sserugo_William,False,2.0,3.0,5.0,0.0,False,1.0,5.0,0.25,1.0,1.0,41_60,primary,55.0,1.0,0.0,1.0,20.0,1.0,0.5,0.5,1.0,mailo_kibanja,15.0,15.0,1.0,1.0,1.0,1.0,1.0,0.0,0.0,0.0,0.0,0.0,50.0,100.0,100.0,5000.0,2024.0,500000.0,500000.0,0.0,0.0,300000.0,0.0,0.0,0.0,1300000.0,3,1.0,0.38461538461538464,2716531.239429975,0.0,4016531.2394299754,856750.0,3159781.239429975,20166768.67704479,21914037.543622777,19.916583086520294,18.328576974619768,15.668257468667532,16150237.437614815,1.0,803306.2478859951,<25%
621076849,mukono,Nabaale,Nakanyonyi,Sserugo_William,False,1.0,1.0,2.0,2.0,False,0.0,4.0,1.0,1.0,1.0,16_25,primary,25.0,1.0,0.0,1.0,5.0,4.0,1.0,3.0,1.0,mailo_kibanja,15.0,3.75,1.0,1.0,1.0,1.0,1.0,1.0,0.0,0.0,0.0,0.0,300.0,600.0,300.0,2500.0,2024.0,1500000.0,0.0,0.0,0.0,2000000.0,0.0,0.0,2000000.0,5500000.0,3,0.6363636363636364,0.2727272727272727,2022171.23652635,0.0,7522171.23652635,1785000.0,5737171.23652635,20166768.67704479,16162486.243817862,37.299833984254526,46.54092893290829,28.4486390874151,12644597.44051844,1.0,1880542.8091315874,25-50%
622287746,mukono,Nabaale,Nabalanga,Sserugo_William,False,0.0,1.0,1.0,1.0,False,0.0,2.0,1.0,1.0,1.0,41_60,non_formal,45.0,0.0,0.0,0.0,22.0,1.0,0.5,0.5,1.0,mailo_kibanja,15.0,15.0,1.0,1.0,1.0,1.0,1.0,1.0,1.0,0.0,0.0,0.0,140.0,280.0,280.0,2500.0,2024.0,700000.0,0.0,0.0,100000.0,70000.0,0.0,0.0,0.0,870000.0,3,0.8850574712643678,0.8045977011494253,956267.7232970996,0.0,1826267.7232971,356100.0,1470167.7232970996,20166768.67704479,7678027.2296217,9.055827200397673,23.785637490987135,7.29005100837273,18340500.95374769,1.0,913133.86164855,<25%
622484987,mukono,Kimenyedde,Naggalama,Kisira_Isaac,False,1.0,1.0,2.0,5.0,False,0.0,7.0,2.5,0.0,0.0,41_60,college_university,45.0,4.0,1.0,1.0,20.0,6.0,2.0,4.0,1.0,customary_divided_inheritance,15.0,2.5,1.0,1.0,1.0,1.0,1.0,0.0,0.0,0.0,0.0,0.0,100.0,200.0,50.0,8000.0,2024.0,2400000.0,0.0,0.0,0.0,0.0,0.0,0.0,0.0,2400000.0,1,1.0,1.0,3392618.6106782453,0.0,5792618.610678245,3187000.0,2605618.6106782453,20166768.67704479,27531183.545998648,28.723583353597963,21.040209190425955,12.920357506972055,14374150.066366546,1.0,827516.9443826064,<25%
631647870,mukono,Kimenyedde,Naggalama,Kisira_Isaac,False,1.0,1.0,2.0,3.0,False,1.0,5.0,4.0,1.0,1.0,41_60,primary,55.0,1.0,0.0,1.0,40.0,0.9,0.9,0.0,1.0,customary_divided_inheritance,15.0,16.666666666666668,1.0,1.0,1.0,1.0,0.0,0.0,1.0,1.0,1.0,0.0,295.0,590.0,327.77777777777777,7000.0,2024.0,1800000.0,0.0,0.0,0.0,0.0,0.0,0.0,0.0,1800000.0,1,1.0,1.0,2478987.027910315,800000.0,5078987.0279103145,2148250.0,2930737.0279103145,20166768.67704479,20166768.67704479,25.184932247929083,25.184932247929083,14.532506792951327,15087781.649134476,1.0,1015797.4055820629,25-50%
632483673,mukono,Nabaale,Nakanyonyi,Sserugo_William,False,1.0,1.0,2.0,6.0,False,1.0,8.0,7.0,0.0,0.0,61_and_above,secondary,75.0,2.0,1.0,1.0,40.0,3.0,1.5,1.0,1.0,freehold_full_ownership,15.0,6.0,1.0,1.0,1.0,1.0,1.0,0.0,1.0,0.0,0.0,0.0,400.0,800.0,266.6666666666667,2500.0,2024.0,2000000.0,200000.0,0.0,300000.0,300000.0,0.0,0.0,0.0,2800000.0,4,0.8928571428571429,0.7142857142857143,3849434.402062209,0.0,6649434.402062209,3380000.0,3269434.4020622093,20166768.67704479,30891315.981725574,32.97223520806809,21.52525456020011,16.2119894090108,13517334.27498258,1.0,831179.3002577762,<25%
632532023,mukono,Kimenyedde,Makukuba,Namazzi_Patience,False,0.0,2.0,2.0,2.0,False,1.0,4.0,3.0,1.0,1.0,61_and_above,non_formal,35.0,2.0,1.0,1.0,10.0,1.0,0.5,0.0,1.0,mailo_kibanja,15.0,30.0,1.0,1.0,0.0,1.0,0.0,0.0,0.0,0.0,1.0,0.0,375.0,750.0,750.0,3000.0,2025.0,4800000.0,0.0,0.0,0.0,1000000.0,0.0,0.0,0.0,5800000.0,2,1.0,0.8275862068965517,1912535.4465941992,0.0,7712535.446594199,20769.23076923077,7691766.215824967,20166768.67704479,15356054.4592434,38.243783970077175,50.22472059515084,38.140796569855375,12454233.230450591,1.0,1928133.8616485498,50-100%
633706958,mukono,Kimenyedde,Naggalama,Kisira_Isaac,False,2.0,1.0,3.0,5.0,False,0.0,8.0,1.6666666666666667,0.0,0.0,41_60,primary,45.0,1.0,0.0,1.0,30.0,1.0,1.0,0.0,1.0,customary_divided_inheritance,15.0,15.0,1.0,1.0,1.0,1.0,1.0,0.0,0.0,0.0,0.0,0.0,50.0,100.0,50.0,8000.0,2024.0,320000.0,0.0,0.0,0.0,150000.0,0.0,0.0,0.0,470000.0,2,1.0,0.6808510638297872,4001706.3325235294,0.0,4471706.33252353,1927500.0,2544206.3325235303,20166768.67704479,32011360.12696788,22.173638246832947,13.96912319497588,12.61583535402735,15695062.34452126,1.0,558963.2915654413,<25%
634023370,mukono,Nabaale,Nabalanga,Sserugo_William,False,1.0,1.0,2.0,2.0,False,2.0,4.0,4.0,0.0,0.0,61_and_above,primary,75.0,1.0,0.0,1.0,40.0,2.0,1.0,1.0,1.0,freehold_full_ownership,15.0,7.5,1.0,1.0,1.0,1.0,0.0,0.0,0.0,0.0,0.0,0.0,400.0,800.0,400.0,2500.0,2024.0,2000000.0,0.0,0.0,200000.0,0.0,0.0,0.0,100000.0,2300000.0,3,0.8695652173913043,0.8695652173913043,2022171.23652635,0.0,4322171.23652635,1120000.0,3202171.2365263496,20166768.67704479,16162486.243817862,21.43214565378609,26.741994834981387,15.878454738122139,15844597.44051844,1.0,1080542.8091315874,25-50%
634718078,mukono,Nabaale,Nabalanga,Sserugo_William,False,0.0,1.0,1.0,3.0,False,1.0,4.0,4.0,1.0,1.0,61_and_above,primary,65.0,1.0,0.0,0.0,40.0,3.0,2.0,1.0,1.0,customary_divided_inheritance,15.0,5.0,1.0,1.0,1.0,1.0,0.0,0.0,1.0,0.0,1.0,0.0,500.0,1000.0,250.0,3000.0,2024.0,3000000.0,300000.0,0.0,0.0,300000.0,0.0,0.0,100000.0,3700000.0,4,0.972972972972973,0.8108108108108109,1869899.3060650292,0.0,5569899.306065029,4012500.0,1557399.3060650297,20166768.67704479,15042442.098575557,27.61919569397885,37.02789260922248,7.722602123352409,14596869.37097976,1.0,1392474.8265162574,25-50%
634718387,mukono,Nabaale,Nakanyonyi,Sserugo_William,False,0.0,1.0,1.0,3.0,False,0.0,4.0,3.0,1.0,1.0,26_40,primary,35.0,1.0,0.0,0.0,5.0,1.0,0.5,0.5,1.0,mailo_kibanja,15.0,15.0,1.0,1.0,1.0,1.0,0.0,0.0,0.0,0.0,0.0,0.0,200.0,400.0,400.0,5500.0,2024.0,1000000.0,100000.0,100000.0,100000.0,200000.0,0.0,0.0,0.0,1500000.0,5,0.8666666666666667,0.6666666666666666,1869899.3060650292,0.0,3369899.306065029,790000.0,2579899.306065029,20166768.67704479,15042442.098575557,16.71015996678179,22.402607794542494,12.792824410197397,16796869.37097976,1.0,842474.8265162572,<25%
635238203,mukono,Nabaale,Nabalanga,Sserugo_William,False,0.0,1.0,1.0,6.0,False,1.0,7.0,7.0,1.0,1.0,61_and_above,primary,75.0,1.0,0.0,0.0,40.0,1.0,0.5,0.5,1.0,customary_divided_inheritance,15.0,15.0,1.0,1.0,1.0,1.0,1.0,1.0,0.0,0.0,0.0,0.0,175.0,350.0,350.0,2000.0,2024.0,700000.0,100000.0,300000.0,0.0,100000.0,0.0,0.0,0.0,1200000.0,4,0.75,0.5833333333333334,3240346.6802169243,0.0,4440346.680216924,1464375.0,2975971.6802169243,20166768.67704479,26411139.400756348,22.01813662528511,16.812401058659983,14.756809719369574,15726421.996827867,1.0,634335.2400309892,<25%
635859907,mukono,Nabaale,Nakanyonyi,Sserugo_William,False,0.0,1.0,1.0,3.0,False,0.0,4.0,3.0,1.0,1.0,41_60,primary,55.0,1.0,0.0,0.0,20.0,2.0,1.5,0.5,1.0,customary_divided_inheritance,15.0,7.5,1.0,1.0,1.0,1.0,1.0,0.0,0.0,0.0,0.0,0.0,150.0,300.0,100.0,6000.0,2024.0,1800000.0,200000.0,0.0,300000.0,30000.0,0.0,0.0,0.0,2330000.0,4,0.871244635193133,0.7725321888412017,1869899.3060650292,0.0,4199899.306065029,2632500.0,1567399.3060650297,20166768.67704479,15042442.098575557,20.825841627497045,27.920328883717215,7.772188649385124,15966869.37097976,1.0,1049974.8265162574,25-50%
636603192,mukono,Nabaale,Nabalanga,Sserugo_William,False,1.0,1.0,2.0,5.0,False,0.0,7.0,2.5,1.0,1.0,26_40,secondary,25.0,2.0,1.0,1.0,7.0,5.0,4.0,1.0,1.0,customary_divided_inheritance,15.0,3.0,1.0,1.0,1.0,1.0,0.0,1.0,1.0,0.0,1.0,0.0,700.0,1400.0,175.0,5000.0,2024.0,7000000.0,0.0,0.0,0.0,500000.0,2000000.0,0.0,0.0,9500000.0,3,0.7894736842105263,0.7368421052631579,3392618.6106782453,0.0,12892618.610678244,6845000.0,6047618.610678244,20166768.67704479,27531183.545998648,63.9300168368248,46.82914771585271,29.988039767432163,7274150.066366546,1.0,1841802.6586683206,25-50%
551433371,nakaseke,Kasangombe,Bulyake,Najjuma_Olivia,False,1.0,2.0,3.0,4.0,False,1.0,7.0,2.5,1.0,1.0,26_40,secondary primary,45.0,1.0,0.0,1.0,13.0,2.0,1.0,0.3,1.0,freehold_full_ownership,16.0,12.307692307692307,1.0,1.0,1.0,1.0,0.0,0.0,1.0,1.0,,0.0,128.0,256.0,128.0,,2024.0,930000.0,655000.0000000002,0.0,0.0,0.0,0.0,0.0,0.0,1585000.0,2,1.0000000000000002,0.5867507886435331,2832461.62968779,0.0,4417461.62968779,73076.92307692308,4344384.706610868,19779321.73522621,27269334.30119997,22.333736661052743,16.199374656144073,21.964275442639096,15361860.10553842,1.0,631065.9470982557,<25%
581719428,nakaseke,Kikamulo,Kapeke,Najjuma_Olivia,False,1.0,0.0,1.0,0.0,False,0.0,1.0,0.0,0.0,0.0,41_60,non_formal,45.0,0.0,0.0,0.0,20.0,1.0,0.8,0.1,0.0,,16.0,17.77777777777778,1.0,1.0,1.0,1.0,0.0,0.0,0.0,0.0,0.0,0.0,66.0,132.0,82.5,4200.0,2024.0,554400.0,0.0,0.0,0.0,0.0,0.0,0.0,0.0,554400.0,1,1.0,1.0,502209.5088098921,0.0,1056609.508809892,949846.153846154,106763.35496373812,19779321.73522621,5093593.6616984885,5.341990604905885,20.74389083595568,0.5397725786198053,18722712.22641632,1.0,1056609.508809892,<25%
584453809,nakaseke,Kikamulo,Kibose,Najjuma_Olivia,False,1.0,0.0,1.0,1.0,False,0.0,2.0,1.0,0.0,0.0,41_60,non_formal,55.0,0.0,0.0,0.0,30.0,3.0,1.8,0.8,1.0,freehold_full_ownership,16.0,6.153846153846153,1.0,1.0,1.0,1.0,1.0,1.0,1.0,1.0,0.0,1.0,90.0,180.0,50.0,5600.0,2024.0,1008000.0,0.0,0.0,300000.0,0.0,0.0,0.0,0.0,1308000.0,2,0.7706422018348624,0.7706422018348624,878866.6404173102,500000.0,2686866.6404173104,2486000.0,200866.6404173104,19779321.73522621,8246776.430481722,13.584220310406824,32.580810975863464,1.0155385665200778,17092455.0948089,1.0,1343433.3202086552,25-50%
588629366,nakaseke,Kikamulo,Magoma,Najjuma_Olivia,False,1.0,1.0,2.0,3.0,False,0.0,5.0,1.5,1.0,1.0,26_40,secondary,45.0,2.0,1.0,1.0,19.0,2.0,1.0,0.6,1.0,freehold_full_ownership,16.0,10.0,1.0,1.0,1.0,1.0,0.0,0.0,0.0,0.0,1.0,0.0,46.0,92.0,46.0,6000.0,2024.0,552000.0,350000.0,0.0,0.0,0.0,0.0,0.0,0.0,902000.0,2,1.0,0.6119733924611973,2043992.7008562596,0.0,2945992.700856259,1286960.0,1659032.700856259,19779321.73522621,19779321.73522621,14.894305984262138,14.894305984262138,8.387712799582939,16833329.034369953,1.0,589198.5401712519,<25%
593198085,nakaseke,Kikamulo,Magoma,Najjuma_Olivia,False,2.0,1.0,3.0,3.0,False,1.0,6.0,2.0,0.0,0.0,61_and_above,non_formal,75.0,0.0,0.0,1.0,40.0,1.8,1.0,0.6,1.0,mailo_kibanja,16.0,10.0,1.0,1.0,1.0,1.0,0.0,0.0,0.0,0.0,0.0,0.0,38.0,76.0,38.0,6000.0,2024.0,456000.0,0.0,0.0,0.0,0.0,0.0,0.0,0.0,456000.0,1,1.0,1.0,2546202.209666152,0.0,3002202.209666152,0.0,3002202.209666152,19779321.73522621,23983565.4269372,15.17848918104884,12.517747700240689,15.17848918104884,16777119.525560059,1.0,500367.0349443587,<25%
614850630,mukono,Nabaale,Bamusuuta,Namazzi_Patience,False,2.0,1.0,3.0,5.0,False,0.0,8.0,1.6666666666666667,0.0,0.0,41_60,secondary,45.0,2.0,1.0,1.0,32.0,7.0,2.0,0.5,1.0,mailo_kibanja,16.0,6.4,1.0,1.0,1.0,1.0,1.0,0.0,0.0,0.0,0.0,0.0,50.0,100.0,25.0,,2024.0,500000.0,0.0,100000.0,0.0,100000.0,0.0,0.0,0.0,700000.0,3,0.8571428571428571,0.7142857142857143,4001706.3325235294,0.0,4701706.33252353,0.0,4701706.33252353,20166768.67704479,32011360.12696788,23.314128345585367,14.68761812642441,23.314128345585367,15465062.34452126,1.0,587713.2915654413,<25%
558415060,nakaseke,Kasangombe,Bulyake,Najjuma_Olivia,False,1.0,1.0,2.0,1.0,False,0.0,3.0,0.5,1.0,1.0,26_40,secondary,25.0,2.0,1.0,1.0,5.0,1.0,0.8,0.0,1.0,mailo_kibanja,17.0,21.25,1.0,1.0,0.0,1.0,0.0,0.0,0.0,0.0,1.0,0.0,108.5,217.0,135.625,6500.0,2024.0,694400.0,0.0,0.0,250000.0,0.0,0.0,0.0,0.0,944400.0,2,0.7352816603134266,0.7352816603134266,1290678.4376414227,0.0,2235078.4376414227,462983.75,1772094.6876414227,19779321.73522621,12583606.227672242,11.300076249130596,17.76182754929447,8.959329907078615,17544243.297584787,1.0,745026.1458804742,<25%
561237697,nakaseke,Kasangombe,Bukuuku,Najjuma_Olivia,False,2.0,1.0,3.0,4.0,False,0.0,7.0,1.3333333333333333,1.0,1.0,41_60,college_university,55.0,4.0,1.0,1.0,22.0,1.0,0.6,0.3,1.0,mailo_kibanja,17.0,18.88888888888889,1.0,1.0,1.0,1.0,1.0,0.0,0.0,0.0,1.0,0.0,48.0,96.0,80.0,5200.0,2024.0,499200.0,450000.0,0.0,0.0,500000.0,0.0,0.0,0.0,1449200.0,3,1.0,0.34446591222743583,2922859.34127357,15000.0,4387059.34127357,10000.0,4377059.34127357,19779321.73522621,28026098.16570794,22.180029224462164,15.65347882296891,22.12947137352135,15392262.39395264,1.0,626722.7630390815,<25%
582502398,nakaseke,Kikamulo,Kasana,Najjuma_Olivia,False,1.0,1.0,2.0,1.0,False,0.0,3.0,0.5,1.0,1.0,16_25,primary,25.0,1.0,0.0,1.0,10.0,2.0,1.5,0.4,1.0,mailo_kibanja,17.0,8.947368421052632,1.0,1.0,1.0,1.0,1.0,0.0,0.0,0.0,0.0,0.0,65.0,130.0,43.333333333333336,6000.0,2024.0,480000.0,0.0,0.0,0.0,225000.0,0.0,0.0,0.0,705000.0,2,1.0,0.6808510638297872,1290678.4376414227,200000.0,2195678.4376414227,50000.0,2145678.4376414227,19779321.73522621,12583606.227672242,11.100878316423783,17.448721756828103,10.848089061719705,17583643.297584787,1.0,731892.8125471409,<25%
586028388,nakaseke,Kikamulo,Kibose,Najjuma_Olivia,False,1.0,2.0,3.0,3.0,False,0.0,6.0,1.0,1.0,1.0,41_60,primary,45.0,1.0,0.0,1.0,21.0,2.0,1.0,0.6,1.0,mailo_kibanja,17.0,10.625,1.0,1.0,1.0,1.0,0.0,1.0,0.0,0.0,1.0,0.0,49.0,98.0,49.0,,2024.0,617400.0,0.0,300000.0,0.0,200000.0,0.0,0.0,0.0,1117400.0,3,0.7315195990692679,0.5525326651154465,2455804.498080372,0.0,3573204.498080372,1540000.0,2033204.498080372,19779321.73522621,23226801.562429227,18.06535403949991,15.383971350839149,10.279444994614316,16206117.237145837,1.0,595534.0830133953,<25%
613819661,nakaseke,Kikamulo,Kamuli,Najjuma_Olivia,False,1.0,1.0,2.0,3.0,False,0.0,5.0,1.5,1.0,1.0,41_60,primary,45.0,1.0,0.0,0.0,20.0,0.9,0.5,0.2,1.0,mailo_kibanja,17.0,24.28571428571429,1.0,1.0,1.0,1.0,0.0,0.0,0.0,0.0,0.0,0.0,28.0,56.0,56.0,6000.0,2024.0,336000.0,0.0,0.0,0.0,0.0,0.0,0.0,0.0,336000.0,1,1.0,1.0,2043992.7008562596,280000.0,2659992.700856259,0.0,2659992.700856259,19779321.73522621,19779321.73522621,13.448351447354812,13.448351447354812,13.448351447354812,17119329.034369953,1.0,531998.5401712519,<25%
619770045,mukono,Kimenyedde,Naggalama,Kisira_Isaac,False,0.0,1.0,1.0,1.0,False,1.0,2.0,2.0,1.0,1.0,61_and_above,primary,75.0,1.0,0.0,0.0,68.0,1.0,1.0,0.0,1.0,mailo_kibanja,17.0,17.0,1.0,1.0,1.0,1.0,1.0,0.0,0.0,0.0,0.0,0.0,60.0,120.0,60.0,8000.0,2024.0,900000.0,0.0,0.0,0.0,0.0,0.0,0.0,0.0,900000.0,1,1.0,1.0,956267.7232970996,750000.0,2606267.7232971,1597000.0,1009267.7232970996,20166768.67704479,7678027.2296217,12.923576230949354,33.94449700884314,5.004608023524948,17560500.95374769,1.0,1303133.86164855,25-50%
553313800,nakaseke,Kasangombe,Bulyake,Najjuma_Olivia,False,1.0,1.0,2.0,4.0,False,0.0,6.0,2.0,0.0,0.0,26_40,college_university,35.0,2.0,1.0,1.0,25.0,6.0,5.0,0.0,1.0,freehold_full_ownership,18.0,3.6,1.0,1.0,1.0,1.0,0.0,0.0,1.0,1.0,,0.0,410.0,820.0,82.0,6500.0,2024.0,14000000.0,0.0,0.0,0.0,3180000.0000000014,0.0,0.0,0.0,17180000.000000004,2,0.9999999999999998,0.8149010477299183,2420649.832463677,0.0,19600649.83246368,5127692.307692308,14472957.524771372,19779321.73522621,22932504.504009448,99.09667325728202,85.47103884373712,73.17216292101459,178671.9027625285,1.0,3266774.9720772803,50-100%
560449000,nakaseke,Kasangombe,Bukuuku,Najjuma_Olivia,False,1.0,3.0,4.0,4.0,False,0.0,8.0,1.0,0.0,0.0,41_60,secondary,45.0,2.0,1.0,1.0,10.0,0.7,0.1,0.3,1.0,mailo_kibanja,18.0,45.0,1.0,1.0,1.0,1.0,1.0,0.0,0.0,0.0,1.0,0.0,54.0,108.0,540.0,6300.0,2024.0,680400.0,0.0,0.0,0.0,150000.0,0.0,0.0,0.0,830400.0,2,1.0,0.819364161849711,3244273.4269119026,250000.0,4324673.426911903,0.0,4324673.426911903,19779321.73522621,30716814.12840299,21.864619448551796,14.079173083620663,21.864619448551796,15454648.308314309,1.0,540584.1783639878,<25%
560449862,nakaseke,Kasangombe,Bukuuku,Najjuma_Olivia,False,1.0,1.0,2.0,2.0,False,1.0,4.0,3.0,1.0,1.0,61_and_above,vocational,75.0,3.0,1.0,0.0,30.0,3.0,1.6,1.0,1.0,mailo_kibanja,18.0,6.9230769230769225,1.0,1.0,1.0,1.0,0.0,0.0,1.0,0.0,0.0,0.0,50.0,100.0,31.25,6100.0,2024.0,610000.0,0.0,0.0,300000.0,0.0,0.0,0.0,0.0,910000.0,2,0.6703296703296703,0.6703296703296703,1667335.5692488411,0.0,2577335.569248841,582575.0,1994760.569248841,19779321.73522621,15736788.99645548,13.030454753454492,16.377772935948716,10.08508075226993,17201986.16597737,1.0,644333.8923122103,<25%
583505325,nakaseke,Kikamulo,Magoma,Najjuma_Olivia,False,1.0,2.0,3.0,1.0,False,0.0,4.0,0.3333333333333333,0.0,0.0,26_40,secondary,35.0,2.0,1.0,1.0,15.0,2.5,1.0,1.0,1.0,freehold_full_ownership,18.0,9.0,1.0,1.0,1.0,1.0,0.0,0.0,0.0,0.0,0.0,0.0,125.0,250.0,125.0,,2024.0,1500000.0,0.0,0.0,0.0,0.0,0.0,0.0,0.0,1500000.0,1,1.0,1.0,1702490.2348655355,0.0,3202490.2348655355,1835375.0,1367115.2348655355,19779321.73522621,16031086.054875258,16.191102393374916,19.976751568192206,6.911840826324979,16576831.500360675,1.0,800622.5587163839,<25%
613821415,nakaseke,Kikamulo,Luteete,Najjuma_Olivia,False,2.0,1.0,3.0,4.0,False,0.0,7.0,1.3333333333333333,0.0,0.0,26_40,primary,35.0,1.0,0.0,0.0,15.0,6.0,5.0,0.3,1.0,freehold_full_ownership,18.0,3.3962264150943398,1.0,1.0,1.0,1.0,1.0,0.0,0.0,0.0,0.0,0.0,186.0,372.0,37.2,6000.0,2024.0,2232000.0,0.0,0.0,0.0,0.0,0.0,0.0,0.0,2232000.0,1,1.0,1.0,2922859.34127357,280000.0,5434859.34127357,4575373.333333333,859486.0079402374,19779321.73522621,28026098.16570794,27.47748084604082,19.392136961553692,4.345376547515914,14344462.39395264,1.0,776408.4773247958,<25%
561257600,nakaseke,Kasangombe,Bukuuku,Najjuma_Olivia,False,2.0,2.0,4.0,4.0,False,0.0,8.0,1.0,1.0,1.0,26_40,secondary,45.0,2.0,1.0,1.0,16.0,1.0,0.5,0.4,1.0,mailo_kibanja,19.0,21.11111111111111,1.0,1.0,1.0,1.0,0.0,0.0,0.0,0.0,1.0,0.0,25.0,50.0,50.0,6500.0,2024.0,325000.0,0.0,0.0,0.0,0.0,0.0,0.0,0.0,325000.0,1,1.0,1.0,3334671.1384976823,0.0,3659671.138497682,957048.0769230768,2702623.0615746053,19779321.73522621,31473577.99291096,18.502510791257055,11.627756905560526,13.663881389629948,16119650.596728528,1.0,457458.8923122102,<25%
585193571,nakaseke,Kikamulo,Kasana,Najjuma_Olivia,False,1.0,0.0,1.0,2.0,False,0.0,3.0,2.0,0.0,0.0,26_40,vocational,45.0,3.0,1.0,0.0,24.0,3.0,1.0,1.5,1.0,mailo_kibanja,19.0,7.6,1.0,1.0,1.0,1.0,0.0,1.0,0.0,0.0,0.0,0.0,47.0,94.0,47.0,5800.0,2024.0,545200.0,0.0,200000.0,0.0,640800.0,0.0,0.0,0.0,1386000.0,3,0.8556998556998557,0.39336219336219336,1255523.7720247286,0.0,2641523.7720247284,1362650.0,1278873.7720247284,19779321.73522621,12289309.169252455,13.354976512264708,21.49448545597465,6.465710953814476,17137797.96320148,1.0,880507.9240082428,<25%
621639988,mukono,Kimenyedde,Naggalama,Kisira_Isaac,False,1.0,1.0,2.0,2.0,False,0.0,4.0,1.0,0.0,0.0,26_40,secondary,25.0,2.0,1.0,1.0,15.0,1.0,1.0,0.0,1.0,mailo_kibanja,19.0,19.0,1.0,1.0,1.0,1.0,1.0,0.0,0.0,0.0,0.0,0.0,42.5,85.0,42.5,8000.0,2024.0,600000.0,0.0,0.0,0.0,1200000.0,0.0,0.0,0.0,1800000.0,2,1.0,0.3333333333333333,2022171.23652635,300000.0,4122171.23652635,1380375.0,2741796.23652635,20166768.67704479,16162486.243817862,20.440415133131815,25.50456145386096,13.595615045891075,16044597.44051844,1.0,1030542.8091315875,25-50%
550731204,nakaseke,Kasangombe,Bulyake,Najjuma_Olivia,False,2.0,1.0,3.0,2.0,False,0.0,5.0,0.6666666666666666,1.0,1.0,41_60,primary,55.0,1.0,0.0,1.0,38.0,0.5,0.3,0.0,1.0,freehold_full_ownership,20.0,66.66666666666667,1.0,1.0,0.0,1.0,0.0,0.0,0.0,1.0,,0.0,,,,,,600000.0,0.0,0.0,0.0,0.0,0.0,0.0,0.0,600000.0,1,1.0,1.0,2169545.0780587336,0.0,2769545.0780587336,0.0,2769545.0780587336,19779321.73522621,20830382.65815397,14.002224723036283,13.295699476622943,14.002224723036283,17009776.657167476,1.0,553909.0156117467,<25%
550739292,nakaseke,Kasangombe,Sakabusolo,Namyenya_Lillian,True,0.0,1.0,1.0,1.0,False,0.0,2.0,1.0,0.0,0.0,,,55.0,2.0,1.0,1.0,5.0,1.0,0.1,,1.0,freehold_full_ownership,,,1.0,1.0,0.0,1.0,0.0,0.0,0.0,,,0.0,,,,,,500000.0,0.0,0.0,0.0,0.0,0.0,0.0,0.0,500000.0,1,1.0,1.0,788468.9288315307,0.0,1288468.9288315307,15230.769230769232,1273238.1596007615,19779321.73522621,7490012.565973753,6.514222004573682,17.202493553680988,6.437218508525362,18490852.80639468,1.0,644234.4644157654,<25%
550740686,nakaseke,Kasangombe,Nakaseta,Namyenya_Lillian,True,1.0,3.0,4.0,0.0,False,0.0,4.0,0.0,1.0,1.0,,,75.0,1.0,0.0,0.0,10.0,2.0,1.0,,1.0,freehold_full_ownership,,,1.0,1.0,0.0,0.0,1.0,0.0,0.0,0.0,,0.0,2.5,5.0,2.5,,2024.0,1000000.0,0.0,0.0,0.0,0.0,0.0,0.0,0.0,1000000.0,1,1.0,1.0,1737644.9004822294,0.0,2737644.9004822294,75860.57692307692,2661784.3235591524,19779321.73522621,16325383.113295048,13.84094428074644,16.769253630885693,13.457409506710318,17041676.83474398,1.0,684411.2251205574,<25%
551433006,nakaseke,Kasangombe,Bukuuku,Najjuma_Olivia,False,0.0,2.0,2.0,3.0,False,1.0,5.0,4.0,1.0,1.0,61_and_above,secondary,65.0,2.0,1.0,1.0,40.0,0.7,0.2,0.1,1.0,mailo_kibanja,20.0,66.66666666666666,1.0,1.0,1.0,1.0,0.0,0.0,0.0,1.0,,0.0,260.0,520.0,1300.0,,2024.0,1210000.0,400000.0,0.0,0.0,0.0,0.0,0.0,0.0,1610000.0,2,1.0,0.7515527950310559,1953594.98927048,0.0,3563594.98927048,18461.538461538465,3545133.4508089414,19779321.73522621,19022557.87071824,18.016770428097413,18.733521608868305,17.923432857129754,16215726.74595573,1.0,712718.997854096,<25%
552803009,nakaseke,Kasangombe,Bulyake,Najjuma_Olivia,False,2.0,1.0,3.0,5.0,False,0.0,8.0,1.6666666666666667,0.0,0.0,41_60,secondary,55.0,2.0,1.0,1.0,50.0,2.0,1.8,0.0,1.0,freehold_full_ownership,20.0,11.11111111111111,,,,1.0,0.0,0.0,0.0,0.0,,0.0,175.0,350.0,97.22222222222221,7000.0,2024.0,7950000.0,0.0,0.0,0.0,0.0,0.0,0.0,0.0,7950000.0,1,1.0,1.0,3299516.4728809884,0.0,11249516.47288099,557307.6923076923,10692208.780573295,19779321.73522621,31179280.93449117,56.875137699216616,36.08010234911011,54.05750977563039,8529805.26234522,1.0,1406189.5591101237,25-50%
554395712,nakaseke,Kasangombe,Bukuuku,Najjuma_Olivia,False,1.0,3.0,4.0,4.0,False,0.0,8.0,1.0,0.0,0.0,41_60,non_formal,45.0,0.0,0.0,1.0,15.0,0.9,0.5,0.3,1.0,freehold_full_ownership,20.0,25.0,1.0,1.0,1.0,1.0,1.0,0.0,0.0,0.0,,0.0,108.0,216.0,216.0,4000.0,2024.0,2360000.0,0.0,0.0,0.0,309289.9999999999,0.0,0.0,0.0,2669290.0,2,1.0,0.8841302368794698,3244273.4269119026,0.0,5913563.426911903,363846.1538461539,5549717.273065749,19779321.73522621,30716814.12840299,29.897705826687037,19.251877496773968,28.058177865532752,13865758.308314309,1.0,739195.4283639878,<25%
555219447,nakaseke,Kasangombe,Bukuuku,Najjuma_Olivia,False,2.0,1.0,3.0,1.0,False,0.0,4.0,0.3333333333333333,1.0,1.0,41_60,primary,55.0,1.0,0.0,1.0,30.0,2.0,1.0,0.8,1.0,freehold_full_ownership,20.0,11.11111111111111,,,,1.0,0.0,0.0,0.0,0.0,,0.0,125.0,250.0,125.0,7000.0,2024.0,1050000.0,0.0,0.0,0.0,0.0,0.0,0.0,0.0,1050000.0,1,1.0,1.0,1792887.9464513152,0.0,2842887.946451315,607693.3076923077,2235194.638759008,19779321.73522621,16787849.919383228,14.373030503812684,16.93419919824826,11.3006637370088,16936433.788774896,1.0,710721.9866128288,<25%
559669939,nakaseke,Kasangombe,Bukuuku,Najjuma_Olivia,False,1.0,2.0,3.0,2.0,False,2.0,5.0,4.0,1.0,1.0,61_and_above,secondary,65.0,2.0,1.0,1.0,25.0,5.0,1.0,0.0,1.0,freehold_full_ownership,20.0,20.0,,,,1.0,0.0,0.0,0.0,0.0,1.0,0.0,207.5,415.0,207.5,6500.0,2024.0,2697500.0,0.0,0.0,0.0,520000.0,0.0,0.0,0.0,3217500.0,2,1.0,0.8383838383838383,2079147.3664729532,0.0,5296647.366472954,1627301.4423076925,3669345.9241652624,19779321.73522621,20073618.793645997,26.778710804020285,26.386111148775665,18.551424428423644,14482674.368753256,1.0,1059329.4732945908,25-50%
581666409,nakaseke,Kikamulo,Kamuli,Najjuma_Olivia,False,0.0,1.0,1.0,3.0,False,0.0,4.0,3.0,1.0,1.0,41_60,secondary,55.0,2.0,1.0,1.0,34.0,3.0,2.0,0.6,1.0,mailo_kibanja,20.0,7.692307692307692,,,,1.0,1.0,0.0,0.0,0.0,1.0,0.0,81.0,162.0,40.5,4200.0,2024.0,680400.0,0.0,100000.0,0.0,180000.0,0.0,0.0,0.0,960400.0,3,0.8958767180341525,0.7084548104956269,1541783.192046367,500000.0,3002183.192046367,1109798.076923077,1892385.11512329,19779321.73522621,14685728.073527724,15.178393032050206,20.44286246494008,9.567492457302139,16777138.543179844,1.0,750545.7980115918,<25%
585208171,nakaseke,Kikamulo,Kibose,Najjuma_Olivia,False,2.0,1.0,3.0,3.0,False,0.0,6.0,1.0,0.0,0.0,41_60,non_formal,55.0,3.0,1.0,1.0,30.0,2.5,1.5,0.8,1.0,freehold_full_ownership,20.0,8.695652173913045,1.0,1.0,1.0,1.0,1.0,1.0,0.0,0.0,0.0,0.0,75.0,150.0,50.0,6500.0,2024.0,975000.0,0.0,300000.0,0.0,0.0,0.0,0.0,0.0,1275000.0,2,0.7647058823529411,0.7647058823529411,2546202.209666152,200000.0,4021202.209666152,2310000.0,1711202.2096661516,19779321.73522621,23983565.4269372,20.330334191917945,16.766490461629733,8.65147062458955,15758119.525560059,1.0,670200.368277692,<25%
613829595,nakaseke,Kikamulo,Kasana,Najjuma_Olivia,False,0.0,1.0,1.0,1.0,False,0.0,2.0,1.0,1.0,1.0,26_40,non_formal,45.0,0.0,0.0,1.0,10.0,3.0,2.5,0.4,1.0,mailo_kibanja,20.0,6.8965517241379315,1.0,1.0,1.0,1.0,0.0,1.0,0.0,0.0,0.0,0.0,86.5,173.0,34.6,,2024.0,1003400.0,0.0,0.0,0.0,0.0,0.0,0.0,0.0,1003400.0,1,1.0,1.0,788468.9288315307,0.0,1791868.9288315307,1745780.0,46088.928831530735,19779321.73522621,7490012.565973753,9.059304220934337,23.92344355965143,0.23301571938863871,17987452.80639468,1.0,895934.4644157654,<25%
614807717,mukono,Nabaale,Nakanyonyi,Sserugo_William,False,1.0,0.0,1.0,2.0,False,1.0,3.0,3.0,0.0,0.0,61_and_above,primary,65.0,1.0,0.0,0.0,40.0,1.0,0.5,0.5,1.0,customary_divided_inheritance,20.0,20.0,1.0,1.0,1.0,1.0,0.0,0.0,1.0,1.0,0.0,0.0,160.0,320.0,320.0,2500.0,2024.0,800000.0,0.0,0.0,500000.0,0.0,0.0,0.0,0.0,1300000.0,2,0.6153846153846154,0.6153846153846154,1522719.3046132154,0.0,2822719.3046132154,308000.0,2514719.3046132154,20166768.67704479,12488741.447423087,13.996884428124718,22.602111802031516,12.46961942631713,17344049.372431576,1.0,940906.4348710718,<25%
615773415,mukono,Nabaale,Nakanyonyi,Sserugo_William,False,1.0,1.0,2.0,4.0,False,1.0,6.0,5.0,1.0,1.0,41_60,primary,55.0,1.0,0.0,1.0,40.0,1.5,1.0,0.25,1.0,customary_divided_inheritance,20.0,16.0,1.0,1.0,1.0,1.0,0.0,0.0,1.0,1.0,1.0,0.0,180.0,360.0,180.0,,2024.0,900000.0,200000.0,0.0,300000.0,300000.0,500000.0,0.0,0.0,2200000.0,5,0.6363636363636364,0.4090909090909091,2935802.81929428,75000.0,5210802.819294279,1171500.0,4039302.81929428,20166768.67704479,23526901.11277172,25.838560965027458,22.148275262931094,20.02949944029503,14955965.85775051,1.0,868467.1365490466,<25%
616587562,mukono,Nabaale,Nabalanga,Sserugo_William,False,1.0,1.0,2.0,4.0,False,0.0,6.0,2.0,1.0,1.0,26_40,primary non_formal,45.0,0.0,0.0,1.0,7.0,3.0,2.0,1.0,1.0,mailo_kibanja,20.0,6.666666666666667,1.0,1.0,1.0,1.0,0.0,1.0,1.0,0.0,0.0,0.0,200.0,400.0,100.0,2500.0,2024.0,1500000.0,20000.0,0.0,0.0,200000.0,0.0,0.0,0.0,1720000.0,3,1.0,0.872093023255814,2935802.81929428,0.0,4655802.819294279,3340000.0,1315802.8192942794,20166768.67704479,23526901.11277172,23.08650877021184,19.789273551062145,6.524609075285408,15510965.85775051,1.0,775967.1365490466,<25%
617648818,mukono,Kimenyedde,Naggalama,Kisira_Isaac,False,1.0,1.0,2.0,5.0,False,0.0,7.0,2.5,0.0,0.0,41_60,primary,55.0,1.0,0.0,1.0,40.0,1.0,0.75,0.25,1.0,customary_divided_inheritance,20.0,20.0,1.0,1.0,1.0,1.0,0.0,0.0,0.0,0.0,0.0,0.0,190.0,380.0,253.33333333333334,7500.0,2024.0,1200000.0,0.0,0.0,0.0,0.0,0.0,0.0,0.0,1200000.0,1,1.0,1.0,3392618.6106782453,0.0,4592618.610678245,1335500.0,3257118.6106782453,20166768.67704479,27531183.545998648,22.773200229672298,16.681515355142558,16.150919678003362,15574150.066366546,1.0,656088.3729540351,<25%
617656724,mukono,Kimenyedde,Naggalama,Kisira_Isaac,False,2.0,1.0,3.0,2.0,False,0.0,5.0,0.6666666666666666,0.0,0.0,26_40,primary,35.0,1.0,0.0,1.0,20.0,1.0,1.0,0.0,1.0,mailo_kibanja,20.0,20.0,1.0,1.0,1.0,1.0,1.0,0.0,0.0,0.0,0.0,0.0,165.0,330.0,165.0,8000.0,2024.0,3200000.0,0.0,0.0,0.0,0.0,0.0,0.0,0.0,3200000.0,1,1.0,1.0,2631258.9583716355,0.0,5831258.958371636,1696750.0,4134508.958371636,20166768.67704479,21286812.82228709,28.91518741427911,27.393762547046798,20.50159360967838,14335509.718673155,1.0,1166251.7916743273,25-50%
618738718,mukono,Kimenyedde,Naggalama,Kisira_Isaac,False,2.0,3.0,5.0,4.0,False,0.0,9.0,0.8,0.0,0.0,41_60,primary,55.0,1.0,0.0,1.0,38.0,2.0,2.0,0.0,1.0,customary_divided_inheritance,20.0,10.0,1.0,1.0,1.0,1.0,1.0,0.0,0.0,0.0,0.0,0.0,160.0,320.0,80.0,8000.0,2024.0,2400000.0,0.0,0.0,0.0,0.0,0.0,0.0,0.0,2400000.0,1,1.0,1.0,4543794.404965835,1000000.0,7943794.404965835,3232000.0,4711794.404965835,20166768.67704479,36642867.2815305,39.39051680603651,21.67896508734684,23.364151592263386,12222974.272078956,1.0,882643.8227739816,<25%
618740822,mukono,Kimenyedde,Naggalama,Kisira_Isaac,False,0.0,2.0,2.0,9.0,False,1.0,11.0,10.0,1.0,1.0,26_40,primary,35.0,1.0,0.0,0.0,15.0,3.0,3.0,0.0,1.0,customary_divided_inheritance,20.0,6.666666666666667,1.0,1.0,1.0,1.0,1.0,0.0,0.0,0.0,0.0,0.0,140.0,280.0,46.666666666666664,7000.0,2024.0,2400000.0,0.0,0.0,0.0,0.0,0.0,0.0,0.0,2400000.0,1,1.0,1.0,5110245.986281954,0.0,7510245.986281954,4753000.0,2757245.9862819538,20166768.67704479,41453581.4993319,37.24070081108549,18.117242743918265,13.672224987736591,12656522.690762836,1.0,682749.6351165413,<25%
619306835,mukono,Nabaale,Nakanyonyi,Sserugo_William,False,0.0,1.0,1.0,7.0,False,1.0,8.0,8.0,1.0,1.0,61_and_above,primary,75.0,1.0,0.0,0.0,50.0,0.75,0.5,0.25,1.0,mailo_kibanja,20.0,26.666666666666668,1.0,1.0,0.0,1.0,0.0,0.0,0.0,0.0,0.0,0.0,120.0,240.0,240.0,5000.0,2024.0,1200000.0,300000.0,0.0,200000.0,0.0,300000.0,0.0,0.0,2000000.0,4,0.75,0.6,3697162.4716008897,0.0,5697162.47160089,763000.0,4934162.47160089,20166768.67704479,29771271.83648328,28.250249521063797,19.136443020950445,24.466797584767733,14469606.2054439,1.0,712145.3089501113,<25%
619559199,mukono,Nabaale,Makukuba,Namazzi_Patience,False,1.0,0.0,1.0,5.0,False,0.0,6.0,5.0,0.0,0.0,41_60,primary,55.0,1.0,0.0,1.0,13.0,7.0,3.0,3.0,1.0,freehold_full_ownership,20.0,3.3333333333333335,1.0,1.0,1.0,0.0,1.0,0.0,1.0,0.0,1.0,0.0,240.0,480.0,80.0,7000.0,2025.0,6000000.0,0.0,0.0,0.0,12000000.0,0.0,0.0,0.0,18000000.0,2,1.0,0.3333333333333333,2893166.67876511,0.0,20893166.67876511,400000.0,20493166.67876511,20166768.67704479,23213288.75210388,103.6019553422416,90.00519875440531,101.61849430093304,-726398.0017203204,0.0,3482194.446460852,50-100%
619769613,mukono,Kimenyedde,Naggalama,Kisira_Isaac,False,1.0,1.0,2.0,7.0,False,1.0,9.0,8.0,1.0,1.0,61_and_above,primary,65.0,1.0,0.0,0.0,53.0,3.0,3.0,0.0,1.0,mailo_kibanja,20.0,6.666666666666667,1.0,1.0,1.0,1.0,1.0,0.0,0.0,0.0,0.0,0.0,240.0,480.0,80.0,8000.0,2024.0,4500000.0,0.0,0.0,0.0,0.0,0.0,0.0,0.0,4500000.0,1,1.0,1.0,4306250.193446174,0.0,8806250.193446174,5028000.0,3778250.1934461743,20166768.67704479,34895598.4149525,43.66713544679102,25.235991338302316,18.73503015754249,11360518.483598616,1.0,978472.2437162416,25-50%
620129760,mukono,Nabaale,Nabalanga,Sserugo_William,False,0.0,2.0,2.0,5.0,False,1.0,7.0,6.0,1.0,1.0,61_and_above,primary,75.0,1.0,0.0,0.0,70.0,3.0,2.0,1.0,1.0,mailo_kibanja,20.0,6.666666666666667,1.0,1.0,1.0,1.0,1.0,0.0,0.0,0.0,0.0,0.0,310.0,620.0,155.0,5000.0,2024.0,3500000.0,500000.0,0.0,0.0,500000.0,0.0,0.0,0.0,4500000.0,3,1.0,0.7777777777777778,3282982.820746093,0.0,7782982.820746094,2854500.0,4928482.820746094,20166768.67704479,26724751.76142419,38.5931080253091,29.12275066285342,24.438634169270923,12383785.856298696,1.0,1111854.6886780134,25-50%
620157158,mukono,Nabaale,Nabalanga,Sserugo_William,False,1.0,1.0,2.0,5.0,False,0.0,7.0,2.5,1.0,1.0,41_60,primary,65.0,1.0,0.0,0.0,40.0,2.0,1.0,1.0,1.0,freehold_full_ownership,20.0,10.0,1.0,1.0,0.0,1.0,1.0,0.0,0.0,0.0,0.0,0.0,250.0,500.0,250.0,5000.0,2024.0,2500000.0,0.0,0.0,2000000.0,1000000.0,300000.0,0.0,0.0,5800000.0,4,0.603448275862069,0.43103448275862066,3392618.6106782453,0.0,9192618.610678244,1653500.0,7539118.610678243,20166768.67704479,27531183.545998648,45.58300220472067,33.38984172372891,37.38387012521143,10974150.066366546,1.0,1313231.230096892,25-50%
620418682,mukono,Nabaale,Makukuba,Namazzi_Patience,False,1.0,1.0,2.0,3.0,False,0.0,5.0,1.5,0.0,0.0,26_40,non_formal,35.0,0.0,0.0,1.0,5.0,2.0,1.0,0.25,1.0,mailo_kibanja,20.0,16.0,1.0,1.0,1.0,0.0,1.0,0.0,0.0,0.0,0.0,0.0,900.0,1800.0,900.0,6000.0,2025.0,12000000.0,1800000.0,0.0,0.0,1000000.0,0.0,0.0,0.0,14800000.0,3,1.0,0.8108108108108109,2478987.027910315,0.0,17278987.027910315,1100000.0,16178987.027910316,20166768.67704479,20166768.67704479,85.68049400784,85.68049400784,80.22597614424149,2887781.6491344757,1.0,3455797.405582063,50-100%
620699865,mukono,Kimenyedde,Naggalama,Kisira_Isaac,False,0.0,3.0,3.0,5.0,False,0.0,8.0,1.6666666666666667,1.0,1.0,41_60,primary,55.0,1.0,0.0,0.0,38.0,2.0,2.0,0.0,1.0,customary_divided_inheritance,20.0,10.0,1.0,1.0,1.0,1.0,1.0,0.0,0.0,0.0,0.0,0.0,100.0,200.0,50.0,8000.0,2024.0,2400000.0,0.0,0.0,0.0,0.0,0.0,0.0,0.0,2400000.0,1,1.0,1.0,3782434.752659229,0.0,6182434.75265923,2540000.0,3642434.75265923,20166768.67704479,30398496.55781896,30.65654618082918,20.33796224395516,18.06156856851986,13984333.92438556,1.0,772804.3440824037,<25%
620699988,mukono,Kimenyedde,Naggalama,Kisira_Isaac,False,3.0,1.0,4.0,0.0,False,0.0,4.0,0.0,0.0,0.0,41_60,primary,55.0,1.0,0.0,1.0,33.0,1.0,1.0,0.0,1.0,mailo_kibanja,20.0,20.0,1.0,1.0,1.0,1.0,1.0,0.0,0.0,0.0,0.0,0.0,200.0,400.0,200.0,8000.0,2024.0,36000000.0,0.0,0.0,0.0,0.0,0.0,0.0,0.0,36000000.0,1,1.0,1.0,2326715.0974489907,0.0,38326715.09744899,1730000.0,36596715.09744899,20166768.67704479,18402574.534302466,190.04886559280618,208.26822369885178,181.47039658914667,-18159946.4204042,0.0,9581678.774362247,>=100%
621075678,mukono,Nabaale,Nabalanga,Sserugo_William,False,1.0,1.0,2.0,5.0,False,0.0,7.0,2.5,1.0,1.0,26_40,secondary,35.0,2.0,1.0,1.0,5.0,1.0,0.5,0.5,1.0,mailo_kibanja,20.0,20.0,1.0,1.0,0.0,1.0,1.0,0.0,0.0,0.0,0.0,0.0,240.0,480.0,480.0,2500.0,2024.0,1200000.0,0.0,0.0,0.0,0.0,0.0,0.0,100000.0,1300000.0,2,0.9230769230769231,0.9230769230769231,3392618.6106782453,25000.0,4717618.610678245,908000.0,3809618.610678245,20166768.67704479,27531183.545998648,23.393031805081222,17.135545962984576,18.8905752413108,15449150.066366546,1.0,673945.5158111779,<25%
621078199,mukono,Nabaale,Nakanyonyi,Sserugo_William,False,1.0,1.0,2.0,2.0,False,0.0,4.0,1.0,1.0,1.0,16_25,secondary,25.0,2.0,1.0,1.0,5.0,2.0,0.5,1.5,1.0,mailo_kibanja,20.0,10.0,1.0,1.0,0.0,1.0,0.0,0.0,0.0,0.0,1.0,0.0,250.0,500.0,500.0,6000.0,2024.0,1200000.0,0.0,0.0,0.0,500000.0,0.0,0.0,1000000.0,2700000.0,3,0.6296296296296297,0.4444444444444444,2022171.23652635,0.0,4722171.23652635,1537500.0,3184671.2365263496,20166768.67704479,16162486.243817862,23.415606695094645,29.21686159722225,15.79167831756489,15444597.44051844,1.0,1180542.8091315874,25-50%
621497521,mukono,Kimenyedde,Bamusuuta,Namazzi_Patience,False,0.0,2.0,2.0,4.0,False,0.0,6.0,2.0,1.0,1.0,41_60,primary,55.0,1.0,0.0,0.0,30.0,2.0,1.0,,1.0,mailo_kibanja,20.0,20.0,1.0,1.0,1.0,1.0,1.0,0.0,0.0,0.0,0.0,0.0,140.0,280.0,140.0,2500.0,2025.0,750000.0,0.0,0.0,500000.0,200000.0,0.0,0.0,0.0,1450000.0,3,0.6551724137931034,0.5172413793103449,2826167.0293621286,0.0,4276167.029362129,44307.69230769231,4231859.337054437,20166768.67704479,22720469.328197263,21.204026772169794,18.820768918075064,20.984320318363306,15890601.647682661,1.0,712694.5048936881,<25%
622288485,mukono,Nabaale,Nakanyonyi,Sserugo_William,False,1.0,1.0,2.0,4.0,False,0.0,6.0,2.0,1.0,1.0,26_40,primary,35.0,1.0,0.0,1.0,10.0,3.5,1.5,2.0,1.0,mailo_kibanja,20.0,5.714285714285714,1.0,1.0,1.0,1.0,0.0,0.0,1.0,1.0,0.0,0.0,400.0,800.0,266.6666666666667,2500.0,2024.0,2000000.0,2500000.0,0.0,0.0,1000000.0,500000.0,0.0,0.0,6000000.0,4,0.9166666666666666,0.3333333333333333,2935802.81929428,0.0,8935802.81929428,1569000.0,7366802.819294279,20166768.67704479,23526901.11277172,44.309541912213376,37.98121468042991,36.52941597768057,11230965.85775051,1.0,1489300.46988238,25-50%
622289226,mukono,Nabaale,Nabalanga,Sserugo_William,False,0.0,2.0,2.0,8.0,False,0.0,10.0,4.0,1.0,1.0,26_40,primary,25.0,1.0,0.0,0.0,8.0,4.0,0.5,3.5,1.0,mailo_kibanja,20.0,5.0,1.0,1.0,1.0,1.0,1.0,1.0,0.0,0.0,1.0,0.0,180.0,360.0,360.0,2500.0,2024.0,900000.0,200000.0,100000.0,0.0,500000.0,0.0,0.0,300000.0,2000000.0,5,0.8,0.45,4653430.194897989,40000.0,6693430.194897989,1351000.0,5342430.194897989,20166768.67704479,37449299.06610497,33.19039506074621,17.873312349806174,26.491255393726572,13473338.482146801,1.0,669343.0194897989,<25%
622950844,mukono,Nabaale,Nakanyonyi,Sserugo_William,False,2.0,2.0,4.0,4.0,False,0.0,8.0,1.0,1.0,1.0,41_60,primary,45.0,1.0,0.0,0.0,20.0,4.0,2.0,2.0,1.0,customary_divided_inheritance,20.0,5.0,1.0,1.0,1.0,1.0,0.0,0.0,1.0,1.0,0.0,0.0,260.0,520.0,130.0,,2024.0,2600000.0,400000.0,0.0,0.0,1500000.0,0.0,0.0,0.0,4500000.0,3,1.0,0.5777777777777777,4044342.4730527,0.0,8544342.4730527,3057000.0,5487342.473052699,20166768.67704479,32324972.487635724,42.36842604724504,26.432636489701277,27.20982503904441,11622426.203992091,1.0,1068042.8091315874,25-50%
622950959,mukono,Nabaale,Nabalanga,Sserugo_William,False,0.0,1.0,1.0,0.0,False,1.0,1.0,1.0,1.0,1.0,61_and_above,primary,75.0,1.0,0.0,0.0,50.0,1.0,0.5,0.5,1.0,customary_divided_inheritance,20.0,20.0,1.0,1.0,1.0,1.0,0.0,1.0,1.0,0.0,0.0,0.0,175.0,350.0,350.0,2000.0,2024.0,700000.0,100000.0,0.0,200000.0,0.0,0.0,0.0,0.0,1000000.0,3,0.8,0.7,499451.9319131346,0.0,1499451.9319131346,1016250.0,483201.9319131346,20166768.67704479,4317894.793894773,7.435261225661375,34.7264582275896,2.396030517586828,18667316.745131657,1.0,1499451.9319131346,25-50%
622951178,mukono,Nabaale,Nakanyonyi,Sserugo_William,False,1.0,1.0,2.0,4.0,False,0.0,6.0,2.0,1.0,1.0,26_40,secondary,35.0,2.0,1.0,1.0,10.0,5.0,3.0,2.0,1.0,mailo_kibanja,20.0,4.0,1.0,1.0,1.0,1.0,0.0,0.0,0.0,0.0,0.0,0.0,420.0,840.0,140.0,2500.0,2024.0,2100000.0,0.0,0.0,0.0,2000000.0,0.0,0.0,0.0,4100000.0,2,1.0,0.5121951219512195,2935802.81929428,0.0,7035802.819294279,5249000.0,1786802.8192942794,20166768.67704479,23526901.11277172,34.888101965997734,29.90535296412179,8.860134451426232,13130965.85775051,1.0,1172633.8032157132,25-50%
623479319,mukono,Kimenyedde,Naggalama,Kisira_Isaac,False,1.0,2.0,3.0,1.0,False,0.0,4.0,0.3333333333333333,0.0,0.0,26_40,primary,45.0,1.0,0.0,1.0,28.0,0.5,0.5,0.0,1.0,mailo_kibanja,20.0,40.0,1.0,1.0,1.0,1.0,0.0,0.0,0.0,0.0,0.0,0.0,90.0,180.0,180.0,8000.0,2024.0,400000.0,0.0,0.0,0.0,2800000.0,0.0,0.0,0.0,3200000.0,2,1.0,0.125,2064807.37705552,0.0,5264807.37705552,1575500.0,3689307.37705552,20166768.67704479,16476098.604485704,26.106350805958755,31.95421139093055,18.293993629504683,14901961.29998927,1.0,1316201.84426388,25-50%
623704150,mukono,Nabaale,Nabalanga,Sserugo_William,False,0.0,2.0,2.0,6.0,False,1.0,8.0,7.0,1.0,1.0,61_and_above,non_formal,75.0,0.0,0.0,0.0,30.0,2.0,1.0,1.0,1.0,customary_divided_inheritance,20.0,10.0,1.0,1.0,1.0,1.0,0.0,0.0,0.0,0.0,0.0,0.0,250.0,500.0,250.0,2000.0,2024.0,1000000.0,500000.0,0.0,500000.0,300000.0,0.0,0.0,0.0,2300000.0,4,0.782608695652174,0.43478260869565216,3739798.612130059,0.0,6039798.612130059,1977500.0,4062298.6121300594,20166768.67704479,30084884.19715111,29.949263111273623,20.075857937661592,20.143527588304458,14126970.064914731,1.0,754974.8265162574,<25%
623704380,mukono,Nabaale,Nakanyonyi,Sserugo_William,False,1.0,0.0,1.0,0.0,False,0.0,1.0,0.0,0.0,0.0,41_60,primary,45.0,1.0,0.0,0.0,8.0,1.0,0.5,0.5,1.0,customary_divided_inheritance,20.0,20.0,1.0,1.0,1.0,1.0,0.0,0.0,0.0,0.0,0.0,0.0,75.0,150.0,150.0,2000.0,2024.0,300000.0,0.0,200000.0,0.0,200000.0,0.0,0.0,0.0,700000.0,3,0.7142857142857143,0.42857142857142855,609087.7218452854,0.0,1309087.7218452855,505250.0,803837.7218452855,20166768.67704479,5124326.578469231,6.491311239838733,25.54653185738884,3.985952012035866,18857680.955199506,1.0,1309087.7218452855,25-50%
624715344,mukono,Nabaale,Makukuba,Namazzi_Patience,False,0.0,1.0,1.0,1.0,False,1.0,2.0,2.0,1.0,1.0,61_and_above,non_formal,75.0,0.0,0.0,0.0,20.0,1.0,0.5,0.0,1.0,freehold_full_ownership,20.0,40.0,1.0,1.0,1.0,1.0,0.0,0.0,0.0,0.0,0.0,0.0,40.0,80.0,80.0,2500.0,2025.0,200000.0,0.0,0.0,0.0,200000.0,0.0,0.0,1000000.0,1400000.0,3,0.2857142857142857,0.14285714285714285,956267.7232970996,0.0,2356267.7232971,0.0,2356267.7232971,20166768.67704479,7678027.2296217,11.683913080131509,30.6884522915816,11.683913080131509,17810500.95374769,1.0,1178133.86164855,25-50%
631647480,mukono,Kimenyedde,Naggalama,Kisira_Isaac,False,1.0,1.0,2.0,4.0,False,1.0,6.0,5.0,0.0,0.0,61_and_above,primary,65.0,1.0,0.0,1.0,50.0,5.0,5.0,0.0,1.0,customary_divided_inheritance,20.0,4.0,1.0,1.0,1.0,1.0,1.0,1.0,0.0,1.0,1.0,0.0,275.0,550.0,55.0,8000.0,2024.0,3200000.0,0.0,0.0,0.0,700000.0,0.0,0.0,0.0,3900000.0,2,1.0,0.8205128205128205,2935802.81929428,0.0,6835802.819294279,7961250.0,-1125447.1807057206,20166768.67704479,23526901.11277172,33.89637144534346,29.055262257141983,-5.580701592450864,13330965.85775051,1.0,1139300.46988238,25-50%
632449589,mukono,Nabaale,Nakanyonyi,Sserugo_William,False,0.0,1.0,1.0,5.0,False,1.0,6.0,6.0,1.0,1.0,61_and_above,primary,75.0,1.0,0.0,0.0,50.0,3.0,2.0,1.0,1.0,customary_divided_inheritance,20.0,6.666666666666667,1.0,1.0,1.0,1.0,1.0,0.0,1.0,0.0,0.0,0.0,600.0,1200.0,300.0,2500.0,2024.0,3000000.0,0.0,0.0,500000.0,0.0,0.0,0.0,0.0,3500000.0,2,0.8571428571428571,0.8571428571428571,2783530.88883296,0.0,6283530.888832959,5475000.0,808530.8888329593,20166768.67704479,22406856.967529416,31.15784679964772,28.042892842751886,4.009223796736882,13883237.78821183,1.0,1047255.1481388266,25-50%
632465838,mukono,Nabaale,Nakanyonyi,Sserugo_William,False,1.0,1.0,2.0,4.0,False,1.0,6.0,5.0,1.0,1.0,41_60,primary,55.0,1.0,0.0,1.0,30.0,3.0,2.0,1.0,1.0,freehold_full_ownership,20.0,6.666666666666667,1.0,1.0,1.0,1.0,1.0,1.0,1.0,0.0,1.0,0.0,500.0,1000.0,250.0,2500.0,2024.0,2500000.0,200000.0,0.0,300000.0,300000.0,0.0,0.0,0.0,3300000.0,4,0.9090909090909091,0.7575757575757576,2935802.81929428,0.0,6235802.819294279,2235000.0,4000802.81929428,20166768.67704479,23526901.11277172,30.921179883380628,26.504990136202583,19.83859131506908,13930965.85775051,1.0,1039300.4698823799,25-50%
633165465,mukono,Nabaale,Nakanyonyi,Sserugo_William,False,1.0,1.0,2.0,7.0,False,1.0,9.0,8.0,1.0,1.0,61_and_above,non_formal,65.0,0.0,0.0,0.0,11.0,3.0,1.5,1.5,1.0,customary_divided_inheritance,20.0,6.666666666666667,1.0,1.0,1.0,1.0,0.0,1.0,0.0,0.0,0.0,0.0,200.0,400.0,133.33333333333334,5000.0,2024.0,2000000.0,400000.0,0.0,500000.0,500000.0,0.0,0.0,0.0,3400000.0,4,0.8529411764705882,0.5882352941176471,4306250.193446174,0.0,7706250.193446174,3105000.0,4601250.193446174,20166768.67704479,34895598.4149525,38.2126175831925,22.083731311351016,22.81600125003484,12460518.483598616,1.0,856250.0214940193,<25%
633165662,mukono,Nabaale,Nakanyonyi,Sserugo_William,False,2.0,1.0,3.0,8.0,False,0.0,11.0,2.6666666666666665,1.0,1.0,26_40,secondary,35.0,2.0,1.0,1.0,5.0,1.0,0.5,0.5,1.0,mailo_kibanja,20.0,20.0,1.0,1.0,1.0,1.0,0.0,0.0,1.0,1.0,0.0,0.0,100.0,200.0,200.0,5000.0,2024.0,2000000.0,300000.0,0.0,0.0,300000.0,200000.0,0.0,0.0,2800000.0,4,0.9285714285714286,0.7142857142857143,5372153.706675425,0.0,8172153.706675425,1189000.0,6983153.706675425,20166768.67704479,43380057.42914866,40.52287125194,18.838503660403763,34.627033306650326,11994614.970369365,1.0,742923.0642432205,<25%
634022615,mukono,Nabaale,Nabalanga,Sserugo_William,False,1.0,1.0,2.0,1.0,False,2.0,3.0,3.0,0.0,0.0,61_and_above,primary,75.0,1.0,0.0,1.0,59.0,3.0,2.0,1.0,1.0,freehold_full_ownership,20.0,6.666666666666667,1.0,1.0,1.0,1.0,0.0,0.0,1.0,0.0,0.0,0.0,400.0,800.0,200.0,5000.0,2024.0,4000000.0,1000000.0,0.0,1000000.0,300000.0,0.0,0.0,0.0,6300000.0,4,0.8412698412698413,0.6349206349206349,1565355.445142385,0.0,7865355.445142386,3880000.0,3985355.4451423846,20166768.67704479,12802353.808090933,39.00156525371006,61.43679172631189,19.76199315301708,12301413.231902406,1.0,2621785.148380795,50-100%
634718321,mukono,Nabaale,Nabalanga,Sserugo_William,False,1.0,1.0,2.0,4.0,False,0.0,6.0,2.0,1.0,1.0,26_40,primary,35.0,1.0,0.0,1.0,20.0,0.5,0.5,0.0,1.0,mailo_kibanja,20.0,40.0,1.0,1.0,1.0,1.0,0.0,1.0,1.0,0.0,0.0,0.0,100.0,200.0,200.0,5000.0,2024.0,1000000.0,0.0,0.0,0.0,300000.0,500000.0,0.0,0.0,1800000.0,3,0.7222222222222222,0.5555555555555556,2935802.81929428,0.0,4735802.819294279,710500.0,4025302.81929428,20166768.67704479,23526901.11277172,23.48320097847355,20.129309833854066,19.960078303849233,15430965.85775051,1.0,789300.4698823799,<25%
634929270,mukono,Kimenyedde,Naggalama,Kisira_Isaac,False,1.0,1.0,2.0,3.0,False,1.0,5.0,4.0,1.0,1.0,41_60,primary,55.0,1.0,0.0,1.0,40.0,0.5,0.5,0.0,1.0,mailo_kibanja,20.0,40.0,1.0,1.0,1.0,1.0,1.0,0.0,0.0,0.0,1.0,0.0,100.0,200.0,200.0,8000.0,2024.0,80000.0,0.0,0.0,0.0,0.0,0.0,0.0,0.0,80000.0,1,1.0,1.0,2478987.027910315,150000.0,2708987.027910315,1085000.0,1623987.027910315,20166768.67704479,20166768.67704479,13.4329255781759,13.4329255781759,8.052787503626444,17457781.649134476,1.0,541797.405582063,<25%
635102819,mukono,Kimenyedde,Makukuba,Namazzi_Patience,False,1.0,1.0,2.0,6.0,False,0.0,8.0,3.0,1.0,0.0,41_60,primary,45.0,1.0,0.0,1.0,20.0,1.5,0.5,0.5,1.0,mailo_kibanja,20.0,20.0,1.0,1.0,1.0,1.0,0.0,0.0,0.0,0.0,1.0,0.0,200.0,400.0,400.0,2500.0,2025.0,1000000.0,0.0,500000.0,0.0,500000.0,0.0,0.0,0.0,2000000.0,3,0.75,0.5,3849434.402062209,0.0,5849434.402062209,0.0,5849434.402062209,20166768.67704479,30891315.981725574,29.005313125450975,18.935529990119452,29.005313125450975,14317334.27498258,1.0,731179.3002577762,<25%
635238371,mukono,Nabaale,Nakanyonyi,Sserugo_William,False,1.0,1.0,2.0,6.0,False,2.0,8.0,8.0,1.0,1.0,61_and_above,primary,65.0,1.0,0.0,1.0,53.0,2.0,1.0,1.0,1.0,customary_divided_inheritance,20.0,10.0,1.0,1.0,1.0,1.0,1.0,0.0,1.0,1.0,0.0,0.0,400.0,800.0,400.0,2500.0,2024.0,2000000.0,1000000.0,0.0,500000.0,500000.0,0.0,0.0,0.0,4000000.0,4,0.875,0.5,3849434.402062209,0.0,7849434.402062209,2130000.0,5719434.402062209,20166768.67704479,30891315.981725574,38.92261833199375,25.409841415321093,28.3606882870257,12317334.27498258,1.0,981179.3002577762,25-50%
635238449,mukono,Nabaale,Nabalanga,Sserugo_William,False,1.0,1.0,2.0,5.0,False,2.0,7.0,7.0,0.0,0.0,61_and_above,primary,65.0,1.0,0.0,1.0,50.0,3.0,2.0,1.0,1.0,customary_divided_inheritance,20.0,6.666666666666667,1.0,1.0,1.0,1.0,1.0,1.0,1.0,0.0,0.0,0.0,500.0,1000.0,250.0,2500.0,2024.0,2500000.0,100000.0,0.0,300000.0,300000.0,0.0,0.0,0.0,3200000.0,4,0.90625,0.78125,3392618.6106782453,0.0,6592618.610678245,3575000.0,3017618.6106782453,20166768.67704479,27531183.545998648,32.69050543621507,23.946005080614885,14.963322379519864,13574150.066366546,1.0,941802.6586683207,<25%
635238630,mukono,Nabaale,Nabalanga,Sserugo_William,False,1.0,1.0,2.0,6.0,False,1.0,8.0,7.0,1.0,1.0,41_60,primary,55.0,1.0,0.0,1.0,30.0,1.0,0.5,0.5,1.0,customary_divided_inheritance,20.0,20.0,1.0,1.0,1.0,1.0,1.0,1.0,1.0,0.0,1.0,0.0,150.0,300.0,300.0,5000.0,2024.0,1500000.0,500000.0,0.0,300000.0,300000.0,0.0,0.0,0.0,2600000.0,4,0.8846153846153846,0.5769230769230769,3849434.402062209,0.0,6449434.402062209,1192500.0,5256934.402062209,20166768.67704479,30891315.981725574,31.980504687413813,20.877823417679945,26.067311458012682,13717334.27498258,1.0,806179.3002577762,<25%
635625333,mukono,Kimenyedde,Naggalama,Kisira_Isaac,False,1.0,1.0,2.0,0.0,False,2.0,2.0,2.0,1.0,1.0,61_and_above,primary,75.0,1.0,0.0,1.0,52.0,0.5,0.5,0.0,1.0,mailo_kibanja,20.0,40.0,1.0,1.0,1.0,1.0,1.0,0.0,0.0,0.0,0.0,0.0,60.0,120.0,120.0,8000.0,2024.0,400000.0,0.0,0.0,0.0,0.0,0.0,0.0,0.0,400000.0,1,1.0,1.0,1108539.65375842,300000.0,1808539.65375842,730500.0,1078039.65375842,20166768.67704479,8798071.374864,8.96791986222872,20.556092087697756,5.345624135538973,18358229.02328637,1.0,904269.82687921,<25%
635859825,mukono,Nabaale,Nabalanga,Sserugo_William,False,0.0,1.0,1.0,3.0,False,1.0,4.0,4.0,1.0,1.0,61_and_above,primary,75.0,1.0,0.0,0.0,30.0,2.0,1.0,1.0,1.0,customary_divided_inheritance,20.0,10.0,1.0,1.0,1.0,1.0,1.0,0.0,0.0,0.0,0.0,0.0,150.0,300.0,150.0,5000.0,2025.0,1500000.0,0.0,0.0,500000.0,0.0,0.0,0.0,0.0,2000000.0,2,0.75,0.75,1869899.3060650292,0.0,3869899.3060650295,1682500.0,2187399.306065029,20166768.67704479,15042442.098575557,19.18948626841749,25.726536161515217,10.84655326341338,16296869.37097976,1.0,967474.8265162574,25-50%
635860002,mukono,Nabaale,Nabalanga,Sserugo_William,False,1.0,1.0,2.0,7.0,False,0.0,9.0,3.5,1.0,1.0,26_40,secondary,25.0,2.0,1.0,1.0,10.0,3.0,2.0,1.0,1.0,customary_divided_inheritance,20.0,6.666666666666667,1.0,1.0,1.0,1.0,1.0,0.0,1.0,0.0,0.0,0.0,250.0,500.0,125.0,6000.0,2024.0,3000000.0,200000.0,0.0,0.0,0.0,0.0,0.0,0.0,3200000.0,2,1.0,0.9375,4306250.193446174,0.0,7506250.193446174,2557500.0,4948750.193446174,20166768.67704479,34895598.4149525,37.220887062538225,21.510593124632596,24.539133029671646,12660518.483598616,1.0,834027.7992717972,<25%
635860179,mukono,Nabaale,Nabalanga,Sserugo_William,False,1.0,1.0,2.0,4.0,False,1.0,6.0,5.0,1.0,1.0,41_60,primary,55.0,1.0,0.0,1.0,35.0,2.0,2.0,0.0,1.0,customary_divided_inheritance,20.0,10.0,1.0,1.0,1.0,1.0,1.0,0.0,1.0,0.0,1.0,0.0,250.0,500.0,125.0,6000.0,2024.0,3000000.0,1000000.0,0.0,500000.0,500000.0,0.0,0.0,0.0,5000000.0,4,0.9,0.6,2935802.81929428,0.0,7935802.819294279,3517500.0,4418302.819294279,20166768.67704479,23526901.11277172,39.35088930894198,33.7307611455309,21.908828776934886,12230965.85775051,1.0,1322633.8032157132,25-50%
636134719,mukono,Nabaale,Makukuba,Namazzi_Patience,False,1.0,1.0,2.0,5.0,False,1.0,7.0,6.0,0.0,0.0,61_and_above,primary,75.0,1.0,0.0,1.0,49.0,8.0,5.5,1.5,1.0,mailo_kibanja,20.0,2.857142857142857,1.0,1.0,0.0,1.0,1.0,0.0,1.0,0.0,1.0,0.0,2000.0,2000.0,363.6363636363636,,2025.0,24000000.0,0.0,0.0,1000000.0,1950000.0,0.0,0.0,0.0,26950000.0,3,0.9628942486085343,0.8905380333951762,3392618.6106782453,0.0,30342618.610678244,4986538.461538462,25356080.149139784,20166768.67704479,27531183.545998648,150.4585047639105,110.21182057059877,125.7319928402899,-10175849.933633454,0.0,4334659.801525463,>=100%
636135880,mukono,Kimenyedde,Bamusuuta,Namazzi_Patience,False,0.0,2.0,2.0,3.0,False,0.0,5.0,1.5,1.0,1.0,26_40,primary,35.0,1.0,0.0,0.0,4.0,2.0,1.0,0.5,1.0,mailo_kibanja,20.0,13.333333333333334,1.0,1.0,1.0,1.0,1.0,0.0,1.0,0.0,1.0,0.0,100.0,200.0,100.0,7000.0,2025.0,1400000.0,0.0,1500000.0,0.0,500000.0,0.0,0.0,0.0,3400000.0,3,0.5588235294117647,0.4117647058823529,2369351.237978164,0.0,5769351.237978164,0.0,5769351.237978164,20166768.67704479,19360336.892470334,28.60820853538742,29.799849403560707,28.60820853538742,14397417.439066626,1.0,1153870.247595633,25-50%
636603058,mukono,Nabaale,Nabalanga,Sserugo_William,False,0.0,1.0,1.0,1.0,False,1.0,2.0,2.0,1.0,1.0,61_and_above,non_formal,75.0,0.0,0.0,0.0,50.0,1.0,0.5,0.5,1.0,customary_divided_inheritance,20.0,20.0,1.0,1.0,1.0,1.0,0.0,0.0,0.0,0.0,0.0,0.0,150.0,300.0,300.0,3000.0,2024.0,900000.0,0.0,0.0,0.0,200000.0,0.0,0.0,0.0,1100000.0,2,1.0,0.8181818181818182,956267.7232970996,0.0,2056267.7232971,648750.0,1407517.7232970996,20166768.67704479,7678027.2296217,10.196317299150092,26.781198630867753,6.979391422777778,18110500.95374769,1.0,1028133.86164855,25-50%
636603136,mukono,Nabaale,Nakanyonyi,Sserugo_William,False,1.0,1.0,2.0,2.0,False,0.0,4.0,1.0,1.0,1.0,41_60,primary,55.0,1.0,0.0,0.0,30.0,1.0,0.5,0.5,1.0,customary_divided_inheritance,20.0,20.0,1.0,1.0,1.0,1.0,0.0,0.0,0.0,0.0,0.0,0.0,175.0,350.0,350.0,2000.0,2024.0,700000.0,0.0,0.0,300000.0,500000.0,0.0,0.0,0.0,1500000.0,3,0.8,0.4666666666666667,2022171.23652635,0.0,3522171.23652635,956250.0,2565921.23652635,20166768.67704479,16162486.243817862,17.465223571168984,21.79226131049966,12.72351201929072,16644597.44051844,1.0,880542.8091315875,<25%
644152753,mukono,Nabaale,Nakanyonyi,Sserugo_William,False,1.0,2.0,3.0,8.0,False,2.0,11.0,10.0,1.0,1.0,61_and_above,non_formal,65.0,0.0,0.0,1.0,20.0,2.0,1.0,1.0,1.0,customary_divided_inheritance,20.0,10.0,1.0,1.0,1.0,1.0,0.0,1.0,1.0,0.0,1.0,0.0,200.0,400.0,200.0,5000.0,2024.0,2000000.0,200000.0,0.0,300000.0,300000.0,0.0,0.0,300000.0,3100000.0,5,0.8064516129032258,0.6451612903225806,5262517.916743274,0.0,8362517.916743274,2140000.0,6222517.916743274,20166768.67704479,42573625.64457421,41.466821237762645,19.642484731175426,30.855304666761878,11804250.760301515,1.0,760228.9015221158,<25%
644152847,mukono,Nabaale,Nabalanga,Sserugo_William,False,0.0,2.0,2.0,4.0,False,1.0,6.0,5.0,1.0,1.0,61_and_above,primary,65.0,1.0,0.0,0.0,30.0,2.0,0.5,1.0,1.0,customary_divided_inheritance,20.0,13.333333333333334,1.0,1.0,1.0,1.0,1.0,0.0,1.0,0.0,0.0,0.0,175.0,350.0,350.0,2000.0,2024.0,700000.0,100000.0,0.0,200000.0,200000.0,0.0,0.0,0.0,1200000.0,4,0.8333333333333334,0.5833333333333334,2826167.0293621286,0.0,4026167.0293621286,936250.0,3089917.0293621286,20166768.67704479,22720469.328197263,19.964363621351943,17.72043953495912,15.321825121539106,16140601.647682661,1.0,671027.8382270214,<25%
644159669,mukono,Kimenyedde,Naggalama,Kisira_Isaac,False,0.0,1.0,1.0,4.0,False,1.0,5.0,5.0,1.0,1.0,61_and_above,primary,75.0,1.0,0.0,1.0,56.0,0.75,0.75,0.0,1.0,mailo_kibanja,20.0,26.666666666666668,1.0,1.0,1.0,1.0,1.0,0.0,0.0,0.0,1.0,0.0,160.0,320.0,213.33333333333334,8000.0,2024.0,3200000.0,0.0,0.0,0.0,420000.0,0.0,0.0,0.0,3620000.0,2,1.0,0.8839779005524862,2326715.0974489944,0.0,5946715.097448994,1240500.0,4706215.097448994,20166768.67704479,19046724.531802487,29.487694298878715,31.221720498554546,23.33648574452056,14220053.579595797,1.0,1189343.019489799,25-50%
554400498,nakaseke,Kasangombe,Bukuuku,Najjuma_Olivia,False,0.0,1.0,1.0,0.0,False,1.0,1.0,1.0,1.0,1.0,61_and_above,primary,65.0,1.0,0.0,0.0,40.0,4.0,2.0,1.0,1.0,freehold_full_ownership,22.0,7.333333333333333,,,,1.0,0.0,0.0,0.0,0.0,,0.0,175.0,350.0,87.5,7000.0,2024.0,7000000.0,0.0,0.0,0.0,1512999.9999999988,0.0,0.0,0.0,8512999.999999998,2,1.0,0.8222718195700695,411811.7972241125,0.0,8924811.797224112,4369500.0,4555311.797224112,19779321.73522621,4336829.797190519,45.12193045188888,205.79114732622838,23.030677483299524,10854509.938002098,1.0,8924811.797224112,>=100%
559666632,nakaseke,Kasangombe,Bukuuku,Najjuma_Olivia,False,1.0,1.0,2.0,2.0,False,0.0,4.0,1.0,1.0,1.0,41_60,vocational,45.0,3.0,1.0,1.0,15.0,3.0,1.0,1.5,1.0,mailo_kibanja,22.0,8.8,,,,1.0,0.0,0.0,0.0,0.0,0.0,0.0,76.0,152.0,76.0,6500.0,2024.0,990000.0,0.0,0.0,150000.0,0.0,0.0,0.0,0.0,1140000.0,2,0.868421052631579,0.868421052631579,1667335.5692488411,0.0,2807335.569248841,96923.07692307692,2710412.492325764,19779321.73522621,15736788.99645548,14.19328532509325,17.83931632991431,13.703263077513036,16971986.16597737,1.0,701833.8923122103,<25%
619306547,mukono,Nabaale,Nabalanga,Sserugo_William,False,1.0,1.0,2.0,4.0,False,2.0,6.0,6.0,1.0,0.0,61_and_above,secondary,65.0,2.0,1.0,1.0,60.0,2.0,1.0,1.0,1.0,mailo_kibanja,22.0,11.0,1.0,1.0,1.0,1.0,1.0,1.0,0.0,1.0,1.0,0.0,170.0,340.0,170.0,,2024.0,2000000.0,500000.0,0.0,0.0,0.0,0.0,0.0,320000.0,2820000.0,3,0.8865248226950354,0.7092198581560284,2935802.81929428,0.0,5755802.819294279,2107500.0,3648302.81929428,20166768.67704479,23526901.11277172,28.54102663381036,24.464772439451053,18.09066627241592,14410965.85775051,1.0,959300.4698823799,<25%
622485261,mukono,Kimenyedde,Naggalama,Kisira_Isaac,False,1.0,1.0,2.0,6.0,False,0.0,8.0,3.0,0.0,0.0,41_60,primary,55.0,1.0,0.0,1.0,48.0,0.5,0.5,0.0,1.0,mailo_kibanja,22.0,44.0,1.0,1.0,1.0,1.0,1.0,0.0,0.0,0.0,0.0,0.0,160.0,320.0,320.0,8000.0,2024.0,800000.0,0.0,0.0,0.0,0.0,0.0,0.0,0.0,800000.0,1,1.0,1.0,3849434.402062209,0.0,4649434.402062209,922000.0,3727434.402062209,20166768.67704479,30891315.981725574,23.054930001525314,15.050943134998466,18.483052301309094,15517334.27498258,1.0,581179.3002577762,<25%
631647195,mukono,Kimenyedde,Naggalama,Kisira_Isaac,False,1.0,0.0,1.0,0.0,False,1.0,1.0,1.0,0.0,0.0,61_and_above,primary,65.0,1.0,0.0,0.0,48.0,0.25,0.25,0.0,1.0,customary_divided_inheritance,22.0,88.0,1.0,1.0,1.0,1.0,1.0,0.0,0.0,0.0,1.0,0.0,60.0,120.0,240.0,8000.0,2024.0,600000.0,0.0,0.0,0.0,150000.0,0.0,0.0,0.0,750000.0,2,1.0,0.8,609087.7218452854,0.0,1359087.7218452855,609500.0,749587.7218452855,20166768.67704479,5124326.578469231,6.739243870002302,26.52226982479482,3.716945108308393,18807680.955199506,1.0,1359087.7218452855,25-50%
565368592,nakaseke,Kasangombe,Bukuuku,Najjuma_Olivia,False,0.0,1.0,1.0,0.0,False,0.0,1.0,0.0,1.0,1.0,41_60,secondary,55.0,2.0,1.0,0.0,25.0,1.0,0.6,0.2,1.0,mailo_kibanja,23.0,28.75,1.0,1.0,1.0,1.0,0.0,0.0,0.0,0.0,1.0,0.0,68.0,136.0,113.33333333333334,4200.0,2024.0,571200.0,0.0,0.0,0.0,127000.0,0.0,0.0,0.0,698200.0,2,1.0,0.8181036952162704,411811.7972241125,0.0,1110011.7972241126,0.0,1110011.7972241126,19779321.73522621,4336829.797190519,5.611981098660347,25.595004856847257,5.611981098660347,18669309.9380021,1.0,1110011.7972241126,25-50%
584454693,nakaseke,Kikamulo,Kamuli,Najjuma_Olivia,False,1.0,0.0,1.0,0.0,False,0.0,1.0,0.0,1.0,0.0,26_40,secondary,35.0,2.0,1.0,1.0,15.0,1.0,0.6,0.2,1.0,mailo_kibanja,23.0,28.75,1.0,1.0,1.0,1.0,0.0,0.0,0.0,0.0,0.0,0.0,25.0,50.0,41.66666666666667,5000.0,2024.0,250000.0,0.0,250000.0,0.0,0.0,0.0,0.0,0.0,500000.0,2,0.5,0.5,502209.5088098921,0.0,1002209.508809892,0.0,1002209.508809892,19779321.73522621,5093593.6616984885,5.066955895787849,19.675882596329824,5.066955895787849,18777112.22641632,1.0,1002209.508809892,<25%
618738814,mukono,Kimenyedde,Naggalama,Kisira_Isaac,False,1.0,1.0,2.0,13.0,False,1.0,15.0,14.0,1.0,1.0,41_60,primary,55.0,1.0,0.0,1.0,41.0,1.0,1.0,0.0,1.0,customary_divided_inheritance,23.0,23.0,1.0,1.0,1.0,1.0,1.0,0.0,0.0,0.0,0.0,0.0,175.0,350.0,175.0,8000.0,2024.0,2600000.0,0.0,0.0,0.0,0.0,0.0,0.0,0.0,2600000.0,1,1.0,1.0,7047144.941749964,0.0,9647144.941749964,1706250.0,7940894.941749963,20166768.67704479,56988843.02181408,47.836840379544846,16.928129139342676,39.376139375213036,10519623.735294826,1.0,643142.9961166643,<25%
582503421,nakaseke,Kikamulo,Luteete,Najjuma_Olivia,False,1.0,1.0,2.0,1.0,False,0.0,3.0,0.5,1.0,1.0,26_40,secondary,35.0,2.0,1.0,0.0,22.0,2.0,1.0,0.5,1.0,mailo_kibanja,24.0,16.0,1.0,1.0,1.0,1.0,0.0,0.0,0.0,0.0,0.0,0.0,57.5,115.0,57.5,6000.0,2024.0,690000.0,0.0,0.0,0.0,0.0,0.0,0.0,0.0,690000.0,1,1.0,1.0,1290678.4376414227,0.0,1980678.4376414227,0.0,1980678.4376414227,19779321.73522621,12583606.227672242,10.01388452119625,15.740149539054793,10.01388452119625,17798643.297584787,1.0,660226.1458804742,<25%
589565846,nakaseke,Kikamulo,Kamuli,Najjuma_Olivia,False,2.0,1.0,3.0,2.0,False,0.0,5.0,0.6666666666666666,0.0,0.0,41_60,college_university,55.0,4.0,1.0,1.0,30.0,3.5,1.0,1.0,1.0,freehold_full_ownership,24.0,12.0,1.0,1.0,1.0,1.0,0.0,1.0,0.0,0.0,0.0,0.0,60.0,120.0,60.0,6000.0,2024.0,720000.0,0.0,0.0,0.0,850000.0,0.0,0.0,0.0,1570000.0,2,1.0,0.4585987261146497,2169545.0780587336,0.0,3739545.0780587336,0.0,3739545.0780587336,19779321.73522621,20830382.65815397,18.906336264295394,17.952359010528802,18.906336264295394,16039776.657167476,1.0,747909.0156117467,<25%
614850459,mukono,Nabaale,Makukuba,Namazzi_Patience,False,1.0,1.0,2.0,0.0,False,0.0,2.0,0.0,1.0,0.0,41_60,primary,25.0,2.0,1.0,1.0,2.0,3.0,3.0,,1.0,freehold_full_ownership,24.0,8.0,1.0,1.0,1.0,1.0,1.0,0.0,1.0,1.0,1.0,0.0,180.0,180.0,60.0,,2024.0,1100000.0,0.0,0.0,0.0,550000.0,0.0,0.0,0.0,1650000.0,2,1.0,0.6666666666666666,1108539.65375842,300000.0,3058539.65375842,2274307.6923076925,784231.9614507277,20166768.67704479,8798071.374864,15.166235616317955,34.763751320506856,3.8887338572162764,17108229.02328637,1.0,1529269.82687921,25-50%
556032422,nakaseke,Kasangombe,Bulyake,Najjuma_Olivia,False,0.0,2.0,2.0,2.0,False,0.0,4.0,1.0,1.0,1.0,26_40,college_university,35.0,2.0,1.0,0.0,15.0,5.0,1.0,1.0,1.0,freehold_full_ownership,25.0,12.5,1.0,1.0,1.0,1.0,0.0,0.0,0.0,0.0,,0.0,180.0,360.0,180.0,7000.0,2024.0,2500000.0,1800000.0,0.0,300000.0,0.0,0.0,0.0,0.0,4600000.0,3,0.9347826086956522,0.5434782608695652,1576937.8576630617,0.0,6176937.8576630615,657692.3076923077,5519245.5499707535,19779321.73522621,14980025.131947506,31.229270347840966,41.23449595881964,27.904119382118093,13602383.877563149,1.0,1544234.4644157654,25-50%
558422563,nakaseke,Kasangombe,Bulyake,Najjuma_Olivia,False,1.0,1.0,2.0,0.0,False,0.0,2.0,0.0,1.0,1.0,26_40,college_university,45.0,4.0,1.0,1.0,10.0,3.0,1.0,0.8,0.0,,25.0,13.88888888888889,1.0,1.0,1.0,1.0,0.0,0.0,0.0,0.0,0.0,0.0,125.0,250.0,125.0,7000.0,2024.0,1750000.0,0.0,0.0,0.0,950000.0,0.0,0.0,0.0,2700000.0,2,1.0,0.6481481481481481,914021.3060340044,0.0,3614021.306034005,1200000.0,2414021.3060340043,19779321.73522621,8541073.488901505,18.271715048739875,42.313431803744095,12.204772935842009,16165300.429192206,1.0,1807010.6530170024,25-50%
585223034,nakaseke,Kikamulo,Kamuli,Najjuma_Olivia,False,2.0,1.0,3.0,2.0,False,0.0,5.0,0.6666666666666666,0.0,0.0,41_60,non_formal,65.0,0.0,0.0,0.0,30.0,1.0,0.7,0.2,1.0,mailo_kibanja,25.0,27.777777777777782,1.0,1.0,1.0,1.0,1.0,0.0,0.0,0.0,0.0,0.0,,,,,,342000.0,0.0,0.0,0.0,0.0,0.0,0.0,0.0,342000.0,1,1.0,1.0,2169545.0780587336,0.0,2511545.0780587336,0.0,2511545.0780587336,19779321.73522621,20830382.65815397,12.697832168763243,12.057124054202621,12.697832168763243,17267776.657167476,1.0,502309.0156117467,<25%
623704362,mukono,Nabaale,Nabalanga,Sserugo_William,False,1.0,1.0,2.0,1.0,False,0.0,3.0,0.5,1.0,1.0,16_25,primary,25.0,1.0,0.0,1.0,6.0,5.0,1.0,4.0,1.0,mailo_kibanja,25.0,5.0,1.0,1.0,1.0,1.0,1.0,0.0,0.0,0.0,1.0,0.0,140.0,280.0,140.0,2500.0,2024.0,700000.0,500000.0,0.0,0.0,500000.0,0.0,0.0,0.0,1700000.0,3,1.0,0.4117647058823529,1565355.445142385,0.0,3265355.445142385,1923000.0,1342355.445142385,20166768.67704479,12802353.808090933,16.191763278661682,25.505899103325202,6.656274322570808,16901413.231902406,1.0,1088451.8150474618,25-50%
633165535,mukono,Nabaale,Nabalanga,Sserugo_William,False,2.0,1.0,3.0,5.0,False,2.0,8.0,7.0,0.0,0.0,61_and_above,secondary,75.0,2.0,1.0,1.0,14.0,2.5,1.0,1.0,1.0,freehold_full_ownership,25.0,12.5,1.0,1.0,1.0,1.0,0.0,0.0,1.0,0.0,0.0,0.0,120.0,240.0,120.0,5000.0,2024.0,1800000.0,0.0,0.0,500000.0,500000.0,0.0,0.0,0.0,2800000.0,3,0.8214285714285714,0.6428571428571429,4001706.3325235294,0.0,6801706.33252353,1754000.0,5047706.33252353,20166768.67704479,32011360.12696788,33.727298812455274,21.24778923965012,25.029822146317265,13365062.34452126,1.0,850213.2915654413,<25%
634929225,mukono,Kimenyedde,Naggalama,Kisira_Isaac,False,1.0,1.0,2.0,1.0,False,1.0,3.0,2.0,0.0,0.0,61_and_above,primary,65.0,1.0,0.0,1.0,50.0,2.0,2.0,0.0,1.0,mailo_kibanja,25.0,12.5,1.0,1.0,1.0,1.0,1.0,0.0,0.0,0.0,0.0,0.0,300.0,600.0,150.0,8000.0,2024.0,4000000.0,0.0,0.0,0.0,100000.0,0.0,0.0,0.0,4100000.0,2,1.0,0.975609756097561,1565355.445142385,0.0,5665355.445142385,2845000.0,2820355.4451423846,20166768.67704479,12802353.808090933,28.09252952651301,44.25245177618782,13.985162870205913,14501413.231902406,1.0,1888451.8150474615,25-50%
636602878,mukono,Nabaale,Nakanyonyi,Sserugo_William,False,1.0,1.0,2.0,4.0,False,1.0,6.0,5.0,1.0,1.0,41_60,non_formal,55.0,0.0,0.0,1.0,30.0,3.0,2.0,1.0,1.0,customary_divided_inheritance,25.0,8.333333333333334,1.0,1.0,1.0,1.0,0.0,1.0,0.0,0.0,0.0,0.0,350.0,700.0,175.0,5000.0,2024.0,3500000.0,200000.0,0.0,200000.0,300000.0,0.0,0.0,0.0,4200000.0,4,0.9523809523809523,0.8333333333333334,2935802.81929428,0.0,7135802.819294279,3752500.0,3383302.81929428,20166768.67704479,23526901.11277172,35.38396722632488,30.33039831761169,16.776623332549,13030965.85775051,1.0,1189300.46988238,25-50%
558418973,nakaseke,Kasangombe,Bukuuku,Najjuma_Olivia,False,1.0,1.0,2.0,2.0,False,0.0,4.0,1.0,0.0,0.0,26_40,secondary,45.0,2.0,1.0,1.0,12.0,2.0,1.2,0.1,1.0,mailo_kibanja,26.0,20.0,1.0,1.0,0.0,1.0,0.0,0.0,0.0,0.0,1.0,0.0,128.0,256.0,106.66666666666667,6500.0,2024.0,1664000.0,0.0,0.0,0.0,1800000.0,2500000.0,0.0,0.0,5964000.0,3,0.5808182427900738,0.2790073775989269,1667335.5692488411,0.0,7631335.569248842,224615.38461538465,7406720.184633456,19779321.73522621,15736788.99645548,38.58239261894268,48.49360038421884,37.44678550550282,12147986.165977368,1.0,1907833.8923122105,25-50%
613827164,nakaseke,Kikamulo,Kibose,Najjuma_Olivia,False,1.0,0.0,1.0,0.0,False,0.0,1.0,0.0,0.0,0.0,41_60,secondary,45.0,2.0,1.0,0.0,24.0,4.0,2.0,1.0,1.0,freehold_full_ownership,26.0,8.666666666666666,1.0,1.0,1.0,1.0,0.0,1.0,0.0,0.0,0.0,0.0,134.5,269.0,67.25,5800.0,2024.0,1560200.0,0.0,450000.0,0.0,950000.0,0.0,0.0,0.0,2960200.0,3,0.8479832443753801,0.5270589825011823,502209.5088098921,0.0,3462409.508809892,3013330.0,449079.508809892,19779321.73522621,5093593.6616984885,17.505198384247294,67.97576993323278,2.2704494866985185,16316912.226416318,1.0,3462409.508809892,50-100%
632876809,mukono,Kimenyedde,Naggalama,Kisira_Isaac,False,1.0,1.0,2.0,0.0,False,1.0,2.0,1.0,0.0,0.0,41_60,primary,55.0,1.0,0.0,0.0,42.0,0.25,0.25,0.0,1.0,customary_divided_inheritance,26.0,104.0,1.0,1.0,1.0,1.0,1.0,0.0,0.0,0.0,0.0,0.0,37.5,75.0,150.0,8000.0,2024.0,320000.0,0.0,0.0,0.0,0.0,0.0,0.0,0.0,320000.0,1,1.0,1.0,1108539.65375842,0.0,1428539.65375842,250625.0,1177914.65375842,20166768.67704479,8798071.374864,7.083631872985594,16.23696368092379,5.840869564290703,18738229.02328637,1.0,714269.82687921,<25%
559670838,nakaseke,Kasangombe,Bulyake,Najjuma_Olivia,False,1.0,2.0,3.0,3.0,False,2.0,6.0,5.0,1.0,1.0,61_and_above,primary,75.0,1.0,0.0,0.0,30.0,3.0,1.5,1.5,1.0,mailo_kibanja,28.0,9.333333333333334,1.0,1.0,1.0,1.0,0.0,0.0,0.0,0.0,0.0,0.0,159.5,319.0,106.33333333333333,6500.0,2024.0,2073500.0,0.0,0.0,200000.0,0.0,0.0,0.0,0.0,2273500.0,2,0.9120299098306576,0.9120299098306576,2455804.498080372,0.0,4729304.498080372,470186.25,4259118.248080372,19779321.73522621,23226801.562429227,23.9103471867676,20.361410869976655,21.533186552575494,15050017.237145837,1.0,788217.4163467287,<25%
588625655,nakaseke,Kikamulo,Luteete,Najjuma_Olivia,False,1.0,1.0,2.0,3.0,False,1.0,5.0,4.0,0.0,0.0,61_and_above,secondary,65.0,2.0,1.0,1.0,37.0,3.0,1.5,1.0,1.0,mailo_kibanja,29.0,11.6,1.0,1.0,1.0,1.0,1.0,0.0,0.0,0.0,0.0,0.0,208.0,416.0,138.66666666666666,6000.0,2024.0,2496000.0,0.0,300000.0,0.0,1050000.0,0.0,0.0,0.0,3846000.0,3,0.921996879875195,0.6489859594383776,2043992.7008562596,0.0,5889992.700856259,3247600.0,2642392.700856259,19779321.73522621,19779321.73522621,29.778537301238238,29.778537301238238,13.359369629698978,13889329.034369951,1.0,1177998.5401712519,25-50%
550732633,nakaseke,Kasangombe,Bukuuku,Najjuma_Olivia,False,1.0,1.0,2.0,3.0,False,1.0,5.0,4.0,0.0,0.0,,,75.0,2.0,1.0,1.0,60.0,2.0,0.6,0.2,1.0,freehold_full_ownership,30.0,37.5,1.0,1.0,1.0,1.0,0.0,0.0,0.0,0.0,,0.0,225.0,450.0,375.0,6500.0,2024.0,1050000.0,17499.999999999993,615000.0000000003,118000.0,112499.99999999997,0.0,0.0,0.0,1913000.0000000005,5,0.6168322007318346,0.5488761108207003,2043992.7008562596,0.0,3956992.70085626,300000.0,3656992.70085626,19779321.73522621,19779321.73522621,20.005704714378595,20.005704714378595,18.48896918615413,15822329.03436995,1.0,791398.540171252,<25%
550740078,nakaseke,Kasangombe,Sakabusolo,Namyenya_Lillian,True,0.0,3.0,3.0,2.0,False,0.0,5.0,0.6666666666666666,1.0,1.0,,,75.0,2.0,1.0,0.0,12.0,8.0,4.0,1.0,1.0,freehold_full_ownership,,,1.0,1.0,1.0,1.0,1.0,0.0,0.0,0.0,,0.0,25.0,50.0,6.25,,2024.0,1100000.0,261005.44999999995,0.0,0.0,0.0,0.0,0.0,0.0,1361005.45,2,1.0,0.8082260067364169,1988749.6548871736,0.0,3349755.104887173,306298.07692307694,3043457.027964097,19779321.73522621,19316854.929138027,16.935641928112165,17.341099869390845,15.387064676458634,16429566.630339038,1.0,669951.0209774346,<25%
552802393,nakaseke,Kasangombe,Bulyake,Najjuma_Olivia,False,1.0,1.0,2.0,2.0,False,2.0,4.0,4.0,0.0,0.0,61_and_above,non_formal,75.0,0.0,0.0,1.0,70.0,1.0,0.5,0.3,1.0,freehold_full_ownership,30.0,37.5,,,,1.0,0.0,0.0,0.0,0.0,,0.0,250.0,500.0,500.0,7000.0,2024.0,8800000.0,1244000.0000000005,0.0,0.0,672000.0000000001,0.0,0.0,0.0,10716000.0,3,1.0,0.8212019410227697,1667335.5692488411,0.0,12383335.56924884,37076.92307692308,12346258.646171916,19779321.73522621,15736788.99645548,62.60748338601822,78.69035781084716,62.4200304309915,7395986.16597737,1.0,3095833.89231221,50-100%
553314788,nakaseke,Kasangombe,Bulyake,Najjuma_Olivia,False,1.0,3.0,4.0,5.0,False,0.0,9.0,1.25,0.0,0.0,41_60,secondary,55.0,3.0,1.0,1.0,20.0,3.5,2.5,1.0,1.0,freehold_full_ownership,30.0,8.571428571428571,1.0,1.0,1.0,0.0,0.0,0.0,0.0,1.0,,0.0,300.0,600.0,120.0,7000.0,2025.0,7500000.0,0.0,0.0,0.0,452249.9999999999,0.0,0.0,0.0,7952250.0,2,1.0,0.943129303027445,3620930.558519321,0.0,11573180.55851932,5565000.0,6008180.558519321,19779321.73522621,34759346.86717372,58.51151375887643,33.29516116267675,30.376069710312574,8206141.17670689,1.0,1285908.950946591,25-50%
556033462,nakaseke,Kasangombe,Bulyake,Najjuma_Olivia,False,2.0,0.0,2.0,0.0,False,0.0,2.0,0.0,0.0,0.0,16_25,secondary,25.0,2.0,1.0,0.0,3.0,15.0,1.0,10.0,1.0,freehold_full_ownership,30.0,2.727272727272727,1.0,1.0,1.0,1.0,0.0,0.0,0.0,0.0,,0.0,288.0,576.0,288.0,7000.0,2024.0,4032000.0,0.0,0.0,0.0,1755000.0,0.0,0.0,0.0,5787000.0,2,1.0,0.6967340590979783,1004419.0176197842,0.0,6791419.017619784,511440.0,6279979.017619784,19779321.73522621,9297837.353409477,34.33595503694411,73.04299655370289,31.750224308427033,12987902.717606425,1.0,3395709.508809892,50-100%
557694485,nakaseke,Kasangombe,Sakabusolo,Namyenya_Lillian,True,0.0,1.0,1.0,3.0,True,0.0,4.0,3.0,1.0,1.0,,,55.0,1.0,0.0,0.0,30.0,1.0,0.2,0.3,1.0,mailo_kibanja,,,,,,1.0,0.0,0.0,0.0,0.0,0.0,0.0,4.5,9.0,22.5,4500.0,2025.0,90000.0,0.0,0.0,50000.0,0.0,0.0,0.0,0.0,140000.0,2,0.6428571428571429,0.6428571428571429,1541783.192046367,90000.0,1771783.192046367,75000.0,1696783.192046367,19779321.73522621,14685728.073527724,8.957755052292262,12.064660214158243,8.578571170236145,18007538.543179844,1.0,442945.7980115918,<25%
557694682,nakaseke,Kasangombe,Nakaseta,Namyenya_Lillian,True,0.0,2.0,2.0,1.0,False,0.0,3.0,0.5,0.0,0.0,,,45.0,2.0,1.0,1.0,15.0,2.0,1.0,,1.0,customary_divided_inheritance,,,1.0,1.0,0.0,1.0,1.0,0.0,0.0,0.0,1.0,0.0,7.5,15.0,7.5,5000.0,2024.0,90000.0,0.0,0.0,25000.0,0.0,0.0,0.0,0.0,115000.0,2,0.782608695652174,0.782608695652174,1200280.7260556433,0.0,1315280.7260556433,50000.0,1265280.7260556433,19779321.73522621,11826842.363164272,6.649776689324888,11.121148702820284,6.39698743462081,18464041.009170566,1.0,438426.9086852144,<25%
557711753,nakaseke,Kasangombe,Bulyake,Najjuma_Olivia,False,0.0,3.0,3.0,2.0,False,0.0,5.0,0.6666666666666666,1.0,1.0,41_60,non_formal,55.0,0.0,0.0,1.0,30.0,3.0,2.0,0.8,1.0,freehold_full_ownership,30.0,10.714285714285715,1.0,1.0,1.0,1.0,0.0,0.0,0.0,0.0,1.0,0.0,108.5,217.0,54.25,6400.0,2024.0,1750000.0,0.0,0.0,0.0,0.0,0.0,0.0,0.0,1750000.0,1,1.0,1.0,1988749.6548871736,0.0,3738749.6548871743,0.0,3738749.6548871743,19779321.73522621,19316854.929138027,18.902314775681138,19.35485703341671,18.902314775681138,16040572.080339037,1.0,747749.9309774349,<25%
557713215,nakaseke,Kasangombe,Bulyake,Najjuma_Olivia,False,0.0,2.0,2.0,4.0,False,0.0,6.0,2.0,1.0,1.0,41_60,secondary,45.0,2.0,1.0,1.0,6.0,1.0,0.7,0.0,1.0,mailo_kibanja,30.0,42.85714285714286,,,,1.0,0.0,0.0,0.0,0.0,1.0,0.0,100.0,200.0,142.85714285714286,7000.0,2024.0,1112500.0000000002,0.0,0.0,0.0,0.0,0.0,0.0,0.0,1112500.0000000002,1,1.0,1.0,2330252.1208778983,0.0,3442752.1208778983,0.0,3442752.1208778983,19779321.73522621,22175740.63950148,17.40581485535214,15.524857441493294,17.40581485535214,16336569.614348311,1.0,573792.0201463164,<25%
558375556,nakaseke,Kasangombe,Sakabusolo,Namyenya_Lillian,True,0.0,2.0,2.0,4.0,False,0.0,6.0,2.0,0.0,0.0,,,35.0,1.0,0.0,1.0,9.0,2.0,1.0,0.9,1.0,mailo_kibanja,,,1.0,1.0,1.0,1.0,1.0,0.0,0.0,0.0,1.0,0.0,12.5,25.0,12.5,2700.0,2025.0,300000.0,0.0,0.0,50000.0,60000.0,0.0,0.0,0.0,410000.0,3,0.8780487804878049,0.7317073170731707,2330252.1208778983,0.0,2740252.1208778983,380000.0,2360252.1208778983,19779321.73522621,22175740.63950148,13.854125826759848,12.356981286102831,11.932927491008856,17039069.61434831,1.0,456708.68681298307,<25%
565368815,nakaseke,Kasangombe,Bukuuku,Najjuma_Olivia,False,1.0,0.0,1.0,0.0,False,1.0,1.0,1.0,0.0,0.0,61_and_above,primary,75.0,1.0,0.0,0.0,50.0,3.0,1.0,1.0,1.0,freehold_full_ownership,30.0,15.0,1.0,1.0,1.0,1.0,0.0,0.0,0.0,0.0,0.0,0.0,88.0,176.0,88.0,6500.0,2024.0,1150000.0,0.0,0.0,300000.0,0.0,0.0,0.0,0.0,1450000.0,2,0.7931034482758621,0.7931034482758621,502209.5088098921,0.0,1952209.508809892,1781800.0,170409.508809892,19779321.73522621,5093593.6616984885,9.869951735165328,38.32676178097246,0.8615538545308116,17827112.22641632,1.0,1952209.508809892,25-50%
583503314,nakaseke,Kikamulo,Luteete,Najjuma_Olivia,False,1.0,1.0,2.0,1.0,False,0.0,3.0,0.5,1.0,1.0,26_40,vocational,45.0,3.0,1.0,1.0,27.0,4.0,3.0,0.8,1.0,freehold_full_ownership,30.0,7.894736842105264,1.0,1.0,1.0,1.0,1.0,0.0,0.0,0.0,1.0,0.0,255.0,510.0,85.0,6000.0,2024.0,3060000.0,0.0,0.0,0.0,639000.0,0.0,0.0,0.0,3699000.0,2,1.0,0.8272506082725061,1290678.4376414227,0.0,4989678.437641423,4868700.0,120978.4376414232,19779321.73522621,12583606.227672242,25.22674186928765,39.652213740356615,0.6116409817327824,14789643.297584787,1.0,1663226.1458804745,25-50%
592192864,nakaseke,Kikamulo,Kasana,Najjuma_Olivia,False,1.0,1.0,2.0,0.0,False,0.0,2.0,0.0,0.0,0.0,16_25,primary,25.0,1.0,0.0,1.0,12.0,2.0,1.3,0.6,1.0,mailo_kibanja,30.0,15.789473684210527,1.0,1.0,1.0,1.0,0.0,0.0,0.0,0.0,0.0,0.0,400.0,800.0,307.6923076923077,3000.0,2024.0,2400000.0,0.0,0.0,0.0,0.0,0.0,0.0,0.0,2400000.0,1,1.0,1.0,914021.3060340044,0.0,3314021.3060340043,2842000.5,472020.8060340043,19779321.73522621,8541073.488901505,16.75497952051541,38.800992759754735,2.38643575524308,16465300.429192206,1.0,1657010.6530170022,25-50%
614807974,mukono,Nabaale,Nabalanga,Sserugo_William,False,1.0,1.0,2.0,5.0,False,1.0,7.0,6.0,1.0,1.0,61_and_above,primary,75.0,1.0,0.0,0.0,5.0,1.0,0.75,0.25,1.0,mailo_kibanja,30.0,30.0,1.0,1.0,1.0,1.0,0.0,0.0,0.0,0.0,0.0,0.0,140.0,280.0,186.66666666666666,2500.0,2024.0,700000.0,0.0,0.0,400000.0,0.0,0.0,0.0,0.0,1100000.0,2,0.6363636363636364,0.6363636363636364,3392618.6106782453,0.0,4492618.610678245,313700.0,4178918.610678245,20166768.67704479,27531183.545998648,22.277334969345162,16.31829086886894,20.721805647698925,15674150.066366546,1.0,641802.6586683207,<25%
614850566,mukono,Kimenyedde,Makukuba,Namazzi_Patience,False,1.0,0.0,1.0,0.0,False,0.0,1.0,0.0,0.0,0.0,41_60,secondary,55.0,2.0,1.0,0.0,32.0,2.0,1.0,1.0,1.0,mailo_kibanja,30.0,15.0,1.0,1.0,1.0,1.0,1.0,0.0,0.0,0.0,1.0,0.0,150.0,300.0,150.0,2000.0,2025.0,3200000.0,0.0,0.0,0.0,3000000.0,0.0,0.0,0.0,6200000.0,2,1.0,0.5161290322580645,609087.7218452854,0.0,6809087.721845286,1248519.2307692308,5560568.491076054,20166768.67704479,5124326.578469231,33.76390055783136,132.87770827204648,27.57292742394312,13357680.955199504,1.0,6809087.721845286,>=100%
615761193,mukono,Nabaale,Bamusuuta,Namazzi_Patience,False,2.0,1.0,3.0,5.0,False,1.0,8.0,3.0,0.0,0.0,61_and_above,secondary,75.0,2.0,1.0,1.0,50.0,10.0,5.0,0.5,1.0,freehold_full_ownership,30.0,5.454545454545454,1.0,1.0,0.0,1.0,1.0,0.0,0.0,0.0,0.0,0.0,1505.0,3010.0,301.0,2500.0,2025.0,7000000.0,1000000.0,0.0,0.0,1000000.0,0.0,500000.0,0.0,9500000.0,4,0.9473684210526315,0.7368421052631579,4001706.3325235294,0.0,13501706.33252353,1500000.0,12001706.33252353,20166768.67704479,32011360.12696788,66.95027125437356,42.177858981846434,59.51229234946649,6665062.34452126,1.0,1687713.2915654413,25-50%
615773611,mukono,Nabaale,Nabalanga,Sserugo_William,False,0.0,1.0,1.0,1.0,False,0.0,2.0,1.0,1.0,1.0,41_60,primary,45.0,1.0,0.0,0.0,10.0,1.5,0.5,1.0,1.0,customary_divided_inheritance,30.0,20.0,1.0,1.0,1.0,1.0,1.0,0.0,0.0,0.0,0.0,0.0,100.0,200.0,200.0,5000.0,2024.0,1000000.0,200000.0,100000.0,0.0,100000.0,0.0,0.0,0.0,1400000.0,4,0.9285714285714286,0.7142857142857143,956267.7232970996,0.0,2356267.7232971,631500.0,1724767.7232970998,20166768.67704479,7678027.2296217,11.683913080131509,30.6884522915816,8.552523961165626,17810500.95374769,1.0,1178133.86164855,25-50%
616675567,mukono,Nabaale,Bamusuuta,Namazzi_Patience,False,2.0,1.0,3.0,5.0,False,2.0,8.0,7.0,0.0,0.0,61_and_above,primary,75.0,1.0,0.0,1.0,30.0,5.0,2.0,1.0,1.0,mailo_kibanja,30.0,10.0,1.0,1.0,1.0,1.0,1.0,0.0,0.0,0.0,1.0,0.0,6.5,13.0,3.25,6000.0,2025.0,300000.0,0.0,0.0,0.0,0.0,1000000.0,600000.0,0.0,1900000.0,3,0.15789473684210525,0.15789473684210525,4001706.3325235294,0.0,5901706.33252353,0.0,5901706.33252353,20166768.67704479,32011360.12696788,29.264511469511028,18.43628733398196,29.264511469511028,14265062.34452126,1.0,737713.2915654413,<25%
617462488,mukono,Kimenyedde,Bamusuuta,Namazzi_Patience,False,0.0,1.0,1.0,3.0,False,0.0,4.0,3.0,1.0,1.0,41_60,primary,55.0,1.0,0.0,0.0,35.0,3.0,2.0,0.5,1.0,freehold_full_ownership,30.0,12.0,1.0,1.0,1.0,0.0,1.0,0.0,0.0,0.0,1.0,0.0,75.0,150.0,37.5,2000.0,2024.0,650000.0,0.0,0.0,0.0,0.0,4000000.0,0.0,0.0,4650000.0,2,0.13978494623655913,0.13978494623655913,1869899.3060650292,0.0,6519899.306065029,738461.5384615385,5781437.7676034905,20166768.67704479,15042442.098575557,32.32991566708666,43.343356506470656,28.668141436978562,13646869.37097976,1.0,1629974.8265162574,25-50%
617463415,mukono,Nabaale,Makukuba,Namazzi_Patience,False,1.0,1.0,2.0,7.0,False,0.0,9.0,3.5,1.0,0.0,41_60,primary,25.0,2.0,1.0,1.0,20.0,1.5,0.5,0.5,1.0,freehold_full_ownership,30.0,30.0,1.0,1.0,0.0,0.0,0.0,0.0,0.0,0.0,1.0,0.0,90.0,180.0,180.0,2500.0,2025.0,300000.0,0.0,0.0,0.0,300000.0,2400000.0,0.0,0.0,3000000.0,3,0.2,0.1,4306250.193446174,0.0,7306250.193446174,490000.0,6816250.193446174,20166768.67704479,34895598.4149525,36.22915654188394,20.93745493791418,33.79941676628096,12860518.483598616,1.0,811805.5770495749,<25%
617648934,mukono,Kimenyedde,Naggalama,Kisira_Isaac,False,1.0,1.0,2.0,5.0,False,0.0,7.0,2.5,0.0,0.0,26_40,primary,35.0,1.0,0.0,1.0,17.0,1.0,1.0,0.0,1.0,mailo_kibanja,30.0,30.0,1.0,1.0,1.0,1.0,1.0,0.0,0.0,0.0,0.0,0.0,190.0,380.0,190.0,8000.0,2024.0,2400000.0,0.0,0.0,0.0,0.0,0.0,0.0,0.0,2400000.0,1,1.0,1.0,3392618.6106782453,0.0,5792618.610678245,1720500.0,4072118.610678245,20166768.67704479,27531183.545998648,28.723583353597963,21.040209190425955,20.19222154966954,14374150.066366546,1.0,827516.9443826064,<25%
619547863,mukono,Kimenyedde,Makukuba,Namazzi_Patience,False,1.0,1.0,2.0,3.0,False,0.0,5.0,1.5,0.0,0.0,41_60,primary,55.0,1.0,0.0,1.0,20.0,1.5,1.0,0.0,1.0,mailo_kibanja,30.0,30.0,1.0,1.0,1.0,1.0,0.0,0.0,0.0,0.0,0.0,0.0,200.0,400.0,200.0,2500.0,2025.0,1000000.0,0.0,0.0,0.0,250000.0,1000000.0,0.0,0.0,2250000.0,3,0.5555555555555556,0.4444444444444444,2478987.027910315,0.0,4728987.0279103145,0.0,4728987.0279103145,20166768.67704479,20166768.67704479,23.449403836784096,23.449403836784096,23.449403836784096,15437781.649134476,1.0,945797.4055820629,<25%
619769827,mukono,Kimenyedde,Naggalama,Kisira_Isaac,False,0.0,1.0,1.0,3.0,False,1.0,4.0,4.0,1.0,1.0,61_and_above,primary,65.0,1.0,0.0,0.0,48.0,1.0,1.0,0.0,1.0,mailo_kibanja,30.0,30.0,1.0,1.0,1.0,1.0,1.0,0.0,0.0,0.0,1.0,0.0,100.0,200.0,100.0,8000.0,2024.0,560000.0,0.0,0.0,0.0,0.0,0.0,0.0,250000.0,810000.0,2,0.691358024691358,0.691358024691358,1869899.3060650292,0.0,2679899.306065029,1635000.0,1044899.3060650296,20166768.67704479,15042442.098575557,13.288689670524537,17.815586648120135,5.181292664175824,17486869.37097976,1.0,669974.8265162572,<25%
619769984,mukono,Kimenyedde,Naggalama,Kisira_Isaac,False,1.0,0.0,1.0,1.0,False,0.0,2.0,1.0,0.0,0.0,26_40,non_formal,25.0,0.0,0.0,1.0,15.0,8.0,1.0,5.5,1.0,mailo_kibanja,30.0,4.615384615384615,1.0,1.0,1.0,1.0,1.0,0.0,0.0,0.0,1.0,0.0,130.0,260.0,130.0,8000.0,2024.0,1800000.0,0.0,0.0,0.0,0.0,0.0,0.0,0.0,1800000.0,1,1.0,1.0,1065903.5132292504,0.0,2865903.5132292504,1170450.0,1695453.5132292504,20166768.67704479,8484459.01419616,14.211019916598836,33.77827046408066,8.407164977099841,17300865.16381554,1.0,1432951.7566146252,25-50%
620417365,mukono,Kimenyedde,Bamusuuta,Namazzi_Patience,False,1.0,2.0,3.0,4.0,False,0.0,7.0,1.3333333333333333,0.0,0.0,26_40,secondary,35.0,2.0,1.0,1.0,5.0,5.0,1.0,3.5,1.0,mailo_kibanja,30.0,6.666666666666667,1.0,1.0,1.0,1.0,1.0,0.0,0.0,0.0,1.0,0.0,47.5,95.0,47.5,6500.0,2025.0,600000.0,0.0,0.0,0.0,0.0,5000000.0,1000000.0,0.0,6600000.0,3,0.09090909090909091,0.09090909090909091,3435254.751207414,0.0,10035254.751207417,430008.0,9605246.751207417,20166768.67704479,27844795.906666487,49.76134209656621,36.03996518719255,47.62908180793868,10131513.925837373,1.0,1433607.8216010595,25-50%
620699936,mukono,Kimenyedde,Naggalama,Kisira_Isaac,False,1.0,2.0,3.0,0.0,False,3.0,3.0,3.0,1.0,1.0,61_and_above,primary,75.0,1.0,0.0,0.0,62.0,8.0,2.0,6.0,1.0,customary_divided_inheritance,30.0,3.75,1.0,1.0,1.0,1.0,1.0,0.0,0.0,0.0,0.0,0.0,200.0,400.0,100.0,8000.0,2024.0,3200000.0,0.0,0.0,0.0,0.0,0.0,0.0,0.0,3200000.0,1,1.0,1.0,1607991.5856715543,0.0,4807991.585671554,3270000.0,1537991.5856715543,20166768.67704479,13115966.168758776,23.841159992797174,36.657547936680565,7.626365980099741,15358777.091373235,1.0,1602663.861890518,25-50%
620700057,mukono,Kimenyedde,Naggalama,Kisira_Isaac,False,1.0,1.0,2.0,1.0,False,0.0,3.0,0.5,1.0,1.0,41_60,primary,45.0,1.0,0.0,0.0,29.0,2.0,2.0,0.0,1.0,customary_divided_inheritance,30.0,15.0,1.0,1.0,1.0,1.0,1.0,0.0,0.0,0.0,1.0,0.0,220.0,440.0,110.0,7000.0,2024.0,1200000.0,0.0,0.0,0.0,1600000.0,0.0,0.0,0.0,2800000.0,2,1.0,0.42857142857142855,1565355.445142385,600000.0,4965355.445142385,3389000.0,1576355.4451423846,20166768.67704479,12802353.808090933,24.621472704223038,38.78470724660289,7.81659903173631,15201413.231902406,1.0,1655118.4817141283,25-50%
621078668,mukono,Nabaale,Nabalanga,Sserugo_William,False,2.0,1.0,3.0,3.0,False,0.0,6.0,1.0,1.0,1.0,41_60,primary,45.0,1.0,0.0,1.0,28.0,2.0,0.5,1.5,1.0,mailo_kibanja,30.0,15.0,1.0,1.0,1.0,1.0,1.0,0.0,0.0,0.0,0.0,0.0,220.0,440.0,440.0,2500.0,2024.0,1100000.0,200000.0,0.0,0.0,800000.0,0.0,4800000.0,500000.0,7400000.0,5,0.28378378378378377,0.14864864864864866,3088074.7497556005,62500.0,10550574.7497556,883000.0,9667574.7497556,20166768.67704479,24646945.25801402,52.31663494888497,42.806825102697275,47.938144700196325,9616193.92728919,1.0,1758429.1249592667,25-50%
621640204,mukono,Kimenyedde,Naggalama,Kisira_Isaac,False,1.0,1.0,2.0,5.0,False,0.0,7.0,2.5,0.0,0.0,41_60,primary,45.0,1.0,0.0,1.0,30.0,0.5,0.5,0.0,1.0,mailo_kibanja,30.0,60.0,1.0,1.0,1.0,1.0,0.0,0.0,0.0,0.0,1.0,0.0,40.0,80.0,80.0,8000.0,2024.0,130000.0,0.0,0.0,0.0,0.0,0.0,0.0,0.0,130000.0,1,1.0,1.0,3392618.6106782453,0.0,3522618.6106782453,908000.0,2614618.6106782453,20166768.67704479,27531183.545998648,17.467441944171917,12.79501335201486,12.964985380401497,16644150.066366546,1.0,503231.23009689216,<25%
621642449,mukono,Kimenyedde,Naggalama,Kisira_Isaac,False,0.0,1.0,1.0,4.0,False,0.0,5.0,4.0,1.0,1.0,26_40,primary,45.0,1.0,0.0,1.0,28.0,0.5,0.5,0.0,1.0,mailo_kibanja,30.0,60.0,1.0,1.0,1.0,1.0,0.0,0.0,0.0,0.0,0.0,0.0,28.0,56.0,56.0,8000.0,2024.0,200000.0,0.0,0.0,0.0,0.0,0.0,0.0,0.0,200000.0,1,1.0,1.0,2326715.0974489944,40000.0,2566715.0974489944,648600.0,1918115.0974489944,20166768.67704479,19046724.531802487,12.727448499821426,13.475887117301072,9.511266421339606,17600053.579595797,1.0,513343.01948979887,<25%
622289483,mukono,Nabaale,Nakanyonyi,Sserugo_William,False,3.0,3.0,6.0,3.0,False,0.0,9.0,0.5,1.0,1.0,41_60,primary,45.0,1.0,0.0,1.0,20.0,1.0,0.5,0.5,1.0,mailo_kibanja,30.0,30.0,1.0,1.0,1.0,1.0,0.0,0.0,0.0,0.0,0.0,0.0,90.0,180.0,180.0,2500.0,2024.0,400000.0,200000.0,100000.0,0.0,200000.0,0.0,0.0,0.0,900000.0,4,0.8888888888888888,0.4444444444444444,4696066.335427156,0.0,5596066.335427156,798850.0,4797216.335427156,20166768.67704479,37762911.4267728,27.748948902245235,14.818948338447516,23.787729270121886,14570702.341617635,1.0,621785.148380795,<25%
622485078,mukono,Kimenyedde,Naggalama,Kisira_Isaac,False,2.0,0.0,2.0,1.0,False,0.0,3.0,0.5,0.0,0.0,41_60,primary,55.0,1.0,0.0,0.0,32.0,7.0,6.0,1.0,1.0,customary_divided_inheritance,30.0,4.285714285714286,1.0,1.0,1.0,1.0,0.0,0.0,0.0,0.0,0.0,0.0,300.0,600.0,50.0,8000.0,2024.0,8000000.0,0.0,0.0,0.0,4500000.0,0.0,0.0,0.0,12500000.0,2,1.0,0.64,1674991.235074536,0.0,14174991.235074537,9525000.0,4649991.235074535,20166768.67704479,13608785.59266539,70.28885718915143,104.16058904414155,23.05769114299147,5991777.441970253,1.0,4724997.078358179,>=100%
623981243,mukono,Kimenyedde,Naggalama,Kisira_Isaac,False,0.0,1.0,1.0,2.0,False,0.0,3.0,2.0,1.0,1.0,41_60,primary,55.0,1.0,0.0,0.0,40.0,2.0,2.0,0.0,1.0,customary_divided_inheritance,30.0,15.0,1.0,1.0,1.0,1.0,0.0,0.0,0.0,0.0,0.0,0.0,31.0,62.0,15.5,8000.0,2024.0,100000.0,0.0,0.0,0.0,250000.0,0.0,0.0,0.0,350000.0,2,1.0,0.2857142857142857,1413083.5146810643,300000.0,2063083.5146810643,1749450.0,313633.5146810643,20166768.67704479,11682309.66284863,10.230114440839541,17.659894098184683,1.555199644046414,18103685.162363727,1.0,687694.5048936881,<25%
624290457,mukono,Nabaale,Nabalanga,Sserugo_William,False,1.0,1.0,2.0,4.0,False,2.0,6.0,6.0,1.0,1.0,61_and_above,primary,75.0,1.0,0.0,1.0,60.0,2.0,1.0,0.5,1.0,customary_divided_inheritance,30.0,20.0,1.0,1.0,1.0,1.0,1.0,0.0,1.0,0.0,1.0,0.0,360.0,720.0,360.0,2500.0,2024.0,1800000.0,500000.0,0.0,1000000.0,500000.0,600000.0,0.0,0.0,4400000.0,5,0.6363636363636364,0.4090909090909091,2935802.81929428,0.0,7335802.819294279,2102000.0,5233802.819294279,20166768.67704479,23526901.11277172,36.37569774697915,31.18048902459149,25.952609974902703,12830965.85775051,1.0,1222633.8032157132,25-50%
624291333,mukono,Nabaale,Nakanyonyi,Sserugo_William,False,0.0,1.0,1.0,4.0,False,1.0,5.0,5.0,1.0,1.0,61_and_above,non_formal,75.0,0.0,0.0,0.0,40.0,3.0,1.0,1.5,1.0,customary_divided_inheritance,30.0,12.0,1.0,1.0,1.0,1.0,0.0,0.0,1.0,0.0,0.0,0.0,140.0,280.0,140.0,2500.0,2024.0,700000.0,600000.0,0.0,600000.0,500000.0,0.0,0.0,0.0,2400000.0,4,0.75,0.2916666666666667,2326715.0974489944,0.0,4726715.097448994,1953000.0,2773715.0974489944,20166768.67704479,19046724.531802487,23.43813812288762,24.816419692303292,13.753889588698604,15440053.579595797,1.0,945343.0194897989,<25%
624292438,mukono,Nabaale,Nabalanga,Sserugo_William,False,1.0,1.0,2.0,2.0,False,2.0,4.0,4.0,0.0,0.0,61_and_above,primary,65.0,1.0,0.0,1.0,50.0,1.5,0.5,1.0,1.0,freehold_full_ownership,30.0,20.0,1.0,1.0,1.0,1.0,0.0,0.0,1.0,0.0,0.0,0.0,140.0,280.0,280.0,2500.0,2024.0,700000.0,700000.0,200000.0,200000.0,200000.0,0.0,0.0,0.0,2000000.0,5,0.8,0.35,2022171.23652635,0.0,4022171.23652635,1083000.0,2939171.23652635,20166768.67704479,16162486.243817862,19.944549872804675,24.885844763300742,14.574329103461764,16144597.44051844,1.0,1005542.8091315875,<25%
631647010,mukono,Kimenyedde,Naggalama,Kisira_Isaac,False,2.0,3.0,5.0,2.0,False,1.0,7.0,0.75,1.0,1.0,41_60,primary,65.0,1.0,0.0,1.0,42.0,1.0,1.0,0.0,1.0,customary_divided_inheritance,30.0,30.0,1.0,1.0,1.0,1.0,1.0,0.0,0.0,1.0,1.0,0.0,175.0,350.0,175.0,8000.0,2024.0,1200000.0,0.0,0.0,0.0,75000.0,0.0,0.0,0.0,1275000.0,2,1.0,0.9411764705882353,3630162.822197905,10000.0,4915162.822197905,2559375.0,2355787.822197905,20166768.67704479,29278452.41257664,24.372584923794374,16.78764557954089,11.68153341729667,15251605.854846885,1.0,702166.1174568435,<25%
633165312,mukono,Nabaale,Nabalanga,Sserugo_William,False,0.0,1.0,1.0,1.0,False,1.0,2.0,2.0,1.0,1.0,61_and_above,primary,75.0,1.0,0.0,0.0,60.0,2.0,1.0,1.0,1.0,customary_divided_inheritance,30.0,15.0,1.0,1.0,1.0,1.0,1.0,0.0,0.0,0.0,0.0,0.0,100.0,200.0,100.0,,2024.0,1200000.0,0.0,0.0,200000.0,0.0,0.0,0.0,0.0,1400000.0,2,0.8571428571428571,0.8571428571428571,956267.7232970996,0.0,2356267.7232971,1715000.0,641267.7232970996,20166768.67704479,7678027.2296217,11.683913080131509,30.6884522915816,3.179823865521078,17810500.95374769,1.0,1178133.86164855,25-50%
633706793,mukono,Kimenyedde,Naggalama,Kisira_Isaac,False,1.0,2.0,3.0,3.0,False,1.0,6.0,2.0,0.0,0.0,41_60,secondary,65.0,2.0,1.0,1.0,30.0,5.0,0.25,2.0,1.0,customary_divided_inheritance,30.0,13.333333333333334,1.0,1.0,1.0,1.0,1.0,0.0,0.0,0.0,0.0,0.0,30.0,60.0,120.0,8000.0,2024.0,300000.0,0.0,0.0,0.0,500000.0,0.0,0.0,0.0,800000.0,2,1.0,0.375,2978438.9598234496,0.0,3778438.9598234496,413500.0,3364938.9598234496,20166768.67704479,23840513.473439563,18.735966184430577,15.84881535388474,16.68556333297786,16388329.71722134,1.0,629739.8266372416,<25%
634022985,mukono,Nabaale,Nakanyonyi,Sserugo_William,False,0.0,1.0,1.0,2.0,False,1.0,3.0,3.0,1.0,1.0,61_and_above,primary,75.0,1.0,0.0,0.0,20.0,1.5,1.0,0.5,1.0,customary_divided_inheritance,30.0,20.0,1.0,1.0,1.0,1.0,1.0,0.0,1.0,0.0,0.0,0.0,150.0,300.0,150.0,3000.0,2024.0,900000.0,0.0,0.0,300000.0,0.0,0.0,0.0,100000.0,1300000.0,3,0.6923076923076923,0.6923076923076923,1413083.5146810643,0.0,2713083.5146810645,1682500.0,1030583.5146810644,20166768.67704479,11682309.66284863,13.453238632965943,23.223862343839826,5.110305627961835,17453685.162363727,1.0,904361.1715603549,<25%
634718242,mukono,Nabaale,Nakanyonyi,Sserugo_William,False,1.0,1.0,2.0,3.0,False,2.0,5.0,5.0,0.0,0.0,61_and_above,primary,65.0,1.0,0.0,1.0,50.0,5.0,4.0,1.0,1.0,freehold_full_ownership,30.0,6.0,1.0,1.0,1.0,1.0,0.0,0.0,1.0,0.0,0.0,0.0,500.0,1000.0,125.0,5000.0,2024.0,5000000.0,1000000.0,0.0,1000000.0,1000000.0,0.0,0.0,0.0,8000000.0,4,0.875,0.625,2478987.027910315,0.0,10478987.027910316,6962000.0,3516987.0279103145,20166768.67704479,20166768.67704479,51.96165630559457,51.96165630559457,17.439516881619177,9687781.649134474,1.0,2095797.4055820634,50-100%
635238561,mukono,Nabaale,Nakanyonyi,Sserugo_William,False,0.0,3.0,3.0,2.0,False,1.0,5.0,1.5,0.0,1.0,61_and_above,primary,55.0,1.0,0.0,0.0,40.0,1.0,0.5,0.5,1.0,customary_divided_inheritance,30.0,30.0,1.0,1.0,1.0,1.0,1.0,1.0,1.0,0.0,0.0,0.0,100.0,200.0,200.0,6000.0,2024.0,1200000.0,0.0,0.0,500000.0,300000.0,0.0,0.0,0.0,2000000.0,3,0.75,0.6,2411987.378507334,0.0,4411987.378507334,865000.0,3546987.378507334,20166768.67704479,19673949.253138177,21.87751270003589,22.425529931686597,17.58827819820614,15754781.298537455,1.0,882397.4757014668,<25%
636135365,mukono,Nabaale,Makukuba,Namazzi_Patience,False,0.0,1.0,1.0,3.0,False,0.0,4.0,3.0,1.0,1.0,26_40,primary,45.0,1.0,0.0,0.0,15.0,1.0,0.5,0.25,1.0,mailo_kibanja,30.0,40.0,1.0,1.0,0.0,1.0,1.0,0.0,0.0,0.0,0.0,0.0,500.0,1000.0,1000.0,3000.0,2025.0,3000000.0,0.0,500000.0,300000.0,100000.0,0.0,0.0,0.0,3900000.0,4,0.7948717948717948,0.7692307692307693,1869899.3060650292,0.0,5769899.306065029,20000.0,5749899.306065029,20166768.67704479,15042442.098575557,28.610926214633125,38.357463956011564,28.511753162567693,14396869.37097976,1.0,1442474.8265162574,25-50%
636136285,mukono,Kimenyedde,Makukuba,Namazzi_Patience,False,0.0,1.0,1.0,5.0,False,1.0,6.0,6.0,1.0,1.0,61_and_above,primary,65.0,1.0,0.0,0.0,50.0,1.0,0.5,0.25,1.0,mailo_kibanja,30.0,40.0,1.0,1.0,1.0,1.0,1.0,0.0,1.0,0.0,1.0,0.0,600.0,1200.0,1200.0,2000.0,2025.0,2400000.0,0.0,0.0,1000000.0,0.0,0.0,0.0,3000000.0,6400000.0,3,0.375,0.375,2783530.88883296,0.0,9183530.88883296,0.0,9183530.88883296,20166768.67704479,22406856.967529416,45.537939349134746,40.98535953588291,45.537939349134746,10983237.78821183,1.0,1530588.48147216,25-50%
616674531,mukono,Nabaale,Makukuba,Namazzi_Patience,False,0.0,1.0,1.0,3.0,False,0.0,4.0,3.0,0.0,0.0,41_60,secondary,55.0,2.0,1.0,1.0,6.0,2.5,1.5,0.6,1.0,mailo_kibanja,31.0,14.761904761904761,1.0,1.0,1.0,1.0,0.0,0.0,1.0,0.0,0.0,0.0,400.0,400.0,266.6666666666667,,2025.0,5100000.0,0.0,0.0,0.0,0.0,0.0,2000000.0,0.0,7100000.0,2,0.7183098591549296,0.7183098591549296,1869899.3060650292,0.0,8969899.30606503,657692.3076923077,8312206.9983727215,20166768.67704479,15042442.098575557,44.478614545101564,59.630605504637,41.21734687141153,11196869.37097976,1.0,2242474.8265162576,50-100%
557715625,nakaseke,Kasangombe,Bulyake,Najjuma_Olivia,False,0.0,2.0,2.0,1.0,False,1.0,3.0,2.0,1.0,1.0,61_and_above,primary,75.0,1.0,0.0,1.0,60.0,0.8,0.5,0.0,1.0,mailo_kibanja,32.0,64.0,1.0,1.0,0.0,1.0,0.0,0.0,0.0,0.0,1.0,0.0,118.5,237.0,237.0,7000.0,2024.0,1650000.0,0.0,0.0,0.0,0.0,0.0,0.0,0.0,1650000.0,1,1.0,1.0,1200280.7260556433,0.0,2850280.7260556435,0.0,2850280.7260556435,19779321.73522621,11826842.363164272,14.410406808740076,24.100099067297037,14.410406808740076,16929041.009170566,1.0,950093.5753518812,<25%
582503133,nakaseke,Kikamulo,Kibose,Najjuma_Olivia,False,1.0,1.0,2.0,2.0,False,0.0,4.0,1.0,0.0,0.0,41_60,secondary,55.0,2.0,1.0,1.0,38.0,4.0,2.0,1.0,1.0,freehold_full_ownership,32.0,10.666666666666666,1.0,1.0,1.0,1.0,0.0,0.0,0.0,,1.0,0.0,105.0,210.0,52.5,6000.0,2024.0,1260000.0,0.0,0.0,500000.0,0.0,0.0,0.0,0.0,1760000.0,2,0.7159090909090909,0.7159090909090909,1667335.5692488411,0.0,3427335.569248841,1493721.153846154,1933614.4154026876,19779321.73522621,15736788.99645548,17.327872083423816,21.779128957125923,9.775938939094129,16351986.16597737,1.0,856833.8923122103,<25%
586804272,nakaseke,Kikamulo,Kapeke,Najjuma_Olivia,False,2.0,2.0,4.0,4.0,False,0.0,8.0,1.0,0.0,0.0,41_60,secondary,55.0,2.0,1.0,1.0,29.0,6.0,3.0,2.0,1.0,freehold_full_ownership,32.0,6.4,1.0,1.0,1.0,1.0,1.0,1.0,0.0,0.0,1.0,0.0,259.5,519.0,86.5,6200.0,2024.0,3217800.0,300000.0,1000000.0,0.0,560000.0,0.0,0.0,0.0,5077800.0,4,0.8030643191933514,0.6336996336996337,3334671.1384976823,270000.0,8682471.138497682,3145066.153846154,5537404.984651528,19779321.73522621,31473577.99291096,43.8967081618099,27.586539860365743,27.9959295812941,11096850.596728528,1.0,1085308.8923122103,25-50%
620699783,mukono,Kimenyedde,Naggalama,Kisira_Isaac,False,0.0,1.0,1.0,2.0,False,1.0,3.0,3.0,1.0,1.0,61_and_above,primary,75.0,1.0,0.0,0.0,53.0,2.0,2.0,0.0,1.0,mailo_kibanja,32.0,16.0,1.0,1.0,1.0,1.0,1.0,0.0,0.0,0.0,0.0,0.0,19.0,38.0,9.5,8000.0,2024.0,2800000.0,0.0,0.0,0.0,0.0,0.0,0.0,0.0,2800000.0,1,1.0,1.0,1413083.5146810643,0.0,4213083.5146810645,3098050.0,1115033.5146810643,20166768.67704479,11682309.66284863,20.891217537873022,36.06378906458246,5.529063840308103,15953685.162363727,1.0,1404361.1715603548,25-50%
550738751,nakaseke,Kasangombe,Sakabusolo,Namyenya_Lillian,True,0.0,1.0,1.0,1.0,False,0.0,2.0,1.0,1.0,1.0,,,75.0,1.0,0.0,0.0,10.0,2.0,1.0,,1.0,mailo_kibanja,,,1.0,1.0,0.0,1.0,1.0,0.0,0.0,0.0,,0.0,18.0,36.0,18.0,,2022.0,400000.0,0.0,0.0,0.0,0.0,0.0,0.0,0.0,400000.0,1,1.0,1.0,788468.9288315307,0.0,1188468.9288315307,80000.0,1108468.9288315307,19779321.73522621,7490012.565973753,6.0086434951655265,15.867382308951061,5.604180687639001,18590852.80639468,1.0,594234.4644157654,<25%
589566299,nakaseke,Kikamulo,Magoma,Najjuma_Olivia,False,1.0,1.0,2.0,0.0,False,0.0,2.0,0.0,0.0,0.0,41_60,non_formal,55.0,0.0,0.0,1.0,31.0,1.5,1.0,0.3,1.0,mailo_kibanja,34.0,26.153846153846153,1.0,1.0,1.0,1.0,0.0,0.0,0.0,0.0,0.0,0.0,45.0,90.0,45.0,6000.0,2024.0,540000.0,0.0,0.0,0.0,0.0,0.0,0.0,0.0,540000.0,1,1.0,1.0,914021.3060340044,0.0,1454021.3060340043,0.0,1454021.3060340043,19779321.73522621,8541073.488901505,7.351219245523715,17.023870687020757,7.351219245523715,18325300.429192208,1.0,727010.6530170022,<25%
556042851,nakaseke,Kasangombe,Nakaseta,Namyenya_Lillian,True,0.0,1.0,1.0,2.0,False,0.0,3.0,2.0,0.0,0.0,,,55.0,1.0,0.0,1.0,9.0,3.0,1.2,,1.0,mailo_kibanja,,,,,,1.0,1.0,0.0,0.0,0.0,1.0,0.0,,,,,,700000.0,0.0,0.0,300000.0,250000.0,0.0,0.0,0.0,1250000.0,3,0.76,0.56,1165126.0604389491,240000.0,2655126.060438949,749692.3076923077,1905433.7527466407,19779321.73522621,11532545.30474449,13.42374675927472,23.022897290042557,9.633463564896347,17124195.67478726,1.0,885042.0201463164,<25%
581667076,nakaseke,Kikamulo,Kamuli,Najjuma_Olivia,False,1.0,0.0,1.0,2.0,False,1.0,3.0,3.0,0.0,0.0,61_and_above,vocational,75.0,3.0,1.0,1.0,55.0,4.0,2.0,1.0,1.0,freehold_full_ownership,35.0,11.666666666666666,1.0,1.0,1.0,1.0,0.0,0.0,0.0,0.0,1.0,0.0,99.0,198.0,49.5,4200.0,2024.0,831600.0,0.0,300000.0,150000.0,0.0,0.0,0.0,0.0,1281600.0,3,0.648876404494382,0.648876404494382,1255523.7720247286,0.0,2537123.7720247284,1445153.846153846,1091969.9258708823,19779321.73522621,12289309.169252455,12.82715254844259,20.644966589111036,5.520765274403348,17242197.96320148,1.0,845707.9240082428,<25%
561201812,nakaseke,Kasangombe,Sakabusolo,Namyenya_Lillian,True,0.0,2.0,2.0,3.0,False,1.0,5.0,4.0,0.0,0.0,26_40,non_formal,65.0,1.0,0.0,1.0,20.0,2.0,0.9,0.8,1.0,mailo_kibanja,,,1.0,1.0,1.0,1.0,1.0,0.0,0.0,0.0,1.0,0.0,225000.0,450000.0,,5200.0,2025.0,600000.0,0.0,250000.0,90000.0,90000.0,0.0,0.0,0.0,1030000.0,4,0.6699029126213593,0.5825242718446602,1953594.98927048,0.0,2983594.98927048,665000.0,2318594.98927048,19779321.73522621,19022557.87071824,15.08441507353011,15.684509988339581,11.722317985965876,16795726.74595573,1.0,596718.997854096,<25%
561202655,nakaseke,Kasangombe,Sakabusolo,Namyenya_Lillian,True,1.0,0.0,1.0,3.0,True,0.0,4.0,3.0,0.0,0.0,,,75.0,1.0,0.0,1.0,13.0,3.0,1.0,1.0,1.0,freehold_full_ownership,,,,,,1.0,1.0,0.0,0.0,0.0,1.0,0.0,12.5,25.0,12.5,4500.0,2025.0,300000.0,60000.0,55000.0,150000.0,70000.0,0.0,0.0,0.0,635000.0,5,0.6771653543307087,0.47244094488188976,1632180.9036321468,0.0,2267180.903632147,880000.0,1387180.9036321468,19779321.73522621,15442491.938035691,11.462379418169759,14.681444631665682,7.01328853537799,17512140.831594065,1.0,566795.2259080367,<25%
622951271,mukono,Nabaale,Nabalanga,Sserugo_William,False,4.0,2.0,6.0,4.0,False,0.0,10.0,0.6666666666666666,1.0,1.0,41_60,secondary,45.0,2.0,1.0,1.0,20.0,2.0,0.75,1.0,1.0,mailo_kibanja,40.0,22.857142857142858,1.0,1.0,1.0,1.0,1.0,1.0,1.0,1.0,1.0,0.0,180.0,360.0,240.0,5000.0,2024.0,1800000.0,1000000.0,0.0,0.0,1200000.0,0.0,0.0,0.0,4000000.0,3,1.0,0.45,5262517.916743271,0.0,9262517.916743273,1270800.0,7991717.916743271,20166768.67704479,41929475.64707418,45.92960858070689,22.090707727201465,39.6281528524696,10904250.760301517,1.0,926251.7916743273,<25%
623479194,mukono,Kimenyedde,Naggalama,Kisira_Isaac,False,3.0,1.0,4.0,2.0,False,1.0,6.0,1.0,0.0,0.0,61_and_above,college_university,75.0,4.0,1.0,1.0,60.0,3.0,3.0,0.0,1.0,customary_divided_inheritance,40.0,13.333333333333334,1.0,1.0,1.0,1.0,1.0,0.0,0.0,1.0,0.0,0.0,200.0,400.0,66.66666666666667,8000.0,2024.0,2400000.0,0.0,0.0,0.0,1200000.0,0.0,0.0,0.0,3600000.0,2,1.0,0.6666666666666666,3240346.680216921,600000.0,7440346.680216921,4810000.0,2630346.680216921,20166768.67704479,25766989.40325632,36.89409443509925,28.875498661386658,13.042975413363884,12726421.99682787,1.0,1240057.7800361535,25-50%
633859954,mukono,Nabaale,Makukuba,Namazzi_Patience,False,3.0,1.0,4.0,4.0,False,1.0,8.0,1.6666666666666667,0.0,0.0,61_and_above,primary,65.0,1.0,0.0,1.0,8.0,1.0,0.5,0.0,1.0,mailo_kibanja,40.0,80.0,1.0,1.0,1.0,1.0,1.0,0.0,0.0,0.0,1.0,0.0,250.0,500.0,500.0,2300.0,2025.0,1200000.0,0.0,1000000.0,0.0,500000.0,0.0,0.0,0.0,2700000.0,3,0.6296296296296297,0.4444444444444444,4153978.2629848495,0.0,6853978.262984851,0.0,6853978.262984851,20166768.67704479,33131404.27221017,33.98649715651533,20.687255531555614,33.98649715651533,13312790.414059939,1.0,856747.2828731064,<25%
634322609,mukono,Kimenyedde,Naggalama,Kisira_Isaac,False,0.0,3.0,3.0,0.0,False,1.0,3.0,0.5,1.0,1.0,61_and_above,primary,75.0,1.0,0.0,0.0,58.0,1.0,1.0,0.0,1.0,mailo_kibanja,40.0,40.0,1.0,1.0,1.0,1.0,0.0,0.0,0.0,1.0,1.0,0.0,160.0,320.0,160.0,8000.0,2024.0,1800000.0,0.0,0.0,0.0,0.0,0.0,0.0,0.0,1800000.0,1,1.0,1.0,1498355.795739404,0.0,3298355.795739404,1212000.0,2086355.795739404,20166768.67704479,12309534.38418432,16.35540055305846,26.795130447640947,10.34551359789354,16868412.881305385,1.0,1099451.9319131346,25-50%
634718422,mukono,Nabaale,Nabalanga,Sserugo_William,False,2.0,0.0,2.0,0.0,False,0.0,2.0,0.0,0.0,0.0,41_60,primary,55.0,1.0,0.0,0.0,6.0,1.5,1.0,0.5,1.0,freehold_full_ownership,40.0,26.666666666666668,1.0,1.0,1.0,1.0,0.0,0.0,0.0,0.0,0.0,0.0,200.0,400.0,200.0,2500.0,2024.0,1000000.0,56499.99999999996,0.0,432500.0,248000.00000000006,0.0,0.0,0.0,1737000.0,4,0.7510074841681059,0.5757052389176741,1218175.4436905708,0.0,2955175.443690571,1750000.0,1205175.4436905708,20166768.67704479,9604503.15943846,14.653688406979922,30.768644610070066,5.976046351254997,17211593.23335422,1.0,1477587.7218452855,25-50%
618738459,mukono,Kimenyedde,Naggalama,Kisira_Isaac,False,1.0,1.0,2.0,3.0,False,1.0,5.0,4.0,0.0,0.0,61_and_above,vocational,75.0,3.0,1.0,0.0,55.0,4.0,4.0,0.0,1.0,mailo_kibanja,42.0,10.5,1.0,1.0,1.0,1.0,1.0,0.0,0.0,0.0,1.0,0.0,250.0,500.0,62.5,8000.0,2024.0,5400000.0,0.0,0.0,0.0,0.0,0.0,0.0,0.0,5400000.0,1,1.0,1.0,2478987.027910315,0.0,7878987.027910314,6397500.0,1481487.0279103145,20166768.67704479,20166768.67704479,39.06915953708896,39.06915953708896,7.34617950766027,12287781.649134476,1.0,1575797.4055820627,25-50%
552806909,nakaseke,Kasangombe,Sakabusolo,Namyenya_Lillian,True,1.0,2.0,3.0,3.0,False,1.0,6.0,2.0,0.0,1.0,26_40,secondary,45.0,1.0,0.0,1.0,5.0,2.0,0.2,,1.0,freehold_full_ownership,,,1.0,1.0,0.0,1.0,1.0,0.0,0.0,0.0,,0.0,13.0,26.0,65.0,,2020.0,1120000.0,0.0,0.0,0.0,468120.0,0.0,0.0,0.0,1588120.0,2,1.0,0.7052363801224089,2455804.498080372,0.0,4043924.498080372,32769.230769230766,4011155.267311141,19779321.73522621,23226801.562429227,20.44521319898598,17.410595631133592,20.279539010518384,15735397.237145837,1.0,673987.4163467287,<25%
557694859,nakaseke,Kasangombe,Nakaseta,Namyenya_Lillian,True,0.0,1.0,1.0,3.0,False,0.0,4.0,3.0,0.0,0.0,,,65.0,0.0,0.0,1.0,10.0,1.0,0.3,,1.0,mailo_kibanja,,,,,,1.0,0.0,0.0,0.0,0.0,1.0,0.0,10.0,20.0,33.333333333333336,5000.0,2025.0,90000.0,0.0,0.0,0.0,0.0,0.0,0.0,0.0,90000.0,1,1.0,1.0,1541783.192046367,0.0,1631783.192046367,55000.0,1576783.192046367,19779321.73522621,14685728.073527724,8.249945139120843,11.111353716182416,7.971876958946357,18147538.543179844,1.0,407945.7980115918,<25%
589566059,nakaseke,Kikamulo,Magoma,Najjuma_Olivia,False,2.0,1.0,3.0,3.0,False,1.0,6.0,2.0,1.0,1.0,41_60,primary,55.0,1.0,0.0,1.0,39.0,9.0,8.0,0.6,1.0,freehold_full_ownership,50.0,5.813953488372094,1.0,1.0,1.0,1.0,1.0,0.0,0.0,0.0,1.0,0.0,525.0,1050.0,65.625,6000.0,2024.0,6300000.0,1000000.0,0.0,300000.0,0.0,0.0,0.0,0.0,7600000.0,3,0.9605263157894737,0.8289473684210527,2546202.209666152,540000.0,10686202.209666152,11300903.846153848,-614701.6364876963,19779321.73522621,23983565.4269372,54.027141843971506,44.556353567280354,-3.107799371062034,9093119.525560059,1.0,1781033.7016110253,25-50%
593200247,nakaseke,Kikamulo,Kapeke,Najjuma_Olivia,False,3.0,0.0,3.0,0.0,False,0.0,3.0,0.0,0.0,0.0,16_25,secondary,25.0,2.0,1.0,0.0,5.0,12.0,6.0,2.0,1.0,freehold_full_ownership,50.0,6.25,1.0,1.0,1.0,1.0,0.0,0.0,0.0,0.0,0.0,0.0,260.0,520.0,43.333333333333336,6000.0,2024.0,31200005.0,1000000.0,0.0,0.0,1080000.0,0.0,0.0,0.0,33280005.0,3,1.0,0.9375000093900226,1506628.5264296765,0.0,34786633.52642968,8817000.0,25969633.52642968,19779321.73522621,14391431.015107969,175.8737432562009,241.7176824869678,131.2968860816838,-15007311.791203473,0.0,11595544.508809894,>=100%
613820537,nakaseke,Kikamulo,Magoma,Najjuma_Olivia,False,5.0,1.0,6.0,1.0,False,0.0,7.0,0.16666666666666666,0.0,0.0,41_60,secondary,55.0,2.0,1.0,0.0,20.0,5.0,4.0,0.6,1.0,freehold_full_ownership,50.0,10.869565217391305,1.0,1.0,1.0,1.0,0.0,0.0,0.0,0.0,0.0,0.0,360.0,360.0,90.0,,2024.0,5040000.0,500000.0,0.0,0.0,0.0,0.0,0.0,0.0,5540000.0,2,1.0,0.9097472924187726,3299516.472880991,0.0,8839516.472880991,6522000.0,2317516.472880991,19779321.73522621,31179280.934491195,44.69069562248008,28.35061043085996,11.716865238880176,10939805.262345219,1.0,1262788.0675544273,25-50%
614808240,mukono,Nabaale,Nakanyonyi,Sserugo_William,False,0.0,2.0,2.0,9.0,False,1.0,11.0,10.0,1.0,1.0,61_and_above,non_formal,75.0,0.0,0.0,0.0,50.0,1.0,0.5,0.25,1.0,customary_divided_inheritance,50.0,66.66666666666667,1.0,1.0,0.0,1.0,1.0,0.0,0.0,0.0,0.0,0.0,5.0,10.0,10.0,2500.0,2025.0,1000000.0,0.0,0.0,600000.0,0.0,200000.0,0.0,0.0,1800000.0,3,0.5555555555555556,0.5555555555555556,5110245.986281954,75000.0,6985245.986281954,341375.0,6643870.986281954,20166768.67704479,41453581.4993319,34.637408194368014,16.85076592572474,32.944648161926246,13181522.690762836,1.0,635022.3623892685,<25%
615773753,mukono,Nabaale,Nakanyonyi,Sserugo_William,False,0.0,1.0,1.0,8.0,False,1.0,9.0,9.0,1.0,1.0,61_and_above,primary,75.0,1.0,0.0,0.0,50.0,2.0,1.0,0.75,1.0,customary_divided_inheritance,50.0,28.571428571428573,1.0,1.0,1.0,1.0,1.0,0.0,1.0,0.0,1.0,0.0,150.0,300.0,150.0,5000.0,2024.0,1500000.0,1000000.0,0.0,200000.0,0.0,0.0,0.0,0.0,2700000.0,3,0.9259259259259259,0.5555555555555556,4153978.262984855,90000.0,6943978.262984855,1839500.0,5104478.262984855,20166768.67704479,33775554.269710205,34.43277589080977,20.559183744357348,25.311334427092056,13222790.414059935,1.0,771553.1403316506,<25%
617460629,mukono,Kimenyedde,Makukuba,Namazzi_Patience,False,1.0,0.0,1.0,5.0,False,0.0,6.0,5.0,0.0,0.0,26_40,secondary,35.0,2.0,1.0,1.0,10.0,1.5,1.0,0.0,1.0,mailo_kibanja,50.0,50.0,1.0,1.0,1.0,0.0,0.0,0.0,0.0,0.0,1.0,0.0,100.0,200.0,100.0,2500.0,2025.0,800000.0,0.0,0.0,0.0,0.0,20000000.0,0.0,500000.0,21300000.0,3,0.03755868544600939,0.03755868544600939,2893166.67876511,0.0,24193166.67876511,300000.0,23893166.67876511,20166768.67704479,23213288.75210388,119.96550893303717,104.22119389081577,118.47791315205576,-4026398.0017203204,0.0,4032194.446460852,>=100%
617461111,mukono,Kimenyedde,Bamusuuta,Namazzi_Patience,False,1.0,0.0,1.0,0.0,False,1.0,1.0,1.0,0.0,0.0,61_and_above,primary,75.0,1.0,0.0,0.0,4.0,4.9,1.5,0.0,1.0,freehold_full_ownership,50.0,33.333333333333336,1.0,1.0,1.0,0.0,1.0,0.0,0.0,0.0,0.0,0.0,50.0,100.0,33.333333333333336,2000.0,2025.0,400000.0,0.0,0.0,300000.0,0.0,0.0,0.0,0.0,700000.0,2,0.5714285714285714,0.5714285714285714,609087.7218452854,0.0,1309087.7218452855,0.0,1309087.7218452855,20166768.67704479,5124326.578469231,6.491311239838733,25.54653185738884,6.491311239838733,18857680.955199506,1.0,1309087.7218452855,25-50%
617461597,mukono,Kimenyedde,Makukuba,Namazzi_Patience,False,1.0,1.0,2.0,7.0,False,0.0,9.0,3.5,1.0,1.0,26_40,non_formal,45.0,0.0,0.0,0.0,30.0,1.0,0.5,0.0,1.0,freehold_full_ownership,50.0,100.0,1.0,1.0,1.0,1.0,0.0,0.0,0.0,0.0,0.0,0.0,75.0,150.0,150.0,2300.0,2025.0,120000.0,0.0,0.0,0.0,0.0,0.0,0.0,0.0,120000.0,1,1.0,1.0,4306250.193446174,0.0,4426250.193446174,19230.76923076923,4407019.424215405,20166768.67704479,34895598.4149525,21.94823704446235,12.68426504916895,21.852878340553286,15740518.483598616,1.0,491805.57704957493,<25%
618056660,mukono,Nabaale,Nakanyonyi,Sserugo_William,False,2.0,1.0,3.0,0.0,False,1.0,3.0,0.5,1.0,1.0,41_60,primary,55.0,1.0,0.0,1.0,30.0,2.0,1.0,0.75,1.0,mailo_kibanja,50.0,28.571428571428573,1.0,1.0,0.0,1.0,1.0,0.0,1.0,0.0,0.0,0.0,240.0,480.0,240.0,2500.0,2024.0,1200000.0,0.0,0.0,200000.0,0.0,500000.0,0.0,0.0,1900000.0,3,0.631578947368421,0.631578947368421,1717627.3756037056,0.0,3617627.3756037056,675600.0,2942027.3756037056,20166768.67704479,13922397.953333233,17.938557403703147,25.984226192425357,14.588491704932999,16549141.301441085,1.0,1205875.7918679018,25-50%
618502638,mukono,Nabaale,Nakanyonyi,Sserugo_William,False,1.0,0.0,1.0,0.0,False,1.0,1.0,1.0,0.0,0.0,61_and_above,primary,75.0,1.0,0.0,0.0,60.0,4.0,2.0,1.0,1.0,mailo_kibanja,50.0,16.666666666666668,1.0,1.0,1.0,1.0,0.0,0.0,0.0,0.0,0.0,0.0,200.0,400.0,100.0,5000.0,2024.0,2000000.0,0.0,0.0,0.0,300000.0,0.0,0.0,2510999.999999999,4810999.999999999,3,0.47807108709208074,0.4157139887757224,609087.7218452854,0.0,5420087.721845284,973000.0,4447087.721845284,20166768.67704479,5124326.578469231,26.876332091887395,105.77170753750838,22.051563108904336,14746680.955199506,1.0,5420087.721845284,>=100%
618738618,mukono,Kimenyedde,Naggalama,Kisira_Isaac,False,2.0,3.0,5.0,3.0,False,0.0,8.0,0.6,0.0,0.0,41_60,primary,55.0,1.0,0.0,1.0,40.0,2.0,2.0,0.0,1.0,mailo_kibanja,50.0,25.0,1.0,1.0,1.0,1.0,1.0,0.0,0.0,0.0,0.0,0.0,180.0,360.0,90.0,8000.0,2024.0,3400000.0,0.0,0.0,0.0,0.0,0.0,0.0,0.0,3400000.0,1,1.0,1.0,4086978.61358187,0.0,7486978.613581869,3251000.0,4235978.61358187,20166768.67704479,32638584.848303564,37.12532599287493,22.9390417764115,21.004746379639656,12679790.06346292,1.0,935872.3266977336,<25%
619308856,mukono,Nabaale,Nabalanga,Sserugo_William,False,1.0,1.0,2.0,5.0,False,0.0,7.0,2.5,1.0,1.0,26_40,secondary,45.0,2.0,1.0,1.0,15.0,7.0,2.5,2.5,1.0,mailo_kibanja,50.0,10.0,1.0,1.0,1.0,1.0,1.0,0.0,1.0,0.0,1.0,0.0,300.0,600.0,120.0,,2024.0,3000000.0,500000.0,0.0,0.0,500000.0,0.0,0.0,9000000.0,13000000.0,4,0.3076923076923077,0.23076923076923078,3392618.6106782453,0.0,16392618.610678244,1940000.0,14452618.610678244,20166768.67704479,27531183.545998648,81.28530094827465,59.54200473542929,71.66551489792816,3774150.066366546,1.0,2341802.6586683206,50-100%
620131758,mukono,Nabaale,Nakanyonyi,Sserugo_William,False,1.0,0.0,1.0,0.0,False,1.0,1.0,1.0,0.0,0.0,61_and_above,primary,75.0,1.0,0.0,0.0,5.0,1.0,0.5,0.5,1.0,mailo_kibanja,50.0,50.0,1.0,1.0,1.0,1.0,1.0,1.0,0.0,0.0,1.0,0.0,140.0,280.0,280.0,2500.0,2024.0,700000.0,500000.0,0.0,0.0,500000.0,0.0,0.0,0.0,1700000.0,3,1.0,0.4117647058823529,609087.7218452854,0.0,2309087.721845285,1274100.0,1034987.7218452856,20166768.67704479,5124326.578469231,11.449963843110117,45.061291205508404,5.132144561282047,17857680.955199506,1.0,2309087.721845285,25-50%
621077765,mukono,Nabaale,Nabalanga,Sserugo_William,False,5.0,1.0,6.0,2.0,False,1.0,8.0,0.6,1.0,1.0,26_40,primary,45.0,1.0,0.0,1.0,25.0,1.5,1.5,0.0,1.0,mailo_kibanja,50.0,33.333333333333336,1.0,1.0,1.0,1.0,1.0,0.0,1.0,1.0,0.0,0.0,625.0,1250.0,416.6666666666667,2000.0,2024.0,2500000.0,0.0,0.0,0.0,0.0,0.0,0.0,1000000.0,3500000.0,2,0.7142857142857143,0.7142857142857143,4458522.123907492,62500.0,8021022.123907492,2747750.0,5273272.123907492,20166768.67704479,35371492.56269478,39.77346223561127,22.676515868507668,26.14832454497232,12145746.553137299,1.0,1002627.7654884364,<25%
622950517,mukono,Nabaale,Nabalanga,Sserugo_William,False,1.0,1.0,2.0,2.0,False,1.0,4.0,3.0,0.0,0.0,61_and_above,secondary,65.0,2.0,1.0,1.0,50.0,10.0,6.0,4.0,1.0,mailo_kibanja,50.0,5.0,1.0,1.0,1.0,1.0,1.0,0.0,1.0,1.0,0.0,0.0,800.0,1600.0,133.33333333333334,5000.0,2024.0,8000000.0,300000.0,0.0,500000.0,4000000.0,0.0,0.0,0.0,12800000.0,4,0.9609375,0.625,2022171.23652635,0.0,14822171.23652635,10420000.0,4402171.23652635,20166768.67704479,16162486.243817862,73.49799798813564,91.70724734380404,21.828837862047802,5344597.440518441,1.0,3705542.8091315874,50-100%
623178431,mukono,Nabaale,Bamusuuta,Namazzi_Patience,False,0.0,2.0,2.0,7.0,False,1.0,9.0,8.0,1.0,1.0,61_and_above,non_formal,65.0,0.0,0.0,0.0,20.0,1.25,1.0,0.0,1.0,mailo_kibanja,50.0,50.0,1.0,1.0,1.0,0.0,0.0,0.0,1.0,0.0,0.0,0.0,350.0,700.0,350.0,2500.0,2025.0,1600000.0,0.0,1000000.0,240000.0,0.0,0.0,0.0,0.0,2840000.0,3,0.5633802816901409,0.5633802816901409,4196614.403514024,0.0,7036614.403514025,0.0,7036614.403514025,20166768.67704479,34089166.63037805,34.89212633020175,20.641790630468073,34.89212633020175,13130154.273530766,1.0,781846.0448348917,<25%
623271316,mukono,Kimenyedde,Makukuba,Namazzi_Patience,False,1.0,1.0,2.0,2.0,False,0.0,4.0,1.0,0.0,0.0,41_60,secondary,55.0,2.0,1.0,1.0,30.0,3.0,0.5,2.0,1.0,mailo_kibanja,50.0,20.0,1.0,1.0,1.0,1.0,1.0,0.0,0.0,0.0,0.0,0.0,150.0,300.0,300.0,2500.0,2025.0,750000.0,0.0,0.0,0.0,10000000.0,2000000.0,0.0,0.0,12750000.0,3,0.8431372549019608,0.058823529411764705,2022171.23652635,0.0,14772171.23652635,27692.30769230769,14744478.928834042,20166768.67704479,16162486.243817862,73.25006535797208,91.39788899852394,73.11274882434302,5394597.440518441,1.0,3693042.8091315874,50-100%
623272577,mukono,Kimenyedde,Bamusuuta,Namazzi_Patience,False,1.0,1.0,2.0,1.0,False,1.0,3.0,2.0,0.0,0.0,61_and_above,secondary,75.0,2.0,1.0,1.0,40.0,5.0,0.5,4.0,1.0,mailo_kibanja,50.0,11.11111111111111,1.0,1.0,1.0,1.0,1.0,0.0,0.0,0.0,0.0,0.0,100.0,200.0,200.0,2500.0,2025.0,1000000.0,0.0,0.0,0.0,20000000.0,0.0,0.0,0.0,21000000.0,2,1.0,0.047619047619047616,1565355.445142385,0.0,22565355.445142385,0.0,22565355.445142385,20166768.67704479,12802353.808090933,111.89375852179944,176.25942684759542,111.89375852179944,-2398586.7680975944,0.0,7521785.148380795,>=100%
624293459,mukono,Nabaale,Nabalanga,Sserugo_William,False,1.0,1.0,2.0,1.0,False,2.0,3.0,3.0,0.0,0.0,61_and_above,secondary,55.0,2.0,1.0,1.0,40.0,1.0,0.5,0.5,1.0,freehold_full_ownership,50.0,50.0,1.0,1.0,1.0,1.0,0.0,0.0,1.0,0.0,1.0,0.0,110.0,220.0,220.0,5000.0,2024.0,1100000.0,1000000.0,0.0,0.0,0.0,0.0,0.0,0.0,2100000.0,2,1.0,0.5238095238095238,1565355.445142385,0.0,3665355.4451423855,1124500.0,2540855.445142385,20166768.67704479,12802353.808090933,18.17522431997024,28.63032454880231,12.599219467591565,16501413.231902406,1.0,1221785.1483807953,25-50%
624713073,mukono,Kimenyedde,Makukuba,Namazzi_Patience,False,1.0,1.0,2.0,0.0,False,1.0,2.0,1.0,1.0,1.0,61_and_above,non_formal primary,65.0,1.0,0.0,0.0,50.0,3.0,1.0,1.5,1.0,mailo_kibanja,50.0,20.0,1.0,1.0,1.0,1.0,1.0,0.0,0.0,0.0,0.0,0.0,95.0,190.0,95.0,2000.0,2025.0,400000.0,0.0,0.0,5000000.0,0.0,0.0,0.0,0.0,5400000.0,2,0.07407407407407407,0.07407407407407407,1108539.65375842,0.0,6508539.65375842,0.0,6508539.65375842,20166768.67704479,8798071.374864,32.273587097604235,73.97689080305997,32.273587097604235,13658229.02328637,1.0,3254269.82687921,50-100%
624713879,mukono,Nabaale,Bamusuuta,Namazzi_Patience,False,1.0,3.0,4.0,8.0,False,0.0,12.0,2.0,1.0,0.0,41_60,secondary,25.0,1.0,0.0,0.0,10.0,5.0,3.0,1.0,1.0,mailo_kibanja,50.0,12.5,1.0,1.0,1.0,0.0,1.0,0.0,0.0,0.0,1.0,0.0,100.0,200.0,33.333333333333336,3000.0,2025.0,685000.0,0.0,0.0,0.0,0.0,2000000.0,0.0,0.0,2685000.0,2,0.25512104283054005,0.25512104283054005,5761969.8486564085,0.0,8446969.848656408,0.0,8446969.848656408,20166768.67704479,46247370.44096898,41.88558902979501,18.26475704048575,41.88558902979501,11719798.828388382,1.0,703914.1540547007,<25%
625320144,mukono,Kimenyedde,Makukuba,Namazzi_Patience,False,1.0,1.0,2.0,2.0,False,0.0,4.0,1.0,1.0,1.0,41_60,secondary,,2.0,1.0,0.0,30.0,8.0,2.0,5.0,1.0,mailo_kibanja,50.0,7.142857142857143,1.0,1.0,0.0,1.0,1.0,0.0,1.0,0.0,1.0,0.0,90.0,180.0,45.0,2500.0,2025.0,800000.0,360000.0,0.0,0.0,6000000.0,0.0,0.0,0.0,7160000.0,3,1.0,0.11173184357541899,2022171.23652635,0.0,9182171.23652635,720769.2307692308,8461402.00575712,20166768.67704479,16162486.243817862,45.531197305685026,56.81162599620787,41.95715308317327,10984597.44051844,1.0,2295542.8091315874,50-100%
628089142,mukono,Nabaale,Makukuba,Namazzi_Patience,False,1.0,0.0,1.0,0.0,False,0.0,1.0,0.0,0.0,0.0,41_60,secondary,45.0,2.0,1.0,1.0,5.0,2.0,1.0,0.5,1.0,mailo_kibanja,50.0,33.333333333333336,1.0,1.0,0.0,1.0,0.0,0.0,0.0,0.0,0.0,0.0,30.0,60.0,30.0,6500.0,2025.0,840000.0,0.0,0.0,0.0,0.0,0.0,5000000.0,0.0,5840000.0,2,0.14383561643835616,0.14383561643835616,609087.7218452854,0.0,6449087.721845285,0.0,6449087.721845285,20166768.67704479,5124326.578469231,31.978785620653653,125.85239490672342,31.978785620653653,13717680.955199506,1.0,6449087.721845285,>=100%
628089849,mukono,Nabaale,Makukuba,Namazzi_Patience,False,1.0,1.0,2.0,4.0,False,0.0,6.0,2.0,0.0,0.0,41_60,primary,45.0,1.0,0.0,1.0,10.0,2.0,1.0,0.5,1.0,mailo_kibanja,50.0,33.333333333333336,1.0,1.0,1.0,1.0,1.0,0.0,0.0,0.0,0.0,0.0,100.0,200.0,100.0,7000.0,2025.0,1400000.0,0.0,0.0,0.0,0.0,3000000.0,0.0,0.0,4400000.0,2,0.3181818181818182,0.3181818181818182,2935802.81929428,0.0,7335802.819294279,158461.53846153847,7177341.2808327405,20166768.67704479,23526901.11277172,36.37569774697915,31.18048902459149,35.589942026768455,12830965.85775051,1.0,1222633.8032157132,25-50%
628775275,mukono,Nabaale,Makukuba,Namazzi_Patience,False,1.0,2.0,3.0,5.0,False,0.0,8.0,1.6666666666666667,1.0,0.0,41_60,primary,65.0,1.0,0.0,1.0,25.0,5.0,4.0,0.5,1.0,mailo_kibanja,50.0,11.11111111111111,1.0,1.0,0.0,1.0,0.0,0.0,1.0,0.0,0.0,0.0,3100.0,3100.0,775.0,,2025.0,45000000.0,0.0,0.0,1000000.0,0.0,10000000.0,0.0,0.0,56000000.0,3,0.8035714285714286,0.8035714285714286,3892070.542591379,0.0,59892070.54259138,4161538.4615384615,55730532.081052914,20166768.67704479,31204928.342393417,296.9839715113343,191.93144712729583,276.34834798541254,-39725301.865546584,0.0,7486508.817823922,>=100%
630120893,mukono,Nabaale,Makukuba,Namazzi_Patience,False,0.0,1.0,1.0,3.0,False,0.0,4.0,3.0,1.0,1.0,41_60,primary,55.0,1.0,0.0,0.0,30.0,2.0,1.0,0.5,1.0,mailo_kibanja,50.0,33.333333333333336,1.0,1.0,1.0,1.0,0.0,0.0,0.0,0.0,1.0,0.0,350.0,700.0,350.0,2800.0,2025.0,2400000.0,0.0,0.0,500000.0,0.0,1000000.0,0.0,0.0,3900000.0,3,0.6153846153846154,0.6153846153846154,1869899.3060650292,0.0,5769899.306065029,0.0,5769899.306065029,20166768.67704479,15042442.098575557,28.610926214633125,38.357463956011564,28.610926214633125,14396869.37097976,1.0,1442474.8265162574,25-50%
632524617,mukono,Kimenyedde,Bamusuuta,Namazzi_Patience,False,1.0,1.0,2.0,3.0,False,0.0,5.0,1.5,1.0,0.0,26_40,primary,25.0,2.0,1.0,1.0,15.0,1.0,0.5,0.0,1.0,mailo_kibanja,50.0,100.0,1.0,1.0,1.0,1.0,0.0,0.0,1.0,0.0,1.0,0.0,450.0,900.0,900.0,6500.0,2025.0,6500000.0,0.0,0.0,0.0,240000.0,2000000.0,0.0,0.0,8740000.0,3,0.7711670480549199,0.7437070938215103,2478987.027910315,0.0,11218987.027910316,0.0,11218987.027910316,20166768.67704479,20166768.67704479,55.6310592320154,55.6310592320154,55.6310592320154,8947781.649134474,1.0,2243797.4055820634,50-100%
633860632,mukono,Nabaale,Bamusuuta,Namazzi_Patience,False,0.0,3.0,3.0,3.0,False,1.0,6.0,2.0,1.0,1.0,61_and_above,primary,35.0,2.0,1.0,0.0,10.0,1.5,1.0,0.0,1.0,mailo_kibanja,50.0,50.0,1.0,1.0,0.0,1.0,1.0,0.0,0.0,0.0,1.0,0.0,360.0,720.0,360.0,3000.0,2025.0,2400000.0,0.0,0.0,0.0,1200000.0,0.0,4800000.0,0.0,8400000.0,3,0.42857142857142855,0.2857142857142857,2868803.1698912987,0.0,11268803.169891298,461923.07692307694,10806880.092968222,20166768.67704479,23034081.68886511,55.87808017413434,48.9223027082462,53.587564106238595,8897965.507153492,1.0,1878133.8616485496,25-50%
633861486,mukono,Kimenyedde,Makukuba,Namazzi_Patience,False,1.0,1.0,2.0,2.0,False,0.0,4.0,1.0,0.0,0.0,26_40,vocational,35.0,3.0,1.0,1.0,20.0,3.0,0.5,0.0,1.0,mailo_kibanja,50.0,100.0,1.0,1.0,0.0,1.0,0.0,0.0,0.0,0.0,1.0,0.0,235.0,470.0,470.0,3000.0,2025.0,1410000.0,0.0,0.0,0.0,0.0,0.0,6000000.0,0.0,7410000.0,2,0.1902834008097166,0.1902834008097166,2022171.23652635,0.0,9432171.23652635,0.0,9432171.23652635,20166768.67704479,16162486.243817862,46.770860456502874,58.358417722608415,46.770860456502874,10734597.44051844,1.0,2358042.8091315874,50-100%
634021883,mukono,Nabaale,Nabalanga,Sserugo_William,False,1.0,1.0,2.0,5.0,False,0.0,7.0,2.5,1.0,1.0,26_40,primary,35.0,1.0,0.0,1.0,6.0,5.0,2.0,2.0,1.0,freehold_full_ownership,50.0,12.5,1.0,1.0,1.0,1.0,1.0,0.0,1.0,1.0,0.0,0.0,500.0,500.0,250.0,,2024.0,5000000.0,1000000.0,0.0,0.0,600000.0,0.0,0.0,0.0,6600000.0,3,1.0,0.7575757575757576,3392618.6106782453,0.0,9992618.610678244,3905000.0,6087618.610678244,20166768.67704479,27531183.545998648,49.54992428733778,36.29563761391784,30.186385871563015,10174150.066366546,1.0,1427516.9443826063,25-50%
634952329,mukono,Kimenyedde,Makukuba,Namazzi_Patience,False,1.0,2.0,3.0,4.0,False,0.0,7.0,1.3333333333333333,0.0,0.0,41_60,secondary,55.0,2.0,1.0,1.0,20.0,12.0,9.0,2.0,1.0,mailo_kibanja,50.0,4.545454545454546,1.0,1.0,0.0,1.0,1.0,0.0,0.0,0.0,1.0,0.0,3500.0,7000.0,388.8888888888889,7000.0,2025.0,49000000.0,0.0,0.0,0.0,2000000.0,0.0,6000000.0,0.0,57000000.0,3,0.8947368421052632,0.8596491228070176,3435254.751207414,0.0,60435254.75120741,18476923.07692308,41958331.67428434,20166768.67704479,27844795.906666487,299.677433301444,217.04326709300196,208.0567905856143,-40268486.07416262,0.0,8633607.82160106,>=100%
635102211,mukono,Kimenyedde,Makukuba,Namazzi_Patience,False,3.0,3.0,6.0,1.0,False,1.0,7.0,0.4,0.0,0.0,,,25.0,4.0,1.0,0.0,15.0,3.0,1.0,1.0,1.0,mailo_kibanja,50.0,25.0,1.0,1.0,1.0,1.0,1.0,0.0,0.0,0.0,1.0,0.0,430.0,860.0,430.0,2500.0,2025.0,4000000.0,10000000.0,0.0,0.0,5000000.0,0.0,0.0,2000000.0,21000000.0,4,0.9047619047619048,0.19047619047619047,3782434.752659226,0.0,24782434.752659224,110769.23076923077,24671665.521889992,20166768.67704479,30398496.55781893,122.88748460167693,81.52519880554692,122.33821846716071,-4615666.075614434,0.0,3540347.8218084606,50-100%
635102285,mukono,Kimenyedde,Bamusuuta,Namazzi_Patience,False,0.0,1.0,1.0,2.0,False,0.0,3.0,2.0,1.0,1.0,26_40,secondary,35.0,2.0,1.0,1.0,20.0,2.0,0.25,1.0,1.0,mailo_kibanja,50.0,40.0,1.0,1.0,1.0,1.0,1.0,0.0,0.0,0.0,1.0,0.0,100.0,200.0,400.0,3000.0,2025.0,1200000.0,0.0,2000000.0,0.0,500000.0,0.0,0.0,0.0,3700000.0,3,0.4594594594594595,0.32432432432432434,1413083.5146810643,0.0,5113083.5146810645,0.0,5113083.5146810645,20166768.67704479,11682309.66284863,25.35400488081727,43.76774509702804,25.35400488081727,15053685.162363727,1.0,1704361.1715603548,25-50%
623184098,mukono,Kimenyedde,Bamusuuta,Namazzi_Patience,False,1.0,1.0,2.0,8.0,False,0.0,10.0,4.0,1.0,0.0,41_60,secondary,35.0,3.0,1.0,1.0,10.0,3.0,1.0,,1.0,mailo_kibanja,55.0,55.0,1.0,1.0,1.0,1.0,1.0,0.0,1.0,0.0,1.0,0.0,275.0,550.0,275.0,2500.0,2025.0,1500000.0,0.0,0.0,0.0,500000.0,0.0,1000000.0,0.0,3000000.0,3,0.6666666666666666,0.5,4763065.984830139,0.0,7763065.984830139,60000.0,7703065.984830139,20166768.67704479,38255730.85067943,38.49434735504552,20.29255699003922,38.19682819884924,12403702.692214651,1.0,776306.5984830139,<25%
554408234,nakaseke,Kasangombe,Nakaseta,Namyenya_Lillian,True,0.0,3.0,3.0,2.0,False,1.0,5.0,1.5,0.0,0.0,,,65.0,0.0,0.0,1.0,15.0,2.0,0.9,0.2,1.0,freehold_full_ownership,,,1.0,1.0,0.0,1.0,1.0,0.0,0.0,0.0,,0.0,15.0,30.0,16.666666666666668,,2025.0,550000.0,0.0,0.0,0.0,0.0,0.0,0.0,0.0,550000.0,1,1.0,1.0,1988749.6548871736,0.0,2538749.654887174,180000.0,2358749.654887174,19779321.73522621,19316854.929138027,12.835372662783268,13.142665636825074,11.925331345848585,17240572.080339037,1.0,507749.93097743473,<25%
556042141,nakaseke,Kasangombe,Sakabusolo,Namyenya_Lillian,True,0.0,2.0,2.0,2.0,False,0.0,4.0,1.0,1.0,1.0,,,45.0,1.0,0.0,1.0,15.0,2.0,0.3,,1.0,mailo_kibanja,,,1.0,1.0,0.0,1.0,1.0,0.0,0.0,0.0,1.0,0.0,15.0,30.0,50.0,,2025.0,300000.0,0.0,0.0,0.0,120000.0,0.0,0.0,0.0,420000.0,2,1.0,0.7142857142857143,1576937.8576630617,0.0,1996937.8576630612,160000.0,1836937.8576630612,19779321.73522621,14980025.131947506,10.09608865458006,13.3306709439642,9.28716303952701,17782383.87756315,1.0,499234.4644157653,<25%
559614978,nakaseke,Kasangombe,Nakaseta,Namyenya_Lillian,True,0.0,4.0,4.0,4.0,False,0.0,8.0,1.0,0.0,0.0,,,45.0,0.0,0.0,1.0,19.0,2.0,1.0,0.8,1.0,mailo_kibanja,,,1.0,1.0,0.0,1.0,1.0,0.0,0.0,0.0,1.0,0.0,,,,,,600000.0,0.0,500000.0,0.0,400000.0,0.0,0.0,0.0,1500000.0,3,0.6666666666666666,0.4,3153875.715326123,0.0,4653875.715326123,630000.0,4023875.715326123,19779321.73522621,29960050.26389501,23.52899547125395,15.533604497768582,20.343850861982567,15125446.019900087,1.0,581734.4644157654,<25%
581570782,nakaseke,Kikamulo,Kasana,Namyenya_Lillian,True,0.0,2.0,2.0,4.0,False,1.0,6.0,5.0,1.0,1.0,,,55.0,3.0,1.0,1.0,20.0,2.0,1.0,0.9,1.0,freehold_full_ownership,,,1.0,1.0,1.0,1.0,1.0,0.0,0.0,1.0,1.0,0.0,25.0,50.0,25.0,4500.0,2024.0,1000000.0,0.0,0.0,500000.0,226100.0,0.0,0.0,0.0,1726100.0,3,0.7103296448641446,0.5793407102717107,2330252.1208778983,0.0,4056352.120877898,1114615.3846153845,2941736.736262514,19779321.73522621,22175740.63950148,20.50804458908058,18.29184506988844,14.872788741908142,15722969.614348313,1.0,676058.686812983,<25%
553316435,nakaseke,Kasangombe,Sakabusolo,Namyenya_Lillian,True,1.0,1.0,2.0,2.0,False,0.0,4.0,1.0,0.0,0.0,,,65.0,1.0,0.0,1.0,20.0,,,,,,,,1.0,1.0,0.0,1.0,1.0,0.0,0.0,0.0,,0.0,45.0,90.0,,,2023.0,1700000.0,43999.999999999985,29999.999999999978,294499.9999999999,96599.99999999997,0.0,0.0,0.0,2165100.0,5,0.8501223961941712,0.7851831324188259,0.0,0.0,2165100.0,520000.0,1645100.0,19779321.73522621,15736788.99645548,10.946280307195975,13.758206966412667,8.317272058273566,17614221.73522621,1.0,541275.0,<25%
558375760,nakaseke,Kasangombe,Nakaseta,Namyenya_Lillian,True,0.0,1.0,1.0,1.0,False,0.0,2.0,1.0,0.0,0.0,,,65.0,1.0,0.0,0.0,20.0,2.0,,,1.0,mailo_kibanja,,,,,,1.0,1.0,0.0,0.0,0.0,0.0,0.0,4.5,9.0,,4200.0,2025.0,150000.0,0.0,0.0,0.0,0.0,0.0,0.0,0.0,150000.0,1,1.0,1.0,0.0,0.0,150000.0,25000.0,125000.0,19779321.73522621,7490012.565973753,0.7583677641122333,2.002666867094888,0.6319731367601944,19629321.73522621,1.0,75000.0,<25%
559615316,nakaseke,Kasangombe,Nakaseta,Namyenya_Lillian,True,1.0,1.0,2.0,4.0,False,0.0,6.0,2.0,1.0,1.0,,,55.0,1.0,0.0,0.0,30.0,3.0,1.0,0.1,1.0,mailo_kibanja,,,0.0,1.0,0.0,1.0,1.0,0.0,0.0,0.0,1.0,0.0,50.0,100.0,50.0,7000.0,2025.0,500000.0,0.0,400000.0,250000.0,50000.0,0.0,0.0,0.0,1200000.0,4,0.4583333333333333,0.4166666666666667,2420649.832463677,2000000.0,5620649.832463678,670000.0,4950649.832463678,19779321.73522621,22932504.504009448,28.41679764202186,24.509533319751363,25.029421628987215,14158671.902762532,1.0,936774.9720772797,<25%
630121155,mukono,Kimenyedde,Bamusuuta,Namazzi_Patience,False,1.0,2.0,3.0,3.0,False,0.0,6.0,1.0,1.0,1.0,41_60,primary,25.0,2.0,1.0,1.0,1.0,2.0,0.5,0.5,1.0,mailo_kibanja,60.0,60.0,1.0,1.0,1.0,0.0,1.0,1.0,1.0,0.0,1.0,0.0,300.0,600.0,600.0,6500.0,2025.0,4200000.0,1000000.0,0.0,0.0,200000.0,0.0,0.0,0.0,5400000.0,3,1.0,0.7777777777777778,2978438.9598234496,0.0,8378438.95982345,13846.153846153848,8364592.805977297,20166768.67704479,23840513.473439563,41.54576815947896,35.143701787957596,41.47710989266443,11788329.71722134,1.0,1396406.4933039083,25-50%
630121646,mukono,Nabaale,Makukuba,Namazzi_Patience,False,0.0,1.0,1.0,2.0,False,1.0,3.0,3.0,1.0,1.0,61_and_above,primary,65.0,1.0,0.0,0.0,40.0,3.0,1.0,1.0,1.0,mailo_kibanja,60.0,30.0,1.0,1.0,1.0,1.0,0.0,0.0,1.0,0.0,1.0,0.0,210.0,420.0,210.0,6500.0,2025.0,2800000.0,0.0,0.0,700000.0,120000.0,0.0,0.0,0.0,3620000.0,3,0.8066298342541437,0.7734806629834254,1413083.5146810643,0.0,5033083.5146810645,169230.76923076925,4863852.745450296,20166768.67704479,11682309.66284863,24.95731267255556,43.0829490052551,24.118156078155792,15133685.162363727,1.0,1677694.5048936883,25-50%
560425493,nakaseke,Kasangombe,Nakaseta,Namyenya_Lillian,True,0.0,1.0,1.0,3.0,False,0.0,4.0,3.0,0.0,0.0,,,45.0,1.0,0.0,1.0,20.0,2.0,1.0,,1.0,freehold_full_ownership,,,1.0,1.0,0.0,1.0,1.0,0.0,0.0,0.0,1.0,0.0,15.0,30.0,15.0,7500.0,2025.0,250000.0,0.0,0.0,100000.0,50000.0,0.0,0.0,0.0,400000.0,3,0.75,0.625,1541783.192046367,0.0,1941783.192046367,760000.0,1181783.192046367,19779321.73522621,14685728.073527724,9.817238518286125,13.222246675986032,5.974841846784143,17837538.543179844,1.0,485445.7980115918,<25%
560424556,nakaseke,Kasangombe,Nakaseta,Namyenya_Lillian,True,0.0,3.0,3.0,1.0,False,2.0,4.0,3.0,0.0,0.0,,,45.0,3.0,1.0,0.0,20.0,2.0,1.0,0.6,1.0,mailo_kibanja,,,,,,1.0,1.0,0.0,0.0,0.0,1.0,0.0,17.5,35.0,17.5,6800.0,2024.0,600000.0,0.0,500000.0,90000.0,200000.0,0.0,0.0,0.0,1390000.0,4,0.5755395683453237,0.4316546762589928,1612092.5232797556,500000.0,3502092.5232797554,969615.3846153846,2532477.138664371,19779321.73522621,15274322.19036729,17.70582717729225,22.92797336361243,12.803660168761635,16277229.211946454,1.0,875523.1308199388,<25%
561200542,nakaseke,Kasangombe,Sakabusolo,Namyenya_Lillian,True,1.0,3.0,4.0,3.0,False,1.0,7.0,1.3333333333333333,0.0,0.0,41_60,vocational,45.0,1.0,0.0,1.0,25.0,3.0,1.0,0.9,1.0,mailo_kibanja,,,1.0,1.0,1.0,1.0,0.0,0.0,0.0,0.0,1.0,0.0,15.0,30.0,15.0,5200.0,2023.0,600000.0,450000.0,0.0,90000.0,50000.0,0.0,0.0,0.0,1190000.0,4,0.9243697478991597,0.5042016806722689,2867616.295304484,0.0,4057616.295304484,596153.8461538462,3461462.4491506377,19779321.73522621,27563631.35961975,20.514435983302835,14.72090611851972,17.500410254138828,15721705.439921726,1.0,579659.4707577835,<25%
561202398,nakaseke,Kasangombe,Nakaseta,Namyenya_Lillian,True,0.0,1.0,1.0,5.0,False,0.0,6.0,5.0,0.0,0.0,,,75.0,1.0,0.0,0.0,75.0,2.0,1.0,0.9,1.0,mailo_kibanja,,,1.0,1.0,0.0,1.0,0.0,0.0,0.0,0.0,1.0,0.0,11.0,22.0,11.0,4500.0,2024.0,350000.0,0.0,200000.0,100000.0,60000.0,0.0,0.0,0.0,710000.0,4,0.5774647887323944,0.49295774647887325,2295097.455261204,0.0,3005097.455261204,460000.0,2545097.455261204,19779321.73522621,21881443.58108169,15.19312692057201,13.733542963588373,12.867465777294493,16774224.279965006,1.0,500849.57587686734,<25%
560425197,nakaseke,Kasangombe,Nakaseta,Namyenya_Lillian,True,0.0,3.0,3.0,4.0,False,1.0,7.0,2.5,0.0,0.0,,,65.0,0.0,0.0,1.0,10.0,4.0,1.0,2.0,1.0,mailo_kibanja,,,,,,1.0,1.0,0.0,0.0,0.0,1.0,0.0,18.0,36.0,18.0,7500.0,2025.0,500000.0,0.0,350000.0,160000.0,90000.0,0.0,0.0,0.0,1100000.0,4,0.5363636363636364,0.45454545454545453,2742063.9181020106,0.0,3842063.91810201,988000.0,2854063.9181020106,19779321.73522621,26512570.436692,19.424649487648722,14.491480285837529,14.429533814696146,15937257.8171242,1.0,548866.2740145728,<25%
628088416,mukono,Nabaale,Bamusuuta,Namazzi_Patience,False,1.0,1.0,2.0,2.0,False,1.0,4.0,3.0,1.0,1.0,61_and_above,secondary,65.0,2.0,1.0,0.0,10.0,1.0,0.4,0.0,1.0,mailo_kibanja,70.0,175.0,1.0,1.0,0.0,0.0,0.0,0.0,1.0,0.0,1.0,0.0,45.0,90.0,112.5,7000.0,2025.0,1300000.0,3000000.0,0.0,500000.0,0.0,2000000.0,0.0,0.0,6800000.0,4,0.6323529411764706,0.19117647058823528,2022171.23652635,0.0,8822171.23652635,0.0,8822171.23652635,20166768.67704479,16162486.243817862,43.74608236850733,54.5842459101911,43.74608236850733,11344597.44051844,1.0,2205542.8091315874,50-100%
628089405,mukono,Nabaale,Bamusuuta,Namazzi_Patience,False,1.0,2.0,3.0,5.0,False,0.0,8.0,1.6666666666666667,0.0,0.0,41_60,primary,25.0,1.0,0.0,0.0,5.0,1.5,0.5,0.5,1.0,mailo_kibanja,70.0,70.0,1.0,1.0,0.0,1.0,1.0,0.0,1.0,0.0,1.0,0.0,95.0,190.0,190.0,7000.0,2025.0,1400000.0,0.0,0.0,0.0,0.0,6000000.0,0.0,0.0,7400000.0,2,0.1891891891891892,0.1891891891891892,3892070.542591379,0.0,11292070.542591378,100000.0,11192070.542591378,20166768.67704479,31204928.342393417,55.99345499234487,36.18681773177011,55.49758973201774,8874698.134453412,1.0,1411508.8178239223,25-50%
628774965,mukono,Kimenyedde,Bamusuuta,Namazzi_Patience,False,0.0,2.0,2.0,5.0,False,1.0,7.0,6.0,1.0,1.0,61_and_above,primary,75.0,1.0,0.0,0.0,20.0,2.0,1.0,0.5,1.0,mailo_kibanja,70.0,46.666666666666664,1.0,1.0,1.0,0.0,0.0,0.0,1.0,0.0,1.0,0.0,175.0,350.0,175.0,2000.0,2025.0,1000000.0,0.0,2000000.0,500000.0,0.0,0.0,0.0,0.0,3500000.0,3,0.2857142857142857,0.2857142857142857,3282982.820746093,0.0,6782982.820746094,159230.76923076925,6623752.051515325,20166768.67704479,26724751.76142419,33.63445542203771,25.380901126037703,32.84488535367065,13383785.856298696,1.0,968997.5458208706,25-50%
632530379,mukono,Kimenyedde,Makukuba,Namazzi_Patience,False,1.0,1.0,2.0,4.0,False,0.0,6.0,2.0,1.0,0.0,41_60,primary,55.0,0.0,0.0,1.0,30.0,2.0,1.0,0.5,1.0,mailo_kibanja,70.0,46.666666666666664,1.0,1.0,1.0,1.0,1.0,0.0,0.0,0.0,1.0,0.0,200.0,400.0,200.0,2500.0,2025.0,1000000.0,0.0,0.0,5000000.0,500000.0,0.0,0.0,0.0,6500000.0,3,0.23076923076923078,0.15384615384615385,2935802.81929428,0.0,9435802.81929428,0.0,9435802.81929428,20166768.67704479,23526901.11277172,46.788868213849064,40.10644144787941,46.788868213849064,10730965.85775051,1.0,1572633.8032157132,25-50%
636135085,mukono,Kimenyedde,Bamusuuta,Namazzi_Patience,False,1.0,1.0,2.0,10.0,False,1.0,12.0,11.0,0.0,0.0,61_and_above,secondary,75.0,1.0,0.0,1.0,30.0,6.0,3.0,2.0,1.0,mailo_kibanja,70.0,14.0,1.0,1.0,0.0,1.0,1.0,0.0,1.0,0.0,1.0,0.0,1600.0,1600.0,533.3333333333334,,2025.0,20800000.0,1000000.0,0.0,0.0,500000.0,0.0,0.0,0.0,22300000.0,3,1.0,0.9327354260089686,5676697.567598069,0.0,27976697.567598067,874615.3846153846,27102082.182982683,20166768.67704479,45620145.719633296,138.72672422450643,61.32531390744306,134.38981037072213,-7809928.890553277,0.0,2331391.4639665056,50-100%
556039009,nakaseke,Kasangombe,Sakabusolo,Namyenya_Lillian,True,0.0,1.0,1.0,2.0,False,0.0,3.0,2.0,1.0,1.0,,,45.0,1.0,0.0,1.0,14.0,2.0,0.9,,1.0,freehold_full_ownership,,,1.0,1.0,0.0,1.0,1.0,0.0,0.0,0.0,1.0,0.0,10.0,20.0,11.11111111111111,4500.0,2025.0,20000.0,0.0,0.0,50000.0,120000.0,0.0,0.0,0.0,190000.0,3,0.7368421052631579,0.10526315789473684,1165126.0604389491,0.0,1355126.0604389491,50000.0,1305126.0604389491,19779321.73522621,11532545.30474449,6.851226136968701,11.750450786275692,6.598436882264623,18424195.67478726,1.0,451708.68681298307,<25%
553316712,nakaseke,Kasangombe,Sakabusolo,Namyenya_Lillian,True,1.0,0.0,1.0,2.0,False,0.0,3.0,2.0,0.0,0.0,,,45.0,1.0,0.0,1.0,15.0,1.0,0.1,,1.0,mailo_kibanja,,,1.0,1.0,1.0,1.0,1.0,0.0,0.0,0.0,,0.0,5.0,10.0,50.0,,2024.0,370000.0,0.0,0.0,0.0,198450.0,0.0,0.0,0.0,568450.0,2,1.0,0.6508927786084968,1255523.7720247286,0.0,1823973.7720247288,55538.46153846154,1768435.310486267,19779321.73522621,12289309.169252455,9.221619408598333,14.841955287350617,8.940828882603958,17955347.96320148,1.0,607991.2573415763,<25%
621496649,mukono,Nabaale,Makukuba,Namazzi_Patience,False,1.0,1.0,2.0,2.0,False,1.0,4.0,3.0,1.0,0.0,61_and_above,primary,55.0,1.0,0.0,1.0,30.0,2.0,1.0,0.0,1.0,freehold_full_ownership,80.0,80.0,1.0,1.0,1.0,0.0,1.0,0.0,0.0,0.0,0.0,0.0,175.0,350.0,175.0,6000.0,2025.0,2400000.0,0.0,0.0,2400000.0,100000.0,0.0,0.0,0.0,4900000.0,3,0.5102040816326531,0.4897959183673469,2022171.23652635,0.0,6922171.23652635,96923.07692307692,6825248.159603273,20166768.67704479,16162486.243817862,34.324642422291696,42.828628789547,33.84403455459001,13244597.44051844,1.0,1730542.8091315874,25-50%
629845932,mukono,Kimenyedde,Makukuba,Namazzi_Patience,False,1.0,0.0,1.0,0.0,False,1.0,1.0,1.0,0.0,0.0,61_and_above,secondary,75.0,2.0,1.0,1.0,50.0,5.0,3.0,1.5,1.0,mailo_kibanja,80.0,17.77777777777778,1.0,1.0,1.0,1.0,1.0,0.0,0.0,0.0,0.0,0.0,375.0,750.0,125.0,3000.0,2025.0,2000000.0,0.0,0.0,3000000.0,360000.0,0.0,0.0,0.0,5360000.0,3,0.44029850746268656,0.373134328358209,609087.7218452854,0.0,5969087.721845285,1690769.2307692308,4278318.491076054,20166768.67704479,5124326.578469231,29.59863237108339,116.48531041962605,21.214695123398386,14197680.955199506,1.0,5969087.721845285,>=100%
632528316,mukono,Nabaale,Bamusuuta,Namazzi_Patience,False,2.0,2.0,4.0,4.0,False,1.0,8.0,1.6666666666666667,0.0,0.0,61_and_above,primary,75.0,1.0,0.0,1.0,50.0,3.0,1.0,1.0,1.0,mailo_kibanja,80.0,40.0,1.0,1.0,1.0,1.0,1.0,0.0,0.0,0.0,0.0,0.0,600.0,1200.0,600.0,3000.0,2025.0,5000000.0,0.0,0.0,1500000.0,0.0,0.0,0.0,0.0,6500000.0,2,0.7692307692307693,0.7692307692307693,4044342.4730527,0.0,10544342.4730527,96923.07692307692,10447419.396129625,20166768.67704479,32324972.487635724,52.285731253787816,32.619803395303435,51.80512338608614,9622426.203992091,1.0,1318042.8091315874,25-50%
633861263,mukono,Nabaale,Bamusuuta,Namazzi_Patience,False,2.0,2.0,4.0,5.0,False,2.0,9.0,3.5,0.0,0.0,61_and_above,secondary,65.0,2.0,1.0,1.0,40.0,3.0,1.0,2.0,1.0,mailo_kibanja,80.0,26.666666666666668,1.0,1.0,1.0,1.0,1.0,0.0,1.0,0.0,0.0,0.0,500.0,1000.0,500.0,6800.0,2025.0,8400000.0,10000000.0,0.0,0.0,6000000.0,0.0,0.0,0.0,24400000.0,3,1.0,0.3442622950819672,4501158.264436665,0.0,28901158.26443667,0.0,28901158.26443667,20166768.67704479,36329254.92086265,143.31080366550722,79.55340214764416,143.31080366550722,-8734389.58739188,0.0,3211239.80715963,50-100%
635102642,mukono,Kimenyedde,Bamusuuta,Namazzi_Patience,False,1.0,0.0,1.0,0.0,False,0.0,1.0,0.0,0.0,0.0,41_60,secondary,45.0,2.0,1.0,0.0,35.0,1.5,1.0,,1.0,mailo_kibanja,80.0,80.0,1.0,1.0,0.0,1.0,1.0,0.0,1.0,0.0,1.0,0.0,500.0,1000.0,500.0,7000.0,2025.0,7000000.0,0.0,0.0,0.0,10000000.0,0.0,0.0,0.0,17000000.0,2,1.0,0.4117647058823529,609087.7218452854,0.0,17609087.721845284,80000.0,17529087.721845284,20166768.67704479,5124326.578469231,87.31734867316231,343.6371092317378,86.92065646490062,2557680.955199506,1.0,17609087.721845284,>=100%
560423470,nakaseke,Kasangombe,Sakabusolo,Namyenya_Lillian,True,0.0,2.0,2.0,3.0,False,0.0,5.0,1.5,0.0,1.0,41_60,vocational,75.0,0.0,0.0,1.0,50.0,3.0,1.0,0.9,1.0,freehold_full_ownership,,,1.0,1.0,0.0,1.0,1.0,0.0,0.0,1.0,1.0,0.0,26.0,52.0,26.0,6000.0,2025.0,450000.0,0.0,240000.0,0.0,300000.0,0.0,0.0,0.0,990000.0,3,0.7575757575757576,0.45454545454545453,1953594.98927048,600000.0,3543594.98927048,1146692.3076923075,2396902.6815781724,19779321.73522621,19022557.87071824,17.91565472621578,18.628383277125934,12.118224849487033,16235726.74595573,1.0,708718.997854096,<25%
551439101,nakaseke,Kasangombe,Sakabusolo,Namyenya_Lillian,True,2.0,0.0,2.0,3.0,False,0.0,5.0,1.5,1.0,0.0,26_40,non_formal,65.0,2.0,1.0,1.0,20.0,8.0,2.0,,1.0,mailo_kibanja,,,1.0,1.0,0.0,1.0,1.0,0.0,0.0,0.0,,0.0,15.0,30.0,7.5,,2021.0,1100000.0,0.0,0.0,0.0,0.0,0.0,0.0,0.0,1100000.0,1,1.0,1.0,2134390.4124420388,0.0,3234390.4124420388,647634.6153846155,2586755.7970574237,19779321.73522621,20536085.59973418,16.352382835664752,15.749790273974632,13.078081400791977,16544931.32278417,1.0,646878.0824884077,<25%
553316111,nakaseke,Kasangombe,Sakabusolo,Namyenya_Lillian,True,0.0,2.0,2.0,1.0,False,0.0,3.0,0.5,0.0,0.0,,,65.0,0.0,0.0,1.0,30.0,1.0,0.2,,1.0,freehold_full_ownership,,,1.0,1.0,0.0,1.0,1.0,0.0,0.0,0.0,,0.0,10.0,20.0,50.0,,2024.0,380000.0,0.0,0.0,0.0,233849.9999999999,0.0,0.0,0.0,613849.9999999999,2,1.0,0.6190437403274417,1200280.7260556433,0.0,1814130.7260556435,20000.0,1794130.7260556433,19779321.73522621,11826842.363164272,9.171855083507472,15.339096187718807,9.07073938162584,17965191.009170566,1.0,604710.2420185478,<25%
554407800,nakaseke,,Sakabusolo,Namyenya_Lillian,True,0.0,3.0,3.0,4.0,False,0.0,7.0,1.3333333333333333,1.0,1.0,41_60,primary,35.0,0.0,0.0,1.0,10.0,2.0,0.2,,1.0,mailo_kibanja,,,1.0,1.0,0.0,1.0,1.0,,,0.0,,0.0,25.0,50.0,125.0,5000.0,2025.0,900000.0,94999.99999999997,17500.000000000004,37499.99999999998,134500.0,874999.9999999998,0.0,0.0,2059500.0,6,0.5484340859431901,0.43699927166788055,2742063.9181020106,0.0,4801563.91810201,90000.0,4711563.91810201,19779321.73522621,26512570.436692,24.27567528541997,18.110518290059492,23.820654626952635,14977757.8171242,1.0,685937.7025860015,<25%
558374654,nakaseke,Kasangombe,Sakabusolo,Namyenya_Lillian,True,0.0,1.0,1.0,3.0,False,0.0,4.0,3.0,0.0,0.0,,,45.0,2.0,1.0,1.0,20.0,3.0,1.0,,1.0,mailo_kibanja,,,1.0,1.0,0.0,1.0,1.0,0.0,0.0,0.0,1.0,0.0,15.0,30.0,15.0,2500.0,2025.0,450000.0,284005.45,250000.0,100000.0,0.0,0.0,0.0,0.0,1084005.45,4,0.6771233945364389,0.4151270641674357,1541783.192046367,0.0,2625788.642046367,936000.0,1689788.642046367,19779321.73522621,14685728.073527724,13.27542307666667,17.879866962670885,8.543208228606336,17153533.093179844,1.0,656447.1605115917,<25%
558375246,nakaseke,Kasangombe,Sakabusolo,Namyenya_Lillian,True,0.0,2.0,2.0,1.0,False,0.0,3.0,0.5,0.0,0.0,,,65.0,2.0,1.0,1.0,25.0,2.0,0.9,0.2,1.0,freehold_full_ownership,,,1.0,1.0,0.0,1.0,1.0,0.0,0.0,0.0,1.0,0.0,15.0,30.0,16.666666666666668,2700.0,2025.0,220000.0,0.0,50000.0,150000.0,0.0,0.0,0.0,0.0,420000.0,3,0.5238095238095238,0.5238095238095238,1200280.7260556433,0.0,1620280.7260556433,463923.0769230769,1156357.6491325663,19779321.73522621,11826842.363164272,8.191791143019762,13.700028091201657,5.846295765911618,18159041.009170566,1.0,540093.5753518811,<25%
581569323,nakaseke,Kikamulo,Kasana,Namyenya_Lillian,True,0.0,3.0,3.0,3.0,False,1.0,6.0,2.0,0.0,0.0,,,75.0,2.0,1.0,1.0,23.0,7.0,3.0,2.0,1.0,freehold_full_ownership,,,1.0,1.0,0.0,1.0,1.0,0.0,0.0,0.0,,0.0,21.0,42.0,7.0,7000.0,2025.0,1350000.0,138999.99999999994,63999.99999999996,202499.99999999997,941000.0,9000.000000000002,0.0,0.0,2705500.0,6,0.8981703936425799,0.4989835520236555,2365406.786494592,1400000.0,6470906.786494592,354615.3846153846,6116291.401879207,19779321.73522621,22470037.69792126,32.71551407635054,28.797934714160384,30.922654900680076,13308414.948731618,1.0,1078484.4644157654,25-50%
581571879,nakaseke,Kikamulo,Kasana,Namyenya_Lillian,True,1.0,0.0,1.0,3.0,True,0.0,4.0,3.0,0.0,0.0,,,75.0,0.0,0.0,0.0,40.0,,1.0,,1.0,mailo_kibanja,,,1.0,1.0,0.0,1.0,0.0,0.0,0.0,0.0,1.0,0.0,14.0,28.0,14.0,,2025.0,500000.0,0.0,200000.0,150000.0,60000.0,0.0,0.0,0.0,910000.0,4,0.6153846153846154,0.5494505494505495,1632180.9036321468,1000000.0,3542180.903632147,447538.4615384615,3094642.4420936853,19779321.73522621,15442491.938035691,17.90850541312374,22.93788410475102,15.645847130249397,16237140.831594063,1.0,885545.2259080367,<25%
564861263,nakaseke,Kasangombe,Nakaseta,Namyenya_Lillian,True,1.0,2.0,3.0,4.0,False,1.0,7.0,2.5,0.0,0.0,61_and_above,non_formal,75.0,2.0,1.0,1.0,40.0,6.0,2.0,3.0,,,,,,,,1.0,1.0,0.0,0.0,1.0,1.0,0.0,25.0,50.0,12.5,5600.0,2025.0,500000.0,150000.0,50000.0,100000.0,60000.0,0.0,0.0,0.0,860000.0,5,0.8255813953488372,0.5813953488372093,2832461.62968779,0.0,3692461.62968779,951000.0,2741461.62968779,19779321.73522621,27269334.30119997,18.668292467843617,13.540710561186328,13.860240843372058,16086860.10553842,1.0,527494.5185268271,<25%
559615143,nakaseke,Kasangombe,Sakabusolo,Namyenya_Lillian,True,0.0,1.0,1.0,1.0,False,0.0,2.0,1.0,0.0,1.0,26_40,non_formal,55.0,0.0,0.0,1.0,38.0,1.0,0.9,0.5,1.0,freehold_full_ownership,,,,,,1.0,1.0,0.0,0.0,0.0,1.0,0.0,10.0,20.0,11.11111111111111,5500.0,2025.0,300000.0,0.0,50000.0,60000.0,100000.0,0.0,0.0,0.0,510000.0,4,0.7843137254901961,0.5882352941176471,788468.9288315307,100000.0,1398468.9288315307,35000.0,1363468.9288315307,19779321.73522621,7490012.565973753,7.070358364922652,18.671115922883903,6.8934058866297985,18380852.80639468,1.0,699234.4644157654,<25%
564864365,nakaseke,Kasangombe,Sakabusolo,Namyenya_Lillian,True,0.0,1.0,1.0,2.0,False,0.0,3.0,2.0,0.0,1.0,26_40,vocational,,0.0,0.0,0.0,30.0,2.0,2.0,0.9,,,,,1.0,1.0,1.0,1.0,1.0,0.0,0.0,1.0,1.0,0.0,29.0,58.0,14.5,5200.0,2024.0,300000.0,60000.0,58000.0,100000.0,60000.0,0.0,0.0,0.0,578000.0,5,0.726643598615917,0.5190311418685121,1165126.0604389491,0.0,1743126.0604389491,635000.0,1108126.0604389491,19779321.73522621,11532545.30474449,8.812870753472342,15.11484251201534,5.602447218730556,18036195.67478726,1.0,581042.0201463164,<25%
553315619,nakaseke,Kasangombe,Nakaseta,Namyenya_Lillian,True,0.0,1.0,1.0,1.0,False,0.0,2.0,1.0,1.0,1.0,,,45.0,1.0,0.0,1.0,20.0,,0.9,,1.0,freehold_full_ownership,,,1.0,1.0,0.0,1.0,1.0,0.0,0.0,1.0,,0.0,10.0,20.0,11.11111111111111,,2023.0,350000.0,0.0,0.0,0.0,0.0,0.0,0.0,0.0,350000.0,1,1.0,1.0,788468.9288315307,0.0,1138468.9288315307,571769.2307692308,566699.6980623,19779321.73522621,7490012.565973753,5.755854240461448,15.199826686586098,2.865111886283894,18640852.80639468,1.0,569234.4644157654,<25%
556039301,nakaseke,Kasangombe,Nakaseta,Namyenya_Lillian,True,0.0,2.0,2.0,5.0,False,0.0,7.0,2.5,0.0,0.0,,,55.0,1.0,0.0,1.0,20.0,2.0,1.0,,1.0,mailo_kibanja,,,1.0,1.0,0.0,,1.0,0.0,0.0,,1.0,0.0,12.5,25.0,12.5,,2024.0,500000.0,0.0,0.0,90000.0,150000.0,0.0,0.0,0.0,740000.0,3,0.8783783783783784,0.6756756756756757,2706909.252485316,0.0,3446909.252485316,495000.0,2951909.252485316,19779321.73522621,26218273.378272213,17.426832419367056,13.146972734451163,14.924218797796687,16332412.482740894,1.0,492415.60749790224,<25%
615757479,mukono,Kimenyedde,Makukuba,Namazzi_Patience,False,3.0,1.0,4.0,4.0,False,2.0,8.0,3.0,0.0,0.0,61_and_above,secondary,75.0,2.0,1.0,1.0,50.0,7.0,5.0,0.0,1.0,freehold_full_ownership,100.0,20.0,1.0,1.0,1.0,1.0,1.0,0.0,0.0,0.0,1.0,0.0,200.0,200.0,40.0,,2025.0,800000.0,0.0,0.0,0.0,100000.0,0.0,0.0,0.0,900000.0,2,1.0,0.8888888888888888,4153978.2629848495,0.0,5053978.26298485,110000.0,4943978.26298485,20166768.67704479,33131404.27221017,25.060922470626828,15.254343647679331,24.515470684266973,15112790.41405994,1.0,631747.2828731063,<25%
615773011,mukono,Nabaale,Nakanyonyi,Sserugo_William,False,4.0,2.0,6.0,5.0,False,1.0,11.0,1.2,1.0,1.0,26_40,primary,35.0,1.0,0.0,1.0,13.0,4.5,1.5,1.0,1.0,customary_divided_inheritance,100.0,40.0,1.0,1.0,1.0,1.0,1.0,1.0,0.0,0.0,1.0,0.0,300.0,600.0,200.0,2500.0,2024.0,1500000.0,0.0,0.0,0.0,0.0,0.0,0.0,200000.0,1700000.0,2,0.8823529411764706,0.8823529411764706,5719333.708127236,95000.0,7514333.708127236,462500.0,7051833.708127236,20166768.67704479,45933758.08030111,37.260970403655044,16.35906579860225,34.96759357464203,12652434.968917554,1.0,683121.2461933851,<25%
619554974,mukono,Kimenyedde,Makukuba,Namazzi_Patience,False,1.0,1.0,2.0,15.0,False,1.0,17.0,16.0,0.0,0.0,61_and_above,primary,75.0,1.0,0.0,1.0,30.0,1.0,0.5,0.0,1.0,mailo_kibanja,100.0,200.0,1.0,1.0,1.0,1.0,0.0,0.0,0.0,0.0,0.0,0.0,150.0,300.0,300.0,7000.0,2025.0,3600000.0,2000000.0,0.0,0.0,1000000.0,0.0,0.0,0.0,6600000.0,3,1.0,0.5454545454545454,7960776.524517894,0.0,14560776.524517894,0.0,14560776.524517894,20166768.67704479,64353257.89076792,72.20183241895354,22.62632382844253,72.20183241895354,5605992.152526896,1.0,856516.2661481114,<25%
620416772,mukono,Nabaale,Makukuba,Namazzi_Patience,False,1.0,1.0,2.0,0.0,False,1.0,2.0,1.0,1.0,1.0,61_and_above,primary,75.0,1.0,0.0,0.0,70.0,1.0,0.5,,1.0,mailo_kibanja,100.0,200.0,1.0,1.0,0.0,0.0,1.0,0.0,0.0,0.0,0.0,0.0,100.0,200.0,200.0,2000.0,2025.0,500000.0,0.0,0.0,600000.0,0.0,180000.0,0.0,0.0,1280000.0,3,0.390625,0.390625,1108539.65375842,0.0,2388539.65375842,0.0,2388539.65375842,20166768.67704479,8798071.374864,11.843938372126125,27.14844597172118,11.843938372126125,17778229.02328637,1.0,1194269.82687921,25-50%
620419799,mukono,Nabaale,Bamusuuta,Namazzi_Patience,False,0.0,1.0,1.0,3.0,False,0.0,4.0,3.0,1.0,1.0,41_60,non_formal,65.0,0.0,0.0,0.0,30.0,5.0,1.0,3.0,1.0,mailo_kibanja,100.0,25.0,1.0,1.0,0.0,0.0,0.0,0.0,0.0,0.0,1.0,0.0,950.0,1900.0,950.0,2500.0,2025.0,4000000.0,0.0,0.0,0.0,125000.0,0.0,0.0,0.0,4125000.0,2,1.0,0.9696969696969697,1869899.3060650292,0.0,5994899.306065029,538461.5384615385,5456437.7676034905,20166768.67704479,15042442.098575557,29.726623050369184,39.8532317211493,27.05657934091536,14171869.37097976,1.0,1498724.8265162574,25-50%
621494958,mukono,Kimenyedde,Makukuba,Namazzi_Patience,False,1.0,1.0,2.0,2.0,False,0.0,4.0,1.0,1.0,0.0,26_40,primary,35.0,1.0,0.0,1.0,20.0,2.0,1.0,0.0,1.0,mailo_kibanja,100.0,100.0,1.0,1.0,0.0,0.0,0.0,0.0,0.0,0.0,1.0,0.0,200.0,400.0,200.0,2500.0,2025.0,500000.0,0.0,0.0,0.0,0.0,0.0,0.0,5000000.0,5500000.0,2,0.09090909090909091,0.09090909090909091,2022171.23652635,0.0,7522171.23652635,0.0,7522171.23652635,20166768.67704479,16162486.243817862,37.299833984254526,46.54092893290829,37.299833984254526,12644597.44051844,1.0,1880542.8091315874,25-50%
621496210,mukono,Kimenyedde,Bamusuuta,Namazzi_Patience,False,2.0,1.0,3.0,3.0,False,0.0,6.0,1.0,1.0,1.0,26_40,primary,35.0,1.0,0.0,0.0,30.0,5.0,2.0,0.5,1.0,freehold_full_ownership,100.0,40.0,1.0,1.0,1.0,0.0,1.0,0.0,1.0,0.0,1.0,0.0,450.0,900.0,225.0,6500.0,2025.0,6000000.0,1000000.0,0.0,500000.0,0.0,0.0,0.0,0.0,7500000.0,3,0.9333333333333333,0.8,3088074.7497556005,0.0,10588074.7497556,1426923.076923077,9161151.672832524,20166768.67704479,24646945.25801402,52.502584421507635,42.95897377510854,45.426968591455015,9578693.92728919,1.0,1764679.1249592667,25-50%
621498584,mukono,Nabaale,Makukuba,Namazzi_Patience,False,1.0,3.0,4.0,13.0,False,1.0,17.0,4.666666666666667,1.0,0.0,61_and_above,primary,35.0,2.0,1.0,1.0,17.0,5.0,,,1.0,mailo_kibanja,100.0,,1.0,1.0,1.0,0.0,1.0,0.0,1.0,0.0,0.0,0.0,1250.0,2500.0,,6000.0,2025.0,16800000.0,0.0,0.0,0.0,500000.0,1000000.0,0.0,0.0,18300000.0,3,0.9453551912568307,0.9180327868852459,0.0,0.0,18300000.0,0.0,18300000.0,20166768.67704479,64980482.612103626,90.74334263986637,28.16230237814722,90.74334263986637,1866768.6770447902,1.0,1076470.5882352942,25-50%
621639094,mukono,Kimenyedde,Naggalama,Kisira_Isaac,False,1.0,1.0,2.0,5.0,False,1.0,7.0,6.0,0.0,0.0,61_and_above,secondary,65.0,2.0,1.0,1.0,48.0,3.0,3.0,0.0,1.0,customary_divided_inheritance,100.0,33.333333333333336,1.0,1.0,1.0,1.0,1.0,0.0,0.0,0.0,1.0,0.0,49.0,98.0,16.333333333333332,8000.0,2024.0,400000.0,0.0,0.0,0.0,300000.0,0.0,3430000.0000000023,0.0,4130000.0000000023,3,0.16949152542372872,0.09685230024213069,3392618.6106782453,0.0,7522618.610678248,5066550.0,2456068.610678248,20166768.67704479,27531183.545998648,37.30205235725747,27.32399280295953,12.178791010152832,12644150.066366542,1.0,1074659.801525464,25-50%
623187149,mukono,Kimenyedde,Bamusuuta,Namazzi_Patience,False,2.0,1.0,3.0,11.0,False,2.0,14.0,13.0,0.0,0.0,61_and_above,secondary,65.0,2.0,1.0,1.0,50.0,5.0,1.0,3.0,1.0,mailo_kibanja,100.0,25.0,1.0,1.0,1.0,1.0,1.0,0.0,1.0,0.0,1.0,0.0,140.0,280.0,140.0,2500.0,2025.0,560000.0,0.0,0.0,240000.0,0.0,1000000.0,0.0,0.0,1800000.0,3,0.3111111111111111,0.3111111111111111,6742601.080827319,0.0,8542601.080827318,394230.7692307693,8148370.311596548,20166768.67704479,54104604.73382944,42.35979108815334,15.789046279615407,40.4049376580175,11624167.596217472,1.0,610185.7914876656,<25%
623270536,mukono,Nabaale,Bamusuuta,Namazzi_Patience,False,2.0,2.0,4.0,9.0,False,2.0,13.0,5.5,1.0,0.0,61_and_above,secondary,65.0,2.0,1.0,0.0,50.0,8.0,4.0,3.0,1.0,mailo_kibanja,100.0,14.285714285714286,1.0,1.0,1.0,1.0,1.0,1.0,1.0,0.0,1.0,0.0,1100.0,2200.0,275.0,6000.0,2025.0,13500000.0,0.0,0.0,0.0,1900000.0,0.0,0.0,0.0,15400000.0,2,1.0,0.8766233766233766,6328421.429972524,0.0,21728421.42997252,4329230.769230769,17399190.660741754,20166768.67704479,51058084.65877037,107.743693488711,42.55627992155827,86.27654206470228,-1561652.752927728,0.0,1671417.033074809,25-50%
624711692,mukono,Nabaale,Makukuba,Namazzi_Patience,False,1.0,4.0,5.0,4.0,False,1.0,9.0,1.25,1.0,0.0,61_and_above,secondary,35.0,2.0,1.0,0.0,35.0,3.0,1.0,1.0,1.0,mailo_kibanja,100.0,50.0,1.0,1.0,1.0,0.0,1.0,0.0,0.0,0.0,0.0,0.0,280.0,560.0,280.0,6000.0,2025.0,1200000.0,1000000.0,0.0,0.0,2000000.0,0.0,0.0,0.0,4200000.0,3,1.0,0.2857142857142857,4434158.615033683,0.0,8634158.615033682,0.0,8634158.615033682,20166768.67704479,35836435.496956035,42.81379309349484,24.0932405673189,42.81379309349484,11532610.062011108,1.0,959350.9572259648,<25%
624712163,mukono,Nabaale,Bamusuuta,Namazzi_Patience,False,4.0,1.0,5.0,4.0,False,2.0,9.0,2.0,1.0,0.0,61_and_above,secondary,65.0,1.0,0.0,1.0,40.0,5.0,1.0,3.0,1.0,mailo_kibanja,100.0,25.0,1.0,1.0,1.0,0.0,1.0,0.0,1.0,0.0,1.0,0.0,600.0,1200.0,600.0,2025.0,2025.0,2400000.0,1080000.0,0.0,0.0,0.0,5000000.0,0.0,0.0,8480000.0,3,0.41037735849056606,0.2830188679245283,4763065.984830136,500000.0,13743065.984830135,0.0,13743065.984830135,20166768.67704479,38255730.85067941,68.1470899226084,35.92420188878985,68.1470899226084,6423702.692214655,1.0,1527007.3316477928,25-50%
625315993,mukono,Nabaale,Makukuba,Namazzi_Patience,False,0.0,1.0,1.0,2.0,False,0.0,3.0,2.0,1.0,1.0,41_60,primary,45.0,1.0,0.0,0.0,3.0,3.0,0.5,1.0,1.0,mailo_kibanja,100.0,66.66666666666667,1.0,1.0,1.0,1.0,0.0,0.0,0.0,0.0,1.0,0.0,265.0,530.0,530.0,2500.0,2025.0,1200000.0,0.0,0.0,500000.0,100000.0,0.0,0.0,0.0,1800000.0,3,0.7222222222222222,0.6666666666666666,1413083.5146810643,0.0,3213083.5146810645,10000.0,3203083.5146810645,20166768.67704479,11682309.66284863,15.932564934601636,27.503837917420704,15.882978408568924,16953685.162363727,1.0,1071027.8382270215,25-50%
628080096,mukono,Kimenyedde,Makukuba,Namazzi_Patience,False,1.0,2.0,3.0,6.0,False,0.0,9.0,2.0,1.0,1.0,41_60,primary,55.0,1.0,0.0,0.0,30.0,4.0,1.0,1.0,1.0,mailo_kibanja,100.0,50.0,1.0,1.0,1.0,0.0,0.0,0.0,0.0,0.0,1.0,0.0,245.0,490.0,245.0,6500.0,2025.0,7000000.0,0.0,0.0,0.0,2000000.0,0.0,0.0,0.0,9000000.0,2,1.0,0.7777777777777778,4348886.333975345,0.0,13348886.333975345,109230.76923076923,13239655.564744577,20166768.67704479,35209210.77562035,66.19248997074068,37.91305184045311,65.6508525325372,6817882.343069445,1.0,1483209.5926639272,25-50%
628775775,mukono,Kimenyedde,Makukuba,Namazzi_Patience,False,2.0,1.0,3.0,6.0,False,0.0,9.0,2.0,1.0,0.0,41_60,secondary,45.0,1.0,0.0,1.0,10.0,2.0,1.0,0.5,1.0,mailo_kibanja,100.0,66.66666666666667,1.0,1.0,1.0,1.0,0.0,0.0,1.0,0.0,1.0,0.0,500.0,1000.0,500.0,2500.0,2025.0,36000000.0,3000000.0,0.0,0.0,0.0,1000000.0,0.0,0.0,40000000.0,3,0.975,0.9,4458522.123907494,0.0,44458522.12390749,880769.2307692308,43577752.89313826,20166768.67704479,36015642.5601948,220.4543664673124,123.44225720699464,216.0869378282772,-24291753.4468627,0.0,4939835.7915452765,>=100%
630120684,mukono,Kimenyedde,Bamusuuta,Namazzi_Patience,False,1.0,1.0,2.0,7.0,False,0.0,9.0,3.5,0.0,0.0,41_60,primary,55.0,1.0,0.0,1.0,40.0,3.0,1.0,1.0,1.0,mailo_kibanja,100.0,50.0,1.0,1.0,1.0,1.0,1.0,0.0,0.0,0.0,1.0,0.0,400.0,800.0,400.0,6500.0,2025.0,7000000.0,2000000.0,0.0,0.0,0.0,3000000.0,0.0,0.0,12000000.0,3,0.75,0.5833333333333334,4306250.193446174,0.0,16306250.193446174,689230.7692307692,15617019.424215402,20166768.67704479,34895598.4149525,80.85702997132643,46.72867334024301,77.43937402322551,3860518.483598616,1.0,1811805.5770495748,25-50%
632531024,mukono,Kimenyedde,Bamusuuta,Namazzi_Patience,False,1.0,1.0,2.0,4.0,False,1.0,6.0,5.0,1.0,0.0,61_and_above,secondary,55.0,1.0,0.0,1.0,35.0,1.0,0.5,0.0,1.0,mailo_kibanja,100.0,200.0,1.0,1.0,1.0,1.0,1.0,0.0,0.0,0.0,1.0,0.0,1450.0,2900.0,2900.0,2500.0,2024.0,3500000.0,0.0,0.0,1000000.0,0.0,0.0,5000000.0,0.0,9500000.0,3,0.3684210526315789,0.3684210526315789,2935802.81929428,0.0,12435802.81929428,0.0,12435802.81929428,20166768.67704479,23526901.11277172,61.664826023663224,52.85780205257644,61.664826023663224,7730965.857750511,1.0,2072633.8032157132,50-100%
632870785,mukono,Kimenyedde,Naggalama,Kisira_Isaac,False,1.0,0.0,1.0,3.0,False,0.0,4.0,3.0,0.0,0.0,26_40,primary,35.0,1.0,0.0,1.0,20.0,0.5,0.5,0.0,1.0,mailo_kibanja,100.0,200.0,1.0,1.0,1.0,1.0,1.0,0.0,0.0,0.0,1.0,0.0,220.0,440.0,440.0,8000.0,2024.0,3200000.0,0.0,0.0,0.0,70000.0,0.0,0.0,0.0,3270000.0,2,1.0,0.9785932721712538,1979535.0959971803,0.0,5249535.095997181,1277000.0,3972535.095997181,20166768.67704479,15848873.883150017,26.030620869730924,33.12244853925115,19.698421495353365,14917233.58104761,1.0,1312383.7739992952,25-50%
634322563,mukono,Kimenyedde,Naggalama,Kisira_Isaac,False,1.0,1.0,2.0,1.0,False,0.0,3.0,0.5,0.0,0.0,26_40,primary,45.0,1.0,0.0,1.0,28.0,2.0,2.0,0.0,1.0,mailo_kibanja,100.0,50.0,1.0,1.0,1.0,1.0,1.0,0.0,0.0,0.0,1.0,0.0,115.0,230.0,57.5,8000.0,2024.0,1200000.0,0.0,0.0,0.0,2000000.0,0.0,0.0,0.0,3200000.0,2,1.0,0.375,1565355.445142385,0.0,4765355.445142385,4749250.0,16105.44514238462,20166768.67704479,12802353.808090933,23.629742183568762,37.222494523864334,0.07986130748213,15401413.231902406,1.0,1588451.8150474615,25-50%
634951268,mukono,Kimenyedde,Bamusuuta,Namazzi_Patience,False,1.0,2.0,3.0,9.0,False,1.0,12.0,5.0,1.0,1.0,61_and_above,secondary,65.0,2.0,1.0,0.0,35.0,11.0,1.0,8.0,1.0,mailo_kibanja,100.0,11.11111111111111,1.0,1.0,1.0,1.0,1.0,0.0,0.0,0.0,1.0,0.0,200.0,400.0,200.0,2500.0,2025.0,1000000.0,0.0,0.0,1300000.0,0.0,0.0,0.0,0.0,2300000.0,2,0.43478260869565216,0.43478260869565216,5719333.70812724,0.0,8019333.70812724,0.0,8019333.70812724,20166768.67704479,45933758.080301136,39.765089968307116,17.458475080806334,39.765089968307116,12147434.96891755,1.0,668277.8090106033,<25%
619307991,mukono,Nabaale,Nakanyonyi,Sserugo_William,False,1.0,3.0,4.0,4.0,False,1.0,8.0,1.6666666666666667,1.0,1.0,26_40,secondary,35.0,2.0,1.0,1.0,10.0,14.0,8.0,1.0,1.0,mailo_kibanja,120.0,13.333333333333334,1.0,1.0,1.0,1.0,1.0,1.0,1.0,1.0,1.0,0.0,600.0,1000.0,75.0,6000.0,2024.0,6000000.0,1000000.0,0.0,500000.0,15000000.0,0.0,6000000.0,0.0,28500000.0,5,0.7719298245614035,0.21052631578947367,3934706.6831205497,0.0,32434706.68312055,22500000.0,9934706.683120549,20166768.67704479,31518540.703061264,160.83244273059952,102.90675253239215,49.26275915699335,-12267938.006075758,0.0,4054338.3353900686,>=100%
634929055,mukono,Kimenyedde,Naggalama,Kisira_Isaac,False,1.0,1.0,2.0,3.0,False,0.0,5.0,1.5,0.0,0.0,26_40,primary,35.0,1.0,0.0,1.0,17.0,2.5,2.5,0.0,1.0,customary_divided_inheritance,120.0,48.0,1.0,1.0,1.0,1.0,1.0,0.0,0.0,0.0,0.0,0.0,210.0,420.0,84.0,8000.0,2024.0,2400000.0,0.0,0.0,0.0,500000.0,0.0,0.0,0.0,2900000.0,2,1.0,0.8275862068965517,2478987.027910315,0.0,5378987.0279103145,4649500.0,729487.0279103145,20166768.67704479,20166768.67704479,26.6725280289105,26.6725280289105,3.6172727500001876,14787781.649134476,1.0,1075797.405582063,25-50%
635625431,mukono,Kimenyedde,Naggalama,Kisira_Isaac,False,1.0,2.0,3.0,5.0,False,1.0,8.0,3.0,0.0,0.0,61_and_above,primary,65.0,1.0,0.0,1.0,45.0,2.0,2.0,0.0,1.0,customary_divided_inheritance,120.0,60.0,1.0,1.0,1.0,1.0,1.0,0.0,0.0,0.0,0.0,0.0,215.0,430.0,107.5,8000.0,2024.0,1200000.0,0.0,0.0,0.0,800000.0,0.0,0.0,0.0,2000000.0,2,1.0,0.6,3892070.542591379,0.0,5892070.542591379,4004250.0,1887820.5425913788,20166768.67704479,31204928.342393417,29.21673093467939,18.881858910045032,9.361046248029941,14274698.134453412,1.0,736508.8178239224,<25%
625318562,mukono,Kimenyedde,Bamusuuta,Namazzi_Patience,False,0.0,1.0,1.0,2.0,False,1.0,3.0,3.0,1.0,1.0,61_and_above,primary,75.0,1.0,0.0,0.0,40.0,5.0,1.0,2.0,1.0,mailo_kibanja,150.0,50.0,1.0,1.0,1.0,1.0,1.0,0.0,0.0,0.0,0.0,0.0,100.0,200.0,100.0,2000.0,2025.0,400000.0,0.0,2000000.0,1000000.0,0.0,0.0,0.0,0.0,3400000.0,3,0.11764705882352941,0.11764705882352941,1413083.5146810643,0.0,4813083.5146810645,0.0,4813083.5146810645,20166768.67704479,11682309.66284863,23.866409099835852,41.19975975287951,23.866409099835852,15353685.162363727,1.0,1604361.1715603548,25-50%
628776109,mukono,Nabaale,Bamusuuta,Namazzi_Patience,False,2.0,1.0,3.0,5.0,False,0.0,8.0,1.6666666666666667,1.0,0.0,41_60,secondary,55.0,1.0,0.0,1.0,20.0,2.0,1.0,0.5,1.0,mailo_kibanja,150.0,100.0,1.0,1.0,0.0,1.0,0.0,0.0,0.0,0.0,1.0,0.0,310.0,620.0,310.0,6800.0,2025.0,4900000.0,0.0,0.0,450000.0,0.0,2000000.0,0.0,0.0,7350000.0,3,0.6666666666666666,0.6666666666666666,4001706.3325235294,0.0,11351706.33252353,2115384.6153846155,9236321.717138914,20166768.67704479,32011360.12696788,56.289168157340086,35.46149331830583,45.79971072734292,8815062.34452126,1.0,1418963.2915654413,25-50%
633860413,mukono,Nabaale,Makukuba,Namazzi_Patience,False,1.0,2.0,3.0,6.0,False,1.0,9.0,3.5,1.0,0.0,61_and_above,secondary,55.0,2.0,1.0,1.0,20.0,4.0,3.0,0.5,1.0,mailo_kibanja,150.0,42.857142857142854,1.0,1.0,1.0,1.0,1.0,0.0,1.0,0.0,1.0,0.0,4000.0,8000.0,1333.3333333333333,4500.0,2025.0,42000000.0,0.0,0.0,1000000.0,500000.0,0.0,0.0,12000000.0,55500000.0,4,0.7657657657657657,0.7567567567567568,4348886.333975345,0.0,59848886.33397534,2330769.2307692305,57518117.10320611,20166768.67704479,35209210.77562035,296.7698360228601,169.9807664402863,285.2123611090815,-39682117.65693055,0.0,6649876.259330593,>=100%
557694292,nakaseke,Kasangombe,Sakabusolo,Namyenya_Lillian,True,0.0,2.0,2.0,4.0,False,0.0,6.0,2.0,0.0,0.0,,,65.0,1.0,0.0,1.0,30.0,3.0,0.9,1.0,1.0,mailo_kibanja,,,1.0,1.0,0.0,1.0,1.0,0.0,0.0,0.0,1.0,0.0,7.5,15.0,8.333333333333334,5000.0,2023.0,300000.0,0.0,0.0,50000.0,60000.0,0.0,0.0,0.0,410000.0,3,0.8780487804878049,0.7317073170731707,2330252.1208778983,300000.0,3040252.1208778983,645000.0,2395252.1208778983,19779321.73522621,22175740.63950148,15.370861354984314,13.709810961002674,12.10987996930171,16739069.614348311,1.0,506708.68681298307,<25%
582450581,nakaseke,Kikamulo,Kapeke,Namyenya_Lillian,True,1.0,2.0,3.0,3.0,False,1.0,6.0,2.0,1.0,0.0,61_and_above,vocational,45.0,3.0,1.0,0.0,30.0,8.0,1.0,1.0,1.0,freehold_full_ownership,,,1.0,1.0,0.0,1.0,1.0,0.0,0.0,0.0,1.0,0.0,15.0,30.0,15.0,5600.0,2024.0,350000.0,50000.0,90000.0,0.0,0.0,0.0,0.0,0.0,490000.0,3,0.8163265306122449,0.7142857142857143,2455804.498080372,0.0,2945804.498080372,576923.076923077,2368881.421157295,19779321.73522621,23226801.562429227,14.893354471473142,12.682781527894013,11.976555378733783,16833517.237145837,1.0,490967.4163467286,<25%
613185259,nakaseke,Kikamulo,Kasana,Namyenya_Lillian,True,1.0,0.0,1.0,2.0,False,1.0,3.0,3.0,1.0,0.0,61_and_above,secondary,45.0,0.0,0.0,1.0,20.0,3.0,2.0,,1.0,mailo_kibanja,,,1.0,1.0,0.0,1.0,1.0,1.0,1.0,1.0,1.0,0.0,30.0,60.0,15.0,5500.0,2024.0,390000.0,0.0,0.0,0.0,400000.0,0.0,0.0,0.0,790000.0,2,1.0,0.4936708860759494,1255523.7720247286,0.0,2045523.7720247288,450000.0,1595523.7720247286,19779321.73522621,12289309.169252455,10.341728596192102,16.644741733266653,8.0666253038554,17733797.96320148,1.0,681841.2573415763,<25%
614810845,mukono,Nabaale,Nabalanga,Sserugo_William,False,0.0,1.0,1.0,1.0,False,1.0,2.0,2.0,1.0,1.0,61_and_above,non_formal,65.0,0.0,0.0,0.0,15.0,1.0,0.5,0.5,1.0,customary_divided_inheritance,200.0,200.0,1.0,1.0,1.0,1.0,0.0,0.0,0.0,0.0,0.0,0.0,160.0,320.0,320.0,2500.0,2024.0,800000.0,0.0,0.0,0.0,0.0,0.0,0.0,0.0,800000.0,1,1.0,1.0,956267.7232970996,0.0,1756267.7232970998,30000.0,1726267.7232970998,20166768.67704479,7678027.2296217,8.708721518168675,22.8739449701539,8.559961940070533,18410500.95374769,1.0,878133.8616485499,<25%
617648764,mukono,Kimenyedde,Naggalama,Kisira_Isaac,False,1.0,1.0,2.0,5.0,False,0.0,7.0,2.5,1.0,1.0,26_40,secondary,45.0,2.0,1.0,1.0,25.0,2.0,2.0,0.0,1.0,customary_divided_inheritance,200.0,100.0,1.0,1.0,1.0,1.0,1.0,0.0,0.0,0.0,0.0,0.0,1.5,3.0,0.75,8000.0,2024.0,1200000.0,0.0,0.0,0.0,0.0,0.0,0.0,0.0,1200000.0,1,1.0,1.0,3392618.6106782453,0.0,4592618.610678245,6162850.0,-1570231.3893217547,20166768.67704479,27531183.545998648,22.773200229672298,16.681515355142558,-7.7862319663987645,15574150.066366546,1.0,656088.3729540351,<25%
551438934,nakaseke,Kasangombe,Sakabusolo,Namyenya_Lillian,True,1.0,2.0,3.0,5.0,False,0.0,8.0,1.6666666666666667,1.0,0.0,41_60,non_formal,65.0,1.0,0.0,1.0,25.0,9.0,3.0,2.0,1.0,freehold_full_ownership,,,1.0,1.0,0.0,1.0,1.0,0.0,0.0,0.0,,0.0,27.5,55.0,9.166666666666666,,2022.0,1700000.0,0.0,0.0,0.0,0.0,0.0,0.0,0.0,1700000.0,1,1.0,1.0,3209118.761295208,0.0,4909118.761295209,130000.0,4779118.761295209,19779321.73522621,30422517.0699832,24.819449458432427,16.136464809937962,24.162197396201822,14870202.973931001,1.0,613639.8451619011,<25%
589548879,nakaseke,Kikamulo,Kamuli,Namyenya_Lillian,True,2.0,4.0,6.0,0.0,False,2.0,6.0,0.5,1.0,0.0,61_and_above,vocational,45.0,1.0,0.0,1.0,20.0,9.0,2.0,,1.0,mailo_kibanja,,,1.0,1.0,1.0,1.0,0.0,0.0,0.0,0.0,1.0,0.0,20.0,40.0,10.0,4800.0,2025.0,20000.0,0.0,100000.0,0.0,250000.0,0.0,0.0,0.0,370000.0,3,0.7297297297297297,0.05405405405405406,2651666.2065162337,0.0,3021666.2065162337,380000.0,2641666.2065162337,19779321.73522621,24866456.60219655,15.276894966194735,12.151575332407104,13.355696630443742,16757655.528709976,1.0,503611.03441937227,<25%
554402613,nakaseke,Kasangombe,Nakaseta,Namyenya_Lillian,True,1.0,0.0,1.0,3.0,False,0.0,4.0,3.0,1.0,1.0,,,45.0,1.0,0.0,1.0,12.0,1.0,0.5,0.5,1.0,mailo_kibanja,,,1.0,1.0,1.0,1.0,1.0,0.0,1.0,1.0,,0.0,45.0,90.0,90.0,,2025.0,0.0,0.0,0.0,0.0,109200.0,0.0,0.0,0.0,109200.0,1,1.0,0.0,1632180.9036321468,0.0,1741380.9036321468,40000.0,1701380.9036321468,19779321.73522621,15442491.938035691,8.804047615701677,11.276553749353313,8.601816211938415,18037940.831594065,1.0,435345.2259080367,<25%
589547568,nakaseke,Kikamulo,Kibose,Namyenya_Lillian,True,1.0,0.0,1.0,2.0,False,0.0,3.0,2.0,1.0,0.0,41_60,non_formal,35.0,0.0,0.0,1.0,10.0,6.0,2.0,,1.0,mailo_kibanja,,,1.0,1.0,0.0,1.0,1.0,0.0,0.0,0.0,0.0,0.0,,,,,,350000.0,0.0,0.0,92250.0,0.0,4494999.999999998,0.0,0.0,4937249.999999998,3,0.07088966529950887,0.07088966529950887,1255523.7720247286,0.0,6192773.772024727,1935000.0,4257773.772024727,19779321.73522621,12289309.169252455,31.309333327621825,50.39155323326793,21.526389170574014,13586547.963201482,1.0,2064257.9240082426,50-100%
592180125,nakaseke,Kikamulo,Kamuli,Namyenya_Lillian,True,0.0,3.0,3.0,4.0,False,0.0,7.0,1.3333333333333333,1.0,1.0,41_60,secondary,45.0,2.0,1.0,1.0,20.0,2.0,1.0,0.5,1.0,mailo_kibanja,,,1.0,1.0,1.0,1.0,0.0,0.0,0.0,1.0,1.0,0.0,30.0,60.0,30.0,5000.0,2025.0,350000.0,0.0,0.0,0.0,200000.0,0.0,0.0,0.0,550000.0,2,1.0,0.6363636363636364,2742063.9181020106,0.0,3292063.9181020106,510000.0,2782063.9181020106,19779321.73522621,26512570.436692,16.643967685903867,12.416992633599826,14.065517287922274,16487257.8171242,1.0,470294.8454431444,<25%
613184766,nakaseke,Kikamulo,Kasana,Namyenya_Lillian,True,1.0,2.0,3.0,4.0,False,1.0,7.0,2.5,1.0,1.0,,,55.0,0.0,0.0,1.0,15.0,2.0,2.0,,1.0,freehold_full_ownership,,,1.0,1.0,0.0,1.0,1.0,0.0,0.0,0.0,1.0,0.0,100.0,200.0,50.0,,2024.0,600000.0,0.0,0.0,100000.0,250000.0,0.0,0.0,0.0,950000.0,3,0.8947368421052632,0.631578947368421,2832461.62968779,0.0,3782461.62968779,1100000.0,2682461.62968779,19779321.73522621,27269334.30119997,19.123313126310958,13.870751621250047,13.561949522821246,15996860.10553842,1.0,540351.66138397,<25%
613185864,nakaseke,Kikamulo,Kibose,Namyenya_Lillian,True,0.0,3.0,3.0,3.0,False,0.0,6.0,1.0,1.0,1.0,,,75.0,0.0,0.0,0.0,50.0,2.0,2.0,,0.0,,,,1.0,1.0,1.0,1.0,0.0,0.0,0.0,1.0,1.0,0.0,25.0,50.0,12.5,,2025.0,600000.0,20000.0,0.0,278499.9999999999,500000.0,0.0,0.0,0.0,1398500.0,4,0.8008580622095102,0.42903110475509476,2365406.786494592,2039999.9999999977,5803906.78649459,14800000.0,-8996093.21350541,19779321.73522621,22470037.69792126,29.34330541859813,25.829537380044176,-45.48231397380889,13975414.94873162,1.0,967317.7977490984,25-50%
593216040,nakaseke,Kikamulo,Kamuli,Namyenya_Lillian,True,1.0,1.0,2.0,1.0,False,0.0,3.0,0.5,1.0,0.0,41_60,non_formal,35.0,0.0,0.0,1.0,15.0,2.0,1.0,,1.0,freehold_full_ownership,,,1.0,1.0,1.0,1.0,0.0,,,1.0,1.0,0.0,,,,,,400000.0,250000.0,69000.0,0.0,200000.0,0.0,0.0,0.0,919000.0,4,0.9249183895538629,0.4352557127312296,1290678.4376414227,0.0,2209678.4376414227,410000.0,1799678.4376414227,19779321.73522621,12583606.227672242,11.171659307740924,17.559977622171484,9.098787419167486,17569643.297584787,1.0,736559.4792138076,<25%
552806578,nakaseke,Kasangombe,Sakabusolo,Namyenya_Lillian,True,0.0,4.0,4.0,6.0,False,0.0,10.0,1.5,1.0,1.0,41_60,non_formal,65.0,1.0,0.0,1.0,20.0,8.0,2.0,,1.0,freehold_full_ownership,,,1.0,1.0,0.0,1.0,1.0,0.0,0.0,0.0,,0.0,,,,,,1300000.0,0.0,0.0,0.0,0.0,0.0,0.0,0.0,1300000.0,1,1.0,1.0,3907189.97854096,0.0,5207189.97854096,20000.0,5187189.97854096,19779321.73522621,37155765.771448985,26.326433475558236,14.014487039699874,26.22531777367661,14572131.75668525,1.0,520718.997854096,<25%
554997531,nakaseke,Kasangombe,Nakaseta,Namyenya_Lillian,True,0.0,1.0,1.0,3.0,False,0.0,4.0,3.0,0.0,0.0,,,35.0,1.0,0.0,1.0,20.0,3.0,1.0,,1.0,mailo_kibanja,,,1.0,1.0,1.0,1.0,1.0,0.0,0.0,0.0,,0.0,30.0,60.0,30.0,,2024.0,400000.0,0.0,0.0,60000.0,250000.0,0.0,0.0,0.0,710000.0,3,0.9154929577464789,0.5633802816901409,1541783.192046367,2039999.9999999977,4291783.192046365,320000.0,3971783.192046365,19779321.73522621,14685728.073527724,21.69833348937777,29.22417717772311,20.08048225927167,15487538.543179845,1.0,1072945.7980115912,25-50%
581568916,nakaseke,Kikamulo,Kibose,Namyenya_Lillian,True,0.0,3.0,3.0,2.0,False,1.0,5.0,1.5,0.0,0.0,,,75.0,2.0,1.0,1.0,20.0,4.0,1.0,,1.0,freehold_full_ownership,,,1.0,1.0,1.0,1.0,1.0,0.0,1.0,1.0,1.0,0.0,15.0,30.0,15.0,6000.0,2025.0,500000.0,0.0,90000.0,60000.0,170000.0,0.0,0.0,0.0,820000.0,4,0.8170731707317073,0.6097560975609756,1988749.6548871736,0.0,2808749.654887174,695923.076923077,2112826.577964097,19779321.73522621,19316854.929138027,14.200434638185286,14.54040870105819,10.681997119250223,16970572.080339037,1.0,561749.9309774347,<25%
582449149,nakaseke,Kikamulo,Kapeke,Namyenya_Lillian,True,0.0,3.0,3.0,3.0,False,0.0,6.0,1.0,0.0,0.0,,,45.0,1.0,0.0,1.0,23.0,8.0,3.0,0.9,1.0,freehold_full_ownership,,,1.0,1.0,1.0,1.0,1.0,0.0,0.0,0.0,1.0,0.0,25.0,50.0,8.333333333333334,5500.0,2025.0,600000.0,250000.0,0.0,150000.0,50000.0,0.0,0.0,0.0,1050000.0,4,0.8571428571428571,0.5714285714285714,2365406.786494592,0.0,3415406.786494592,477307.6923076923,2938099.0941869,19779321.73522621,22470037.69792126,17.267562721384344,15.199826686586096,14.854397605324651,16363914.948731618,1.0,569234.4644157654,<25%
583384059,nakaseke,Kikamulo,Kamuli,Namyenya_Lillian,True,2.0,2.0,4.0,3.0,False,0.0,7.0,0.75,1.0,0.0,41_60,non_formal,55.0,0.0,0.0,1.0,25.0,9.0,3.0,1.0,1.0,freehold_full_ownership,,,1.0,1.0,1.0,1.0,1.0,0.0,0.0,1.0,,0.0,15.0,30.0,5.0,6000.0,2025.0,9000000.0,350000.0,0.0,0.0,250000.0,0.0,0.0,0.0,9600000.0,3,1.0,0.9375,2958014.006890264,0.0,12558014.006890263,915000.0,11643014.006890263,19779321.73522621,28320395.22412772,63.49062002730318,44.34265096763689,58.86457666621856,7221307.728335947,1.0,1794002.0009843234,25-50%
584465855,nakaseke,Kikamulo,Luteete,Namyenya_Lillian,True,0.0,4.0,4.0,2.0,False,1.0,6.0,1.0,1.0,1.0,61_and_above,vocational,45.0,0.0,0.0,1.0,25.0,6.0,1.0,,1.0,freehold_full_ownership,,,1.0,1.0,1.0,1.0,0.0,0.0,0.0,0.0,1.0,0.0,25.0,50.0,25.0,6000.0,2024.0,400000.0,150000.0,0.0,0.0,0.0,0.0,0.0,0.0,550000.0,2,1.0,0.7272727272727273,2400561.4521112866,0.0,2950561.4521112866,524615.3846153846,2425946.067495902,19779321.73522621,22764334.756341044,14.917404608755872,12.961333962502037,12.26506196709155,16828760.283114925,1.0,491760.2420185478,<25%
585291611,nakaseke,Kikamulo,Magoma,Namyenya_Lillian,True,2.0,3.0,5.0,2.0,False,2.0,7.0,1.3333333333333333,1.0,0.0,41_60,non_formal,65.0,0.0,0.0,1.0,25.0,10.0,5.0,1.0,1.0,mailo_kibanja,,,1.0,1.0,1.0,1.0,1.0,0.0,0.0,1.0,1.0,0.0,25.0,50.0,5.0,6500.0,2025.0,9000000.0,30000.0,0.0,60000.0,350000.0,0.0,0.0,0.0,9440000.0,4,0.9936440677966102,0.9533898305084746,2993168.6725069582,0.0,12433168.672506958,3138846.153846154,9294322.518660804,19779321.73522621,28614692.282547504,62.85942884666243,43.450296615945504,46.990097249431834,7346153.062719252,1.0,1776166.9532152798,25-50%
588618114,nakaseke,Kikamulo,Kasana,Namyenya_Lillian,True,1.0,2.0,3.0,4.0,False,1.0,7.0,2.5,1.0,0.0,61_and_above,vocational,45.0,0.0,0.0,1.0,25.0,8.0,2.0,1.0,1.0,mailo_kibanja,,,1.0,1.0,1.0,1.0,1.0,0.0,0.0,1.0,1.0,0.0,17.5,35.0,8.75,,2025.0,600000.0,0.0,0.0,120000.0,30000.0,0.0,0.0,0.0,750000.0,3,0.84,0.8,2832461.62968779,0.0,3582461.62968779,1409637.5,2172824.12968779,19779321.73522621,27269334.30119997,18.112156107494645,13.137327043330668,10.985331846936257,16196860.10553842,1.0,511780.2328125414,<25%
589549118,nakaseke,Kikamulo,Kapeke,Namyenya_Lillian,True,2.0,3.0,5.0,3.0,False,3.0,8.0,3.0,1.0,0.0,61_and_above,non_formal,45.0,2.0,1.0,1.0,20.0,6.0,2.0,,1.0,mailo_kibanja,,,1.0,1.0,1.0,1.0,0.0,0.0,0.0,0.0,1.0,0.0,18.0,36.0,9.0,5600.0,2024.0,600000.0,0.0,90000.0,0.0,250000.0,0.0,0.0,0.0,940000.0,3,0.9042553191489362,0.6382978723404256,3369825.804114376,0.0,4309825.804114376,615000.0,3694825.804114376,19779321.73522621,31767875.051330745,21.789553058529517,13.566616580902974,18.68024522566936,15469495.931111835,1.0,538728.225514297,<25%
592179551,nakaseke,Kikamulo,Kapeke,Namyenya_Lillian,True,1.0,0.0,1.0,0.0,False,0.0,1.0,0.0,0.0,0.0,,,35.0,1.0,0.0,0.0,18.0,5.0,2.0,,0.0,,,,,,,1.0,0.0,0.0,0.0,0.0,0.0,0.0,10.0,20.0,5.0,5000.0,2025.0,200000.0,0.0,0.0,150000.0,150000.0,0.0,0.0,0.0,500000.0,3,0.7,0.4,502209.5088098921,0.0,1002209.508809892,1154000.0,-151790.4911901079,19779321.73522621,5093593.6616984885,5.066955895787849,19.675882596329824,-0.7674201027822651,18777112.22641632,1.0,1002209.508809892,<25%
613185857,nakaseke,Kikamulo,Magoma,Namyenya_Lillian,True,0.0,1.0,1.0,3.0,False,0.0,4.0,3.0,1.0,1.0,,,75.0,1.0,0.0,0.0,35.0,2.0,2.0,,1.0,freehold_full_ownership,,,1.0,1.0,1.0,1.0,0.0,0.0,1.0,0.0,0.0,0.0,14.5,29.0,7.25,,2025.0,600000.0,300000.0,0.0,120000.0,350000.0,0.0,0.0,0.0,1370000.0,4,0.9124087591240876,0.43795620437956206,1541783.192046367,0.0,2911783.192046367,270000.0,2641783.192046367,19779321.73522621,14685728.073527724,14.721350059545236,19.827298840532833,13.356288084143214,16867538.543179844,1.0,727945.7980115918,<25%
613185868,nakaseke,Kikamulo,Kamuli,Namyenya_Lillian,True,1.0,0.0,1.0,0.0,False,0.0,1.0,0.0,0.0,0.0,,,35.0,0.0,0.0,0.0,15.0,1.0,0.9,0.2,1.0,mailo_kibanja,,,1.0,1.0,1.0,1.0,0.0,0.0,0.0,0.0,1.0,0.0,35.0,70.0,38.888888888888886,5000.0,2025.0,500000.0,350000.0,0.0,0.0,400000.0,0.0,0.0,0.0,1250000.0,3,1.0,0.4,502209.5088098921,700000.0,2452209.508809892,1350000.0,1102209.508809892,19779321.73522621,5093593.6616984885,12.397844282206105,48.143013983415955,5.572534405196005,17327112.22641632,1.0,2452209.508809892,25-50%
618737230,mukono,Kimenyedde,Naggalama,Kisira_Isaac,False,1.0,1.0,2.0,2.0,False,0.0,4.0,1.0,0.0,0.0,41_60,primary,55.0,1.0,0.0,1.0,40.0,3.5,1.0,0.0,1.0,customary_divided_inheritance,300.0,300.0,1.0,1.0,1.0,1.0,1.0,0.0,0.0,0.0,0.0,0.0,130.0,260.0,130.0,8000.0,2024.0,1800000.0,0.0,0.0,0.0,0.0,0.0,0.0,0.0,1800000.0,1,1.0,1.0,2022171.23652635,0.0,3822171.23652635,983500.0,2838671.23652635,20166768.67704479,16162486.243817862,18.9528193521504,23.64841138218031,14.07598451683299,16344597.44051844,1.0,955542.8091315875,<25%
625321534,mukono,Nabaale,Bamusuuta,Namazzi_Patience,False,1.0,1.0,2.0,10.0,False,0.0,12.0,5.0,0.0,0.0,41_60,secondary,55.0,2.0,1.0,1.0,10.0,8.0,3.0,3.0,1.0,mailo_kibanja,300.0,50.0,1.0,1.0,0.0,1.0,1.0,0.0,1.0,0.0,1.0,0.0,390.0,780.0,130.0,7000.0,2025.0,5600000.0,0.0,0.0,0.0,2000000.0,10000000.0,0.0,0.0,17600000.0,3,0.4318181818181818,0.3181818181818182,5676697.567598069,0.0,23276697.567598067,3812307.692307693,19464389.87529037,20166768.67704479,45620145.719633296,115.4210569891309,51.022847911642245,96.51714752619782,-3109928.890553277,0.0,1939724.7972998389,50-100%
613185262,nakaseke,Kikamulo,Luteete,Namyenya_Lillian,True,1.0,5.0,6.0,0.0,False,1.0,6.0,0.2,1.0,1.0,,,35.0,0.0,0.0,1.0,15.0,4.0,2.0,,,,,,1.0,1.0,1.0,1.0,0.0,0.0,0.0,0.0,1.0,0.0,30.0,60.0,15.0,6000.0,2024.0,260000.0,0.0,300000.0,100000.0,250000.0,0.0,0.0,0.0,910000.0,4,0.5604395604395604,0.2857142857142857,2561268.4949304545,0.0,3471268.4949304545,886000.0,2585268.4949304545,19779321.73522621,24109692.737688582,17.54998751422431,14.397813081641322,13.070561920868048,16308053.240295757,1.0,578544.7491550758,<25%
586823072,nakaseke,Kikamulo,Kamuli,Namyenya_Lillian,True,3.0,1.0,4.0,5.0,False,1.0,9.0,2.0,1.0,0.0,61_and_above,non_formal,45.0,0.0,0.0,1.0,20.0,5.0,2.0,,1.0,mailo_kibanja,,,1.0,1.0,1.0,1.0,0.0,0.0,0.0,0.0,1.0,0.0,25.0,50.0,12.5,6500.0,2025.0,600000.0,0.0,0.0,163999.99999999994,600000.0,0.0,0.0,0.0,1364000.0,3,0.8797653958944281,0.4398826979472141,3801725.98169088,0.0,5165725.98169088,274750.0,4890975.98169088,19779321.73522621,36272874.59618966,26.11680041834256,14.241291982503975,24.727723463743654,14613595.75353533,1.0,573969.5535212089,<25%
586821078,nakaseke,Kikamulo,Kapeke,Namyenya_Lillian,True,3.0,0.0,3.0,3.0,False,1.0,6.0,2.0,1.0,0.0,26_40,non_formal,25.0,0.0,0.0,1.0,9.0,7.0,3.0,,1.0,mailo_kibanja,,,,,,1.0,0.0,0.0,0.0,0.0,1.0,0.0,10.0,20.0,3.3333333333333335,7000.0,2024.0,800000.0,0.0,0.0,20000.0,96000.0,0.0,0.0,0.0,916000.0,3,0.9781659388646288,0.8733624454148472,2636599.921251931,0.0,3552599.921251931,2884000.0,668599.9212519312,19779321.73522621,24740329.291445173,17.961181727100822,14.359549864521673,3.3802975157696156,16226721.81397428,1.0,592099.9868753218,<25%
586823179,nakaseke,Kikamulo,Kapeke,Namyenya_Lillian,True,1.0,3.0,4.0,5.0,False,1.0,9.0,2.0,1.0,0.0,61_and_above,college_university,35.0,0.0,0.0,1.0,15.0,6.0,2.0,0.9,1.0,freehold_full_ownership,,,1.0,1.0,1.0,1.0,0.0,0.0,0.0,0.0,1.0,0.0,20.0,40.0,10.0,6500.0,2025.0,600000.0,0.0,0.0,100000.0,600000.0,0.0,0.0,0.0,1300000.0,3,0.9230769230769231,0.46153846153846156,3620930.558519321,0.0,4920930.558519321,564600.0,4356330.558519321,19779321.73522621,34759346.86717372,24.879167366772403,14.157143335643585,22.024671102653958,14858391.17670689,1.0,546770.0620577023,<25%
588618032,nakaseke,Kikamulo,Luteete,Namyenya_Lillian,True,1.0,3.0,4.0,5.0,False,1.0,9.0,2.0,1.0,0.0,61_and_above,non_formal,45.0,0.0,0.0,1.0,,5.0,2.0,0.9,1.0,freehold_full_ownership,,,1.0,1.0,1.0,1.0,0.0,0.0,0.0,0.0,1.0,0.0,40.0,80.0,20.0,8000.0,2025.0,1000000.0,200000.0,0.0,150000.0,350000.0,0.0,0.0,0.0,1700000.0,4,0.9117647058823529,0.5882352941176471,3620930.558519321,0.0,5320930.558519321,957600.0,4363330.558519321,19779321.73522621,34759346.86717372,26.901481404405025,15.307912944544821,22.06006159831253,14458391.17670689,1.0,591214.5065021467,<25%
592179319,nakaseke,Kikamulo,Kapeke,Namyenya_Lillian,True,2.0,2.0,4.0,6.0,False,0.0,10.0,1.5,1.0,1.0,,,55.0,0.0,0.0,0.0,35.0,5.0,3.0,,1.0,freehold_full_ownership,,,1.0,1.0,1.0,1.0,0.0,0.0,0.0,1.0,0.0,0.0,30.0,60.0,10.0,5000.0,2025.0,300000.0,0.0,0.0,0.0,200000.0,0.0,0.0,0.0,500000.0,2,1.0,0.6,4087985.401712519,0.0,4587985.401712518,90000.0,4497985.401712518,19779321.73522621,38669293.50046492,23.195868205841926,11.864673456362363,22.74084754737459,15191336.333513692,1.0,458798.5401712518,<25%
613185254,nakaseke,Kikamulo,Magoma,Namyenya_Lillian,True,1.0,0.0,1.0,0.0,False,0.0,1.0,0.0,0.0,0.0,,,25.0,0.0,0.0,0.0,10.0,2.0,0.2,,1.0,mailo_kibanja,,,1.0,1.0,1.0,1.0,0.0,0.0,0.0,0.0,1.0,0.0,30.0,60.0,150.0,5500.0,2025.0,350000.0,400000.0,296649.9999999999,0.0,230000.0,0.0,0.0,0.0,1276649.9999999998,4,0.7676340422198724,0.27415501507852585,502209.5088098921,0.0,1778859.508809892,920000.0,858859.5088098919,19779321.73522621,5093593.6616984885,8.99353138910629,34.9234671423853,4.342209102551258,18000462.22641632,1.0,1778859.508809892,25-50%
613184756,nakaseke,Kikamulo,Kasana,Namyenya_Lillian,True,1.0,3.0,4.0,3.0,False,0.0,7.0,0.75,1.0,0.0,41_60,vocational,45.0,1.0,0.0,1.0,30.0,10.0,4.0,0.9,1.0,freehold_full_ownership,,,1.0,1.0,1.0,1.0,0.0,0.0,0.0,0.0,1.0,0.0,200000.0,400000.0,,5000.0,2025.0,380000.0,0.0,248000.0,0.0,350000.0,0.0,0.0,0.0,978000.0,3,0.7464212678936605,0.3885480572597137,2867616.295304484,0.0,3845616.295304484,1602000.0,2243616.295304484,19779321.73522621,27563631.35961975,19.442609543357545,13.951776691289835,11.343241822638893,15933705.439921726,1.0,549373.7564720692,<25%
613184762,nakaseke,Kikamulo,Luteete,Namyenya_Lillian,True,1.0,0.0,1.0,5.0,False,0.0,6.0,5.0,1.0,0.0,41_60,non_formal,25.0,0.0,0.0,1.0,15.0,6.0,2.0,1.0,1.0,freehold_full_ownership,,,1.0,1.0,1.0,1.0,1.0,0.0,0.0,0.0,1.0,1.0,25.0,50.0,12.5,,2025.0,5000000.0,0.0,322999.99999999994,700000.0,250000.0,100000.0,0.0,0.0,6373000.0,5,0.8237878550133375,0.7845598619174643,2385495.166846983,0.0,8758495.166846983,2400000.0,6358495.166846983,19779321.73522621,22638207.44558966,44.281069311130324,38.68899597239665,32.14718508533459,11020826.568379227,1.0,1459749.194474497,25-50%
593216705,nakaseke,Kikamulo,Kamuli,Namyenya_Lillian,True,2.0,2.0,4.0,4.0,False,1.0,8.0,1.6666666666666667,1.0,0.0,61_and_above,non_formal,65.0,1.0,0.0,1.0,30.0,1.0,1.9,,1.0,freehold_full_ownership,,,1.0,1.0,1.0,1.0,0.0,0.0,0.0,0.0,1.0,0.0,300000.0,600000.0,,6500.0,2025.0,350000.0,109.0,0.0,0.0,200000.0,0.0,0.0,0.0,550109.0,3,1.0,0.6362375456500439,3334671.1384976823,0.0,3884780.138497682,361000.0,3523780.138497682,19779321.73522621,31473577.99291096,19.64061351800066,12.342988583543573,17.81547509903722,15894541.596728528,1.0,485597.5173122102,<25%
582448458,nakaseke,Kikamulo,Kamuli,Namyenya_Lillian,True,0.0,2.0,2.0,3.0,False,0.0,5.0,1.5,0.0,0.0,,,65.0,0.0,0.0,1.0,20.0,8.0,4.0,1.0,1.0,freehold_full_ownership,,,1.0,1.0,0.0,1.0,1.0,0.0,0.0,0.0,1.0,0.0,50.0,100.0,12.5,,2025.0,600000.0,300000.0,0.0,150000.0,200000.0,0.0,0.0,0.0,1250000.0,4,0.88,0.48,1953594.98927048,0.0,3203594.98927048,2149230.769230769,1054364.2200397109,19779321.73522621,19022557.87071824,16.196687794228055,16.841031637505647,5.330638907409695,16575726.74595573,1.0,640718.997854096,<25%
583383308,nakaseke,Kikamulo,Kapeke,Namyenya_Lillian,True,2.0,2.0,4.0,4.0,False,1.0,8.0,1.6666666666666667,0.0,0.0,61_and_above,non_formal,55.0,0.0,0.0,1.0,20.0,6.0,4.0,0.9,1.0,mailo_kibanja,,,1.0,1.0,1.0,1.0,0.0,0.0,0.0,0.0,1.0,0.0,15.0,30.0,3.75,,2025.0,560000.0,30000.0,90000.0,3.0,20000.0,0.0,0.0,0.0,700003.0,5,0.8714248367506996,0.7999965714432652,3334671.1384976823,9000.0,4043674.138497682,435076.9230769231,3608597.2154207593,19779321.73522621,31473577.99291096,20.443947434739655,12.847837444501767,18.24429201226848,15735647.596728528,1.0,505459.2673122102,<25%
584457728,nakaseke,Kikamulo,Kasana,Namyenya_Lillian,True,1.0,0.0,1.0,3.0,True,0.0,4.0,3.0,0.0,0.0,,,65.0,2.0,1.0,0.0,25.0,6.0,1.0,,1.0,freehold_full_ownership,,,1.0,1.0,1.0,1.0,0.0,0.0,0.0,0.0,0.0,0.0,10.0,20.0,10.0,6000.0,2025.0,350000.0,0.0,0.0,0.0,0.0,0.0,0.0,0.0,350000.0,1,1.0,1.0,1632180.9036321468,720000.0,2702180.903632147,300000.0,2402180.903632147,19779321.73522621,15442491.938035691,13.661645934095235,17.498347510718325,12.14491040587077,17077140.831594065,1.0,675545.2259080367,<25%
584460556,nakaseke,Kikamulo,Luteete,Namyenya_Lillian,True,2.0,2.0,4.0,4.0,False,1.0,8.0,1.6666666666666667,,1.0,61_and_above,non_formal,65.0,0.0,0.0,1.0,50.0,5.0,1.0,,1.0,freehold_full_ownership,,,1.0,1.0,1.0,1.0,1.0,0.0,0.0,1.0,1.0,0.0,15.0,30.0,15.0,6000.0,2025.0,250000.0,100000.0,0.0,150000.0,238789.99999999994,0.0,0.0,0.0,738789.9999999999,4,0.7969653081389841,0.3383911531016934,3334671.1384976823,0.0,4073461.138497682,491538.4615384615,3581922.6769592213,19779321.73522621,31473577.99291096,20.59454410533706,12.942478733797536,18.109431278323132,15705860.596728528,1.0,509182.6423122102,<25%
586822745,nakaseke,Kikamulo,Kapeke,Namyenya_Lillian,True,1.0,2.0,3.0,4.0,False,1.0,7.0,2.5,1.0,0.0,61_and_above,vocational,45.0,3.0,1.0,1.0,,5.0,2.0,,1.0,mailo_kibanja,,,1.0,1.0,0.0,1.0,0.0,0.0,0.0,1.0,1.0,0.0,17.5,35.0,8.75,5600.0,2025.0,600000.0,300000.0,0.0,0.0,200000.0,0.0,0.0,0.0,1100000.0,3,1.0,0.5454545454545454,2832461.62968779,0.0,3932461.62968779,845000.0,3087461.62968779,19779321.73522621,27269334.30119997,19.88168089042319,14.420820054689582,15.609542485924274,15846860.10553842,1.0,561780.2328125414,<25%
588618956,nakaseke,Kikamulo,Kibose,Namyenya_Lillian,True,1.0,0.0,1.0,3.0,True,0.0,4.0,3.0,0.0,0.0,,,75.0,0.0,0.0,0.0,,3.0,1.0,,0.0,,,,1.0,1.0,1.0,1.0,1.0,0.0,0.0,0.0,1.0,0.0,12.5,25.0,12.5,6500.0,2024.0,600000.0,0.0,150000.0,0.0,250000.0,0.0,0.0,0.0,1000000.0,3,0.85,0.6,1632180.9036321468,0.0,2632180.903632147,620000.0,2012180.9036321468,19779321.73522621,15442491.938035691,13.307740977509527,17.045052794548937,10.173154219178961,17147140.831594065,1.0,658045.2259080367,<25%
588619984,nakaseke,Kikamulo,Kibose,Namyenya_Lillian,True,1.0,0.0,1.0,3.0,False,0.0,4.0,3.0,1.0,0.0,41_60,vocational,35.0,0.0,0.0,1.0,15.0,3.0,1.0,,1.0,freehold_full_ownership,,,1.0,1.0,1.0,1.0,0.0,0.0,0.0,0.0,1.0,0.0,28.0,56.0,28.0,6500.0,2025.0,500000.0,0.0,0.0,0.0,250000.0,0.0,0.0,0.0,750000.0,2,1.0,0.6666666666666666,1632180.9036321468,0.0,2382180.903632147,734000.0,1648180.9036321468,19779321.73522621,15442491.938035691,12.043794703989139,15.426143093943967,8.332848444933276,17397140.831594065,1.0,595545.2259080367,<25%
589548430,nakaseke,Kikamulo,Kamuli,Namyenya_Lillian,True,1.0,0.0,1.0,0.0,False,0.0,1.0,0.0,0.0,0.0,,,55.0,1.0,0.0,0.0,19.0,,2.0,,1.0,mailo_kibanja,,,1.0,1.0,0.0,1.0,0.0,,0.0,,,0.0,10.0,20.0,5.0,,2024.0,300000.0,0.0,25000.0,0.0,500000.0,0.0,0.0,0.0,825000.0,3,0.9696969696969697,0.36363636363636365,502209.5088098921,0.0,1327209.508809892,90000.0,1237209.508809892,19779321.73522621,5093593.6616984885,6.710086051364354,26.056446527918098,6.255065392897015,18452112.22641632,1.0,1327209.508809892,25-50%
613184214,nakaseke,Kikamulo,Kibose,Namyenya_Lillian,True,1.0,0.0,1.0,0.0,False,0.0,1.0,0.0,0.0,0.0,,,65.0,1.0,0.0,0.0,35.0,9.0,2.0,,1.0,freehold_full_ownership,,,1.0,1.0,1.0,1.0,0.0,0.0,0.0,0.0,1.0,0.0,130.0,260.0,65.0,,2020.0,200000.0,0.0,50000.0,0.0,130000.0,0.0,0.0,0.0,380000.0,3,0.868421052631579,0.5263157894736842,502209.5088098921,0.0,882209.5088098921,240000.0,642209.5088098921,19779321.73522621,5093593.6616984885,4.460261684498064,17.31998206774339,3.24687326191849,18897112.22641632,1.0,882209.5088098921,<25%
551438775,nakaseke,Kasangombe,Sakabusolo,Namyenya_Lillian,True,1.0,0.0,1.0,0.0,False,0.0,1.0,0.0,1.0,0.0,41_60,non_formal,65.0,1.0,0.0,1.0,20.0,9.0,5.0,0.0,1.0,mailo_kibanja,,,1.0,1.0,0.0,1.0,0.0,0.0,0.0,0.0,,0.0,45.0,90.0,9.0,,2023.0,1200000.0,0.0,0.0,0.0,0.0,0.0,0.0,0.0,1200000.0,1,1.0,1.0,502209.5088098921,0.0,1702209.508809892,213750.0,1488459.508809892,19779321.73522621,5093593.6616984885,8.606005461644937,33.418635679750714,7.525331397785005,18077112.22641632,1.0,1702209.508809892,25-50%
552805506,nakaseke,Kasangombe,Sakabusolo,Namyenya_Lillian,True,0.0,2.0,2.0,3.0,True,0.0,5.0,1.5,1.0,1.0,,,45.0,1.0,0.0,1.0,8.0,5.0,2.0,,1.0,mailo_kibanja,,,1.0,1.0,0.0,0.0,0.0,0.0,0.0,0.0,,0.0,15.0,30.0,7.5,,2020.0,9700000.0,0.0,0.0,0.0,0.0,0.0,0.0,0.0,9700000.0,1,1.0,1.0,1953594.98927048,0.0,11653594.98927048,67692.30769230769,11585902.681578172,19779321.73522621,19022557.87071824,58.9180718392172,61.261976798656846,58.57583407900244,8125726.74595573,1.0,2330718.997854096,50-100%
582449815,nakaseke,Kikamulo,Kamuli,Namyenya_Lillian,True,2.0,2.0,4.0,4.0,False,1.0,8.0,1.6666666666666667,0.0,0.0,61_and_above,non_formal,65.0,0.0,0.0,1.0,40.0,8.0,4.0,0.9,1.0,freehold_full_ownership,,,1.0,1.0,1.0,1.0,1.0,0.0,0.0,1.0,1.0,0.0,25.0,50.0,6.25,5000.0,2024.0,500000.0,200000.0,0.0,0.0,60000.0,1876500.0,0.0,0.0,2636500.0,4,0.2882609520197231,0.18964536317087047,3334671.1384976823,0.0,5971171.138497682,1141230.7692307692,4829940.369266913,19779321.73522621,31473577.99291096,30.18895803622657,18.97201246023765,24.419140524242426,13808150.596728528,1.0,746396.3923122103,<25%
583383783,nakaseke,Kikamulo,Kamuli,Namyenya_Lillian,True,1.0,3.0,4.0,4.0,False,1.0,8.0,1.6666666666666667,1.0,1.0,61_and_above,non_formal,45.0,1.0,0.0,1.0,20.0,6.0,2.0,2.0,1.0,freehold_full_ownership,,,1.0,1.0,1.0,1.0,1.0,0.0,0.0,1.0,1.0,0.0,26.0,52.0,13.0,,2020.0,500000.0,200000.0,0.0,0.0,300000.0,0.0,0.0,0.0,1000000.0,3,1.0,0.5,3244273.4269119026,0.0,4244273.426911903,460000.0,3784273.426911903,19779321.73522621,30716814.12840299,21.45813432698764,13.817427188802567,19.13247318371013,15535048.308314309,1.0,530534.1783639878,<25%
583384470,nakaseke,Kikamulo,Kamuli,Namyenya_Lillian,True,1.0,0.0,1.0,3.0,True,0.0,4.0,3.0,0.0,0.0,,,75.0,0.0,0.0,0.0,50.0,6.0,2.0,,,,,,1.0,1.0,0.0,1.0,0.0,,,,1.0,0.0,,,,,,500000.0,250000.0,0.0,158500.14999999997,200000.0,0.0,0.0,0.0,1108500.15,4,0.8570138668903203,0.45105992994227384,1632180.9036321468,60000.0,2800681.0536321467,105000.0,2695681.0536321467,19779321.73522621,15442491.938035691,14.159641524230032,18.136198904102503,13.62878408935147,16978640.681594063,1.0,700170.2634080367,<25%
585919910,nakaseke,Kikamulo,Magoma,Namyenya_Lillian,True,1.0,3.0,4.0,5.0,False,1.0,9.0,2.0,1.0,0.0,61_and_above,secondary,55.0,0.0,0.0,1.0,30.0,12.0,5.0,1.0,1.0,freehold_full_ownership,,,1.0,1.0,1.0,1.0,1.0,0.0,0.0,1.0,1.0,0.0,450000.0,900000.0,,6500.0,2025.0,2000000.0,500000.0,298899.99999999994,500000.0,600000.0,0.0,0.0,0.0,3898900.0,5,0.795096052732822,0.5129651953114981,3620930.558519321,0.0,7519830.558519321,2822307.6923076925,4697522.866211629,19779321.73522621,34759346.86717372,38.018647247780955,21.633981177077157,23.749666086100017,12259491.17670689,1.0,835536.728724369,<25%
585937638,nakaseke,Kikamulo,Luteete,Namyenya_Lillian,True,0.0,5.0,5.0,3.0,True,1.0,8.0,1.0,1.0,1.0,,,45.0,1.0,0.0,1.0,20.0,9.0,4.0,0.9,1.0,mailo_kibanja,,,1.0,1.0,0.0,1.0,0.0,0.0,0.0,0.0,1.0,0.0,15.0,30.0,3.75,,2025.0,600000.0,250000.0,158449.99999999994,60000.0,260000.0,0.0,0.0,0.0,1328450.0,5,0.8355602393767172,0.4516541834468742,3189030.380942818,0.0,4517480.380942818,1216000.0,3301480.380942818,19779321.73522621,30254347.3223148,22.839409972776565,14.931673563524026,16.691575298373394,15261841.354283392,1.0,564685.0476178522,<25%
592179023,nakaseke,Kikamulo,Kibose,Namyenya_Lillian,True,4.0,0.0,4.0,0.0,False,2.0,4.0,1.0,0.0,0.0,,,55.0,2.0,1.0,0.0,25.0,10.0,5.0,2.0,0.0,,,,,,,1.0,0.0,0.0,0.0,0.0,1.0,0.0,100.0,200.0,20.0,5000.0,2025.0,1000000.0,200000.0,0.0,100000.0,0.0,0.0,0.0,0.0,1300000.0,3,0.9230769230769231,0.7692307692307693,2008838.0352395684,0.0,3308838.0352395684,1620000.0,1688838.0352395684,19779321.73522621,18595674.706818957,16.72877401729431,17.793589570730827,8.538402164882191,16470483.699986642,1.0,827209.5088098921,<25%
551439238,nakaseke,Kasangombe,Nakaseta,Namyenya_Lillian,True,0.0,2.0,2.0,2.0,False,0.0,4.0,1.0,0.0,0.0,,,55.0,1.0,0.0,1.0,20.0,12.0,6.0,,1.0,mailo_kibanja,,,1.0,1.0,0.0,1.0,1.0,0.0,0.0,0.0,,0.0,25.0,50.0,4.166666666666667,,2020.0,1500000.0,0.0,0.0,0.0,0.0,0.0,0.0,0.0,1500000.0,1,1.0,1.0,1576937.8576630617,0.0,3076937.857663061,251057.69230769228,2825880.165355369,19779321.73522621,14980025.131947506,15.556336556188139,20.540271665505795,14.287042817664394,16702383.877563149,1.0,769234.4644157653,<25%
555070994,nakaseke,Kasangombe,Sakabusolo,Namyenya_Lillian,True,0.0,1.0,1.0,2.0,False,0.0,3.0,2.0,1.0,1.0,,,45.0,0.0,0.0,1.0,9.0,4.0,2.0,0.2,1.0,mailo_kibanja,,,1.0,1.0,0.0,1.0,1.0,0.0,0.0,1.0,,0.0,30.0,60.0,15.0,,2025.0,600000.0,250000.0,0.0,100000.0,60000.0,0.0,0.0,0.0,1010000.0,4,0.900990099009901,0.594059405940594,1165126.0604389491,0.0,2175126.060438949,410000.0,1765126.0604389491,19779321.73522621,11532545.30474449,10.996969914115576,18.86076319634402,8.924098025542138,17604195.67478726,1.0,725042.0201463164,<25%
555112218,nakaseke,Kasangombe,Nakaseta,Namyenya_Lillian,True,0.0,3.0,3.0,2.0,False,2.0,5.0,4.0,1.0,1.0,,,65.0,0.0,0.0,1.0,18.0,4.0,2.0,0.9,1.0,freehold_full_ownership,,,1.0,1.0,0.0,1.0,1.0,0.0,0.0,0.0,,0.0,,,,,,1050000.0,200000.00000000017,45949.99999999998,352500.0,76999.99999999997,0.0,0.0,0.0,1725450.0,5,0.7690747341273292,0.6085369034165,1988749.6548871736,0.0,3714199.6548871743,90000.0,3624199.6548871743,19779321.73522621,19316854.929138027,18.778195251621433,19.227765951094774,18.323174593154093,16065122.080339037,1.0,742839.9309774349,<25%
555148547,nakaseke,Kasangombe,Nakaseta,Namyenya_Lillian,True,0.0,1.0,1.0,1.0,False,0.0,2.0,1.0,0.0,0.0,,,45.0,0.0,0.0,1.0,10.0,1.0,0.2,,1.0,mailo_kibanja,,,1.0,1.0,0.0,1.0,1.0,0.0,0.0,0.0,,0.0,18.0,36.0,90.0,5000.0,2025.0,400000.0,250000.0,0.0,90000.0,400000.0,0.0,0.0,0.0,1140000.0,4,0.9210526315789473,0.3508771929824561,788468.9288315307,0.0,1928468.9288315307,0.0,1928468.9288315307,19779321.73522621,7490012.565973753,9.749924464785877,25.74720551995251,9.749924464785877,17850852.80639468,1.0,964234.4644157654,25-50%
584458624,nakaseke,Kikamulo,Magoma,Namyenya_Lillian,True,2.0,2.0,4.0,4.0,False,1.0,8.0,1.6666666666666667,0.0,0.0,,,75.0,0.0,0.0,1.0,20.0,6.0,3.0,,1.0,mailo_kibanja,,,1.0,1.0,1.0,1.0,1.0,0.0,0.0,1.0,1.0,0.0,30.0,60.0,10.0,7200.0,2025.0,600000.0,250000.0,400000.0,100000.0,0.0,0.0,0.0,0.0,1350000.0,4,0.6296296296296297,0.4444444444444444,3334671.1384976823,0.0,4684671.138497682,860000.0,3824671.138497682,19779321.73522621,31473577.99291096,23.68469051269065,14.884456859505606,19.336715331780514,15094650.596728528,1.0,585583.8923122103,<25%
585290674,nakaseke,Kikamulo,Magoma,Namyenya_Lillian,True,2.0,2.0,4.0,5.0,False,1.0,9.0,2.0,1.0,0.0,61_and_above,secondary,65.0,0.0,0.0,1.0,30.0,9.0,2.0,,1.0,freehold_full_ownership,,,1.0,1.0,1.0,1.0,1.0,0.0,0.0,0.0,1.0,0.0,25.0,50.0,12.5,6000.0,2025.0,500000.0,250000.0,0.0,100000.0,900000.0,0.0,0.0,0.0,1750000.0,4,0.9428571428571428,0.2857142857142857,3711328.2701051,0.0,5461328.2701051,940000.0,4521328.2701051,19779321.73522621,35516110.73168168,27.611302061883574,15.377044832877473,22.85886407344691,14317993.465121109,1.0,606814.2522339,<25%
585290890,nakaseke,Kikamulo,Luteete,Namyenya_Lillian,True,1.0,5.0,6.0,1.0,False,1.0,7.0,0.4,1.0,0.0,41_60,non_formal,65.0,0.0,0.0,1.0,30.0,9.0,3.0,3.0,1.0,freehold_full_ownership,,,1.0,1.0,1.0,1.0,1.0,0.0,0.0,1.0,1.0,0.0,25.0,50.0,8.333333333333334,7000.0,2025.0,700000.0,300000.0,50000.0,120000.0,350000.0,0.0,0.0,0.0,1520000.0,5,0.8881578947368421,0.4605263157894737,2937925.6265378725,2039999.9999999977,6497925.626537871,920000.0,5577925.626537871,19779321.73522621,28152225.47645932,32.852115525100714,23.081392382180894,28.200793238545685,13281396.10868834,1.0,928275.08950541,<25%
585309665,nakaseke,Kikamulo,Magoma,Namyenya_Lillian,True,1.0,0.0,1.0,3.0,True,0.0,4.0,3.0,0.0,0.0,,,55.0,0.0,0.0,0.0,15.0,6.0,2.0,,0.0,,,,1.0,1.0,0.0,1.0,0.0,0.0,0.0,0.0,0.0,0.0,225000.0,450000.0,,5500.0,2025.0,500000.0,0.0,0.0,0.0,200000.0,0.0,0.0,0.0,700000.0,2,1.0,0.7142857142857143,1632180.9036321468,0.0,2332180.903632147,320000.0,2012180.9036321468,19779321.73522621,15442491.938035691,11.791005449285061,15.102361153822974,10.173154219178961,17447140.831594065,1.0,583045.2259080367,<25%
585924133,nakaseke,Kikamulo,Luteete,Namyenya_Lillian,True,0.0,5.0,5.0,2.0,False,2.0,7.0,1.3333333333333333,1.0,1.0,,,55.0,0.0,0.0,1.0,15.0,9.0,4.0,,,,,,1.0,1.0,1.0,1.0,0.0,0.0,0.0,0.0,1.0,0.0,30.0,60.0,7.5,6500.0,2025.0,600000.0,200000.0,0.0,150000.0,300000.0,0.0,0.0,0.0,1250000.0,4,0.88,0.48,2812373.249335399,0.0,4062373.2493354,2133846.153846154,1928527.095489245,19779321.73522621,27101164.55353156,20.53848612058557,14.989663050498066,9.750218542906921,15716948.48589081,1.0,580339.0356193428,<25%
585929887,nakaseke,Kikamulo,Luteete,Namyenya_Lillian,True,1.0,0.0,1.0,3.0,True,0.0,4.0,3.0,0.0,0.0,,,55.0,0.0,0.0,0.0,20.0,7.0,2.0,,0.0,,,,1.0,1.0,0.0,1.0,0.0,0.0,0.0,0.0,0.0,0.0,200000.0,400000.0,,6500.0,2025.0,500000.0,0.0,0.0,0.0,0.0,0.0,0.0,0.0,500000.0,1,1.0,1.0,1632180.9036321468,800000.0,2932180.903632147,290000.0,2642180.903632147,19779321.73522621,15442491.938035691,14.824476505733994,18.987744435274898,13.358298828450344,16847140.831594065,1.0,733045.2259080367,<25%
613834815,nakaseke,Kikamulo,Magoma,Najjuma_Olivia,False,2.0,0.0,2.0,0.0,False,0.0,2.0,0.0,0.0,0.0,26_40,secondary,25.0,2.0,1.0,1.0,20.0,3.0,2.0,0.5,0.0,,,,1.0,1.0,1.0,0.0,1.0,1.0,1.0,1.0,,0.0,350.0,700.0,175.0,3000.0,2024.0,2100000.0,0.0,0.0,0.0,0.0,0.0,0.0,3699999.9999999977,5799999.999999997,2,0.36206896551724155,0.36206896551724155,1004419.0176197842,0.0,6804419.017619781,2526346.153846154,4278072.863773627,19779321.73522621,9297837.353409477,34.40168024316715,73.18281401346121,21.629017016061496,12974902.717606429,1.0,3402209.5088098906,50-100%
613836978,nakaseke,Kikamulo,Luteete,Najjuma_Olivia,False,0.0,1.0,1.0,5.0,False,0.0,6.0,5.0,1.0,1.0,41_60,primary,45.0,1.0,0.0,1.0,6.0,0.8,0.5,0.0,1.0,freehold_full_ownership,,,1.0,1.0,0.0,0.0,0.0,0.0,0.0,0.0,,0.0,350000.0,700000.0,,,2024.0,700000.0,0.0,0.0,0.0,0.0,0.0,0.0,0.0,700000.0,1,1.0,1.0,2295097.455261204,0.0,2995097.455261204,0.0,2995097.455261204,19779321.73522621,21881443.58108169,15.142569069631193,13.687842139678171,15.142569069631193,16784224.279965006,1.0,499182.90921020065,<25%
617656696,mukono,Kimenyedde,Naggalama,Kisira_Isaac,False,0.0,1.0,1.0,3.0,False,0.0,4.0,3.0,,,,,,,,,,,,,,,,,,,,,0.0,,,,,0.0,,,,,,1099999.9999999998,119999.99999999997,10000.0,69999.99999999997,249279.9999999999,1280000.0000000005,0.0,0.0,2829280.0,6,0.5193123338799976,0.3887914946558841,0.0,0.0,2829280.0,0.0,2829280.0,20166768.67704479,15042442.098575557,14.029416637383669,18.808648100217177,14.029416637383669,17337488.67704479,1.0,707320.0,<25%
633860938,mukono,Nabaale,Makukuba,Namazzi_Patience,False,1.0,2.0,3.0,3.0,False,0.0,6.0,1.0,1.0,0.0,41_60,primary,65.0,2.0,1.0,1.0,,4.0,1.0,1.0,1.0,mailo_kibanja,,,1.0,1.0,1.0,1.0,1.0,0.0,1.0,1.0,0.0,0.0,500.0,1000.0,500.0,2800.0,2025.0,3000000.0,1000000.0,0.0,0.0,5000000.0,0.0,0.0,0.0,9000000.0,3,1.0,0.3333333333333333,2978438.9598234496,0.0,11978438.95982345,5000.0,11973438.95982345,20166768.67704479,23840513.473439563,59.396917531255944,50.244047692884166,59.37212426823959,8188329.71722134,1.0,1996406.4933039083,50-100%
