_id,district,tree_inkind,bench_ref_year,bench_hh_year,inkind_food_low,inkind_food_central,inkind_food_high,cost_central,cost_low,cost_all_labour,gross,net_central,labour_hired,inputs,plot_extras,land_rent,rehab,coffee_acres,yield_faq_acre,yield_ratio,cost_share_of_gross_%
616677841,mukono,0.0,20166768.67704479,29771271.836483277,1848581.2358004448,3697162.4716008897,4273302.946794584,0.0,0.0,394500.0,9767162.47160089,9767162.47160089,0.0,0.0,0.0,0.0,0.0,0.25,40.0,0.04,0.0
551440657,nakaseke,0.0,19779321.73522621,26975037.242780183,1398653.482035548,2797306.964071096,3176107.2809534557,798769.2307692308,798769.2307692308,1182769.2307692308,3382806.964071096,2584037.733301865,698769.2307692308,100000.0,0.0,0.0,0.0,0.8,50.0,0.05,23.61261636424972
592191523,nakaseke,0.0,19779321.73522621,15736788.99645548,833667.7846244206,1667335.5692488411,1893119.600137429,0.0,0.0,948700.0,2479335.569248841,2479335.569248841,0.0,0.0,0.0,0.0,0.0,0.6,43.333333333333336,0.043333333333333335,0.0
552803559,nakaseke,0.0,19779321.73522621,12583606.227672242,645339.2188207114,1290678.4376414227,1465457.0398654202,104038.46153846153,104038.46153846153,605263.4615384615,5838428.437641423,5734389.976102961,91538.46153846153,0.0,0.0,0.0,12500.0,0.6,142.5,0.1425,1.7819600368432438
613177526,nakaseke,0.0,19779321.73522621,14685728.073527724,770891.5960231835,1541783.192046367,1750565.4133800915,41880000.0,36680000.0,41880000.0,51541783.19204637,9661783.192046367,31380000.0,10400000.0,0.0,0.0,100000.0,9.0,222.22222222222223,0.22222222222222224,81.2544646427031
613831899,nakaseke,0.0,19779321.73522621,19779321.73522621,1021996.3504281297,2043992.7008562593,2320782.160409438,0.0,0.0,952025.0,2246992.700856259,2246992.700856259,0.0,0.0,0.0,0.0,0.0,0.6,49.16666666666667,0.04916666666666667,0.0
614880484,mukono,0.0,20166768.67704479,4317894.793894773,249725.96595656732,499451.93191313464,577283.0998964673,269050.0,269050.0,319050.0,619451.9319131346,350401.93191313464,269050.0,0.0,0.0,0.0,0.0,0.25,72.0,0.072,43.433555719014
550714067,nakaseke,0.0,19779321.73522621,14685728.073527724,770891.5960231835,1541783.192046367,1750565.4133800915,815134.6153846154,815134.6153846154,1055134.6153846155,2566563.192046367,1751428.5766617514,549134.6153846154,100000.0,150000.0,0.0,16000.0,0.5,50.0,0.05,31.75977189693482
550714208,nakaseke,0.0,19779321.73522621,15442491.938035693,816090.4518160734,1632180.9036321468,1853204.4278453726,1924500.0,1924500.0,2644500.0,2847300.903632147,922800.9036321467,1599500.0,140000.0,150000.0,0.0,35000.0,1.5,13.333333333333334,0.013333333333333334,67.59032730067342
556045414,nakaseke,0.0,19779321.73522621,18728260.81229846,959220.1618268928,1918440.3236537855,2178227.9736521,1573750.0,1573750.0,1573750.0,3418440.323653786,1844690.3236537855,1563750.0,0.0,0.0,0.0,10000.0,1.0,25.0,0.025,46.03707688300095
556046788,nakaseke,0.0,19779321.73522621,19022557.87071824,976797.49463524,1953594.98927048,2218143.1459441567,1613500.0,1613500.0,1613500.0,3053594.98927048,1440094.98927048,1599500.0,0.0,0.0,0.0,14000.0,1.0,50.0,0.05,52.83935838476974
557695958,nakaseke,0.0,19779321.73522621,21881443.581081692,1147548.727630602,2295097.455261204,2605890.5339241093,1576250.0,1576250.0,1576250.0,3995097.4552612035,2418847.455261204,1563750.0,0.0,0.0,0.0,12500.0,1.0,25.0,0.025,39.45460699398492
560461977,nakaseke,0.0,19779321.73522621,11532545.30474449,582563.0302194746,1165126.0604389491,1322902.853108083,2391250.0,2391250.0,2391250.0,4665126.06043895,2273876.0604389496,2381250.0,0.0,0.0,0.0,10000.0,1.5,50.0,0.05,51.257993225053454
592361767,nakaseke,0.0,19779321.73522621,11532545.30474449,582563.0302194746,1165126.0604389491,1322902.853108083,2195000.0,2045000.0,2195000.0,6415126.06043895,4220126.06043895,1845000.0,300000.0,0.0,0.0,50000.0,0.5,1000.0,1.0,34.21600728216725
592363240,nakaseke,0.0,19779321.73522621,11532545.30474449,582563.0302194746,1165126.0604389491,1322902.853108083,2500000.0,2500000.0,2500000.0,4865126.06043895,2365126.0604389496,2450000.0,0.0,0.0,0.0,50000.0,1.0,200.0,0.2,51.38612995722542
616701192,mukono,0.0,20166768.67704479,11682309.66284863,706541.7573405321,1413083.5146810643,1633288.7704387861,1240500.0,1240500.0,1240500.0,1933083.5146810643,692583.5146810643,1240500.0,0.0,0.0,0.0,0.0,0.75,120.0,0.12,64.17208519853669
624293019,mukono,0.0,20166768.67704479,33775554.269710205,2076989.1314924276,4153978.262984855,4801305.782065744,1051000.0,991000.0,1051000.0,6353978.262984855,5302978.262984855,941000.0,100000.0,10000.0,0.0,0.0,0.5,360.0,0.36,16.540818310988058
550715350,nakaseke,0.0,19779321.73522621,7490012.565973753,394234.46441576537,788468.9288315307,895240.2928360738,1330416.6666666667,1330416.6666666667,1810416.6666666667,1588468.9288315307,258052.262164864,1273750.0,30000.0,0.0,0.0,26666.666666666668,1.0,225.0,0.225,83.75465471932864
552803832,nakaseke,0.0,19779321.73522621,7490012.565973753,394234.46441576537,788468.9288315307,895240.2928360738,2152833.3333333335,2152833.3333333335,2152833.3333333335,4684218.928831531,2531385.5954981977,1969500.0,150000.0,0.0,0.0,33333.333333333336,1.0,250.0,0.25,45.95928085432919
553311655,nakaseke,0.0,19779321.73522621,12289309.169252455,627761.8860123643,1255523.7720247286,1425541.8675733637,1151400.0,1151400.0,1487400.0,2693123.7720247284,1541723.7720247284,971400.0,140000.0,0.0,0.0,40000.0,0.7,142.85714285714286,0.14285714285714285,42.75332652588638
554396495,nakaseke,0.0,19779321.73522621,14980025.131947506,788468.9288315307,1576937.8576630615,1790480.5856721476,82187.40384615384,82187.40384615384,490187.4038461539,2476937.8576630615,2394750.4538169075,75187.40384615384,0.0,0.0,0.0,7000.0,0.6,69.16666666666667,0.06916666666666667,3.3181051996070634
555218845,nakaseke,0.0,19779321.73522621,15736788.99645548,833667.7846244206,1667335.5692488411,1893119.600137429,5526350.0,5526350.0,5526350.0,6567335.569248841,1040985.5692488411,5506750.0,0.0,0.0,0.0,19600.0,3.0,41.666666666666664,0.041666666666666664,84.1490425108899
556047384,nakaseke,150000.0,19779321.73522621,22932504.504009448,1210324.9162318388,2420649.8324636775,2748444.7206814466,3399250.0,3399250.0,3399250.0,4870649.832463678,1471399.832463678,3399250.0,0.0,0.0,0.0,0.0,2.0,15.0,0.015,69.79048211069173
557713875,nakaseke,0.0,19779321.73522621,27269334.30119997,1416230.814843895,2832461.62968779,3216022.4532455113,0.0,0.0,663500.0,3532461.62968779,3532461.62968779,0.0,0.0,0.0,0.0,0.0,0.4,125.0,0.125,0.0
558376731,nakaseke,16000.0,19779321.73522621,19485024.676806428,1004419.0176197825,2008838.035239565,2280866.988117382,3267550.0,3267550.0,3267550.0,2824838.035239565,-442711.9647604348,3103800.0,150000.0,0.0,0.0,13750.0,1.0,35.0,0.035,115.6721185157396
558377788,nakaseke,0.0,19779321.73522621,23226801.562429227,1227902.249040186,2455804.498080372,2788359.8929735026,2672500.0,2522500.0,2672500.0,4095804.498080372,1423304.4980803719,2357500.0,300000.0,0.0,0.0,15000.0,1.5,33.333333333333336,0.03333333333333333,65.24969639670427
558378029,nakaseke,0.0,19779321.73522621,19485024.676806428,1004419.0176197825,2008838.035239565,2280866.988117382,975000.0,975000.0,975000.0,3258838.035239565,2283838.035239565,817500.0,150000.0,0.0,0.0,7500.0,0.5,100.0,0.1,29.91863938792912
559605691,nakaseke,0.0,19779321.73522621,27269334.30119997,1416230.814843895,2832461.62968779,3216022.4532455113,9327916.666666666,9327916.666666666,9327916.666666666,7382461.629687789,-1945455.0369788762,9311250.0,0.0,0.0,0.0,16666.666666666668,6.0,12.5,0.0125,126.35238941378897
560460598,nakaseke,0.0,19779321.73522621,30422517.0699832,1604559.3806476041,3209118.7612952082,3643685.0135175204,4453750.0,4303750.0,4453750.0,7209118.761295209,2755368.7612952087,4135000.0,300000.0,0.0,0.0,18750.0,2.0,50.0,0.05,61.77939561644602
560460842,nakaseke,0.0,19779321.73522621,15736788.99645548,833667.7846244206,1667335.5692488411,1893119.600137429,1574750.0,1574750.0,1574750.0,4067335.569248841,2492585.569248841,1274750.0,300000.0,0.0,0.0,0.0,0.8,56.25,0.05625,38.716992320621976
561199081,nakaseke,0.0,19779321.73522621,27269334.30119997,1416230.814843895,2832461.62968779,3216022.4532455113,2501250.0,2501250.0,3461250.0,5932461.62968779,3431211.62968779,2191250.0,300000.0,0.0,0.0,10000.0,2.0,37.5,0.0375,42.16209317702126
561203340,nakaseke,0.0,19779321.73522621,11532545.30474449,582563.0302194746,1165126.0604389491,1322902.853108083,1407500.0,1407500.0,1887500.0,3665126.0604389487,2257626.060438949,1107500.0,300000.0,0.0,0.0,0.0,1.0,50.0,0.05,38.40249903522916
561250862,nakaseke,0.0,19779321.73522621,11826842.363164272,600140.3630278216,1200280.7260556433,1362818.0254001392,0.0,0.0,651150.0,1899880.7260556433,1899880.7260556433,0.0,0.0,0.0,0.0,0.0,0.4,92.5,0.0925,0.0
582704845,nakaseke,0.0,19779321.73522621,19022557.87071824,976797.49463524,1953594.98927048,2218143.1459441567,9096250.0,9096250.0,9096250.0,9353594.98927048,257344.98927048035,8726250.0,350000.0,0.0,0.0,20000.0,3.0,83.33333333333333,0.08333333333333333,97.24870502127064
585217011,nakaseke,0.0,19779321.73522621,11532545.30474449,582563.0302194746,1165126.0604389491,1322902.853108083,2422142.8571428573,2422142.8571428573,3382142.8571428573,9365126.06043895,6942983.203296092,2405000.0,0.0,0.0,0.0,17142.85714285714,2.0,150.0,0.15,25.863430364004408
588626659,nakaseke,0.0,19779321.73522621,15736788.99645548,833667.7846244206,1667335.5692488411,1893119.600137429,0.0,0.0,782350.0,2623335.569248841,2623335.569248841,0.0,0.0,0.0,0.0,0.0,0.5,26.0,0.026,0.0
588783193,nakaseke,0.0,19779321.73522621,14685728.073527724,770891.5960231835,1541783.192046367,1750565.4133800915,3477500.0,3477500.0,3477500.0,8541783.192046367,5064283.192046367,3177500.0,300000.0,0.0,0.0,0.0,1.0,650.0,0.65,40.711639733938156
613810847,nakaseke,0.0,19779321.73522621,8541073.488901505,457010.6530170022,914021.3060340044,1037794.4795934113,0.0,0.0,952500.0,1274021.3060340043,1274021.3060340043,0.0,0.0,0.0,0.0,0.0,0.6,50.0,0.05,0.0
614880582,mukono,0.0,20166768.67704479,16162486.243817862,1011085.618263175,2022171.23652635,2337292.550800331,670000.0,670000.0,846000.0,2422171.23652635,1752171.23652635,670000.0,0.0,0.0,0.0,0.0,0.5,160.0,0.16,27.66113270178416
616579050,mukono,0.0,20166768.67704479,4317894.793894773,249725.96595656732,499451.93191313464,577283.0998964673,339000.0,339000.0,679000.0,1089451.9319131346,750451.9319131346,319000.0,0.0,20000.0,0.0,0.0,0.5,200.0,0.2,31.11656329845579
616701381,mukono,0.0,20166768.67704479,11682309.66284863,706541.7573405321,1413083.5146810643,1633288.7704387861,798500.0,798500.0,798500.0,1993083.5146810643,1194583.5146810643,798500.0,0.0,0.0,0.0,0.0,0.5,60.0,0.06,40.063549475887214
623704503,mukono,0.0,20166768.67704479,7678027.2296217,478133.8616485498,956267.7232970996,1105285.9351676265,817500.0,817500.0,817500.0,1456267.7232970996,638767.7232970996,817500.0,0.0,0.0,0.0,0.0,0.5,100.0,0.1,56.13665584437445
550714829,nakaseke,0.0,19779321.73522621,8246776.430481722,439433.3202086551,878866.6404173102,997879.3073013551,597500.0,597500.0,789500.0,1534616.6404173102,937116.6404173102,467500.0,100000.0,0.0,0.0,30000.0,0.4,125.0,0.125,38.93480523171709
551432268,nakaseke,0.0,19779321.73522621,11532545.30474449,582563.0302194746,1165126.0604389491,1322902.853108083,0.0,0.0,964375.0,2681626.060438949,2681626.060438949,0.0,0.0,0.0,0.0,0.0,0.6,70.83333333333334,0.07083333333333335,0.0
551438359,nakaseke,0.0,19779321.73522621,19485024.676806428,1004419.0176197825,2008838.035239565,2280866.988117382,6480000.0,6480000.0,7920000.0,7467838.035239565,987838.0352395648,6030000.0,400000.0,0.0,0.0,50000.0,3.0,1333.3333333333333,1.0,86.77210150276277
551438847,nakaseke,0.0,19779321.73522621,18728260.81229846,959220.1618268928,1918440.3236537855,2178227.9736521,969800.0,969800.0,1353800.0,2895880.3236537855,1926080.3236537855,889800.0,80000.0,0.0,0.0,0.0,0.8,55.0,0.055,33.4889529818824
552834713,nakaseke,0.0,19779321.73522621,14685728.073527724,770891.5960231835,1541783.192046367,1750565.4133800915,2351000.0,2351000.0,2735000.0,4477288.642046367,2126288.642046367,2051000.0,200000.0,0.0,0.0,100000.0,0.8,312.5,0.3125,52.50945802157317
553313606,nakaseke,0.0,19779321.73522621,15442491.938035693,816090.4518160734,1632180.9036321468,1853204.4278453726,1619250.0,1199250.0,1619250.0,2972430.903632147,1353180.9036321468,1009250.0,560000.0,0.0,0.0,50000.0,0.5,150.0,0.15,54.475614488510594
553314110,nakaseke,0.0,19779321.73522621,4336829.797190519,205905.89861205625,411811.7972241125,467577.7325640651,236461.53846153844,236461.53846153844,725961.5384615385,7278591.797224114,7042130.258762574,236461.53846153844,0.0,0.0,0.0,0.0,0.3,833.3333333333334,0.8333333333333334,3.248726471399583
553314852,nakaseke,0.0,19779321.73522621,23983565.4269372,1273101.1048330758,2546202.2096661516,2890998.9074387844,6055173.076923077,5305173.076923077,6055173.076923077,9627202.209666152,3572029.1327430746,5005173.076923077,1000000.0,0.0,0.0,50000.0,3.0,151.66666666666666,0.15166666666666664,62.89649832890605
554382238,nakaseke,0.0,19779321.73522621,12289309.169252455,627761.8860123643,1255523.7720247286,1425541.8675733637,3726666.6666666665,3276666.6666666665,3726666.6666666665,7939673.772024728,4213007.105358062,3060000.0,600000.0,0.0,0.0,66666.66666666667,1.5,100.0,0.1,46.937276942001034
554383042,nakaseke,0.0,19779321.73522621,8246776.430481722,439433.3202086551,878866.6404173102,997879.3073013551,2809500.0,2269500.0,2809500.0,8365216.6404173095,5555716.6404173095,2039500.0,720000.0,0.0,0.0,50000.0,1.0,225.0,0.225,33.58550197523449
554388188,nakaseke,0.0,19779321.73522621,23226801.562429227,1227902.249040186,2455804.498080372,2788359.8929735026,4528000.0,4528000.0,4528000.0,11762954.498080373,7234954.498080373,4140000.0,350000.0,0.0,0.0,38000.0,2.0,125.0,0.125,38.49373047170195
555219221,nakaseke,0.0,19779321.73522621,8246776.430481722,439433.3202086551,878866.6404173102,997879.3073013551,32234166.666666668,32234166.666666668,32234166.666666668,11878866.64041731,-20355300.026249357,31807500.0,400000.0,0.0,0.0,26666.666666666668,20.5,12.195121951219512,0.012195121951219513,271.3572569035447
555219441,nakaseke,0.0,19779321.73522621,23226801.562429227,1227902.249040186,2455804.498080372,2788359.8929735026,12045500.0,10395500.0,12045500.0,11455804.498080373,-589695.5019196272,9817500.0,2200000.0,0.0,0.0,28000.0,5.0,50.0,0.05,105.1475695313973
555219813,nakaseke,0.0,19779321.73522621,14685728.073527724,770891.5960231835,1541783.192046367,1750565.4133800915,1971350.0,1371350.0,1971350.0,2491783.192046367,520433.1920463671,1148850.0,800000.0,0.0,0.0,22500.0,0.6,125.0,0.125,79.11402590291318
556046148,nakaseke,0.0,19779321.73522621,5093593.6616984885,251104.75440494606,502209.5088098921,570216.7470293463,1628000.0,1628000.0,1628000.0,1352209.508809892,-275790.491190108,1618000.0,0.0,0.0,0.0,10000.0,1.0,40.0,0.04,120.39554443252192
557695618,nakaseke,0.0,19779321.73522621,5093593.6616984885,251104.75440494606,502209.5088098921,570216.7470293463,1295500.0,1295500.0,1295500.0,1602209.508809892,306709.508809892,1279500.0,0.0,0.0,0.0,16000.0,0.8,62.5,0.0625,80.85709096573062
557695779,nakaseke,0.0,19779321.73522621,19022557.87071824,976797.49463524,1953594.98927048,2218143.1459441567,9304500.0,9304500.0,9304500.0,7153594.98927048,-2150905.0107295197,9274500.0,0.0,0.0,0.0,30000.0,3.0,25.0,0.025,130.06746976807625
557696080,nakaseke,0.0,19779321.73522621,4336829.797190519,205905.89861205625,411811.7972241125,467577.7325640651,1631250.0,1631250.0,1631250.0,3461811.797224113,1830561.7972241123,1611250.0,0.0,0.0,0.0,20000.0,1.0,75.0,0.075,47.12127913215946
559607285,nakaseke,150000.0,19779321.73522621,27563631.35961975,1433808.147652242,2867616.295304484,3255937.625537568,1882750.0,1882750.0,1882750.0,4467616.295304485,2584866.2953044847,1582750.0,300000.0,0.0,0.0,0.0,1.0,45.0,0.045,42.14215983540913
559607680,nakaseke,0.0,19779321.73522621,8541073.488901505,457010.6530170022,914021.3060340044,1037794.4795934113,1188285.7142857143,1188285.7142857143,1668285.7142857143,4764021.306034004,3575735.5917482898,1174000.0,0.0,0.0,0.0,14285.714285714286,1.0,75.0,0.075,24.942913516794267
559615651,nakaseke,0.0,19779321.73522621,14685728.073527724,770891.5960231835,1541783.192046367,1750565.4133800915,1611250.0,1611250.0,1611250.0,3541783.1920463676,1930533.192046367,1611250.0,0.0,0.0,0.0,0.0,1.0,75.0,0.075,45.492620881433844
560459965,nakaseke,0.0,19779321.73522621,27269334.30119997,1416230.814843895,2832461.62968779,3216022.4532455113,2221250.0,1771250.0,2221250.0,7332461.629687789,5111211.62968779,1611250.0,600000.0,0.0,0.0,10000.0,1.0,75.0,0.075,30.29337366058033
561202301,nakaseke,0.0,19779321.73522621,15736788.99645548,833667.7846244206,1667335.5692488411,1893119.600137429,2388750.0,2388750.0,2388750.0,5317335.569248841,2928585.569248841,2378750.0,0.0,0.0,0.0,10000.0,1.0,125.0,0.125,44.923815111737426
567488224,nakaseke,0.0,19779321.73522621,23983565.4269372,1273101.1048330758,2546202.2096661516,2890998.9074387844,3361250.0,3361250.0,3361250.0,5846202.209666152,2484952.2096661516,3198750.0,150000.0,0.0,0.0,12500.0,2.0,62.5,0.0625,57.49459015362975
581728335,nakaseke,0.0,19779321.73522621,21881443.581081692,1147548.727630602,2295097.455261204,2605890.5339241093,10312500.0,10312500.0,10312500.0,8695097.455261204,-1617402.5447387956,9982500.0,300000.0,0.0,0.0,30000.0,4.0,37.5,0.0375,118.60131589163665
581800534,nakaseke,5000.0,19779321.73522621,19779321.73522621,1021996.3504281297,2043992.7008562593,2320782.160409438,1309166.6666666667,1309166.6666666667,1789166.6666666667,7448992.700856259,6139826.034189592,1297500.0,0.0,0.0,0.0,11666.666666666666,1.0,250.0,0.25,17.575083225899505
581801301,nakaseke,0.0,19779321.73522621,15442491.938035693,816090.4518160734,1632180.9036321468,1853204.4278453726,4697083.333333333,4697083.333333333,4697083.333333333,5632180.903632147,935097.5702988142,4683750.0,0.0,0.0,0.0,13333.333333333334,1.5,233.33333333333334,0.23333333333333334,83.39723836470208
582682579,nakaseke,0.0,19779321.73522621,15736788.99645548,833667.7846244206,1667335.5692488411,1893119.600137429,2073416.6666666667,2073416.6666666667,2073416.6666666667,5067335.569248841,2993918.902582174,2061750.0,0.0,0.0,0.0,11666.666666666666,0.8,187.5,0.1875,40.91729545698946
582684638,nakaseke,0.0,19779321.73522621,18728260.81229846,959220.1618268928,1918440.3236537855,2178227.9736521,3126625.0,3126625.0,3126625.0,3918440.323653786,791815.3236537855,3110625.0,0.0,0.0,0.0,16000.0,1.0,225.0,0.225,79.79258944243789
583582238,nakaseke,15000.0,19779321.73522621,20536085.59973418,1067195.2062210194,2134390.4124420388,2423421.1748747188,10977500.0,10977500.0,10977500.0,17649390.41244204,6671890.41244204,10477500.0,350000.0,0.0,0.0,150000.0,4.0,62.5,0.0625,62.197615574650946
584447265,nakaseke,10500.0,19779321.73522621,27269334.30119997,1416230.814843895,2832461.62968779,3216022.4532455113,7095000.0,7095000.0,7095000.0,11342961.62968779,4247961.62968779,7065000.0,0.0,0.0,0.0,30000.0,3.0,100.0,0.1,62.549801644663475
585215638,nakaseke,0.0,19779321.73522621,19022557.87071824,976797.49463524,1953594.98927048,2218143.1459441567,14554583.333333334,14554583.333333334,14554583.333333334,16953594.98927048,2399011.6559371445,14521250.0,0.0,0.0,0.0,33333.333333333336,4.0,112.5,0.1125,85.84954012729796
585216305,nakaseke,0.0,19779321.73522621,21587146.522661936,1129971.3948222564,2259942.789644513,2565975.3616320565,3997500.0,3097500.0,3997500.0,5259942.789644513,1262442.7896445133,2797500.0,1200000.0,0.0,0.0,0.0,1.0,250.0,0.25,75.9989254611297
587012670,nakaseke,0.0,19779321.73522621,19779321.73522621,1021996.3504281297,2043992.7008562593,2320782.160409438,7849166.666666667,7849166.666666667,7849166.666666667,17043992.70085626,9194826.034189593,7807500.0,0.0,0.0,0.0,41666.666666666664,3.0,150.0,0.15,46.052393969121674
587012983,nakaseke,15000.0,19779321.73522621,22175740.63950148,1165126.0604389491,2330252.1208778983,2645805.706216166,5672500.0,5322500.0,5672500.0,10545252.1208779,4872752.120877899,4947500.0,700000.0,0.0,0.0,25000.0,2.0,225.0,0.225,53.79198083627953
587013280,nakaseke,0.0,19779321.73522621,19485024.676806428,1004419.0176197825,2008838.035239565,2280866.988117382,14900714.285714285,14450714.285714285,14900714.285714285,29008838.035239566,14108123.749525283,13975000.0,900000.0,0.0,0.0,25714.285714285714,4.0,225.0,0.225,51.366119068999204
588781706,nakaseke,0.0,19779321.73522621,20536085.59973418,1067195.2062210194,2134390.4124420388,2423421.1748747188,6231428.571428572,5931428.571428572,6231428.571428572,16434390.41244204,10202961.841013469,5620000.0,600000.0,0.0,0.0,11428.57142857143,2.0,200.0,0.2,37.91700461679992
589705500,nakaseke,0.0,19779321.73522621,11532545.30474449,582563.0302194746,1165126.0604389491,1322902.853108083,5935000.0,5935000.0,5935000.0,6565126.06043895,630126.0604389496,5935000.0,0.0,0.0,0.0,0.0,1.5,333.3333333333333,0.3333333333333333,90.40191986204117
589705733,nakaseke,0.0,19779321.73522621,12289309.169252455,627761.8860123643,1255523.7720247286,1425541.8675733637,11160833.333333334,10810833.333333334,11160833.333333334,13705523.772024726,2544690.4386913944,10447500.0,700000.0,0.0,0.0,13333.333333333334,3.0,150.0,0.15,81.43310331644871
592193539,nakaseke,0.0,19779321.73522621,5093593.6616984885,251104.75440494606,502209.5088098921,570216.7470293463,7523175.0,7523175.0,7523175.0,8500209.508809892,977034.5088098925,6273175.0,1200000.0,0.0,0.0,50000.0,8.0,83.3125,0.0833125,88.50575967807308
593223241,nakaseke,0.0,19779321.73522621,18728260.81229846,959220.1618268928,1918440.3236537855,2178227.9736521,2670000.0,2670000.0,2670000.0,12918440.323653786,10248440.323653786,2640000.0,0.0,0.0,0.0,30000.0,1.0,400.0,0.4,20.66812968986051
593223559,nakaseke,0.0,19779321.73522621,22638207.44558966,1192747.5834234916,2385495.166846983,2708529.5483893906,2435000.0,2035000.0,2435000.0,7835495.166846983,5400495.166846983,1605000.0,800000.0,0.0,0.0,30000.0,0.5,1300.0,1.0,31.07652992120788
613174996,nakaseke,0.0,19779321.73522621,11532545.30474449,582563.0302194746,1165126.0604389491,1322902.853108083,3717500.0,3367500.0,3717500.0,4965126.06043895,1247626.0604389496,2977500.0,700000.0,0.0,0.0,40000.0,1.0,250.0,0.25,74.87221783995045
613177861,nakaseke,0.0,19779321.73522621,15442491.938035693,816090.4518160734,1632180.9036321468,1853204.4278453726,2400333.3333333335,2400333.3333333335,2400333.3333333335,4132180.903632147,1731847.5702988133,2382000.0,0.0,0.0,0.0,18333.333333333332,0.8,250.0,0.25,58.08877658825304
613177864,nakaseke,0.0,19779321.73522621,25923976.319852427,1335877.2934343112,2671754.5868686223,3033553.0941961184,1681176.4705882352,1681176.4705882352,2451176.470588235,7671754.586868623,5990578.116280387,1680000.0,0.0,0.0,0.0,1176.4705882352941,1.0,200.0,0.2,21.91384580348575
613178463,nakaseke,0.0,19779321.73522621,15736788.99645548,833667.7846244206,1667335.5692488411,1893119.600137429,3894807.692307692,3894807.692307692,3894807.692307692,14667335.56924884,10772527.876941148,3594807.692307692,300000.0,0.0,0.0,0.0,2.0,475.0,0.475,26.554295931385425
613178868,nakaseke,0.0,19779321.73522621,5093593.6616984885,251104.75440494606,502209.5088098921,570216.7470293463,1172750.0,1172750.0,1172750.0,1302209.508809892,129459.508809892,1172750.0,0.0,0.0,0.0,0.0,0.5,90.0,0.09,90.0584730848566
613180603,nakaseke,0.0,19779321.73522621,18728260.81229846,959220.1618268928,1918440.3236537855,2178227.9736521,1360000.0,1360000.0,1360000.0,3918440.323653786,2558440.3236537855,1320000.0,0.0,0.0,0.0,40000.0,0.5,400.0,0.4,34.70768692814634
613822490,nakaseke,0.0,19779321.73522621,28026098.16570794,1461429.670636785,2922859.34127357,3318661.467710793,0.0,0.0,630250.0,3502859.34127357,3502859.34127357,0.0,0.0,0.0,0.0,0.0,0.4,37.5,0.0375,0.0
613825443,nakaseke,0.0,19779321.73522621,5093593.6616984885,251104.75440494606,502209.5088098921,570216.7470293463,0.0,0.0,1601750.0,1606209.508809892,1606209.508809892,0.0,0.0,0.0,0.0,0.0,1.0,65.0,0.065,0.0
618055484,mukono,0.0,20166768.67704479,5124326.578469231,304543.8609226427,609087.7218452854,704003.7803615447,248250.0,248250.0,588250.0,1859087.7218452855,1610837.7218452855,238250.0,0.0,10000.0,0.0,0.0,0.5,300.0,0.3,13.353323626579227
619558400,mukono,0.0,20166768.67704479,7678027.2296217,478133.8616485498,956267.7232970996,1105285.9351676265,5884.615384615386,5884.615384615386,324634.6153846154,1606267.7232970996,1600383.107912484,5884.615384615386,0.0,0.0,0.0,0.0,0.25,100.0,0.1,0.3663533357027402
621499875,mukono,0.0,20166768.67704479,23526901.112771716,1467901.40964714,2935802.81929428,3393298.22134265,0.0,0.0,936250.0,7335802.819294279,7335802.819294279,0.0,0.0,0.0,0.0,0.0,0.5,350.0,0.35,0.0
623176650,mukono,0.0,20166768.67704479,30398496.557818957,1891217.3763296145,3782434.752659229,4371863.4760452,0.0,0.0,855500.0,17282434.752659228,17282434.752659228,0.0,0.0,0.0,0.0,0.0,0.5,180.0,0.18,0.0
623183149,mukono,0.0,20166768.67704479,20166768.67704479,1239493.5139551575,2478987.027910315,2865295.3860714906,0.0,0.0,945375.0,8766987.027910315,8766987.027910315,0.0,0.0,0.0,0.0,0.0,0.6,37.5,0.0375,0.0
623185581,mukono,0.0,20166768.67704479,15042442.098575555,934949.6530325147,1869899.3060650295,2161291.605709946,0.0,0.0,829375.0,5769899.306065029,5769899.306065029,0.0,0.0,0.0,0.0,0.0,0.5,125.0,0.125,0.0
633165095,mukono,0.0,20166768.67704479,11682309.66284863,706541.7573405321,1413083.5146810643,1633288.7704387861,1785000.0,1325000.0,1785000.0,24913083.514681064,23128083.514681064,865000.0,920000.0,0.0,0.0,0.0,0.5,200.0,0.2,7.164909951624876
633861862,mukono,0.0,20166768.67704479,51864516.443344854,3219028.60995234,6438057.21990468,7441319.958421541,0.0,0.0,747000.0,29438057.21990468,29438057.21990468,0.0,0.0,0.0,0.0,0.0,0.3,1366.6666666666667,1.0,0.0
634022320,mukono,0.0,20166768.67704479,4317894.793894773,249725.96595656732,499451.93191313464,577283.0998964673,817500.0,817500.0,817500.0,1099451.9319131346,281951.93191313464,817500.0,0.0,0.0,0.0,0.0,0.5,100.0,0.1,74.35522884365525
634322498,mukono,0.0,20166768.67704479,27531183.545998648,1696309.3053391227,3392618.6106782453,3921301.0566138094,438550.0,438550.0,778550.0,3512618.6106782453,3074068.6106782453,438550.0,0.0,0.0,0.0,0.0,0.5,18.0,0.018,12.484987657550478
634928993,mukono,0.0,20166768.67704479,16162486.243817862,1011085.618263175,2022171.23652635,2337292.550800331,828500.0,813500.0,828500.0,2082171.23652635,1253671.23652635,798500.0,30000.0,0.0,0.0,0.0,0.5,60.0,0.06,39.79019522823551
634952733,mukono,0.0,20166768.67704479,16162486.243817862,1011085.618263175,2022171.23652635,2337292.550800331,0.0,0.0,480000.0,13922171.23652635,13922171.23652635,0.0,0.0,0.0,0.0,0.0,0.25,400.0,0.4,0.0
634953204,mukono,0.0,20166768.67704479,23840513.473439563,1489219.4799117248,2978438.9598234496,3442578.4859679574,0.0,0.0,575000.0,5398438.95982345,5398438.95982345,0.0,0.0,0.0,0.0,0.0,0.25,800.0,0.8,0.0
635102101,mukono,0.0,20166768.67704479,37942118.49001159,2360214.922150485,4720429.84430097,5456029.29780198,0.0,0.0,456250.0,37220429.84430097,37220429.84430097,0.0,0.0,0.0,0.0,0.0,0.25,300.0,0.3,0.0
635102513,mukono,0.0,20166768.67704479,51864516.443344854,3219028.60995234,6438057.21990468,7441319.958421541,0.0,0.0,575000.0,18238057.21990468,18238057.21990468,0.0,0.0,0.0,0.0,0.0,0.25,800.0,0.8,0.0
644159914,mukono,0.0,20166768.67704479,9604503.15943846,609087.7218452854,1218175.4436905708,1408007.5607230894,12302500.0,11802500.0,12302500.0,19018175.443690572,6715675.443690571,11302500.0,1000000.0,0.0,0.0,0.0,7.0,78.57142857142857,0.07857142857142857,64.68811919642611
644420047,mukono,0.0,20166768.67704479,16162486.243817862,1011085.618263175,2022171.23652635,2337292.550800331,0.0,0.0,865000.0,4822171.23652635,4822171.23652635,0.0,0.0,0.0,0.0,0.0,0.5,200.0,0.2,0.0
551439754,nakaseke,0.0,19779321.73522621,15442491.938035693,816090.4518160734,1632180.9036321468,1853204.4278453726,2557147.4358974355,2557147.4358974355,6397147.435897436,8570930.903632147,6013783.467734712,2190480.769230769,100000.0,200000.0,0.0,66666.66666666667,8.0,9.375,0.009375,29.835119016229385
552968706,nakaseke,0.0,19779321.73522621,15442491.938035693,816090.4518160734,1632180.9036321468,1853204.4278453726,4803500.0,4803500.0,4803500.0,11210180.903632145,6406680.903632146,4353500.0,390000.0,0.0,0.0,60000.0,3.0,83.33333333333333,0.08333333333333333,42.84944231759584
552969446,nakaseke,0.0,19779321.73522621,19779321.73522621,1021996.3504281297,2043992.7008562593,2320782.160409438,1358100.0,1358100.0,1742100.0,6660032.700856258,5301932.700856258,1113100.0,170000.0,0.0,0.0,75000.0,0.8,62.5,0.0625,20.391791767409696
552970239,nakaseke,0.0,19779321.73522621,22175740.63950148,1165126.0604389491,2330252.1208778983,2645805.706216166,2002500.0,1552500.0,2482500.0,6135552.120877898,4133052.1208778983,1327500.0,600000.0,0.0,0.0,75000.0,1.0,250.0,0.25,32.637649563532264
554387935,nakaseke,0.0,19779321.73522621,8246776.430481722,439433.3202086551,878866.6404173102,997879.3073013551,3696500.0,3096500.0,3696500.0,7859116.6404173095,4162616.640417309,2836500.0,800000.0,0.0,0.0,60000.0,1.5,100.0,0.1,47.034548144888205
558377096,nakaseke,0.0,19779321.73522621,18728260.81229846,959220.1618268928,1918440.3236537855,2178227.9736521,1670178.5714285714,1670178.5714285714,1670178.5714285714,5918440.3236537855,4248261.752225215,1658750.0,0.0,0.0,0.0,11428.57142857143,1.0,125.0,0.125,28.219910653715548
559607458,nakaseke,0.0,19779321.73522621,43468590.10374363,2277520.1224528584,4555040.244905717,5171865.895556166,7834250.0,7834250.0,7834250.0,9255040.244905718,1420790.2449057177,7809250.0,0.0,0.0,0.0,25000.0,5.0,23.0,0.023,84.64847037604436
567493335,nakaseke,0.0,19779321.73522621,20073618.793645993,1039573.6832364767,2079147.3664729535,2360697.332701494,1911250.0,1911250.0,1911250.0,5279147.366472954,3367897.3664729535,1611250.0,300000.0,0.0,0.0,0.0,1.0,75.0,0.075,36.20376298146273
581802079,nakaseke,0.0,19779321.73522621,27269334.30119997,1416230.814843895,2832461.62968779,3216022.4532455113,6126000.0,5226000.0,6126000.0,10282461.62968779,4156461.62968779,4900000.0,1200000.0,0.0,0.0,26000.0,2.0,200.0,0.2,59.57717344952549
582619340,nakaseke,0.0,19779321.73522621,18728260.81229846,959220.1618268928,1918440.3236537855,2178227.9736521,4636375.0,4636375.0,4636375.0,3918440.323653786,-717934.6763462145,4620375.0,0.0,0.0,0.0,16000.0,1.5,63.333333333333336,0.06333333333333334,118.32194998638563
583580839,nakaseke,0.0,19779321.73522621,19022557.87071824,976797.49463524,1953594.98927048,2218143.1459441567,14620000.0,14620000.0,14620000.0,36953594.98927048,22333594.98927048,14150000.0,400000.0,0.0,0.0,70000.0,5.0,600.0,0.6,39.56313317890975
584444811,nakaseke,0.0,19779321.73522621,19022557.87071824,976797.49463524,1953594.98927048,2218143.1459441567,2497500.0,2497500.0,2497500.0,6253594.98927048,3756094.98927048,2497500.0,0.0,0.0,0.0,0.0,1.0,250.0,0.25,39.937028289888474
585215286,nakaseke,0.0,19779321.73522621,23226801.562429227,1227902.249040186,2455804.498080372,2788359.8929735026,7848214.285714285,7848214.285714285,7848214.285714285,9955804.498080373,2107590.2123660874,7442500.0,380000.0,0.0,0.0,25714.285714285714,2.5,60.0,0.06,78.83053837816459
587013182,nakaseke,0.0,19779321.73522621,21881443.581081692,1147548.727630602,2295097.455261204,2605890.5339241093,3517500.0,3517500.0,3517500.0,8895097.455261204,5377597.455261204,3517500.0,0.0,0.0,0.0,0.0,1.0,250.0,0.25,39.5442547728299
588782700,nakaseke,0.0,19779321.73522621,14980025.131947506,788468.9288315307,1576937.8576630615,1790480.5856721476,9514166.666666666,9514166.666666666,9514166.666666666,14076937.857663061,4562771.190996395,9502500.0,0.0,0.0,0.0,11666.666666666666,3.0,166.66666666666666,0.16666666666666666,67.58690535447268
589705993,nakaseke,0.0,19779321.73522621,12289309.169252455,627761.8860123643,1255523.7720247286,1425541.8675733637,5690357.142857143,5690357.142857143,5690357.142857143,11255523.772024728,5565166.629167586,5667500.0,0.0,0.0,0.0,22857.14285714286,2.0,225.0,0.225,50.556129222527666
613178458,nakaseke,0.0,19779321.73522621,11532545.30474449,582563.0302194746,1165126.0604389491,1322902.853108083,41650000.0,38600000.0,41650000.0,31665126.06043895,-9984873.93956105,35100000.0,6400000.0,0.0,0.0,150000.0,10.0,100.0,0.1,131.53271495115163
613178880,nakaseke,0.0,19779321.73522621,11532545.30474449,582563.0302194746,1165126.0604389491,1322902.853108083,5226250.0,5226250.0,5226250.0,5265126.06043895,38876.060438949615,4976250.0,250000.0,0.0,0.0,0.0,1.5,300.0,0.3,99.26163096585557
613179574,nakaseke,0.0,19779321.73522621,19485024.676806428,1004419.0176197825,2008838.035239565,2280866.988117382,2597166.6666666665,2597166.6666666665,2597166.6666666665,6408838.035239565,3811671.368572899,2140500.0,450000.0,0.0,0.0,6666.666666666667,0.8,437.5,0.4375,40.52476677341376
615825416,mukono,0.0,20166768.67704479,20166768.67704479,1239493.5139551575,2478987.027910315,2865295.3860714906,400200.0,400200.0,400200.0,2528987.027910315,2128787.027910315,400200.0,0.0,0.0,0.0,0.0,0.25,64.0,0.064,15.824517705442032
619544793,mukono,0.0,20166768.67704479,23526901.112771716,1467901.40964714,2935802.81929428,3393298.22134265,0.0,0.0,1730000.0,4935802.819294279,4935802.819294279,0.0,0.0,0.0,0.0,0.0,1.0,200.0,0.2,0.0
623479229,mukono,0.0,20166768.67704479,30891315.981725574,1924717.2010311047,3849434.4020622093,4449303.891884969,978500.0,888500.0,978500.0,3969434.402062209,2990934.4020622093,798500.0,180000.0,0.0,0.0,0.0,0.5,60.0,0.06,24.650867123327387
633706398,mukono,0.0,20166768.67704479,16162486.243817862,1011085.618263175,2022171.23652635,2337292.550800331,630125.0,630125.0,630125.0,2622171.23652635,1992046.23652635,430125.0,200000.0,0.0,0.0,0.0,0.25,190.0,0.19,24.030657922811365
633706854,mukono,0.0,20166768.67704479,23526901.112771716,1467901.40964714,2935802.81929428,3393298.22134265,1613250.0,1613250.0,1813250.0,3165802.81929428,1552552.81929428,1613250.0,0.0,0.0,0.0,0.0,1.0,35.0,0.035,50.95863804807734
553314312,nakaseke,0.0,19779321.73522621,33708285.944245964,1747689.0906584235,3495378.181316847,3968708.5593242478,4834500.0,4594500.0,4834500.0,15783378.181316847,10948878.181316849,4464500.0,320000.0,0.0,0.0,50000.0,2.0,375.0,0.375,30.630324791448704
555219512,nakaseke,0.0,19779321.73522621,30128220.011563417,1586982.047839257,3173964.095678514,3603769.841225464,776600.0,626600.0,1854600.0,6373964.095678514,5597364.095678514,476600.0,300000.0,0.0,0.0,0.0,1.1,118.18181818181817,0.11818181818181818,12.183940611252067
561200684,nakaseke,0.0,19779321.73522621,23983565.4269372,1273101.1048330758,2546202.2096661516,2890998.9074387844,2683750.0,2683750.0,3643750.0,6746202.209666151,4062452.2096661516,2215000.0,450000.0,0.0,0.0,18750.0,2.0,50.0,0.05,39.781641827377285
583583184,nakaseke,0.0,19779321.73522621,19779321.73522621,1021996.3504281297,2043992.7008562593,2320782.160409438,6315000.0,6315000.0,6315000.0,22543992.70085626,16228992.700856263,6315000.0,0.0,0.0,0.0,0.0,1.5,600.0,0.6,28.011896933235548
584444125,nakaseke,0.0,19779321.73522621,35221813.67326191,1838086.8022442032,3676173.6044884063,4173986.588254811,5387500.0,5387500.0,5387500.0,12676173.604488406,7288673.604488405,5357500.0,0.0,0.0,0.0,30000.0,2.0,125.0,0.125,42.50099571129558
584446459,nakaseke,0.0,19779321.73522621,15736788.99645548,833667.7846244206,1667335.5692488411,1893119.600137429,7285000.0,7285000.0,7285000.0,5867335.569248841,-1417664.4307511589,6845000.0,400000.0,0.0,0.0,40000.0,2.0,150.0,0.15,124.16197972690104
586786507,nakaseke,0.0,19779321.73522621,12583606.227672242,645339.2188207114,1290678.4376414227,1465457.0398654202,816275.0,816275.0,1428275.0,2002478.4376414227,1186203.4376414227,816275.0,0.0,0.0,0.0,0.0,0.9,49.44444444444444,0.049444444444444444,40.763235431460245
586805028,nakaseke,0.0,19779321.73522621,22470037.69792126,1182703.393247296,2365406.786494592,2685720.878508222,800000.0,800000.0,2369450.0,3030606.786494592,2230606.786494592,0.0,0.0,0.0,800000.0,0.0,1.0,31.0,0.031,26.397353941298828
588783732,nakaseke,0.0,19779321.73522621,19022557.87071824,976797.49463524,1953594.98927048,2218143.1459441567,3998000.0,3998000.0,3998000.0,10253594.98927048,6255594.98927048,3998000.0,0.0,0.0,0.0,0.0,1.5,426.6666666666667,0.4266666666666667,38.99120263852404
589705256,nakaseke,0.0,19779321.73522621,15442491.938035693,816090.4518160734,1632180.9036321468,1853204.4278453726,7215000.0,7215000.0,7215000.0,19632180.903632145,12417180.903632145,6815000.0,400000.0,0.0,0.0,0.0,2.0,450.0,0.45,36.75088384431683
592362627,nakaseke,0.0,19779321.73522621,13340370.092180211,690538.0746136012,1381076.1492272024,1568096.0543307015,1667500.0,1667500.0,1667500.0,5881076.149227202,4213576.149227202,1657500.0,0.0,0.0,0.0,10000.0,0.5,900.0,0.9,28.3536542919805
592363516,nakaseke,0.0,19779321.73522621,37323935.51911739,1963639.1794466756,3927278.358893351,4459094.961769482,3897500.0,3897500.0,3897500.0,13827278.358893353,9929778.358893352,3817500.0,0.0,0.0,0.0,80000.0,1.5,300.0,0.3,28.187036514624204
615755561,mukono,0.0,20166768.67704479,45620145.719633296,2838348.7837990345,5676697.567598069,6561315.232969606,5361538.461538462,4611538.461538462,6801538.461538462,37676697.56759807,32315159.106059603,2861538.4615384615,1500000.0,1000000.0,0.0,0.0,3.0,333.3333333333333,0.3333333333333333,14.230383254580628
616699698,mukono,0.0,20166768.67704479,4317894.793894773,249725.96595656732,499451.93191313464,577283.0998964673,874500.0,874500.0,874500.0,1099451.9319131346,224951.93191313464,874500.0,0.0,0.0,0.0,0.0,0.5,220.0,0.22,79.53963012082754
618056804,mukono,0.0,20166768.67704479,11682309.66284863,706541.7573405321,1413083.5146810643,1633288.7704387861,369100.0,369100.0,1529100.0,3063083.5146810645,2693983.5146810645,359100.0,0.0,10000.0,0.0,0.0,1.0,140.0,0.14,12.04994895604182
623479343,mukono,0.0,20166768.67704479,27531183.545998648,1696309.3053391227,3392618.6106782453,3921301.0566138094,209475.0,209475.0,789475.0,3612618.6106782453,3403143.6106782453,209475.0,0.0,0.0,0.0,0.0,0.5,41.0,0.041,5.7984255348967615
631647706,mukono,0.0,20166768.67704479,27531183.545998648,1696309.3053391227,3392618.6106782453,3921301.0566138094,459450.0,459450.0,799450.0,3622618.6106782453,3163168.6106782453,459450.0,0.0,0.0,0.0,0.0,0.5,62.0,0.062,12.68281454320634
632871446,mukono,0.0,20166768.67704479,15042442.098575555,934949.6530325147,1869899.3060650295,2161291.605709946,504600.0,504600.0,554600.0,2669899.3060650295,2165299.3060650295,504600.0,0.0,0.0,0.0,0.0,0.25,360.0,0.36,18.89958916629306
644420087,mukono,0.0,20166768.67704479,27844795.906666487,1717627.375603707,3435254.751207414,3970581.321239117,69230.76923076923,69230.76923076923,2543230.769230769,5535254.751207414,5466023.981976645,69230.76923076923,0.0,0.0,0.0,0.0,2.0,60.0,0.06,1.250724173366507
583581711,nakaseke,0.0,19779321.73522621,27269334.30119997,1416230.814843895,2832461.62968779,3216022.4532455113,6187500.0,6187500.0,6187500.0,11032461.62968779,4844961.62968779,6172500.0,0.0,0.0,0.0,15000.0,2.0,175.0,0.175,56.08449145519576
592192218,nakaseke,0.0,19779321.73522621,27269334.30119997,1416230.814843895,2832461.62968779,3216022.4532455113,0.0,0.0,1730000.0,5482461.62968779,5482461.62968779,0.0,0.0,0.0,0.0,0.0,1.0,200.0,0.2,0.0
614880682,mukono,0.0,20166768.67704479,15356054.4592434,956267.7232970996,1912535.4465941992,2210571.870335253,574000.0,574000.0,750000.0,3312535.446594199,2738535.446594199,574000.0,0.0,0.0,0.0,0.0,0.5,160.0,0.16,17.328116461067943
618739011,mukono,0.0,20166768.67704479,23526901.112771716,1467901.40964714,2935802.81929428,3393298.22134265,7985000.0,7985000.0,7985000.0,9335802.81929428,1350802.8192942794,7985000.0,0.0,0.0,0.0,0.0,5.0,60.0,0.06,85.5309409866436
618739107,mukono,0.0,20166768.67704479,11682309.66284863,706541.7573405321,1413083.5146810643,1633288.7704387861,4810000.0,4810000.0,4810000.0,3213083.5146810645,-1596916.4853189355,4810000.0,0.0,0.0,0.0,0.0,3.0,66.66666666666667,0.06666666666666667,149.7004350500814
622484850,mukono,0.0,20166768.67704479,16162486.243817862,1011085.618263175,2022171.23652635,2337292.550800331,755500.0,755500.0,855500.0,2622171.23652635,1866671.23652635,755500.0,0.0,0.0,0.0,0.0,0.5,180.0,0.18,28.81200088979803
623479274,mukono,0.0,20166768.67704479,15669666.819911247,977585.7935616845,1955171.587123369,2259852.1349605615,114000.0,114000.0,404000.0,2105171.587123369,1991171.5871233686,114000.0,0.0,0.0,0.0,0.0,0.25,80.0,0.08,5.415235541715455
623981062,mukono,250000.0,20166768.67704479,29771271.836483277,1848581.2358004448,3697162.4716008897,4273302.946794584,681775.0,631775.0,921775.0,4527162.47160089,3845387.47160089,581775.0,100000.0,0.0,0.0,0.0,0.5,109.0,0.109,15.059653906322284
634929144,mukono,0.0,20166768.67704479,32011360.126967877,2000853.1662617652,4001706.3325235303,4625304.836975354,440450.0,440450.0,780450.0,4116706.332523531,3676256.332523531,440450.0,0.0,0.0,0.0,0.0,0.5,22.0,0.022,10.699087193086354
635625391,mukono,0.0,20166768.67704479,20166768.67704479,1239493.5139551575,2478987.027910315,2865295.3860714906,472750.0,472750.0,812750.0,2598987.027910315,2126237.027910315,472750.0,0.0,0.0,0.0,0.0,0.5,90.0,0.09,18.189779130221712
635625490,mukono,0.0,20166768.67704479,20166768.67704479,1239493.5139551575,2478987.027910315,2865295.3860714906,230200.0,230200.0,400200.0,2558987.027910315,2328787.027910315,230200.0,0.0,0.0,0.0,0.0,0.25,64.0,0.064,8.99574704714243
556031317,nakaseke,0.0,19779321.73522621,26512570.436692,1371031.9590510053,2742063.9181020106,3113383.4387802305,0.0,0.0,800875.0,3192063.9181020106,3192063.9181020106,0.0,0.0,0.0,0.0,0.0,0.5,65.0,0.065,0.0
556037719,nakaseke,0.0,19779321.73522621,5093593.6616984885,251104.75440494606,502209.5088098921,570216.7470293463,0.0,0.0,1333650.0,902209.5088098921,902209.5088098921,0.0,0.0,0.0,0.0,0.0,0.8,133.75,0.13375,0.0
560449324,nakaseke,0.0,19779321.73522621,22470037.69792126,1182703.393247296,2365406.786494592,2685720.878508222,3392835.576923077,3292835.576923077,3392835.576923077,6457006.786494592,3064171.209571515,3192835.576923077,200000.0,0.0,0.0,0.0,2.0,107.5,0.1075,52.545021077250475
586026956,nakaseke,0.0,19779321.73522621,5093593.6616984885,251104.75440494606,502209.5088098921,570216.7470293463,0.0,0.0,952025.0,1156209.508809892,1156209.508809892,0.0,0.0,0.0,0.0,0.0,0.6,49.16666666666667,0.04916666666666667,0.0
616680304,mukono,0.0,20166768.67704479,12802353.808090933,782677.7225711925,1565355.445142385,1809289.7155291715,27692.30769230769,27692.30769230769,605192.3076923077,6365355.445142385,6337663.137450077,27692.30769230769,0.0,0.0,0.0,0.0,0.5,100.0,0.1,0.4350473108841175
616700114,mukono,0.0,20166768.67704479,32011360.126967877,2000853.1662617652,4001706.3325235303,4625304.836975354,812750.0,812750.0,812750.0,4361706.33252353,3548956.332523531,812750.0,0.0,0.0,0.0,0.0,0.5,90.0,0.09,18.633762524075557
623980936,mukono,0.0,20166768.67704479,19046724.531802487,1163357.5487244972,2326715.0974489944,2689294.440981105,832750.0,832750.0,932750.0,2506715.0974489944,1673965.0974489944,832750.0,0.0,0.0,0.0,0.0,0.5,90.0,0.09,33.220767722963956
632872132,mukono,0.0,20166768.67704479,4317894.793894773,249725.96595656732,499451.93191313464,577283.0998964673,534500.0,534500.0,874500.0,1089451.9319131346,554951.9319131346,534500.0,0.0,0.0,0.0,0.0,0.5,220.0,0.22,49.06136602662129
550732883,nakaseke,0.0,19779321.73522621,30422517.0699832,1604559.3806476041,3209118.7612952082,3643685.0135175204,0.0,0.0,960000.0,6009118.761295209,6009118.761295209,0.0,0.0,0.0,0.0,0.0,0.5,400.0,0.4,0.0
582502735,nakaseke,0.0,19779321.73522621,22175740.63950148,1165126.0604389491,2330252.1208778983,2645805.706216166,0.0,0.0,1113625.0,2780252.1208778983,2780252.1208778983,0.0,0.0,0.0,0.0,0.0,0.7,53.57142857142858,0.053571428571428575,0.0
586030936,nakaseke,0.0,19779321.73522621,14980025.131947506,788468.9288315307,1576937.8576630615,1790480.5856721476,0.0,0.0,630250.0,1921937.8576630615,1921937.8576630615,0.0,0.0,0.0,0.0,0.0,0.4,37.5,0.0375,0.0
614807290,mukono,45000.0,20166768.67704479,5124326.578469231,304543.8609226427,609087.7218452854,704003.7803615447,312500.0,312500.0,652500.0,2154087.7218452855,1841587.7218452855,252500.0,0.0,60000.0,0.0,0.0,0.5,360.0,0.36,14.507301482239491
614850521,mukono,0.0,20166768.67704479,27844795.906666487,1717627.375603707,3435254.751207414,3970581.321239117,34000.0,34000.0,549000.0,4085254.751207414,4051254.751207414,34000.0,0.0,0.0,0.0,0.0,0.5,200.0,0.2,0.8322614395087885
614880379,mukono,0.0,20166768.67704479,28158408.26733433,1738945.4458682924,3477890.8917365847,4019861.5858644256,5121200.0,5121200.0,5121200.0,7920390.891736584,2799190.8917365833,5106200.0,0.0,0.0,0.0,15000.0,3.0,81.66666666666667,0.08166666666666667,64.65842494393799
615759274,mukono,0.0,20166768.67704479,27531183.545998648,1696309.3053391227,3392618.6106782453,3921301.0566138094,0.0,0.0,841250.0,4892618.610678245,4892618.610678245,0.0,0.0,0.0,0.0,0.0,0.5,150.0,0.15,0.0
615825361,mukono,350000.0,20166768.67704479,8798071.374864,554269.8268792101,1108539.6537584201,1281286.8802580119,3260500.0,3260500.0,3260500.0,4058539.65375842,798039.6537584201,3260500.0,0.0,0.0,0.0,0.0,2.0,95.0,0.095,80.33677820495375
616578776,mukono,45000.0,20166768.67704479,20166768.67704479,1239493.5139551575,2478987.027910315,2865295.3860714906,1019600.0,719600.0,1259600.0,5723987.0279103145,4704387.0279103145,519600.0,400000.0,100000.0,0.0,0.0,0.5,280.0,0.28,17.812758747153044
616579437,mukono,0.0,20166768.67704479,15042442.098575555,934949.6530325147,1869899.3060650295,2161291.605709946,925000.0,925000.0,1605000.0,3869899.3060650295,2944899.3060650295,905000.0,0.0,20000.0,0.0,0.0,1.0,300.0,0.3,23.902430705375473
616580090,mukono,0.0,20166768.67704479,34895598.4149525,2153125.096723087,4306250.193446174,4977306.727156128,1065900.0,705900.0,1065900.0,5206250.193446174,4140350.1934461743,530900.0,520000.0,15000.0,0.0,0.0,0.5,120.0,0.12,20.47346862703209
616699119,mukono,0.0,20166768.67704479,19046724.531802487,1163357.5487244972,2326715.0974489944,2689294.440981105,681200.0,681200.0,681200.0,2416715.0974489944,1735515.0974489942,673700.0,0.0,0.0,0.0,7500.0,0.5,12.0,0.012,28.187021329864347
617648886,mukono,0.0,20166768.67704479,28651227.69124095,1772445.2705697827,3544890.5411395654,4097302.0017041946,1611250.0,1611250.0,1611250.0,3864890.5411395654,2253640.5411395654,1611250.0,0.0,0.0,0.0,0.0,1.0,75.0,0.075,41.68940835061585
618056277,mukono,0.0,20166768.67704479,12802353.808090933,782677.7225711925,1565355.445142385,1809289.7155291715,477875.0,477875.0,717875.0,2565355.445142385,2087480.445142385,409875.0,48000.0,20000.0,0.0,0.0,0.5,450.0,0.45,18.628022908282656
618502771,mukono,0.0,20166768.67704479,22406856.967529416,1391765.4444164797,2783530.8888329593,3217297.276252265,252500.0,252500.0,592500.0,3483530.8888329593,3231030.8888329593,245500.0,0.0,7000.0,0.0,0.0,0.5,200.0,0.2,7.248392738799331
618503624,mukono,0.0,20166768.67704479,38255730.85067943,2381532.9924150696,4763065.984830139,5505309.562427288,320000.0,320000.0,740750.0,6863065.984830139,6543065.984830139,310000.0,0.0,10000.0,0.0,0.0,0.5,170.0,0.17,4.662639128158113
619549456,mukono,0.0,20166768.67704479,24646945.25801402,1544037.3748778002,3088074.7497556005,3569299.1664330354,420000.0,405000.0,1654500.0,7288074.7497556005,6868074.7497556005,380000.0,40000.0,0.0,0.0,0.0,1.5,340.0,0.34,5.762838807520248
619551006,mukono,0.0,20166768.67704479,30084884.19715111,1869899.3060650295,3739798.612130059,4322583.211419892,41538.46153846154,41538.46153846154,1335538.4615384615,4719798.612130059,4678260.150591597,41538.46153846154,0.0,0.0,0.0,0.0,1.0,120.0,0.12,0.8800897019569043
619552154,mukono,0.0,20166768.67704479,15042442.098575555,934949.6530325147,1869899.3060650295,2161291.605709946,9692.307692307691,9692.307692307691,1275192.3076923077,4069899.3060650295,4060206.9983727215,9692.307692307691,0.0,0.0,0.0,0.0,1.0,90.0,0.09,0.23814613000041693
619559855,mukono,0.0,20166768.67704479,34895598.4149525,2153125.096723087,4306250.193446174,4977306.727156128,136000.0,136000.0,1067250.0,9456250.193446174,9320250.193446174,136000.0,0.0,0.0,0.0,0.0,1.0,75.0,0.075,1.4382022177697589
622292961,mukono,0.0,20166768.67704479,7678027.2296217,478133.8616485498,956267.7232970996,1105285.9351676265,324500.0,324500.0,664500.0,1856267.7232970998,1531767.7232970996,319500.0,0.0,5000.0,0.0,0.0,0.5,200.0,0.2,17.481314571565335
623188000,mukono,0.0,20166768.67704479,38255730.85067943,2381532.9924150696,4763065.984830139,5505309.562427288,0.0,0.0,803250.0,26363065.98483014,26363065.98483014,0.0,0.0,0.0,0.0,0.0,0.5,70.0,0.07,0.0
623704256,mukono,0.0,20166768.67704479,4317894.793894773,249725.96595656732,499451.93191313464,577283.0998964673,4895500.0,4895500.0,4895500.0,5099451.931913135,203951.93191313464,4895500.0,0.0,0.0,0.0,0.0,3.0,96.66666666666667,0.09666666666666666,96.00051270928209
624717557,mukono,0.0,20166768.67704479,8798071.374864,554269.8268792101,1108539.6537584201,1281286.8802580119,0.0,0.0,865000.0,3508539.65375842,3508539.65375842,0.0,0.0,0.0,0.0,0.0,0.5,200.0,0.2,0.0
628775538,mukono,0.0,20166768.67704479,11682309.66284863,706541.7573405321,1413083.5146810643,1633288.7704387861,34615.38461538462,34615.38461538462,767115.3846153846,3413083.5146810645,3378468.1300656805,34615.38461538462,0.0,0.0,0.0,0.0,0.5,300.0,0.3,1.0141968242643267
632457381,mukono,0.0,20166768.67704479,22720469.328197263,1413083.5146810643,2826167.0293621286,3266577.5408775723,1008000.0,1008000.0,1008000.0,4926167.029362129,3918167.0293621286,998000.0,0.0,10000.0,0.0,0.0,0.5,480.0,0.48,20.46215635791225
632479613,mukono,0.0,20166768.67704479,15042442.098575555,934949.6530325147,1869899.3060650295,2161291.605709946,932000.0,932000.0,932000.0,3069899.3060650295,2137899.3060650295,922000.0,0.0,10000.0,0.0,0.0,0.5,320.0,0.32,30.359301953608036
632526756,mukono,0.0,20166768.67704479,25274169.97934971,1586673.51540697,3173347.03081394,3667859.6956836507,1401282.0512820515,1401282.0512820515,5301282.051282052,22673347.03081394,21272064.979531888,1384615.3846153847,0.0,0.0,0.0,16666.666666666668,2.5,400.0,0.4,6.180305225239379
632870245,mukono,0.0,20166768.67704479,5124326.578469231,304543.8609226427,609087.7218452854,704003.7803615447,224500.0,224500.0,394500.0,744087.7218452854,519587.7218452854,224500.0,0.0,0.0,0.0,0.0,0.25,40.0,0.04,30.171173829243646
633860192,mukono,0.0,20166768.67704479,12802353.808090933,782677.7225711925,1565355.445142385,1809289.7155291715,318461.5384615385,318461.5384615385,1768461.5384615385,18165355.445142385,17846893.906680845,318461.5384615385,0.0,0.0,0.0,0.0,1.0,3000.0,1.0,1.7531258302281039
633861646,mukono,0.0,20166768.67704479,20166768.67704479,1239493.5139551575,2478987.027910315,2865295.3860714906,0.0,0.0,1150000.0,8278987.0279103145,8278987.0279103145,0.0,0.0,0.0,0.0,0.0,0.5,800.0,0.8,0.0
634322667,mukono,0.0,20166768.67704479,20793993.398380484,1282129.6544843272,2564259.3089686544,2963855.9153221063,449475.0,449475.0,789475.0,2724259.3089686544,2274784.3089686544,449475.0,0.0,0.0,0.0,0.0,0.5,41.0,0.041,16.498980053780617
634322758,mukono,0.0,20166768.67704479,23840513.473439563,1489219.4799117248,2978438.9598234496,3442578.4859679574,1002500.0,1002500.0,1682500.0,3778438.9598234496,2775938.9598234496,1002500.0,0.0,0.0,0.0,0.0,1.0,150.0,0.15,26.532121086504002
635625535,mukono,0.0,20166768.67704479,31518540.703061264,1967353.3415602748,3934706.6831205497,4547864.421135585,955000.0,955000.0,1635000.0,4874706.68312055,3919706.6831205497,955000.0,0.0,0.0,0.0,0.0,1.0,100.0,0.1,19.590922327836463
635860119,mukono,0.0,20166768.67704479,20166768.67704479,1239493.5139551575,2478987.027910315,2865295.3860714906,1105000.0,955000.0,1105000.0,4478987.0279103145,3373987.0279103145,865000.0,240000.0,0.0,0.0,0.0,0.5,200.0,0.2,24.670756872353373
636602799,mukono,0.0,20166768.67704479,20166768.67704479,1239493.5139551575,2478987.027910315,2865295.3860714906,1702500.0,1702500.0,1702500.0,4378987.0279103145,2676487.0279103145,1682500.0,0.0,20000.0,0.0,0.0,1.0,150.0,0.15,38.87885461063916
558422222,nakaseke,0.0,19779321.73522621,15736788.99645548,833667.7846244206,1667335.5692488411,1893119.600137429,363788.5576923077,363788.5576923077,363788.5576923077,3087335.569248841,2723547.0115565336,363788.5576923077,0.0,0.0,0.0,0.0,1.0,84.5,0.0845,11.783252890155334
559666954,nakaseke,0.0,19779321.73522621,7490012.565973753,394234.46441576537,788468.9288315307,895240.2928360738,0.0,0.0,652100.0,1282468.9288315307,1282468.9288315307,0.0,0.0,0.0,0.0,0.0,0.4,95.0,0.095,0.0
560448617,nakaseke,0.0,19779321.73522621,19022557.87071824,976797.49463524,1953594.98927048,2218143.1459441567,1054030.0,1054030.0,1234030.0,2513594.98927048,1459564.98927048,454030.0,0.0,0.0,600000.0,0.0,0.9,48.888888888888886,0.048888888888888885,41.933167614481555
583505993,nakaseke,0.0,19779321.73522621,19022557.87071824,976797.49463524,1953594.98927048,2218143.1459441567,19384.61538461538,19384.61538461538,797009.6153846153,2583594.98927048,2564210.3738858644,19384.61538461538,0.0,0.0,0.0,0.0,0.7,53.57142857142858,0.053571428571428575,0.750296213807449
584452976,nakaseke,0.0,19779321.73522621,14980025.131947506,788468.9288315307,1576937.8576630615,1790480.5856721476,10000.0,10000.0,1278575.0,3612937.8576630615,3602937.8576630615,0.0,0.0,0.0,0.0,10000.0,0.8,48.125,0.048125,0.27678306115312623
586809899,nakaseke,0.0,19779321.73522621,5093593.6616984885,251104.75440494606,502209.5088098921,570216.7470293463,0.0,0.0,1255275.0,1201109.508809892,1201109.508809892,0.0,0.0,0.0,0.0,0.0,0.8,30.625,0.030625,0.0
618738329,mukono,0.0,20166768.67704479,53298172.94925499,3316482.645447585,6632965.29089517,7666601.168137234,1639000.0,1589000.0,1639000.0,7832965.29089517,6193965.29089517,1539000.0,100000.0,0.0,0.0,0.0,1.0,100.0,0.1,20.92438736968655
623981362,mukono,0.0,20166768.67704479,4317894.793894773,249725.96595656732,499451.93191313464,577283.0998964673,855500.0,855500.0,855500.0,1299451.9319131346,443951.93191313464,855500.0,0.0,0.0,0.0,0.0,0.5,180.0,0.18,65.83544792922653
633706233,mukono,0.0,20166768.67704479,16476098.604485705,1032403.6885277599,2064807.3770555197,2386572.8154256386,708000.0,708000.0,808000.0,2244807.3770555197,1536807.3770555197,708000.0,0.0,0.0,0.0,0.0,0.5,80.0,0.08,31.539454442130044
555219650,nakaseke,0.0,19779321.73522621,23226801.562429227,1227902.249040186,2455804.498080372,2788359.8929735026,147375.0,147375.0,737375.0,3155804.498080372,3008429.498080372,147375.0,0.0,0.0,0.0,0.0,0.5,100.0,0.1,4.669966092311674
581666974,nakaseke,0.0,19779321.73522621,26218273.378272213,1353454.6262426581,2706909.2524853162,3073468.2664881744,1119780.769230769,1094780.769230769,1119780.769230769,3782509.2524853162,2662728.483254547,1062280.769230769,50000.0,0.0,0.0,7500.0,0.6,131.66666666666669,0.13166666666666668,29.60417792752289
589566940,nakaseke,0.0,19779321.73522621,4336829.797190519,205905.89861205625,411811.7972241125,467577.7325640651,345600.0,345600.0,2154600.0,831811.7972241126,486211.7972241126,345600.0,0.0,0.0,0.0,0.0,0.9,1124.4444444444443,1.0,41.54785988288719
615760019,mukono,0.0,20166768.67704479,22406856.967529416,1391765.4444164797,2783530.8888329593,3217297.276252265,20000.0,20000.0,597500.0,3683530.8888329593,3663530.8888329593,20000.0,0.0,0.0,0.0,0.0,0.5,100.0,0.1,0.5429573038367145
615825276,mukono,0.0,20166768.67704479,5124326.578469231,304543.8609226427,609087.7218452854,704003.7803615447,3188600.0,3188600.0,3188600.0,1809087.7218452855,-1379512.2781547145,3163600.0,0.0,0.0,0.0,25000.0,2.0,55.0,0.055,176.25458188105992
616698945,mukono,0.0,20166768.67704479,20166768.67704479,1239493.5139551575,2478987.027910315,2865295.3860714906,2015000.0,2015000.0,2015000.0,9978987.027910315,7963987.0279103145,2015000.0,0.0,0.0,0.0,0.0,1.0,500.0,0.5,20.192430297426274
616699320,mukono,0.0,20166768.67704479,8798071.374864,554269.8268792101,1108539.6537584201,1281286.8802580119,1501000.0,1465000.0,1981000.0,2908539.65375842,1407539.6537584201,1453000.0,48000.0,0.0,0.0,0.0,1.0,140.0,0.14,51.60665415238211
619769782,mukono,0.0,20166768.67704479,12802353.808090933,782677.7225711925,1565355.445142385,1809289.7155291715,1673000.0,1673000.0,1673000.0,3365355.4451423855,1692355.445142385,1673000.0,0.0,0.0,0.0,0.0,1.0,140.0,0.14,49.71243089388487
621639263,mukono,0.0,20166768.67704479,16162486.243817862,1011085.618263175,2022171.23652635,2337292.550800331,460000.0,460000.0,800000.0,2122171.23652635,1662171.23652635,453750.0,0.0,0.0,0.0,6250.0,0.5,50.0,0.05,21.67591342689883
622484708,mukono,0.0,20166768.67704479,5124326.578469231,304543.8609226427,609087.7218452854,704003.7803615447,1642125.0,1642125.0,1642125.0,2209087.7218452855,566962.7218452855,1642125.0,0.0,0.0,0.0,0.0,1.0,107.5,0.1075,74.3349837926901
623981163,mukono,0.0,20166768.67704479,8798071.374864,554269.8268792101,1108539.6537584201,1281286.8802580119,601000.0,601000.0,941000.0,5108539.65375842,4507539.65375842,601000.0,0.0,0.0,0.0,0.0,0.5,360.0,0.36,11.764614561772783
550732746,nakaseke,0.0,19779321.73522621,5093593.6616984885,251104.75440494606,502209.5088098921,570216.7470293463,0.0,0.0,1374500.0,1996709.508809892,1996709.508809892,0.0,0.0,0.0,0.0,0.0,0.8,187.5,0.1875,0.0
615825485,mukono,0.0,20166768.67704479,32638584.848303564,2043489.306790935,4086978.61358187,4723865.36622597,1417500.0,1357500.0,1417500.0,6486978.61358187,5069478.61358187,1297500.0,120000.0,0.0,0.0,0.0,0.75,200.0,0.2,21.851467138062734
551438282,nakaseke,0.0,19779321.73522621,37912529.63595695,1998793.8450633693,3997587.6901267385,4538925.306353594,0.0,0.0,829750.0,5247587.6901267385,5247587.6901267385,0.0,0.0,0.0,0.0,0.0,0.4,562.5,0.5625,0.0
585181910,nakaseke,280000.0,19779321.73522621,29960050.263895012,1576937.8576630615,3153875.715326123,3580961.171344295,1019640.0,1019640.0,1019640.0,4381875.715326123,3362235.715326123,1009640.0,0.0,0.0,0.0,10000.0,1.0,39.0,0.039,23.26948700150691
553313598,nakaseke,0.0,19779321.73522621,20830382.65815397,1084772.5390293668,2169545.0780587336,2463336.3471667757,2984615.3846153845,2984615.3846153845,5959615.384615384,17733795.078058735,14749179.693443352,2884615.3846153845,100000.0,0.0,0.0,0.0,5.0,100.0,0.1,16.830099657056046
555219886,nakaseke,0.0,19779321.73522621,30422517.0699832,1604559.3806476041,3209118.7612952082,3643685.0135175204,1620750.6,1620750.6,2370750.6,5529118.761295209,3908368.161295208,1620750.0,0.0,0.0,0.0,0.6,1.5,66.66666666666667,0.06666666666666667,29.313000316533905
561236657,nakaseke,0.0,19779321.73522621,19779321.73522621,1021996.3504281297,2043992.7008562593,2320782.160409438,1064773.076923077,794773.076923077,1284773.076923077,4060992.7008562596,2996219.623933182,677773.076923077,360000.0,0.0,0.0,27000.0,1.0,107.5,0.1075,26.219526981631113
583502844,nakaseke,0.0,19779321.73522621,12583606.227672242,645339.2188207114,1290678.4376414227,1465457.0398654202,0.0,0.0,1580375.0,1800678.4376414227,1800678.4376414227,0.0,0.0,0.0,0.0,0.0,1.0,42.5,0.0425,0.0
584472197,nakaseke,0.0,19779321.73522621,19779321.73522621,1021996.3504281297,2043992.7008562593,2320782.160409438,2611750.0,2611750.0,2611750.0,3512192.7008562596,900442.7008562591,1601750.0,0.0,0.0,1000000.0,10000.0,1.0,65.0,0.065,74.36237764981588
588619360,nakaseke,0.0,19779321.73522621,12583606.227672242,645339.2188207114,1290678.4376414227,1465457.0398654202,0.0,0.0,1578950.0,1782678.4376414227,1782678.4376414227,0.0,0.0,0.0,0.0,0.0,1.0,41.0,0.041,0.0
613814407,nakaseke,0.0,19779321.73522621,32230341.857418925,1712534.425041731,3425068.850083462,3888878.2147401394,200000.0,200000.0,2643500.0,5985068.850083462,5785068.850083462,200000.0,0.0,0.0,0.0,0.0,4.0,32.5,0.0325,3.3416491106399047
614850687,mukono,0.0,20166768.67704479,20166768.67704479,1239493.5139551575,2478987.027910315,2865295.3860714906,0.0,0.0,808000.0,2878987.027910315,2878987.027910315,0.0,0.0,0.0,0.0,0.0,0.5,80.0,0.08,0.0
615773237,mukono,0.0,20166768.67704479,21286812.82228709,1315629.4791858178,2631258.9583716355,3041296.3311618757,779600.0,779600.0,879600.0,4151258.9583716355,3371658.9583716355,757600.0,0.0,22000.0,0.0,0.0,0.5,280.0,0.28,18.779845049844933
616679140,mukono,0.0,20166768.67704479,23526901.112771716,1467901.40964714,2935802.81929428,3393298.22134265,1239230.7692307692,1239230.7692307692,1739230.7692307692,22935802.81929428,21696572.050063513,739230.7692307692,500000.0,0.0,0.0,0.0,1.0,300.0,0.3,5.40304073502189
618056509,mukono,0.0,20166768.67704479,8798071.374864,554269.8268792101,1108539.6537584201,1281286.8802580119,1741250.0,1741250.0,3441250.0,4208539.65375842,2467289.6537584197,1701250.0,0.0,40000.0,0.0,0.0,2.5,100.0,0.1,41.374209185482755
618502947,mukono,0.0,20166768.67704479,26411139.400756348,1620173.3401084621,3240346.6802169243,3745300.1115234243,763750.0,763750.0,763750.0,4740346.680216924,3976596.6802169243,749750.0,0.0,14000.0,0.0,0.0,0.5,210.0,0.21,16.11169080074645
618503261,mukono,0.0,20166768.67704479,12802353.808090933,782677.7225711925,1565355.445142385,1809289.7155291715,290000.0,290000.0,1245500.0,3465355.4451423855,3175355.445142385,285000.0,0.0,5000.0,0.0,0.0,0.75,120.0,0.12,8.368549910414295
618738549,mukono,0.0,20166768.67704479,11995922.023516476,727859.8276051171,1455719.6552102342,1682569.0350640942,925500.0,925500.0,925500.0,2355719.655210234,1430219.6552102342,825500.0,100000.0,0.0,0.0,0.0,0.5,180.0,0.18,39.287357387923336
619307564,mukono,0.0,20166768.67704479,8798071.374864,554269.8268792101,1108539.6537584201,1281286.8802580119,1867500.0,1867500.0,1867500.0,3108539.65375842,1241039.6537584201,1537500.0,300000.0,30000.0,0.0,0.0,1.0,250.0,0.25,60.07644128785924
619543012,mukono,0.0,20166768.67704479,23526901.112771716,1467901.40964714,2935802.81929428,3393298.22134265,50000.0,50000.0,770000.0,8795802.81929428,8745802.81929428,50000.0,0.0,0.0,0.0,0.0,0.5,400.0,0.4,0.5684529431505797
620136574,mukono,0.0,20166768.67704479,8798071.374864,554269.8268792101,1108539.6537584201,1281286.8802580119,1050700.0,1050700.0,1050700.0,2808539.65375842,1757839.6537584201,760700.0,190000.0,100000.0,0.0,0.0,0.5,360.0,0.36,37.4109013769466
620155076,mukono,0.0,20166768.67704479,21914037.543622777,1358265.6197149875,2716531.239429975,3139856.8604124915,856750.0,646750.0,856750.0,4016531.2394299745,3159781.239429975,566750.0,280000.0,10000.0,0.0,0.0,0.5,100.0,0.1,21.330594707924888
621076849,mukono,0.0,20166768.67704479,16162486.243817862,1011085.618263175,2022171.23652635,2337292.550800331,1785000.0,1685000.0,1785000.0,7522171.23652635,5737171.23652635,1585000.0,200000.0,0.0,0.0,0.0,1.0,300.0,0.3,23.729850649136406
622287746,mukono,0.0,20166768.67704479,7678027.2296217,478133.8616485498,956267.7232970996,1105285.9351676265,356100.0,356100.0,696100.0,1826267.7232970998,1470167.7232970996,346100.0,0.0,10000.0,0.0,0.0,0.5,280.0,0.28,19.4987840751577
622484987,mukono,0.0,20166768.67704479,27531183.545998648,1696309.3053391227,3392618.6106782453,3921301.0566138094,3187000.0,3187000.0,3187000.0,5792618.610678245,2605618.6106782453,3175000.0,0.0,0.0,0.0,12000.0,2.0,50.0,0.05,55.01829507858521
631647870,mukono,800000.0,20166768.67704479,20166768.67704479,1239493.5139551575,2478987.027910315,2865295.3860714906,2148250.0,2148250.0,2148250.0,5078987.0279103145,2930737.0279103145,2098250.0,50000.0,0.0,0.0,0.0,0.9,327.77777777777777,0.3277777777777778,42.296819979945305
632483673,mukono,0.0,20166768.67704479,30891315.981725574,1924717.2010311047,3849434.4020622093,4449303.891884969,3380000.0,3080000.0,3380000.0,6649434.402062209,3269434.4020622093,2960000.0,400000.0,20000.0,0.0,0.0,1.5,266.6666666666667,0.26666666666666666,50.83139099698089
632532023,mukono,0.0,20166768.67704479,15356054.4592434,956267.7232970996,1912535.4465941992,2210571.870335253,20769.23076923077,20769.23076923077,967019.2307692308,7712535.446594199,7691766.215824967,20769.23076923077,0.0,0.0,0.0,0.0,0.5,750.0,0.75,0.26929186793432913
633706958,mukono,0.0,20166768.67704479,32011360.126967877,2000853.1662617652,4001706.3325235303,4625304.836975354,1927500.0,1927500.0,1927500.0,4471706.33252353,2544206.3325235303,1927500.0,0.0,0.0,0.0,0.0,1.0,50.0,0.05,43.10435115072166
634023370,mukono,0.0,20166768.67704479,16162486.243817862,1011085.618263175,2022171.23652635,2337292.550800331,1120000.0,1040000.0,1120000.0,4322171.23652635,3202171.2365263496,960000.0,160000.0,0.0,0.0,0.0,1.0,400.0,0.4,25.91290207419278
634718078,mukono,0.0,20166768.67704479,15042442.098575555,934949.6530325147,1869899.3060650295,2161291.605709946,4012500.0,3862500.0,4012500.0,5569899.306065029,1557399.3060650295,3792500.0,200000.0,20000.0,0.0,0.0,2.0,250.0,0.25,72.03900428919448
634718387,mukono,0.0,20166768.67704479,15042442.098575555,934949.6530325147,1869899.3060650295,2161291.605709946,790000.0,730000.0,790000.0,3369899.3060650295,2579899.3060650295,670000.0,120000.0,0.0,0.0,0.0,0.5,400.0,0.4,23.442836958902156
635238203,mukono,0.0,20166768.67704479,26411139.400756348,1620173.3401084621,3240346.6802169243,3745300.1115234243,1464375.0,1444375.0,1464375.0,4440346.680216924,2975971.6802169243,1404375.0,40000.0,20000.0,0.0,0.0,0.5,350.0,0.35,32.97884389352367
635859907,mukono,0.0,20166768.67704479,15042442.098575555,934949.6530325147,1869899.3060650295,2161291.605709946,2632500.0,2512500.0,2632500.0,4199899.306065029,1567399.3060650295,2452500.0,160000.0,20000.0,0.0,0.0,1.5,100.0,0.1,62.68007416745528
636603192,mukono,0.0,20166768.67704479,27531183.545998648,1696309.3053391227,3392618.6106782453,3921301.0566138094,6845000.0,6845000.0,6845000.0,12892618.610678244,6047618.610678244,6825000.0,0.0,20000.0,0.0,0.0,4.0,175.0,0.175,53.09239501066653
551433371,nakaseke,0.0,19779321.73522621,27269334.30119997,1416230.814843895,2832461.62968779,3216022.4532455113,73076.92307692308,73076.92307692308,1593076.923076923,4417461.62968779,4344384.706610868,73076.92307692308,0.0,0.0,0.0,0.0,1.0,128.0,0.128,1.654274087765826
581719428,nakaseke,0.0,19779321.73522621,5093593.6616984885,251104.75440494606,502209.5088098921,570216.7470293463,949846.1538461539,949846.1538461539,949846.1538461539,1056609.508809892,106763.35496373812,539846.1538461539,0.0,0.0,400000.0,10000.0,0.8,82.5,0.0825,89.89566589420622
584453809,nakaseke,500000.0,19779321.73522621,8246776.430481722,439433.3202086551,878866.6404173102,997879.3073013551,2486000.0,2386000.0,2486000.0,2686866.6404173104,200866.6404173104,2286000.0,200000.0,0.0,0.0,0.0,1.8,50.0,0.05,92.52413062130569
588629366,nakaseke,0.0,19779321.73522621,19779321.73522621,1021996.3504281297,2043992.7008562593,2320782.160409438,1286960.0,1286960.0,1286960.0,2945992.700856259,1659032.700856259,1266960.0,0.0,0.0,0.0,20000.0,1.0,46.0,0.046,43.68510484177175
593198085,nakaseke,0.0,19779321.73522621,23983565.4269372,1273101.1048330758,2546202.2096661516,2890998.9074387844,0.0,0.0,1576100.0,3002202.2096661516,3002202.2096661516,0.0,0.0,0.0,0.0,0.0,1.0,38.0,0.038,0.0
614850630,mukono,0.0,20166768.67704479,32011360.126967877,2000853.1662617652,4001706.3325235303,4625304.836975354,0.0,0.0,3127500.0,4701706.33252353,4701706.33252353,0.0,0.0,0.0,0.0,0.0,2.0,25.0,0.025,0.0
558415060,nakaseke,0.0,19779321.73522621,12583606.227672242,645339.2188207114,1290678.4376414227,1465457.0398654202,462983.75,462983.75,478983.75,2235078.4376414227,1772094.6876414227,447983.75,0.0,0.0,0.0,15000.0,0.8,135.625,0.135625,20.714429623712256
561237697,nakaseke,15000.0,19779321.73522621,28026098.16570794,1461429.670636785,2922859.34127357,3318661.467710793,10000.0,10000.0,979600.0,4387059.34127357,4377059.34127357,0.0,0.0,0.0,0.0,10000.0,0.6,80.0,0.08,0.22794312139614195
582502398,nakaseke,200000.0,19779321.73522621,12583606.227672242,645339.2188207114,1290678.4376414227,1465457.0398654202,50000.0,50000.0,2421750.0,2195678.4376414227,2145678.4376414227,0.0,0.0,50000.0,0.0,0.0,1.5,43.333333333333336,0.043333333333333335,2.277200483587639
586028388,nakaseke,0.0,19779321.73522621,23226801.562429227,1227902.249040186,2455804.498080372,2788359.8929735026,1540000.0,1540000.0,1586550.0,3573204.498080372,2033204.498080372,1540000.0,0.0,0.0,0.0,0.0,1.0,49.0,0.049,43.09856882882948
613819661,nakaseke,280000.0,19779321.73522621,19779321.73522621,1021996.3504281297,2043992.7008562593,2320782.160409438,0.0,0.0,796600.0,2659992.700856259,2659992.700856259,0.0,0.0,0.0,0.0,0.0,0.5,56.0,0.056,0.0
619770045,mukono,750000.0,20166768.67704479,7678027.2296217,478133.8616485498,956267.7232970996,1105285.9351676265,1597000.0,1597000.0,1597000.0,2606267.7232970996,1009267.7232970996,1597000.0,0.0,0.0,0.0,0.0,1.0,60.0,0.06,61.27536268529199
553313800,nakaseke,0.0,19779321.73522621,22932504.504009448,1210324.9162318388,2420649.8324636775,2748444.7206814466,5127692.307692308,4387692.307692308,5227692.307692308,19600649.832463678,14472957.524771372,4107692.3076923075,1020000.0,0.0,0.0,0.0,5.0,82.0,0.082,26.160828092543852
560449000,nakaseke,250000.0,19779321.73522621,30716814.12840299,1622136.7134559513,3244273.4269119026,3683600.185809577,0.0,0.0,205300.0,4324673.426911903,4324673.426911903,0.0,0.0,0.0,0.0,0.0,0.1,540.0,0.54,0.0
560449862,nakaseke,0.0,19779321.73522621,15736788.99645548,833667.7846244206,1667335.5692488411,1893119.600137429,582575.0,582575.0,1670575.0,2577335.569248841,1994760.569248841,554575.0,0.0,0.0,0.0,28000.0,1.6,31.25,0.03125,22.6037698369945
583505325,nakaseke,0.0,19779321.73522621,16031086.054875258,851245.1174327678,1702490.2348655355,1933034.7724294853,1835375.0,1835375.0,1835375.0,3202490.2348655355,1367115.2348655355,1835375.0,0.0,0.0,0.0,0.0,1.0,125.0,0.125,57.31086952329342
613821415,nakaseke,280000.0,19779321.73522621,28026098.16570794,1461429.670636785,2922859.34127357,3318661.467710793,4575373.333333333,4575373.333333333,5575373.333333333,5434859.34127357,859486.0079402374,4542040.0,0.0,0.0,0.0,33333.333333333336,5.0,37.2,0.037200000000000004,84.18568073302094
561257600,nakaseke,0.0,19779321.73522621,31473577.99291096,1667335.5692488411,3334671.1384976823,3786239.200274858,957048.0769230769,957048.0769230769,957048.0769230769,3659671.138497682,2702623.0615746053,932048.0769230769,0.0,0.0,0.0,25000.0,0.5,50.0,0.05,26.151204321488603
585193571,nakaseke,0.0,19779321.73522621,12289309.169252455,627761.8860123643,1255523.7720247286,1425541.8675733637,1362650.0,1362650.0,1362650.0,2641523.7720247284,1278873.7720247284,1352650.0,0.0,0.0,0.0,10000.0,1.0,47.0,0.047,51.58575570779469
621639988,mukono,300000.0,20166768.67704479,16162486.243817862,1011085.618263175,2022171.23652635,2337292.550800331,1380375.0,1380375.0,1580375.0,4122171.23652635,2741796.23652635,1380375.0,0.0,0.0,0.0,0.0,1.0,42.5,0.0425,33.48660016276294
550731204,nakaseke,0.0,19779321.73522621,20830382.65815397,1084772.5390293668,2169545.0780587336,2463336.3471667757,0.0,0.0,479812.5,2769545.0780587336,2769545.0780587336,0.0,0.0,0.0,0.0,0.0,0.3,,0.0625,0.0
550739292,nakaseke,0.0,19779321.73522621,7490012.565973753,394234.46441576537,788468.9288315307,895240.2928360738,15230.769230769232,15230.769230769232,71168.26923076925,1288468.9288315307,1273238.1596007615,15230.769230769232,0.0,0.0,0.0,0.0,0.1,,0.0625,1.1820827720371578
550740686,nakaseke,0.0,19779321.73522621,16325383.113295047,868822.4502411147,1737644.9004822294,1972949.9447215414,75860.57692307692,75860.57692307692,575860.5769230769,2737644.9004822294,2661784.3235591524,70860.57692307692,0.0,0.0,0.0,5000.0,1.0,2.5,0.0025,2.771015952788993
551433006,nakaseke,0.0,19779321.73522621,19022557.87071824,976797.49463524,1953594.98927048,2218143.1459441567,18461.538461538465,18461.538461538465,420461.5384615385,3563594.98927048,3545133.4508089414,18461.538461538465,0.0,0.0,0.0,0.0,0.2,1300.0,1.0,0.5180593899453712
552803009,nakaseke,0.0,19779321.73522621,31179280.934491172,1649758.2364404942,3299516.4728809884,3746324.027982802,557307.6923076923,557307.6923076923,1781307.6923076923,11249516.47288099,10692208.780573297,532307.6923076923,0.0,0.0,0.0,25000.0,1.8,97.22222222222221,0.09722222222222221,4.954059080238552
554395712,nakaseke,0.0,19779321.73522621,30716814.12840299,1622136.7134559513,3244273.4269119026,3683600.185809577,363846.1538461539,243846.15384615384,893846.1538461539,5913563.426911903,5549717.273065749,123846.15384615384,240000.0,0.0,0.0,0.0,0.5,216.0,0.216,6.1527395172652515
555219447,nakaseke,0.0,19779321.73522621,16787849.919383228,896443.9732256576,1792887.9464513152,2035673.786894767,607693.3076923077,457693.3076923077,1426443.3076923077,2842887.946451315,2235194.6387590077,407692.3076923077,200000.0,0.0,0.0,1.0,1.0,125.0,0.125,21.375914884400267
559669939,nakaseke,0.0,19779321.73522621,20073618.793645993,1039573.6832364767,2079147.3664729535,2360697.332701494,1627301.4423076923,1627301.4423076923,1827301.4423076923,5296647.366472954,3669345.9241652624,1627301.4423076923,0.0,0.0,0.0,0.0,1.0,207.5,0.2075,30.723235467935538
581666409,nakaseke,500000.0,19779321.73522621,14685728.073527724,770891.5960231835,1541783.192046367,1750565.4133800915,1109798.076923077,1109798.076923077,1109798.076923077,3002183.192046367,1892385.11512329,1034798.076923077,50000.0,0.0,0.0,25000.0,2.0,40.5,0.0405,36.96636767080857
585208171,nakaseke,200000.0,19779321.73522621,23983565.4269372,1273101.1048330758,2546202.2096661516,2890998.9074387844,2310000.0,2010000.0,2310000.0,4021202.2096661516,1711202.2096661516,1905000.0,400000.0,0.0,0.0,5000.0,1.5,50.0,0.05,57.445507078635096
613829595,nakaseke,0.0,19779321.73522621,7490012.565973753,394234.46441576537,788468.9288315307,895240.2928360738,1745780.0,1745780.0,3445780.0,1791868.9288315307,46088.928831530735,1745780.0,0.0,0.0,0.0,0.0,2.5,34.6,0.0346,97.42788503723958
614807717,mukono,0.0,20166768.67704479,12488741.447423087,761359.6523066077,1522719.3046132154,1760009.4509038639,308000.0,308000.0,648000.0,2822719.3046132154,2514719.3046132154,278000.0,0.0,30000.0,0.0,0.0,0.5,320.0,0.32,10.911463973645224
615773415,mukono,75000.0,20166768.67704479,23526901.112771716,1467901.40964714,2935802.81929428,3393298.22134265,1171500.0,995500.0,1171500.0,5210802.819294279,4039302.81929428,889500.0,252000.0,30000.0,0.0,0.0,1.0,180.0,0.18,22.482140288675538
616587562,mukono,0.0,20166768.67704479,23526901.112771716,1467901.40964714,2935802.81929428,3393298.22134265,3340000.0,3340000.0,3340000.0,4655802.819294279,1315802.8192942794,3150000.0,150000.0,40000.0,0.0,0.0,2.0,100.0,0.1,71.73843329787478
617648818,mukono,0.0,20166768.67704479,27531183.545998648,1696309.3053391227,3392618.6106782453,3921301.0566138094,1335500.0,1335500.0,1335500.0,4592618.610678245,3257118.6106782453,1335500.0,0.0,0.0,0.0,0.0,0.75,253.33333333333334,0.25333333333333335,29.079270743162606
617656724,mukono,0.0,20166768.67704479,21286812.82228709,1315629.4791858178,2631258.9583716355,3041296.3311618757,1696750.0,1696750.0,1696750.0,5831258.9583716355,4134508.9583716355,1696750.0,0.0,0.0,0.0,0.0,1.0,165.0,0.165,29.097490132282054
618738718,mukono,1000000.0,20166768.67704479,36642867.2815305,2271897.2024829173,4543794.404965835,5251868.20149713,3232000.0,3232000.0,3232000.0,7943794.404965835,4711794.404965835,3232000.0,0.0,0.0,0.0,0.0,2.0,80.0,0.08,40.685846526687655
618740822,mukono,0.0,20166768.67704479,41453581.4993319,2555122.993140977,5110245.986281954,5906591.71723337,4753000.0,4753000.0,4753000.0,7510245.986281954,2757245.9862819538,4753000.0,0.0,0.0,0.0,0.0,3.0,46.666666666666664,0.04666666666666666,63.2868751393992
619306835,mukono,0.0,20166768.67704479,29771271.836483277,1848581.2358004448,3697162.4716008897,4273302.946794584,763000.0,463000.0,1103000.0,5697162.47160089,4934162.47160089,343000.0,400000.0,20000.0,0.0,0.0,0.5,240.0,0.24,13.39263192516254
619559199,mukono,0.0,20166768.67704479,23213288.752103876,1446583.339382555,2893166.67876511,3344017.956717342,400000.0,400000.0,4648000.0,20893166.67876511,20493166.67876511,400000.0,0.0,0.0,0.0,0.0,3.0,80.0,0.08,1.9145015504353502
619769613,mukono,0.0,20166768.67704479,34895598.4149525,2153125.096723087,4306250.193446174,4977306.727156128,5028000.0,5028000.0,5028000.0,8806250.193446174,3778250.1934461743,4848000.0,180000.0,0.0,0.0,0.0,3.0,80.0,0.08,57.09581137885408
620129760,mukono,0.0,20166768.67704479,26724751.76142419,1641491.4103730468,3282982.8207460935,3794580.3761487324,2854500.0,2554500.0,3814500.0,7782982.820746094,4928482.820746094,2414500.0,400000.0,40000.0,0.0,0.0,2.0,155.0,0.155,36.67616986627707
620157158,mukono,0.0,20166768.67704479,27531183.545998648,1696309.3053391227,3392618.6106782453,3921301.0566138094,1653500.0,1653500.0,1653500.0,9192618.610678244,7539118.610678243,1633500.0,0.0,20000.0,0.0,0.0,1.0,250.0,0.25,17.987257712174383
620418682,mukono,0.0,20166768.67704479,20166768.67704479,1239493.5139551575,2478987.027910315,2865295.3860714906,1100000.0,1100000.0,2815000.0,17278987.027910315,16178987.027910316,1100000.0,0.0,0.0,0.0,0.0,1.0,900.0,0.9,6.366113929151041
620699865,mukono,0.0,20166768.67704479,30398496.557818957,1891217.3763296145,3782434.752659229,4371863.4760452,2540000.0,2540000.0,2540000.0,6182434.75265923,3642434.75265923,2540000.0,0.0,0.0,0.0,0.0,2.0,50.0,0.05,41.084137586854084
620699988,mukono,0.0,20166768.67704479,18402574.534302462,1163357.5487244953,2326715.0974489907,2689294.4409811012,1730000.0,1730000.0,1730000.0,38326715.09744899,36596715.09744899,1730000.0,0.0,0.0,0.0,0.0,1.0,200.0,0.2,4.513822788103091
621075678,mukono,25000.0,20166768.67704479,27531183.545998648,1696309.3053391227,3392618.6106782453,3921301.0566138094,908000.0,888000.0,908000.0,4717618.610678245,3809618.6106782453,848000.0,40000.0,20000.0,0.0,0.0,0.5,480.0,0.48,19.246998855413157
621078199,mukono,0.0,20166768.67704479,16162486.243817862,1011085.618263175,2022171.23652635,2337292.550800331,1537500.0,1297500.0,1537500.0,4722171.23652635,3184671.2365263496,1007500.0,480000.0,50000.0,0.0,0.0,0.5,500.0,0.5,32.55917506987721
621497521,mukono,0.0,20166768.67704479,22720469.328197263,1413083.5146810643,2826167.0293621286,3266577.5408775723,44307.69230769231,44307.69230769231,1357307.6923076923,4276167.029362129,4231859.337054437,44307.69230769231,0.0,0.0,0.0,0.0,1.0,140.0,0.14,1.0361543878771649
622288485,mukono,0.0,20166768.67704479,23526901.112771716,1467901.40964714,2935802.81929428,3393298.22134265,1569000.0,1569000.0,2289000.0,8935802.81929428,7366802.819294279,1379000.0,150000.0,40000.0,0.0,0.0,1.5,266.6666666666667,0.26666666666666666,17.55857903010347
622289226,mukono,40000.0,20166768.67704479,37449299.06610497,2326715.0974489944,4653430.194897989,5378588.88196221,1351000.0,1051000.0,1351000.0,6693430.194897989,5342430.194897989,941000.0,400000.0,10000.0,0.0,0.0,0.5,360.0,0.36,20.183970858914588
622950844,mukono,0.0,20166768.67704479,32324972.487635724,2022171.23652635,4044342.4730527,4674585.101600662,3057000.0,2907000.0,3057000.0,8544342.4730527,5487342.473052699,2847000.0,200000.0,10000.0,0.0,0.0,2.0,130.0,0.13,35.778060273698316
622950959,mukono,0.0,20166768.67704479,4317894.793894773,249725.96595656732,499451.93191313464,577283.0998964673,1016250.0,956250.0,1016250.0,1499451.9319131346,483201.93191313464,936250.0,80000.0,0.0,0.0,0.0,0.5,350.0,0.35,67.77476345663028
622951178,mukono,0.0,20166768.67704479,23526901.112771716,1467901.40964714,2935802.81929428,3393298.22134265,5249000.0,5249000.0,5249000.0,7035802.819294279,1786802.8192942794,5019000.0,0.0,230000.0,0.0,0.0,3.0,140.0,0.14,74.6041373644763
623479319,mukono,0.0,20166768.67704479,16476098.604485705,1032403.6885277599,2064807.3770555197,2386572.8154256386,1575500.0,975500.0,2055500.0,5264807.37705552,3689307.3770555197,375500.0,1200000.0,0.0,0.0,0.0,0.5,180.0,0.18,29.925121417854022
623704150,mukono,0.0,20166768.67704479,30084884.19715111,1869899.3060650295,3739798.612130059,4322583.211419892,1977500.0,1827500.0,1977500.0,6039798.612130059,4062298.6121300594,1777500.0,200000.0,0.0,0.0,0.0,1.0,250.0,0.25,32.74115789272308
623704380,mukono,0.0,20166768.67704479,5124326.578469231,304543.8609226427,609087.7218452854,704003.7803615447,505250.0,505250.0,505250.0,1309087.7218452855,803837.7218452855,505250.0,0.0,0.0,0.0,0.0,0.5,150.0,0.15,38.595580079828515
624715344,mukono,0.0,20166768.67704479,7678027.2296217,478133.8616485498,956267.7232970996,1105285.9351676265,0.0,0.0,808000.0,2356267.7232970996,2356267.7232970996,0.0,0.0,0.0,0.0,0.0,0.5,80.0,0.08,0.0
631647480,mukono,0.0,20166768.67704479,23526901.112771716,1467901.40964714,2935802.81929428,3393298.22134265,7961250.0,7961250.0,7961250.0,6835802.819294279,-1125447.1807057206,7961250.0,0.0,0.0,0.0,0.0,5.0,55.0,0.055,116.46400884368853
632449589,mukono,0.0,20166768.67704479,22406856.967529416,1391765.4444164797,2783530.8888329593,3217297.276252265,5475000.0,5475000.0,5475000.0,6283530.888832959,808530.8888329593,5475000.0,0.0,0.0,0.0,0.0,2.0,300.0,0.3,87.13253896356467
632465838,mukono,0.0,20166768.67704479,23526901.112771716,1467901.40964714,2935802.81929428,3393298.22134265,2235000.0,2085000.0,2235000.0,6235802.819294279,4000802.81929428,2035000.0,200000.0,0.0,0.0,0.0,2.0,250.0,0.25,35.84141552848107
633165465,mukono,0.0,20166768.67704479,34895598.4149525,2153125.096723087,4306250.193446174,4977306.727156128,3105000.0,2955000.0,3105000.0,7706250.193446174,4601250.193446174,2865000.0,200000.0,40000.0,0.0,0.0,1.5,133.33333333333334,0.13333333333333333,40.29196979149036
633165662,mukono,0.0,20166768.67704479,43380057.42914866,2686076.8533377126,5372153.706675425,6209313.342788832,1189000.0,1042000.0,1189000.0,8172153.706675425,6983153.706675425,865000.0,214000.0,110000.0,0.0,0.0,0.5,200.0,0.2,14.549408181453623
634022615,mukono,0.0,20166768.67704479,12802353.808090933,782677.7225711925,1565355.445142385,1809289.7155291715,3880000.0,3580000.0,3880000.0,7865355.445142386,3985355.4451423846,3460000.0,400000.0,20000.0,0.0,0.0,2.0,200.0,0.2,49.330256300066814
634718321,mukono,0.0,20166768.67704479,23526901.112771716,1467901.40964714,2935802.81929428,3393298.22134265,710500.0,710500.0,710500.0,4735802.819294279,4025302.81929428,710500.0,0.0,0.0,0.0,0.0,0.5,200.0,0.2,15.00273611699647
634929270,mukono,150000.0,20166768.67704479,20166768.67704479,1239493.5139551575,2478987.027910315,2865295.3860714906,1085000.0,1085000.0,1085000.0,2708987.027910315,1623987.027910315,1085000.0,0.0,0.0,0.0,0.0,0.5,200.0,0.2,40.05187137558787
635102819,mukono,0.0,20166768.67704479,30891315.981725574,1924717.2010311047,3849434.4020622093,4449303.891884969,0.0,0.0,960000.0,5849434.402062209,5849434.402062209,0.0,0.0,0.0,0.0,0.0,0.5,400.0,0.4,0.0
635238371,mukono,0.0,20166768.67704479,30891315.981725574,1924717.2010311047,3849434.4020622093,4449303.891884969,2130000.0,1980000.0,2130000.0,7849434.402062209,5719434.402062209,1920000.0,200000.0,10000.0,0.0,0.0,1.0,400.0,0.4,27.135713108710164
635238449,mukono,0.0,20166768.67704479,27531183.545998648,1696309.3053391227,3392618.6106782453,3921301.0566138094,3575000.0,3575000.0,3575000.0,6592618.610678245,3017618.6106782453,3555000.0,0.0,20000.0,0.0,0.0,2.0,250.0,0.25,54.22731407834627
635238630,mukono,0.0,20166768.67704479,30891315.981725574,1924717.2010311047,3849434.4020622093,4449303.891884969,1192500.0,1042500.0,1192500.0,6449434.402062209,5256934.402062209,912500.0,260000.0,20000.0,0.0,0.0,0.5,300.0,0.3,18.489993473205924
635625333,mukono,300000.0,20166768.67704479,8798071.374864,554269.8268792101,1108539.6537584201,1281286.8802580119,730500.0,730500.0,1070500.0,1808539.6537584201,1078039.6537584201,730500.0,0.0,0.0,0.0,0.0,0.5,120.0,0.12,40.3917049030089
635859825,mukono,0.0,20166768.67704479,15042442.098575555,934949.6530325147,1869899.3060650295,2161291.605709946,1682500.0,1682500.0,1682500.0,3869899.3060650295,2187399.3060650295,1682500.0,0.0,0.0,0.0,0.0,1.0,150.0,0.15,43.476583418155926
635860002,mukono,0.0,20166768.67704479,34895598.4149525,2153125.096723087,4306250.193446174,4977306.727156128,2557500.0,2437500.0,3517500.0,7506250.193446174,4948750.193446174,2357500.0,160000.0,40000.0,0.0,0.0,2.0,125.0,0.125,34.071606116100334
635860179,mukono,0.0,20166768.67704479,23526901.112771716,1467901.40964714,2935802.81929428,3393298.22134265,3517500.0,3367500.0,3517500.0,7935802.819294279,4418302.819294279,3317500.0,200000.0,0.0,0.0,0.0,2.0,125.0,0.125,44.32443799445116
636134719,mukono,0.0,20166768.67704479,27531183.545998648,1696309.3053391227,3392618.6106782453,3921301.0566138094,4986538.461538462,4611538.461538462,12276538.461538462,30342618.610678244,25356080.149139784,4236538.461538462,750000.0,0.0,0.0,0.0,5.5,363.6363636363636,0.36363636363636365,16.434107172884506
636135880,mukono,0.0,20166768.67704479,19360336.892470334,1184675.618989082,2369351.237978164,2738574.705606413,0.0,0.0,1635000.0,5769351.237978164,5769351.237978164,0.0,0.0,0.0,0.0,0.0,1.0,100.0,0.1,0.0
636603058,mukono,0.0,20166768.67704479,7678027.2296217,478133.8616485498,956267.7232970996,1105285.9351676265,648750.0,648750.0,648750.0,2056267.7232970998,1407517.7232970996,638750.0,0.0,10000.0,0.0,0.0,0.5,300.0,0.3,31.54988003992831
636603136,mukono,0.0,20166768.67704479,16162486.243817862,1011085.618263175,2022171.23652635,2337292.550800331,956250.0,956250.0,956250.0,3522171.23652635,2565921.23652635,936250.0,0.0,20000.0,0.0,0.0,0.5,350.0,0.35,27.149446627787377
644152753,mukono,0.0,20166768.67704479,42573625.64457421,2631258.958371637,5262517.916743274,6082592.662323755,2140000.0,1840000.0,2140000.0,8362517.916743274,6222517.916743274,1730000.0,400000.0,10000.0,0.0,0.0,1.0,200.0,0.2,25.590378655157593
644152847,mukono,0.0,20166768.67704479,22720469.328197263,1413083.5146810643,2826167.0293621286,3266577.5408775723,936250.0,936250.0,936250.0,4026167.0293621286,3089917.0293621286,936250.0,0.0,0.0,0.0,0.0,0.5,350.0,0.35,23.254127143064192
644159669,mukono,0.0,20166768.67704479,19046724.531802487,1163357.5487244972,2326715.0974489944,2689294.440981105,1240500.0,1240500.0,1600500.0,5946715.097448994,4706215.097448994,1240500.0,0.0,0.0,0.0,0.0,0.75,213.33333333333334,0.21333333333333335,20.860256119082386
554400498,nakaseke,0.0,19779321.73522621,4336829.797190519,205905.89861205625,411811.7972241125,467577.7325640651,4369500.0,3769500.0,4369500.0,8924811.797224112,4555311.797224112,3519500.0,800000.0,0.0,0.0,50000.0,2.0,87.5,0.0875,48.95901559917541
559666632,nakaseke,0.0,19779321.73522621,15736788.99645548,833667.7846244206,1667335.5692488411,1893119.600137429,96923.07692307692,96923.07692307692,1349123.076923077,2807335.569248841,2710412.492325764,96923.07692307692,0.0,0.0,0.0,0.0,1.0,76.0,0.076,3.452493459804331
619306547,mukono,0.0,20166768.67704479,23526901.112771716,1467901.40964714,2935802.81929428,3393298.22134265,2107500.0,1507500.0,2107500.0,5755802.819294279,3648302.81929428,1287500.0,800000.0,20000.0,0.0,0.0,1.0,170.0,0.17,36.615222344576445
622485261,mukono,0.0,20166768.67704479,30891315.981725574,1924717.2010311047,3849434.4020622093,4449303.891884969,922000.0,922000.0,922000.0,4649434.402062209,3727434.402062209,922000.0,0.0,0.0,0.0,0.0,0.5,320.0,0.32,19.83036903566284
631647195,mukono,0.0,20166768.67704479,5124326.578469231,304543.8609226427,609087.7218452854,704003.7803615447,609500.0,609500.0,609500.0,1359087.7218452855,749587.7218452855,609500.0,0.0,0.0,0.0,0.0,0.25,240.0,0.24,44.84625901648633
565368592,nakaseke,0.0,19779321.73522621,4336829.797190519,205905.89861205625,411811.7972241125,467577.7325640651,0.0,0.0,988600.0,1110011.7972241126,1110011.7972241126,0.0,0.0,0.0,0.0,0.0,0.6,113.33333333333334,0.11333333333333334,0.0
584454693,nakaseke,0.0,19779321.73522621,5093593.6616984885,251104.75440494606,502209.5088098921,570216.7470293463,0.0,0.0,947750.0,1002209.5088098921,1002209.5088098921,0.0,0.0,0.0,0.0,0.0,0.6,41.66666666666667,0.04166666666666667,0.0
618738814,mukono,0.0,20166768.67704479,56988843.02181408,3523572.470874982,7047144.941749964,8145323.738783086,1706250.0,1706250.0,1706250.0,9647144.941749964,7940894.941749963,1706250.0,0.0,0.0,0.0,0.0,1.0,175.0,0.175,17.686579918747352
582503421,nakaseke,0.0,19779321.73522621,12583606.227672242,645339.2188207114,1290678.4376414227,1465457.0398654202,0.0,0.0,1594625.0,1980678.4376414227,1980678.4376414227,0.0,0.0,0.0,0.0,0.0,1.0,57.5,0.0575,0.0
589565846,nakaseke,0.0,19779321.73522621,20830382.65815397,1084772.5390293668,2169545.0780587336,2463336.3471667757,0.0,0.0,1597000.0,3739545.0780587336,3739545.0780587336,0.0,0.0,0.0,0.0,0.0,1.0,60.0,0.06,0.0
614850459,mukono,300000.0,20166768.67704479,8798071.374864,554269.8268792101,1108539.6537584201,1281286.8802580119,2274307.6923076925,2274307.6923076925,3714307.6923076925,3058539.65375842,784231.9614507277,1374307.6923076925,0.0,900000.0,0.0,0.0,3.0,60.0,0.06,74.35926781308716
556032422,nakaseke,0.0,19779321.73522621,14980025.131947506,788468.9288315307,1576937.8576630615,1790480.5856721476,657692.3076923077,657692.3076923077,657692.3076923077,6176937.8576630615,5519245.5499707535,657692.3076923077,0.0,0.0,0.0,0.0,1.0,180.0,0.18,10.647546127995763
558422563,nakaseke,0.0,19779321.73522621,8541073.488901505,457010.6530170022,914021.3060340044,1037794.4795934113,1200000.0,1200000.0,2858750.0,3614021.306034005,2414021.3060340043,0.0,0.0,0.0,1200000.0,0.0,1.0,125.0,0.125,33.20401011461854
585223034,nakaseke,0.0,19779321.73522621,20830382.65815397,1084772.5390293668,2169545.0780587336,2463336.3471667757,0.0,0.0,1119562.5,2511545.0780587336,2511545.0780587336,0.0,0.0,0.0,0.0,0.0,0.7,,0.0625,0.0
623704362,mukono,0.0,20166768.67704479,12802353.808090933,782677.7225711925,1565355.445142385,1809289.7155291715,1923000.0,1773000.0,1923000.0,3265355.445142385,1342355.445142385,1673000.0,230000.0,20000.0,0.0,0.0,1.0,140.0,0.14,58.890985447256504
633165535,mukono,0.0,20166768.67704479,32011360.126967877,2000853.1662617652,4001706.3325235303,4625304.836975354,1754000.0,1694000.0,1754000.0,6801706.33252353,5047706.33252353,1654000.0,80000.0,20000.0,0.0,0.0,1.0,120.0,0.12,25.787646720543446
634929225,mukono,0.0,20166768.67704479,12802353.808090933,782677.7225711925,1565355.445142385,1809289.7155291715,2845000.0,2845000.0,4205000.0,5665355.445142385,2820355.4451423846,2845000.0,0.0,0.0,0.0,0.0,2.0,150.0,0.15,50.2175022829216
636602878,mukono,0.0,20166768.67704479,23526901.112771716,1467901.40964714,2935802.81929428,3393298.22134265,3752500.0,3602500.0,3752500.0,7135802.819294279,3383302.81929428,3412500.0,200000.0,140000.0,0.0,0.0,2.0,175.0,0.175,52.586935135787805
558418973,nakaseke,0.0,19779321.73522621,15736788.99645548,833667.7846244206,1667335.5692488411,1893119.600137429,224615.38461538462,224615.38461538462,610215.3846153846,7631335.569248842,7406720.184633456,224615.38461538462,0.0,0.0,0.0,0.0,1.2,106.66666666666667,0.10666666666666667,2.943329939787901
613827164,nakaseke,0.0,19779321.73522621,5093593.6616984885,251104.75440494606,502209.5088098921,570216.7470293463,3013330.0,3013330.0,3013330.0,3462409.508809892,449079.508809892,2523330.0,450000.0,0.0,0.0,40000.0,2.0,67.25,0.06725,87.02985572136294
632876809,mukono,0.0,20166768.67704479,8798071.374864,554269.8268792101,1108539.6537584201,1281286.8802580119,250625.0,250625.0,420625.0,1428539.6537584201,1177914.6537584201,250625.0,0.0,0.0,0.0,0.0,0.25,150.0,0.15,17.54414022324249
559670838,nakaseke,0.0,19779321.73522621,23226801.562429227,1227902.249040186,2455804.498080372,2788359.8929735026,470186.25,470186.25,2210186.25,4729304.498080372,4259118.248080372,470186.25,0.0,0.0,0.0,0.0,1.5,106.33333333333333,0.10633333333333334,9.941974558644912
588625655,nakaseke,0.0,19779321.73522621,19779321.73522621,1021996.3504281297,2043992.7008562593,2320782.160409438,3247600.0,2692600.0,3247600.0,5889992.700856259,2642392.700856259,2507600.0,740000.0,0.0,0.0,0.0,1.5,138.66666666666666,0.13866666666666666,55.13758955130589
550732633,nakaseke,0.0,19779321.73522621,19779321.73522621,1021996.3504281297,2043992.7008562593,2320782.160409438,300000.0,300000.0,1212000.0,3956992.7008562596,3656992.7008562596,300000.0,0.0,0.0,0.0,0.0,0.6,375.0,0.375,7.581515122205874
550740078,nakaseke,0.0,19779321.73522621,19316854.929138027,994374.8274435869,1988749.6548871738,2258058.318236213,306298.07692307694,206298.07692307694,3106298.076923077,3349755.1048871735,3043457.027964097,106298.07692307692,200000.0,0.0,0.0,0.0,4.0,6.25,0.00625,9.143894623108388
552802393,nakaseke,0.0,19779321.73522621,15736788.99645548,833667.7846244206,1667335.5692488411,1893119.600137429,37076.92307692308,37076.92307692308,377076.9230769231,12383335.56924884,12346258.646171916,37076.92307692308,0.0,0.0,0.0,0.0,0.5,500.0,0.5,0.2994098227378661
553314788,nakaseke,0.0,19779321.73522621,34759346.86717372,1810465.2792596603,3620930.5585193206,4111262.7460815855,5565000.0,5145000.0,5565000.0,11573180.55851932,6008180.558519321,4975000.0,560000.0,0.0,0.0,30000.0,2.5,120.0,0.12,48.08531217378664
556033462,nakaseke,0.0,19779321.73522621,9297837.353409477,502209.5088098921,1004419.0176197842,1140433.4940586926,511440.0,511440.0,1191440.0,6791419.017619784,6279979.017619784,511440.0,0.0,0.0,0.0,0.0,1.0,288.0,0.288,7.530679504137655
557694485,nakaseke,90000.0,19779321.73522621,14685728.073527724,770891.5960231835,1541783.192046367,1750565.4133800915,75000.0,75000.0,311000.0,1771783.192046367,1696783.192046367,45000.0,0.0,30000.0,0.0,0.0,0.2,22.5,0.0225,4.233023562740586
557694682,nakaseke,0.0,19779321.73522621,11826842.363164272,600140.3630278216,1200280.7260556433,1362818.0254001392,50000.0,50000.0,1597125.0,1315280.7260556433,1265280.7260556433,0.0,0.0,50000.0,0.0,0.0,1.0,7.5,0.0075,3.801469831458987
557711753,nakaseke,0.0,19779321.73522621,19316854.929138027,994374.8274435869,1988749.6548871738,2258058.318236213,0.0,0.0,3183075.0,3738749.6548871743,3738749.6548871743,0.0,0.0,0.0,0.0,0.0,2.0,54.25,0.05425,0.0
557713215,nakaseke,0.0,19779321.73522621,22175740.63950148,1165126.0604389491,2330252.1208778983,2645805.706216166,0.0,0.0,1173000.0,3442752.1208778983,3442752.1208778983,0.0,0.0,0.0,0.0,0.0,0.7,142.85714285714286,0.14285714285714285,0.0
558375556,nakaseke,0.0,19779321.73522621,22175740.63950148,1165126.0604389491,2330252.1208778983,2645805.706216166,380000.0,300000.0,1231875.0,2740252.1208778983,2360252.1208778983,220000.0,160000.0,0.0,0.0,0.0,1.0,12.5,0.0125,13.867337136783565
565368815,nakaseke,0.0,19779321.73522621,5093593.6616984885,251104.75440494606,502209.5088098921,570216.7470293463,1781800.0,1781800.0,1781800.0,1952209.508809892,170409.508809892,1721800.0,50000.0,0.0,0.0,10000.0,1.0,88.0,0.088,91.27094156437249
583503314,nakaseke,0.0,19779321.73522621,12583606.227672242,645339.2188207114,1290678.4376414227,1465457.0398654202,4868700.0,4768700.0,5468700.0,4989678.437641423,120978.4376414232,4658700.0,200000.0,0.0,0.0,10000.0,3.0,85.0,0.085,97.57542616917397
592192864,nakaseke,0.0,19779321.73522621,8541073.488901505,457010.6530170022,914021.3060340044,1037794.4795934113,2842000.5,2842000.5,2842000.5,3314021.3060340043,472020.8060340043,2542000.0,300000.0,0.0,0.0,0.5,1.3,307.6923076923077,0.30769230769230765,85.75685662688491
614807974,mukono,0.0,20166768.67704479,27531183.545998648,1696309.3053391227,3392618.6106782453,3921301.0566138094,313700.0,313700.0,823700.0,4492618.610678245,4178918.6106782453,303700.0,0.0,10000.0,0.0,0.0,0.75,186.66666666666666,0.18666666666666665,6.982564672958986
614850566,mukono,0.0,20166768.67704479,5124326.578469231,304543.8609226427,609087.7218452854,704003.7803615447,1248519.2307692308,908519.2307692308,1748519.2307692308,6809087.721845286,5560568.491076054,568519.2307692308,680000.0,0.0,0.0,0.0,1.0,150.0,0.15,18.33607205211446
615761193,mukono,0.0,20166768.67704479,32011360.126967877,2000853.1662617652,4001706.3325235303,4625304.836975354,1500000.0,900000.0,4900000.0,13501706.33252353,12001706.33252353,700000.0,800000.0,0.0,0.0,0.0,5.0,301.0,0.301,11.109706899688161
615773611,mukono,0.0,20166768.67704479,7678027.2296217,478133.8616485498,956267.7232970996,1105285.9351676265,631500.0,631500.0,631500.0,2356267.7232970996,1724767.7232970998,599500.0,0.0,32000.0,0.0,0.0,0.5,200.0,0.2,26.800859416617946
616675567,mukono,0.0,20166768.67704479,32011360.126967877,2000853.1662617652,4001706.3325235303,4625304.836975354,0.0,0.0,3086175.0,5901706.33252353,5901706.33252353,0.0,0.0,0.0,0.0,0.0,2.0,3.25,0.00325,0.0
617462488,mukono,0.0,20166768.67704479,15042442.098575555,934949.6530325147,1869899.3060650295,2161291.605709946,738461.5384615385,638461.5384615385,2169711.5384615385,6519899.306065029,5781437.7676034905,538461.5384615385,200000.0,0.0,0.0,0.0,2.0,37.5,0.0375,11.326272136972985
617463415,mukono,0.0,20166768.67704479,34895598.4149525,2153125.096723087,4306250.193446174,4977306.727156128,490000.0,470000.0,765500.0,7306250.193446174,6816250.193446174,450000.0,40000.0,0.0,0.0,0.0,0.5,180.0,0.18,6.706586648778303
617648934,mukono,0.0,20166768.67704479,27531183.545998648,1696309.3053391227,3392618.6106782453,3921301.0566138094,1720500.0,1720500.0,1720500.0,5792618.610678245,4072118.6106782453,1720500.0,0.0,0.0,0.0,0.0,1.0,190.0,0.19,29.701592934642562
619547863,mukono,0.0,20166768.67704479,20166768.67704479,1239493.5139551575,2478987.027910315,2865295.3860714906,0.0,0.0,1730000.0,4728987.0279103145,4728987.0279103145,0.0,0.0,0.0,0.0,0.0,1.0,200.0,0.2,0.0
619769827,mukono,0.0,20166768.67704479,15042442.098575555,934949.6530325147,1869899.3060650295,2161291.605709946,1635000.0,1635000.0,1635000.0,2679899.3060650295,1044899.3060650295,1635000.0,0.0,0.0,0.0,0.0,1.0,100.0,0.1,61.00975496727584
619769984,mukono,0.0,20166768.67704479,8484459.01419616,532951.7566146252,1065903.5132292504,1232006.6156327042,1170450.0,1170450.0,1170450.0,2865903.5132292504,1695453.5132292504,1170450.0,0.0,0.0,0.0,0.0,1.0,130.0,0.13,40.84052357649533
620417365,mukono,0.0,20166768.67704479,27844795.906666487,1717627.375603707,3435254.751207414,3970581.321239117,430008.0,430008.0,1335133.0,10035254.751207415,9605246.751207415,230008.0,200000.0,0.0,0.0,0.0,1.0,47.5,0.0475,4.284973432769732
620699936,mukono,0.0,20166768.67704479,13115966.168758776,803995.7928357772,1607991.5856715543,1858569.9801544792,3270000.0,3270000.0,3270000.0,4807991.585671554,1537991.5856715543,3270000.0,0.0,0.0,0.0,0.0,2.0,100.0,0.1,68.01176627981273
620700057,mukono,600000.0,20166768.67704479,12802353.808090933,782677.7225711925,1565355.445142385,1809289.7155291715,3389000.0,3339000.0,3389000.0,4965355.445142385,1576355.4451423846,3289000.0,100000.0,0.0,0.0,0.0,2.0,110.0,0.11,68.25291839510632
621078668,mukono,62500.0,20166768.67704479,24646945.25801402,1544037.3748778002,3088074.7497556005,3569299.1664330354,883000.0,883000.0,883000.0,10550574.7497556,9667574.7497556,859000.0,10000.0,14000.0,0.0,0.0,0.5,440.0,0.44,8.36921230305917
621640204,mukono,0.0,20166768.67704479,27531183.545998648,1696309.3053391227,3392618.6106782453,3921301.0566138094,908000.0,808000.0,1008000.0,3522618.6106782453,2614618.6106782453,708000.0,200000.0,0.0,0.0,0.0,0.5,80.0,0.08,25.776278966094875
621642449,mukono,40000.0,20166768.67704479,19046724.531802487,1163357.5487244972,2326715.0974489944,2689294.440981105,648600.0,648600.0,748600.0,2566715.0974489944,1918115.0974489942,648600.0,0.0,0.0,0.0,0.0,0.5,56.0,0.056,25.26965305361044
622289483,mukono,0.0,20166768.67704479,37762911.426772796,2348033.167713578,4696066.335427156,5427869.146587514,798850.0,648850.0,798850.0,5596066.335427156,4797216.335427156,598850.0,200000.0,0.0,0.0,0.0,0.5,180.0,0.18,14.27520604862563
622485078,mukono,0.0,20166768.67704479,13608785.59266539,837495.617537268,1674991.235074536,1936010.3959942488,9525000.0,9525000.0,9525000.0,14174991.235074535,4649991.235074535,9525000.0,0.0,0.0,0.0,0.0,6.0,50.0,0.05,67.19580874541484
623981243,mukono,300000.0,20166768.67704479,11682309.66284863,706541.7573405321,1413083.5146810643,1633288.7704387861,1749450.0,1749450.0,3109450.0,2063083.5146810643,313633.5146810643,1749450.0,0.0,0.0,0.0,0.0,2.0,15.5,0.0155,84.79782750192982
624290457,mukono,0.0,20166768.67704479,23526901.112771716,1467901.40964714,2935802.81929428,3393298.22134265,2102000.0,1952000.0,2102000.0,7335802.819294279,5233802.819294279,1882000.0,200000.0,20000.0,0.0,0.0,1.0,360.0,0.36,28.653987188306367
624291333,mukono,0.0,20166768.67704479,19046724.531802487,1163357.5487244972,2326715.0974489944,2689294.440981105,1953000.0,1773000.0,1953000.0,4726715.097448994,2773715.0974489944,1673000.0,260000.0,20000.0,0.0,0.0,1.0,140.0,0.14,41.31833545571708
624292438,mukono,0.0,20166768.67704479,16162486.243817862,1011085.618263175,2022171.23652635,2337292.550800331,1083000.0,963000.0,1083000.0,4022171.23652635,2939171.23652635,903000.0,160000.0,20000.0,0.0,0.0,0.5,280.0,0.28,26.925755675566577
631647010,mukono,10000.0,20166768.67704479,29278452.412576642,1815081.4110989524,3630162.822197905,4195862.53095481,2559375.0,2559375.0,2559375.0,4915162.822197905,2355787.822197905,2559375.0,0.0,0.0,0.0,0.0,1.0,175.0,0.175,52.07101153274773
633165312,mukono,0.0,20166768.67704479,7678027.2296217,478133.8616485498,956267.7232970996,1105285.9351676265,1715000.0,1655000.0,1715000.0,2356267.7232970996,641267.7232970996,1635000.0,80000.0,0.0,0.0,0.0,1.0,100.0,0.1,72.7845984156766
633706793,mukono,0.0,20166768.67704479,23840513.473439563,1489219.4799117248,2978438.9598234496,3442578.4859679574,413500.0,413500.0,413500.0,3778438.9598234496,3364938.9598234496,413500.0,0.0,0.0,0.0,0.0,0.25,120.0,0.12,10.943672887051777
634022985,mukono,0.0,20166768.67704479,11682309.66284863,706541.7573405321,1413083.5146810643,1633288.7704387861,1682500.0,1682500.0,1682500.0,2713083.5146810645,1030583.5146810645,1682500.0,0.0,0.0,0.0,0.0,1.0,150.0,0.15,62.01430921295417
634718242,mukono,0.0,20166768.67704479,20166768.67704479,1239493.5139551575,2478987.027910315,2865295.3860714906,6962000.0,6812000.0,6962000.0,10478987.027910315,3516987.0279103145,6635000.0,267000.0,60000.0,0.0,0.0,4.0,125.0,0.125,66.43771942323265
635238561,mukono,0.0,20166768.67704479,19673949.253138177,1205993.689253667,2411987.378507334,2787854.9702317207,865000.0,865000.0,865000.0,4411987.378507334,3546987.378507334,865000.0,0.0,0.0,0.0,0.0,0.5,200.0,0.2,19.605677119879868
636135365,mukono,0.0,20166768.67704479,15042442.098575555,934949.6530325147,1869899.3060650295,2161291.605709946,20000.0,20000.0,1025000.0,5769899.306065029,5749899.306065029,20000.0,0.0,0.0,0.0,0.0,0.5,1000.0,1.0,0.3466264996856531
636136285,mukono,0.0,20166768.67704479,22406856.967529416,1391765.4444164797,2783530.8888329593,3217297.276252265,0.0,0.0,1245000.0,9183530.88883296,9183530.88883296,0.0,0.0,0.0,0.0,0.0,0.5,1200.0,1.0,0.0
616674531,mukono,0.0,20166768.67704479,15042442.098575555,934949.6530325147,1869899.3060650295,2161291.605709946,657692.3076923077,657692.3076923077,2507692.307692308,8969899.30606503,8312206.9983727215,432692.3076923077,225000.0,0.0,0.0,0.0,1.5,266.6666666666667,0.26666666666666666,7.332215058953969
557715625,nakaseke,0.0,19779321.73522621,11826842.363164272,600140.3630278216,1200280.7260556433,1362818.0254001392,0.0,0.0,882575.0,2850280.7260556435,2850280.7260556435,0.0,0.0,0.0,0.0,0.0,0.5,237.0,0.237,0.0
582503133,nakaseke,0.0,19779321.73522621,15736788.99645548,833667.7846244206,1667335.5692488411,1893119.600137429,1493721.153846154,1493721.153846154,1493721.153846154,3427335.569248841,1933614.4154026874,1413721.153846154,50000.0,0.0,0.0,30000.0,2.0,52.5,0.0525,43.58257671785341
586804272,nakaseke,270000.0,19779321.73522621,31473577.99291096,1667335.5692488411,3334671.1384976823,3786239.200274858,3145066.153846154,3055066.153846154,3145066.153846154,8682471.138497682,5537404.984651528,2915066.153846154,180000.0,0.0,0.0,50000.0,3.0,86.5,0.0865,36.22316853897819
620699783,mukono,0.0,20166768.67704479,11682309.66284863,706541.7573405321,1413083.5146810643,1633288.7704387861,3098050.0,3098050.0,3098050.0,4213083.5146810645,1115033.5146810645,3098050.0,0.0,0.0,0.0,0.0,2.0,9.5,0.0095,73.53402773062585
550738751,nakaseke,0.0,19779321.73522621,7490012.565973753,394234.46441576537,788468.9288315307,895240.2928360738,80000.0,80000.0,1617100.0,1188468.9288315307,1108468.9288315307,80000.0,0.0,0.0,0.0,0.0,1.0,18.0,0.018,6.731349727304503
589566299,nakaseke,0.0,19779321.73522621,8541073.488901505,457010.6530170022,914021.3060340044,1037794.4795934113,0.0,0.0,1582750.0,1454021.3060340043,1454021.3060340043,0.0,0.0,0.0,0.0,0.0,1.0,45.0,0.045,0.0
556042851,nakaseke,240000.0,19779321.73522621,11532545.30474449,582563.0302194746,1165126.0604389491,1322902.853108083,749692.3076923077,654692.3076923077,749692.3076923077,2655126.060438949,1905433.7527466412,559692.3076923077,190000.0,0.0,0.0,0.0,1.2,,0.0625,28.235657766410068
581667076,nakaseke,0.0,19779321.73522621,12289309.169252455,627761.8860123643,1255523.7720247286,1425541.8675733637,1445153.846153846,1445153.846153846,1485153.846153846,2537123.7720247284,1091969.9258708823,1360153.846153846,70000.0,0.0,0.0,15000.0,2.0,49.5,0.0495,56.96032105680655
561201812,nakaseke,0.0,19779321.73522621,19022557.87071824,976797.49463524,1953594.98927048,2218143.1459441567,665000.0,515000.0,1439000.0,2983594.98927048,2318594.98927048,165000.0,300000.0,50000.0,0.0,150000.0,0.9,250000.0,1.0,22.288547956121867
561202655,nakaseke,0.0,19779321.73522621,15442491.938035693,816090.4518160734,1632180.9036321468,1853204.4278453726,880000.0,660000.0,1720000.0,2267180.903632147,1387180.9036321468,280000.0,440000.0,70000.0,0.0,90000.0,1.0,12.5,0.0125,38.81472354456551
622951271,mukono,0.0,20166768.67704479,41929475.64707418,2631258.9583716355,5262517.916743271,6082592.6623237515,1270800.0,1120800.0,1270800.0,9262517.916743271,7991717.916743271,1060800.0,210000.0,0.0,0.0,0.0,0.75,240.0,0.24,13.719811518019897
623479194,mukono,600000.0,20166768.67704479,25766989.40325632,1620173.3401084603,3240346.6802169206,3745300.1115234196,4810000.0,4810000.0,4810000.0,7440346.680216921,2630346.6802169206,4810000.0,0.0,0.0,0.0,0.0,3.0,66.66666666666667,0.06666666666666667,64.64752526638674
633859954,mukono,0.0,20166768.67704479,33131404.27221017,2076989.1314924252,4153978.2629848504,4801305.782065739,0.0,0.0,1007500.0,6853978.262984851,6853978.262984851,0.0,0.0,0.0,0.0,0.0,0.5,500.0,0.5,0.0
634322609,mukono,0.0,20166768.67704479,12309534.38418432,749177.897869702,1498355.795739404,1731849.2996894019,1212000.0,1212000.0,1692000.0,3298355.795739404,2086355.7957394042,1212000.0,0.0,0.0,0.0,0.0,1.0,160.0,0.16,36.74558098206327
634718422,mukono,0.0,20166768.67704479,9604503.15943846,609087.7218452854,1218175.4436905708,1408007.5607230894,1750000.0,1750000.0,1750000.0,2955175.443690571,1205175.4436905708,1730000.0,0.0,20000.0,0.0,0.0,1.0,200.0,0.2,59.218142318295406
618738459,mukono,0.0,20166768.67704479,20166768.67704479,1239493.5139551575,2478987.027910315,2865295.3860714906,6397500.0,6397500.0,6397500.0,7878987.0279103145,1481487.0279103145,6397500.0,0.0,0.0,0.0,0.0,4.0,62.5,0.0625,81.19698607622612
552806909,nakaseke,0.0,19779321.73522621,23226801.562429227,1227902.249040186,2455804.498080372,2788359.8929735026,32769.230769230766,32769.230769230766,277119.2307692308,4043924.498080372,4011155.267311141,32769.230769230766,0.0,0.0,0.0,0.0,0.2,65.0,0.065,0.8103324081541616
557694859,nakaseke,0.0,19779321.73522621,14685728.073527724,770891.5960231835,1541783.192046367,1750565.4133800915,55000.0,55000.0,511000.0,1631783.192046367,1576783.192046367,55000.0,0.0,0.0,0.0,0.0,0.3,33.333333333333336,0.03333333333333333,3.3705458095218064
589566059,nakaseke,540000.0,19779321.73522621,23983565.4269372,1273101.1048330758,2546202.2096661516,2890998.9074387844,11300903.846153848,11300903.846153848,11300903.846153848,10686202.209666152,-614701.6364876963,10920903.846153848,300000.0,0.0,0.0,80000.0,8.0,65.625,0.065625,105.75229276432437
593200247,nakaseke,0.0,19779321.73522621,14391431.015107967,753314.2632148382,1506628.5264296765,1710650.2410880392,8817000.0,8817000.0,8817000.0,34786633.526429676,25969633.526429676,6967000.0,1770000.0,0.0,0.0,80000.0,6.0,43.333333333333336,0.043333333333333335,25.345942122571735
613820537,nakaseke,0.0,19779321.73522621,31179280.934491195,1649758.2364404956,3299516.472880991,3746324.027982805,6522000.0,6522000.0,6522000.0,8839516.472880991,2317516.472880991,6502000.0,0.0,0.0,0.0,20000.0,4.0,90.0,0.09,73.78231626140449
614808240,mukono,75000.0,20166768.67704479,41453581.4993319,2555122.993140977,5110245.986281954,5906591.71723337,341375.0,341375.0,341375.0,6985245.986281954,6643870.986281954,341375.0,0.0,0.0,0.0,0.0,0.5,10.0,0.01,4.887086305484628
615773753,mukono,90000.0,20166768.67704479,33775554.269710205,2076989.1314924276,4153978.262984855,4801305.782065744,1839500.0,1199500.0,1839500.0,6943978.262984855,5104478.262984855,889500.0,880000.0,70000.0,0.0,0.0,1.0,150.0,0.15,26.490578315970918
617460629,mukono,0.0,20166768.67704479,23213288.752103876,1446583.339382555,2893166.67876511,3344017.956717342,300000.0,150000.0,1255000.0,24193166.67876511,23893166.67876511,100000.0,200000.0,0.0,0.0,0.0,1.0,100.0,0.1,1.2400195641330276
617461111,mukono,0.0,20166768.67704479,5124326.578469231,304543.8609226427,609087.7218452854,704003.7803615447,0.0,0.0,2357500.0,1309087.7218452855,1309087.7218452855,0.0,0.0,0.0,0.0,0.0,1.5,33.333333333333336,0.03333333333333333,0.0
617461597,mukono,0.0,20166768.67704479,34895598.4149525,2153125.096723087,4306250.193446174,4977306.727156128,19230.76923076923,19230.76923076923,380480.76923076925,4426250.193446174,4407019.424215405,19230.76923076923,0.0,0.0,0.0,0.0,0.5,150.0,0.15,0.43447090404522765
618056660,mukono,0.0,20166768.67704479,13922397.953333233,858813.6878018528,1717627.3756037056,1985290.660619557,675600.0,675600.0,1355600.0,3617627.3756037056,2942027.3756037056,665600.0,0.0,10000.0,0.0,0.0,1.0,240.0,0.24,18.67522356105724
618502638,mukono,0.0,20166768.67704479,5124326.578469231,304543.8609226427,609087.7218452854,704003.7803615447,973000.0,973000.0,2333000.0,5420087.721845284,4447087.721845284,953000.0,0.0,20000.0,0.0,0.0,2.0,100.0,0.1,17.951738974230835
618738618,mukono,0.0,20166768.67704479,32638584.848303564,2043489.306790935,4086978.61358187,4723865.36622597,3251000.0,3251000.0,3251000.0,7486978.613581869,4235978.61358187,3251000.0,0.0,0.0,0.0,0.0,2.0,90.0,0.09,43.42205538162582
619308856,mukono,0.0,20166768.67704479,27531183.545998648,1696309.3053391227,3392618.6106782453,3921301.0566138094,1940000.0,1640000.0,4625000.0,16392618.610678244,14452618.610678244,1450000.0,400000.0,90000.0,0.0,0.0,2.5,120.0,0.12,11.834594862935889
620131758,mukono,0.0,20166768.67704479,5124326.578469231,304543.8609226427,609087.7218452854,704003.7803615447,1274100.0,914100.0,1274100.0,2309087.7218452855,1034987.7218452856,704100.0,520000.0,50000.0,0.0,0.0,0.5,280.0,0.28,55.177635216985834
621077765,mukono,62500.0,20166768.67704479,35371492.56269478,2229261.061953746,4458522.123907492,5153307.672246509,2747750.0,2747750.0,2747750.0,8021022.123907492,5273272.123907492,2687750.0,0.0,60000.0,0.0,0.0,1.5,416.6666666666667,0.4166666666666667,34.25685601601877
622950517,mukono,0.0,20166768.67704479,16162486.243817862,1011085.618263175,2022171.23652635,2337292.550800331,10420000.0,10220000.0,10420000.0,14822171.23652635,4402171.23652635,10000000.0,400000.0,20000.0,0.0,0.0,6.0,133.33333333333334,0.13333333333333333,70.30009189424248
623178431,mukono,0.0,20166768.67704479,34089166.63037805,2098307.201757012,4196614.403514024,4850586.046691051,0.0,0.0,1872500.0,7036614.403514025,7036614.403514025,0.0,0.0,0.0,0.0,0.0,1.0,350.0,0.35,0.0
623271316,mukono,0.0,20166768.67704479,16162486.243817862,1011085.618263175,2022171.23652635,2337292.550800331,27692.307692307695,27692.307692307695,760192.3076923077,14772171.23652635,14744478.928834042,27692.307692307695,0.0,0.0,0.0,0.0,0.5,300.0,0.3,0.18746267727952154
623272577,mukono,0.0,20166768.67704479,12802353.808090933,782677.7225711925,1565355.445142385,1809289.7155291715,0.0,0.0,865000.0,22565355.445142385,22565355.445142385,0.0,0.0,0.0,0.0,0.0,0.5,200.0,0.2,0.0
624293459,mukono,0.0,20166768.67704479,12802353.808090933,782677.7225711925,1565355.445142385,1809289.7155291715,1124500.0,974500.0,1124500.0,3665355.4451423855,2540855.445142385,874500.0,230000.0,20000.0,0.0,0.0,0.5,220.0,0.22,30.67915286334031
624713073,mukono,0.0,20166768.67704479,8798071.374864,554269.8268792101,1108539.6537584201,1281286.8802580119,0.0,0.0,1630250.0,6508539.65375842,6508539.65375842,0.0,0.0,0.0,0.0,0.0,1.0,95.0,0.095,0.0
624713879,mukono,0.0,20166768.67704479,46247370.44096898,2880984.9243282042,5761969.8486564085,6659875.7622202225,0.0,0.0,4715000.0,8446969.848656408,8446969.848656408,0.0,0.0,0.0,0.0,0.0,3.0,33.333333333333336,0.03333333333333333,0.0
625320144,mukono,0.0,20166768.67704479,16162486.243817862,1011085.618263175,2022171.23652635,2337292.550800331,720769.2307692308,370769.23076923075,2726269.230769231,9182171.23652635,8461402.00575712,220769.23076923078,500000.0,0.0,0.0,0.0,2.0,45.0,0.045,7.849660088041448
628089142,mukono,0.0,20166768.67704479,5124326.578469231,304543.8609226427,609087.7218452854,704003.7803615447,0.0,0.0,1568500.0,6449087.721845285,6449087.721845285,0.0,0.0,0.0,0.0,0.0,1.0,30.0,0.03,0.0
628089849,mukono,0.0,20166768.67704479,23526901.112771716,1467901.40964714,2935802.81929428,3393298.22134265,158461.53846153847,148461.53846153847,1433461.5384615385,7335802.819294279,7177341.2808327405,138461.53846153847,20000.0,0.0,0.0,0.0,1.0,100.0,0.1,2.1601117473435965
628775275,mukono,0.0,20166768.67704479,31204928.342393417,1946035.2712956895,3892070.542591379,4498584.156510277,4161538.4615384615,2661538.4615384615,11026538.461538462,59892070.54259138,55730532.081052914,2161538.4615384615,2000000.0,0.0,0.0,0.0,4.0,775.0,0.775,6.9483963800834765
630120893,mukono,0.0,20166768.67704479,15042442.098575555,934949.6530325147,1869899.3060650295,2161291.605709946,0.0,0.0,1872500.0,5769899.306065029,5769899.306065029,0.0,0.0,0.0,0.0,0.0,1.0,350.0,0.35,0.0
632524617,mukono,0.0,20166768.67704479,20166768.67704479,1239493.5139551575,2478987.027910315,2865295.3860714906,0.0,0.0,1197500.0,11218987.027910315,11218987.027910315,0.0,0.0,0.0,0.0,0.0,0.5,900.0,0.9,0.0
633860632,mukono,0.0,20166768.67704479,23034081.68886511,1434401.5849456494,2868803.1698912987,3315857.8055028804,461923.07692307694,361923.07692307694,961923.076923077,11268803.169891298,10806880.092968222,261923.07692307694,200000.0,0.0,0.0,0.0,1.0,360.0,0.36,4.099131646537871
633861486,mukono,0.0,20166768.67704479,16162486.243817862,1011085.618263175,2022171.23652635,2337292.550800331,0.0,0.0,993250.0,9432171.23652635,9432171.23652635,0.0,0.0,0.0,0.0,0.0,0.5,470.0,0.47,0.0
634021883,mukono,0.0,20166768.67704479,27531183.545998648,1696309.3053391227,3392618.6106782453,3921301.0566138094,3905000.0,3755000.0,3905000.0,9992618.610678244,6087618.610678244,3555000.0,300000.0,50000.0,0.0,0.0,2.0,250.0,0.25,39.07884561737466
634952329,mukono,0.0,20166768.67704479,27844795.906666487,1717627.375603707,3435254.751207414,3970581.321239117,18476923.076923076,11876923.076923076,30621923.076923076,60435254.75120741,41958331.67428434,9676923.076923076,8800000.0,0.0,0.0,0.0,9.0,388.8888888888889,0.3888888888888889,30.57308710451648
635102211,mukono,0.0,20166768.67704479,30398496.557818934,1891217.376329613,3782434.752659226,4371863.476045196,110769.23076923077,110769.23076923077,1579269.2307692308,24782434.752659224,24671665.521889992,110769.23076923077,0.0,0.0,0.0,0.0,1.0,430.0,0.43,0.4469666999016104
635102285,mukono,0.0,20166768.67704479,11682309.66284863,706541.7573405321,1413083.5146810643,1633288.7704387861,0.0,0.0,480000.0,5113083.5146810645,5113083.5146810645,0.0,0.0,0.0,0.0,0.0,0.25,400.0,0.4,0.0
623184098,mukono,0.0,20166768.67704479,38255730.85067943,2381532.9924150696,4763065.984830139,5505309.562427288,60000.0,60000.0,1381250.0,7763065.984830139,7703065.984830139,60000.0,0.0,0.0,0.0,0.0,1.0,275.0,0.275,0.7728905063701174
554408234,nakaseke,0.0,19779321.73522621,19316854.929138027,994374.8274435869,1988749.6548871738,2258058.318236213,180000.0,180000.0,954000.0,2538749.654887174,2358749.654887174,140000.0,0.0,40000.0,0.0,0.0,0.9,16.666666666666668,0.016666666666666666,7.090104361156456
556042141,nakaseke,0.0,19779321.73522621,14980025.131947506,788468.9288315307,1576937.8576630615,1790480.5856721476,160000.0,160000.0,462250.0,1996937.8576630615,1836937.8576630615,100000.0,0.0,60000.0,0.0,0.0,0.3,50.0,0.05,8.012267351536003
559614978,nakaseke,0.0,19779321.73522621,29960050.263895012,1576937.8576630615,3153875.715326123,3580961.171344295,630000.0,570000.0,1110000.0,4653875.715326123,4023875.715326123,510000.0,120000.0,0.0,0.0,0.0,1.0,,0.0625,13.53710409423455
581570782,nakaseke,0.0,19779321.73522621,22175740.63950148,1165126.0604389491,2330252.1208778983,2645805.706216166,1114615.3846153845,884615.3846153846,1594615.3846153845,4056352.1208778983,2941736.736262514,344615.3846153846,460000.0,280000.0,0.0,30000.0,1.0,25.0,0.025,27.47826991839538
553316435,nakaseke,0.0,19779321.73522621,15736788.99645548,0.0,0.0,0.0,520000.0,440000.0,520000.0,2165100.0,1645100.0,300000.0,160000.0,60000.0,0.0,0.0,0.0,,0.0625,24.017366403399382
558375760,nakaseke,0.0,19779321.73522621,7490012.565973753,0.0,0.0,0.0,25000.0,25000.0,25000.0,150000.0,125000.0,0.0,0.0,25000.0,0.0,0.0,0.0,,0.0625,16.666666666666664
559615316,nakaseke,2000000.0,19779321.73522621,22932504.504009448,1210324.9162318388,2420649.8324636775,2748444.7206814466,670000.0,490000.0,1710000.0,5620649.832463678,4950649.832463678,210000.0,360000.0,100000.0,0.0,0.0,1.0,50.0,0.05,11.920329854569884
630121155,mukono,0.0,20166768.67704479,23840513.473439563,1489219.4799117248,2978438.9598234496,3442578.4859679574,13846.153846153848,13846.153846153848,888846.1538461539,8378438.95982345,8364592.805977297,13846.153846153848,0.0,0.0,0.0,0.0,0.5,600.0,0.6,0.16525935096680125
630121646,mukono,0.0,20166768.67704479,11682309.66284863,706541.7573405321,1413083.5146810643,1633288.7704387861,169230.76923076925,169230.76923076925,1068730.7692307692,5033083.5146810645,4863852.7454502955,169230.76923076925,0.0,0.0,0.0,0.0,1.0,210.0,0.21,3.362367597063269
560425493,nakaseke,0.0,19779321.73522621,14685728.073527724,770891.5960231835,1541783.192046367,1750565.4133800915,760000.0,610000.0,1120000.0,1941783.192046367,1181783.192046367,360000.0,300000.0,100000.0,0.0,0.0,1.0,15.0,0.015,39.13928203277249
560424556,nakaseke,500000.0,19779321.73522621,15274322.19036729,806046.2616398778,1612092.5232797556,1830395.757964204,969615.3846153846,739615.3846153846,969615.3846153846,3502092.5232797554,2532477.138664371,469615.3846153846,460000.0,40000.0,0.0,0.0,1.0,17.5,0.0175,27.686743801597995
561200542,nakaseke,0.0,19779321.73522621,27563631.35961975,1433808.147652242,2867616.295304484,3255937.625537568,596153.8461538462,426153.8461538462,1470403.8461538462,4057616.2953044837,3461462.4491506377,256153.84615384619,340000.0,0.0,0.0,0.0,1.0,15.0,0.015,14.692218355977172
561202398,nakaseke,0.0,19779321.73522621,21881443.581081692,1147548.727630602,2295097.455261204,2605890.5339241093,460000.0,230000.0,2010450.0,3005097.455261204,2545097.455261204,0.0,460000.0,0.0,0.0,0.0,1.0,11.0,0.011,15.3073238671395
560425197,nakaseke,0.0,19779321.73522621,26512570.436692,1371031.9590510053,2742063.9181020106,3113383.4387802305,988000.0,824000.0,1468000.0,3842063.91810201,2854063.9181020106,480000.0,328000.0,120000.0,0.0,60000.0,1.0,18.0,0.018,25.71534521705913
628088416,mukono,0.0,20166768.67704479,16162486.243817862,1011085.618263175,2022171.23652635,2337292.550800331,0.0,0.0,658750.0,8822171.23652635,8822171.23652635,0.0,0.0,0.0,0.0,0.0,0.4,112.5,0.1125,0.0
628089405,mukono,0.0,20166768.67704479,31204928.342393417,1946035.2712956895,3892070.542591379,4498584.156510277,100000.0,100000.0,720250.0,11292070.542591378,11192070.542591378,100000.0,0.0,0.0,0.0,0.0,0.5,190.0,0.19,0.8855771811097042
628774965,mukono,0.0,20166768.67704479,26724751.76142419,1641491.4103730468,3282982.8207460935,3794580.3761487324,159230.76923076925,129230.76923076923,1305480.7692307692,6782982.820746094,6623752.051515325,99230.76923076923,60000.0,0.0,0.0,0.0,1.0,175.0,0.175,2.347503649039976
632530379,mukono,0.0,20166768.67704479,23526901.112771716,1467901.40964714,2935802.81929428,3393298.22134265,0.0,0.0,1730000.0,9435802.81929428,9435802.81929428,0.0,0.0,0.0,0.0,0.0,1.0,200.0,0.2,0.0
636135085,mukono,0.0,20166768.67704479,45620145.719633296,2838348.7837990345,5676697.567598069,6561315.232969606,874615.3846153846,624615.3846153846,5334615.384615384,27976697.567598067,27102082.182982683,374615.3846153846,500000.0,0.0,0.0,0.0,3.0,533.3333333333334,0.5333333333333333,3.126228113601024
556039009,nakaseke,0.0,19779321.73522621,11532545.30474449,582563.0302194746,1165126.0604389491,1322902.853108083,50000.0,50000.0,1418000.0,1355126.0604389491,1305126.0604389491,50000.0,0.0,0.0,0.0,0.0,0.9,11.11111111111111,0.011111111111111112,3.689693635129718
553316712,nakaseke,0.0,19779321.73522621,12289309.169252455,627761.8860123643,1255523.7720247286,1425541.8675733637,55538.46153846154,55538.46153846154,125538.46153846153,1823973.7720247288,1768435.310486267,55538.46153846154,0.0,0.0,0.0,0.0,0.1,50.0,0.05,3.0449155788468527
621496649,mukono,0.0,20166768.67704479,16162486.243817862,1011085.618263175,2022171.23652635,2337292.550800331,96923.07692307692,96923.07692307692,1443173.076923077,6922171.23652635,6825248.159603273,96923.07692307692,0.0,0.0,0.0,0.0,1.0,175.0,0.175,1.4001831739099593
629845932,mukono,0.0,20166768.67704479,5124326.578469231,304543.8609226427,609087.7218452854,704003.7803615447,1690769.2307692308,1390769.2307692308,3547019.230769231,5969087.721845285,4278318.491076054,1090769.2307692308,600000.0,0.0,0.0,0.0,3.0,125.0,0.125,28.325421061939863
632528316,mukono,0.0,20166768.67704479,32324972.487635724,2022171.23652635,4044342.4730527,4674585.101600662,96923.07692307692,96923.07692307692,1846923.076923077,10544342.4730527,10447419.396129623,96923.07692307692,0.0,0.0,0.0,0.0,1.0,600.0,0.6,0.9191950770830442
633861263,mukono,0.0,20166768.67704479,36329254.92086265,2250579.1322183325,4501158.264436665,5202587.936871821,0.0,0.0,2015000.0,28901158.26443667,28901158.26443667,0.0,0.0,0.0,0.0,0.0,1.0,500.0,0.5,0.0
635102642,mukono,0.0,20166768.67704479,5124326.578469231,304543.8609226427,609087.7218452854,704003.7803615447,80000.0,80000.0,1615000.0,17609087.721845284,17529087.721845284,20000.0,0.0,60000.0,0.0,0.0,1.0,500.0,0.5,0.4543108721115319
560423470,nakaseke,600000.0,19779321.73522621,19022557.87071824,976797.49463524,1953594.98927048,2218143.1459441567,1146692.3076923077,986692.3076923077,1506692.3076923077,3543594.98927048,2396902.6815781724,506692.3076923077,320000.0,120000.0,0.0,200000.0,1.0,26.0,0.026,32.359575830881774
551439101,nakaseke,0.0,19779321.73522621,20536085.59973418,1067195.2062210194,2134390.4124420388,2423421.1748747188,647634.6153846155,647634.6153846155,1607634.6153846155,3234390.4124420388,2586755.7970574233,572634.6153846155,0.0,0.0,0.0,75000.0,2.0,7.5,0.0075,20.023390277602157
553316111,nakaseke,0.0,19779321.73522621,11826842.363164272,600140.3630278216,1200280.7260556433,1362818.0254001392,20000.0,20000.0,328000.0,1814130.7260556433,1794130.7260556433,20000.0,0.0,0.0,0.0,0.0,0.2,50.0,0.05,1.10245638380674
554407800,nakaseke,0.0,19779321.73522621,26512570.436692,1371031.9590510053,2742063.9181020106,3113383.4387802305,90000.0,90000.0,398000.0,4801563.91810201,4711563.91810201,50000.0,0.0,40000.0,0.0,0.0,0.2,125.0,0.125,1.8743892934695268
558374654,nakaseke,0.0,19779321.73522621,14685728.073527724,770891.5960231835,1541783.192046367,1750565.4133800915,936000.0,668000.0,1776000.0,2625788.642046367,1689788.642046367,280000.0,536000.0,120000.0,0.0,0.0,1.0,15.0,0.015,35.64643341859165
558375246,nakaseke,0.0,19779321.73522621,11826842.363164272,600140.3630278216,1200280.7260556433,1362818.0254001392,463923.0769230769,373923.0769230769,895923.0769230769,1620280.7260556433,1156357.6491325665,283923.0769230769,180000.0,0.0,0.0,0.0,0.9,16.666666666666668,0.016666666666666666,28.632265351476192
581569323,nakaseke,1400000.0,19779321.73522621,22470037.69792126,1182703.393247296,2365406.786494592,2685720.878508222,354615.3846153846,354615.3846153846,2394615.3846153845,6470906.786494592,6116291.401879207,354615.3846153846,0.0,0.0,0.0,0.0,3.0,7.0,0.007,5.480149789137764
581571879,nakaseke,1000000.0,19779321.73522621,15442491.938035693,816090.4518160734,1632180.9036321468,1853204.4278453726,447538.4615384615,447538.4615384615,927538.4615384615,3542180.903632147,3094642.4420936853,281538.4615384615,0.0,166000.0,0.0,0.0,1.0,14.0,0.014,12.634545600975835
564861263,nakaseke,0.0,19779321.73522621,27269334.30119997,1416230.814843895,2832461.62968779,3216022.4532455113,951000.0,643000.0,2631000.0,3692461.62968779,2741461.62968779,335000.0,616000.0,0.0,0.0,0.0,2.0,12.5,0.0125,25.755176231321066
559615143,nakaseke,100000.0,19779321.73522621,7490012.565973753,394234.46441576537,788468.9288315307,895240.2928360738,35000.0,35000.0,980500.0,1398468.9288315307,1363468.9288315307,35000.0,0.0,0.0,0.0,0.0,0.9,11.11111111111111,0.011111111111111112,2.502737048955654
564864365,nakaseke,0.0,19779321.73522621,11532545.30474449,582563.0302194746,1165126.0604389491,1322902.853108083,635000.0,445000.0,635000.0,1743126.0604389491,1108126.0604389491,255000.0,380000.0,0.0,0.0,0.0,2.0,14.5,0.0145,36.428805375102705
553315619,nakaseke,0.0,19779321.73522621,7490012.565973753,394234.46441576537,788468.9288315307,895240.2928360738,571769.2307692308,560769.2307692308,1003769.2307692308,1138468.9288315307,566699.6980623,549769.2307692308,22000.0,0.0,0.0,0.0,0.9,11.11111111111111,0.011111111111111112,50.222646950590644
556039301,nakaseke,0.0,19779321.73522621,26218273.378272213,1353454.6262426581,2706909.2524853162,3073468.2664881744,495000.0,325000.0,1655000.0,3446909.2524853162,2951909.2524853162,55000.0,340000.0,100000.0,0.0,0.0,1.0,12.5,0.0125,14.360691382956817
615757479,mukono,0.0,20166768.67704479,33131404.27221017,2076989.1314924252,4153978.2629848504,4801305.782065739,110000.0,110000.0,7900000.0,5053978.26298485,4943978.26298485,40000.0,0.0,70000.0,0.0,0.0,5.0,40.0,0.04,2.1765032272820783
615773011,mukono,95000.0,20166768.67704479,45933758.080301106,2859666.854063618,5719333.708127236,6610595.497594912,462500.0,462500.0,2202500.0,7514333.708127236,7051833.708127236,442500.0,0.0,20000.0,0.0,0.0,1.5,200.0,0.2,6.154903654329012
619554974,mukono,0.0,20166768.67704479,64353257.89076792,3980388.262258947,7960776.524517894,9201329.409325404,0.0,0.0,912500.0,14560776.524517894,14560776.524517894,0.0,0.0,0.0,0.0,0.0,0.5,300.0,0.3,0.0
620416772,mukono,0.0,20166768.67704479,8798071.374864,554269.8268792101,1108539.6537584201,1281286.8802580119,0.0,0.0,865000.0,2388539.65375842,2388539.65375842,0.0,0.0,0.0,0.0,0.0,0.5,200.0,0.2,0.0
620419799,mukono,0.0,20166768.67704479,15042442.098575555,934949.6530325147,1869899.3060650295,2161291.605709946,538461.5384615385,538461.5384615385,2420961.5384615385,5994899.306065029,5456437.7676034905,338461.5384615385,200000.0,0.0,0.0,0.0,1.0,950.0,0.95,8.981994708681393
621494958,mukono,0.0,20166768.67704479,16162486.243817862,1011085.618263175,2022171.23652635,2337292.550800331,0.0,0.0,1730000.0,7522171.23652635,7522171.23652635,0.0,0.0,0.0,0.0,0.0,1.0,200.0,0.2,0.0
621496210,mukono,0.0,20166768.67704479,24646945.25801402,1544037.3748778002,3088074.7497556005,3569299.1664330354,1426923.076923077,1176923.076923077,1894423.076923077,10588074.7497556,9161151.672832523,926923.076923077,500000.0,0.0,0.0,0.0,2.0,225.0,0.225,13.476700067271569
621498584,mukono,0.0,20166768.67704479,64980482.612103626,0.0,0.0,0.0,0.0,0.0,0.0,18300000.0,18300000.0,0.0,0.0,0.0,0.0,0.0,0.0,,0.18,0.0
621639094,mukono,0.0,20166768.67704479,27531183.545998648,1696309.3053391227,3392618.6106782453,3921301.0566138094,5066550.0,4866550.0,5066550.0,7522618.610678248,2456068.6106782476,4666550.0,400000.0,0.0,0.0,0.0,3.0,16.333333333333332,0.01633333333333333,67.35088221551078
623187149,mukono,0.0,20166768.67704479,54104604.73382944,3371300.5404136595,6742601.080827319,7793321.848602312,394230.76923076925,199230.76923076925,1507230.7692307692,8542601.080827318,8148370.311596548,134230.76923076925,260000.0,0.0,0.0,0.0,1.0,140.0,0.14,4.614879771403179
623270536,mukono,0.0,20166768.67704479,51058084.65877037,3164210.714986262,6328421.429972524,7314599.27795646,4329230.769230769,3579230.769230769,9294230.769230768,21728421.429972522,17399190.660741754,2829230.769230769,1500000.0,0.0,0.0,0.0,4.0,275.0,0.275,19.924276520423895
624711692,mukono,0.0,20166768.67704479,35836435.496956035,2217079.3075168417,4434158.615033683,5125147.521032052,0.0,0.0,1806000.0,8634158.615033682,8634158.615033682,0.0,0.0,0.0,0.0,0.0,1.0,280.0,0.28,0.0
624712163,mukono,500000.0,20166768.67704479,38255730.85067941,2381532.9924150677,4763065.9848301355,5505309.562427283,0.0,0.0,2110000.0,13743065.984830135,13743065.984830135,0.0,0.0,0.0,0.0,0.0,1.0,600.0,0.6,0.0
625315993,mukono,0.0,20166768.67704479,11682309.66284863,706541.7573405321,1413083.5146810643,1633288.7704387861,10000.0,10000.0,791750.0,3213083.5146810645,3203083.5146810645,10000.0,0.0,0.0,0.0,0.0,0.5,530.0,0.53,0.3112275156966349
628080096,mukono,0.0,20166768.67704479,35209210.77562035,2174443.1669876724,4348886.333975345,5026586.991781436,109230.76923076923,89230.76923076923,1521980.7692307692,13348886.333975345,13239655.564744575,69230.76923076923,40000.0,0.0,0.0,0.0,1.0,245.0,0.245,0.8182762703788784
628775775,mukono,0.0,20166768.67704479,36015642.5601948,2229261.061953747,4458522.123907494,5153307.672246513,880769.2307692308,880769.2307692308,2055769.2307692308,44458522.12390749,43577752.89313826,880769.2307692308,0.0,0.0,0.0,0.0,1.0,500.0,0.5,1.9811032591557933
630120684,mukono,0.0,20166768.67704479,34895598.4149525,2153125.096723087,4306250.193446174,4977306.727156128,689230.7692307692,689230.7692307692,1569230.7692307692,16306250.193446174,15617019.424215402,409230.76923076925,280000.0,0.0,0.0,0.0,1.0,400.0,0.4,4.226788875763636
632531024,mukono,0.0,20166768.67704479,23526901.112771716,1467901.40964714,2935802.81929428,3393298.22134265,0.0,0.0,1245000.0,12435802.81929428,12435802.81929428,0.0,0.0,0.0,0.0,0.0,0.5,2900.0,1.0,0.0
632870785,mukono,0.0,20166768.67704479,15848873.883150017,989767.5479985902,1979535.0959971803,2288012.2861750233,1277000.0,1277000.0,1277000.0,5249535.095997181,3972535.095997181,1177000.0,100000.0,0.0,0.0,0.0,0.5,440.0,0.44,24.325963664358095
634322563,mukono,0.0,20166768.67704479,12802353.808090933,782677.7225711925,1565355.445142385,1809289.7155291715,4749250.0,4549250.0,4749250.0,4765355.445142385,16105.445142384619,4349250.0,400000.0,0.0,0.0,0.0,2.0,57.5,0.0575,99.6620305593615
634951268,mukono,0.0,20166768.67704479,45933758.080301136,2859666.85406362,5719333.70812724,6610595.4975949135,0.0,0.0,1730000.0,8019333.70812724,8019333.70812724,0.0,0.0,0.0,0.0,0.0,1.0,200.0,0.2,0.0
619307991,mukono,0.0,20166768.67704479,31518540.703061264,1967353.3415602748,3934706.6831205497,4547864.421135585,22500000.0,22410000.0,22500000.0,32434706.68312055,9934706.683120549,19060000.0,280000.0,3150000.0,0.0,10000.0,8.0,75.0,0.075,69.37013557674409
634929055,mukono,0.0,20166768.67704479,20166768.67704479,1239493.5139551575,2478987.027910315,2865295.3860714906,4649500.0,4649500.0,4649500.0,5378987.0279103145,729487.0279103145,4649500.0,0.0,0.0,0.0,0.0,2.5,84.0,0.084,86.43820808406535
635625431,mukono,0.0,20166768.67704479,31204928.342393417,1946035.2712956895,3892070.542591379,4498584.156510277,4004250.0,3984250.0,4004250.0,5892070.542591379,1887820.5425913788,3964250.0,40000.0,0.0,0.0,0.0,2.0,107.5,0.1075,67.95998063931698
625318562,mukono,0.0,20166768.67704479,11682309.66284863,706541.7573405321,1413083.5146810643,1633288.7704387861,0.0,0.0,1635000.0,4813083.5146810645,4813083.5146810645,0.0,0.0,0.0,0.0,0.0,1.0,100.0,0.1,0.0
628776109,mukono,0.0,20166768.67704479,32011360.126967877,2000853.1662617652,4001706.3325235303,4625304.836975354,2115384.6153846155,1615384.6153846155,3095384.6153846155,11351706.33252353,9236321.717138914,1095384.6153846155,1000000.0,20000.0,0.0,0.0,1.0,310.0,0.31,18.634948380613693
633860413,mukono,0.0,20166768.67704479,35209210.77562035,2174443.1669876724,4348886.333975345,5026586.991781436,2330769.2307692305,2030769.2307692305,5270769.230769231,59848886.33397534,57518117.10320611,1880769.2307692305,400000.0,50000.0,0.0,0.0,3.0,1333.3333333333333,1.0,3.894423728727074
557694292,nakaseke,300000.0,19779321.73522621,22175740.63950148,1165126.0604389491,2330252.1208778983,2645805.706216166,645000.0,500000.0,1077000.0,3040252.1208778983,2395252.1208778983,235000.0,290000.0,120000.0,0.0,0.0,0.9,8.333333333333334,0.008333333333333333,21.215345779078046
582450581,nakaseke,0.0,19779321.73522621,23226801.562429227,1227902.249040186,2455804.498080372,2788359.8929735026,576923.076923077,336923.07692307694,1571173.076923077,2945804.498080372,2368881.421157295,96923.07692307694,480000.0,0.0,0.0,0.0,1.0,15.0,0.015,19.584567723317274
613185259,nakaseke,0.0,19779321.73522621,12289309.169252455,627761.8860123643,1255523.7720247286,1425541.8675733637,450000.0,355000.0,2598500.0,2045523.7720247288,1595523.7720247286,90000.0,190000.0,170000.0,0.0,0.0,2.0,15.0,0.015,21.99925545497693
614810845,mukono,0.0,20166768.67704479,7678027.2296217,478133.8616485498,956267.7232970996,1105285.9351676265,30000.0,30000.0,952000.0,1756267.7232970998,1726267.7232970998,0.0,0.0,30000.0,0.0,0.0,0.5,320.0,0.32,1.708167815307794
617648764,mukono,0.0,20166768.67704479,27531183.545998648,1696309.3053391227,3392618.6106782453,3921301.0566138094,6162850.0,6162850.0,6162850.0,4592618.610678245,-1570231.3893217547,6162850.0,0.0,0.0,0.0,0.0,2.0,0.75,0.00075,134.19032849082717
551438934,nakaseke,0.0,19779321.73522621,30422517.0699832,1604559.3806476041,3209118.7612952082,3643685.0135175204,130000.0,130000.0,2676125.0,4909118.761295209,4779118.761295209,130000.0,0.0,0.0,0.0,0.0,3.0,9.166666666666666,0.009166666666666667,2.648133123707546
589548879,nakaseke,0.0,19779321.73522621,24866456.60219655,1325833.1032581169,2651666.2065162337,3010744.424314953,380000.0,290000.0,2700000.0,3021666.2065162337,2641666.2065162337,200000.0,180000.0,0.0,0.0,0.0,2.0,10.0,0.01,12.575843062365019
554402613,nakaseke,0.0,19779321.73522621,15442491.938035693,816090.4518160734,1632180.9036321468,1853204.4278453726,40000.0,40000.0,800000.0,1741380.9036321468,1701380.9036321468,40000.0,0.0,0.0,0.0,0.0,0.5,90.0,0.09,2.2970276012886433
589547568,nakaseke,0.0,19779321.73522621,12289309.169252455,627761.8860123643,1255523.7720247286,1425541.8675733637,1935000.0,1035000.0,3615000.0,6192773.7720247265,4257773.7720247265,560000.0,1300000.0,0.0,0.0,75000.0,2.0,,0.0625,31.246095388486182
592180125,nakaseke,0.0,19779321.73522621,26512570.436692,1371031.9590510053,2742063.9181020106,3113383.4387802305,510000.0,360000.0,1398500.0,3292063.9181020106,2782063.9181020106,210000.0,300000.0,0.0,0.0,0.0,1.0,30.0,0.03,15.491801273835312
613184766,nakaseke,0.0,19779321.73522621,27269334.30119997,1416230.814843895,2832461.62968779,3216022.4532455113,1100000.0,750000.0,2915000.0,3782461.62968779,2682461.62968779,280000.0,700000.0,120000.0,0.0,0.0,2.0,50.0,0.05,29.08159044803835
613185864,nakaseke,2039999.9999999977,19779321.73522621,22470037.69792126,1182703.393247296,2365406.786494592,2685720.878508222,14800000.0,14690000.0,17463750.0,5803906.78649459,-8996093.21350541,160000.0,220000.0,190000.0,14180000.0,50000.0,2.0,12.5,0.0125,255.00064946664688
593216040,nakaseke,0.0,19779321.73522621,12583606.227672242,645339.2188207114,1290678.4376414227,1465457.0398654202,410000.0,385000.0,1329375.0,2209678.4376414227,1799678.4376414227,240000.0,50000.0,120000.0,0.0,0.0,1.0,,0.0625,18.554735974960582
552806578,nakaseke,0.0,19779321.73522621,37155765.771448985,1953594.98927048,3907189.97854096,4436286.291888313,20000.0,20000.0,3178750.0,5207189.97854096,5187189.97854096,20000.0,0.0,0.0,0.0,0.0,2.0,,0.0625,0.38408431577147767
554997531,nakaseke,2039999.9999999977,19779321.73522621,14685728.073527724,770891.5960231835,1541783.192046367,1750565.4133800915,320000.0,320000.0,800000.0,4291783.192046365,3971783.1920463652,270000.0,0.0,50000.0,0.0,0.0,1.0,30.0,0.03,7.456108234755001
581568916,nakaseke,0.0,19779321.73522621,19316854.929138027,994374.8274435869,1988749.6548871738,2258058.318236213,695923.076923077,553923.076923077,695923.076923077,2808749.654887174,2112826.577964097,311923.07692307694,284000.0,100000.0,0.0,0.0,1.0,15.0,0.015,24.7769706250674
582449149,nakaseke,0.0,19779321.73522621,22470037.69792126,1182703.393247296,2365406.786494592,2685720.878508222,477307.6923076923,477307.6923076923,3957307.692307692,3415406.7864945917,2938099.0941868997,202307.6923076923,0.0,250000.0,0.0,25000.0,3.0,8.333333333333334,0.008333333333333333,13.97513450506368
583384059,nakaseke,0.0,19779321.73522621,28320395.224127717,1479007.003445132,2958014.006890264,3358576.640002849,915000.0,575000.0,3435000.0,12558014.006890263,11643014.006890263,295000.0,500000.0,120000.0,0.0,0.0,3.0,5.0,0.005,7.28618394196696
584465855,nakaseke,0.0,19779321.73522621,22764334.756341044,1200280.7260556433,2400561.4521112866,2725636.0508002783,524615.3846153846,434615.3846153846,1048365.3846153846,2950561.4521112866,2425946.067495902,194615.38461538462,180000.0,150000.0,0.0,0.0,1.0,25.0,0.025,17.780188385501813
585291611,nakaseke,0.0,19779321.73522621,28614692.282547504,1496584.3362534791,2993168.6725069582,3398491.8122949055,3138846.153846154,2738846.153846154,5538846.153846154,12433168.672506958,9294322.518660804,2123846.153846154,640000.0,200000.0,0.0,175000.0,5.0,5.0,0.005,25.245745767022186
588618114,nakaseke,0.0,19779321.73522621,27269334.30119997,1416230.814843895,2832461.62968779,3216022.4532455113,1409637.5,1239637.5,3729637.5,3582461.62968779,2172824.12968779,829637.5,340000.0,240000.0,0.0,0.0,2.0,8.75,0.00875,39.34829303734509
589549118,nakaseke,0.0,19779321.73522621,31767875.051330745,1684912.902057188,3369825.804114376,3826154.3725669147,615000.0,425000.0,3672100.0,4309825.804114376,3694825.804114376,160000.0,380000.0,0.0,0.0,75000.0,2.0,9.0,0.009,14.269718265942213
592179551,nakaseke,0.0,19779321.73522621,5093593.6616984885,251104.75440494606,502209.5088098921,570216.7470293463,1154000.0,894000.0,2883500.0,1002209.5088098921,-151790.4911901079,150000.0,520000.0,180000.0,300000.0,4000.0,2.0,5.0,0.005,115.14558481592903
613185857,nakaseke,0.0,19779321.73522621,14685728.073527724,770891.5960231835,1541783.192046367,1750565.4133800915,270000.0,270000.0,3310000.0,2911783.192046367,2641783.192046367,270000.0,0.0,0.0,0.0,0.0,2.0,7.25,0.00725,9.272668402562182
613185868,nakaseke,700000.0,19779321.73522621,5093593.6616984885,251104.75440494606,502209.5088098921,570216.7470293463,1350000.0,965000.0,2157250.0,2452209.508809892,1102209.508809892,320000.0,770000.0,260000.0,0.0,0.0,0.9,38.888888888888886,0.03888888888888888,55.05239234861229
618737230,mukono,0.0,20166768.67704479,16162486.243817862,1011085.618263175,2022171.23652635,2337292.550800331,983500.0,983500.0,1663500.0,3822171.23652635,2838671.23652635,983500.0,0.0,0.0,0.0,0.0,1.0,130.0,0.13,25.73144789017408
625321534,mukono,0.0,20166768.67704479,45620145.719633296,2838348.7837990345,5676697.567598069,6561315.232969606,3812307.6923076925,3612307.6923076925,5682807.692307692,23276697.567598067,19464389.875290375,2412307.6923076925,1400000.0,0.0,0.0,0.0,3.0,130.0,0.13,16.378215514620727
613185262,nakaseke,0.0,19779321.73522621,24109692.737688582,1280634.2474652273,2561268.4949304545,2908105.4098496716,886000.0,511000.0,3994500.0,3471268.4949304545,2585268.4949304545,0.0,750000.0,136000.0,0.0,0.0,2.0,15.0,0.015,25.52381071340178
586823072,nakaseke,0.0,19779321.73522621,36272874.59618966,1900862.99084544,3801725.98169088,4316540.775012149,274750.0,184750.0,3314750.0,5165725.98169088,4890975.98169088,44750.0,180000.0,0.0,0.0,50000.0,2.0,12.5,0.0125,5.318710302749489
586821078,nakaseke,0.0,19779321.73522621,24740329.291445173,1318299.9606259656,2636599.921251931,2993637.9219040656,2884000.0,2714000.0,2953500.0,3552599.921251931,668599.9212519312,2284000.0,340000.0,180000.0,0.0,80000.0,3.0,3.3333333333333335,0.0033333333333333335,81.1799826585506
586823179,nakaseke,0.0,19779321.73522621,34759346.86717372,1810465.2792596603,3620930.5585193206,4111262.7460815855,564600.0,564600.0,964600.0,4920930.558519321,4356330.558519321,239600.0,0.0,300000.0,0.0,25000.0,2.0,10.0,0.01,11.47343969368844
588618032,nakaseke,0.0,19779321.73522621,34759346.86717372,1810465.2792596603,3620930.5585193206,4111262.7460815855,957600.0,807600.0,2677600.0,5320930.558519321,4363330.558519321,187600.0,300000.0,420000.0,0.0,50000.0,2.0,20.0,0.02,17.996852044362623
592179319,nakaseke,0.0,19779321.73522621,38669293.500464916,2043992.7008562593,4087985.4017125187,4641564.320818876,90000.0,90000.0,4678500.0,4587985.401712518,4497985.401712518,90000.0,0.0,0.0,0.0,0.0,3.0,10.0,0.01,1.9616453000571115
613185254,nakaseke,0.0,19779321.73522621,5093593.6616984885,251104.75440494606,502209.5088098921,570216.7470293463,920000.0,770000.0,1116500.0,1778859.508809892,858859.5088098919,300000.0,300000.0,320000.0,0.0,0.0,0.2,150.0,0.15,51.71853063401878
613184756,nakaseke,0.0,19779321.73522621,27563631.35961975,1433808.147652242,2867616.295304484,3255937.625537568,1602000.0,1106000.0,3522000.0,3845616.2953044837,2243616.295304484,590000.0,772000.0,140000.0,0.0,100000.0,4.0,50000.0,1.0,41.657822231408005
613184762,nakaseke,0.0,19779321.73522621,22638207.44558966,1192747.5834234916,2385495.166846983,2708529.5483893906,2400000.0,1300000.0,4783750.0,8758495.166846983,6358495.166846983,200000.0,2200000.0,0.0,0.0,0.0,2.0,12.5,0.0125,27.401967510178903
593216705,nakaseke,0.0,19779321.73522621,31473577.99291096,1667335.5692488411,3334671.1384976823,3786239.200274858,361000.0,361000.0,1956999.9999999998,3884780.138497682,3523780.138497682,361000.0,0.0,0.0,0.0,0.0,1.9,157894.73684210528,1.0,9.292675187008282
582448458,nakaseke,0.0,19779321.73522621,19022557.87071824,976797.49463524,1953594.98927048,2218143.1459441567,2149230.769230769,1939230.7692307692,4069230.769230769,3203594.98927048,1054364.2200397109,1489230.7692307692,420000.0,240000.0,0.0,0.0,4.0,12.5,0.0125,67.08809248450567
583383308,nakaseke,9000.0,19779321.73522621,31473577.99291096,1667335.5692488411,3334671.1384976823,3786239.200274858,435076.92307692306,325076.92307692306,5155076.923076923,4043674.138497682,3608597.2154207593,103076.92307692308,220000.0,112000.0,0.0,0.0,4.0,3.75,0.00375,10.75944569654577
584457728,nakaseke,720000.0,19779321.73522621,15442491.938035693,816090.4518160734,1632180.9036321468,1853204.4278453726,300000.0,210000.0,1849500.0,2702180.903632147,2402180.903632147,0.0,180000.0,120000.0,0.0,0.0,1.0,10.0,0.01,11.102143442607927
584460556,nakaseke,0.0,19779321.73522621,31473577.99291096,1667335.5692488411,3334671.1384976823,3786239.200274858,491538.4615384615,391538.4615384615,971538.4615384615,4073461.138497682,3581922.6769592213,291538.4615384615,200000.0,0.0,0.0,0.0,1.0,15.0,0.015,12.066850396411146
586822745,nakaseke,0.0,19779321.73522621,27269334.30119997,1416230.814843895,2832461.62968779,3216022.4532455113,845000.0,505000.0,2581625.0,3932461.62968779,3087461.62968779,210000.0,560000.0,0.0,0.0,75000.0,2.0,8.75,0.00875,21.48781296734705
588618956,nakaseke,0.0,19779321.73522621,15442491.938035693,816090.4518160734,1632180.9036321468,1853204.4278453726,620000.0,620000.0,1611875.0,2632180.903632147,2012180.9036321468,180000.0,0.0,200000.0,240000.0,0.0,1.0,12.5,0.0125,23.554612038422658
588619984,nakaseke,0.0,19779321.73522621,15442491.938035693,816090.4518160734,1632180.9036321468,1853204.4278453726,734000.0,654000.0,1240600.0,2382180.903632147,1648180.9036321468,534000.0,160000.0,0.0,0.0,40000.0,1.0,28.0,0.028,30.812101586443717
589548430,nakaseke,0.0,19779321.73522621,5093593.6616984885,251104.75440494606,502209.5088098921,570216.7470293463,90000.0,90000.0,3179500.0,1327209.508809892,1237209.508809892,0.0,0.0,40000.0,0.0,50000.0,2.0,5.0,0.005,6.78114490610476
613184214,nakaseke,0.0,19779321.73522621,5093593.6616984885,251104.75440494606,502209.5088098921,570216.7470293463,240000.0,180000.0,3320000.0,882209.5088098921,642209.5088098921,120000.0,120000.0,0.0,0.0,0.0,2.0,65.0,0.065,27.20442226062174
551438775,nakaseke,0.0,19779321.73522621,5093593.6616984885,251104.75440494606,502209.5088098921,570216.7470293463,213750.0,213750.0,6013750.0,1702209.508809892,1488459.508809892,153750.0,0.0,60000.0,0.0,0.0,5.0,9.0,0.009,12.557208668716951
552805506,nakaseke,0.0,19779321.73522621,19022557.87071824,976797.49463524,1953594.98927048,2218143.1459441567,67692.30769230769,67692.30769230769,2387692.307692308,11653594.98927048,11585902.681578172,67692.30769230769,0.0,0.0,0.0,0.0,2.0,7.5,0.0075,0.5808706047758851
582449815,nakaseke,0.0,19779321.73522621,31473577.99291096,1667335.5692488411,3334671.1384976823,3786239.200274858,1141230.7692307692,915230.7692307692,1141230.7692307692,5971171.138497682,4829940.369266913,609230.7692307692,452000.0,50000.0,0.0,30000.0,4.0,6.25,0.00625,19.112344006906113
583383783,nakaseke,0.0,19779321.73522621,30716814.12840299,1622136.7134559513,3244273.4269119026,3683600.185809577,460000.0,310000.0,3124700.0,4244273.426911903,3784273.4269119026,110000.0,300000.0,50000.0,0.0,0.0,2.0,13.0,0.013,10.83813302609705
583384470,nakaseke,60000.0,19779321.73522621,15442491.938035693,816090.4518160734,1632180.9036321468,1853204.4278453726,105000.0,105000.0,1505000.0,2800681.0536321467,2695681.0536321467,105000.0,0.0,0.0,0.0,0.0,2.0,,0.0625,3.7490880964052518
585919910,nakaseke,0.0,19779321.73522621,34759346.86717372,1810465.2792596603,3620930.5585193206,4111262.7460815855,2822307.6923076925,2112307.6923076925,2822307.6923076925,7519830.558519321,4697522.866211629,1582307.6923076925,1060000.0,180000.0,0.0,0.0,5.0,90000.0,1.0,37.53153306240738
585937638,nakaseke,0.0,19779321.73522621,30254347.3223148,1594515.190471409,3189030.380942818,3620876.3436363516,1216000.0,1138000.0,4576000.0,4517480.380942818,3301480.380942818,560000.0,156000.0,500000.0,0.0,0.0,4.0,3.75,0.00375,26.917659789508935
592179023,nakaseke,0.0,19779321.73522621,18595674.706818953,1004419.0176197842,2008838.0352395684,2280866.988117385,1620000.0,1280000.0,9415000.0,3308838.0352395684,1688838.0352395684,0.0,680000.0,200000.0,640000.0,100000.0,5.0,20.0,0.02,48.959785361108125
551439238,nakaseke,0.0,19779321.73522621,14980025.131947506,788468.9288315307,1576937.8576630615,1790480.5856721476,251057.69230769228,251057.69230769228,7331057.692307692,3076937.8576630615,2825880.165355369,251057.69230769228,0.0,0.0,0.0,0.0,6.0,4.166666666666667,0.004166666666666667,8.159335804668181
555070994,nakaseke,0.0,19779321.73522621,11532545.30474449,582563.0302194746,1165126.0604389491,1322902.853108083,410000.0,410000.0,2330000.0,2175126.060438949,1765126.0604389491,320000.0,0.0,90000.0,0.0,0.0,2.0,15.0,0.015,18.849482218849438
555112218,nakaseke,0.0,19779321.73522621,19316854.929138027,994374.8274435869,1988749.6548871738,2258058.318236213,90000.0,90000.0,3248750.0,3714199.6548871743,3624199.6548871743,90000.0,0.0,0.0,0.0,0.0,2.0,,0.0625,2.4231330666776962
555148547,nakaseke,0.0,19779321.73522621,7490012.565973753,394234.46441576537,788468.9288315307,895240.2928360738,0.0,0.0,325100.0,1928468.9288315307,1928468.9288315307,0.0,0.0,0.0,0.0,0.0,0.2,90.0,0.09,0.0
584458624,nakaseke,0.0,19779321.73522621,31473577.99291096,1667335.5692488411,3334671.1384976823,3786239.200274858,860000.0,650000.0,1968500.0,4684671.138497682,3824671.138497682,260000.0,420000.0,120000.0,0.0,60000.0,3.0,10.0,0.01,18.357745390763792
585290674,nakaseke,0.0,19779321.73522621,35516110.73168168,1855664.1350525501,3711328.2701051002,4213901.760546867,940000.0,790000.0,1940000.0,5461328.2701051,4521328.2701051,360000.0,300000.0,280000.0,0.0,0.0,2.0,12.5,0.0125,17.211930019762576
585290890,nakaseke,2039999.9999999977,19779321.73522621,28152225.476459317,1468962.8132689362,2937925.6265378725,3335767.9701216803,920000.0,640000.0,3523750.0,6497925.626537871,5577925.626537871,190000.0,560000.0,120000.0,0.0,50000.0,3.0,8.333333333333334,0.008333333333333333,14.15836457472938
585309665,nakaseke,0.0,19779321.73522621,15442491.938035693,816090.4518160734,1632180.9036321468,1853204.4278453726,320000.0,320000.0,4340000.0,2332180.903632147,2012180.9036321468,60000.0,0.0,0.0,260000.0,0.0,2.0,112500.0,1.0,13.721062525708486
585924133,nakaseke,0.0,19779321.73522621,27101164.55353156,1406186.6246676994,2812373.249335399,3193213.7833643435,2133846.153846154,1773846.153846154,4133846.153846154,4062373.2493353994,1928527.095489245,1413846.153846154,480000.0,180000.0,0.0,60000.0,4.0,7.5,0.0075,52.52708264055376
585929887,nakaseke,800000.0,19779321.73522621,15442491.938035693,816090.4518160734,1632180.9036321468,1853204.4278453726,290000.0,290000.0,5270000.0,2932180.903632147,2642180.903632147,0.0,0.0,0.0,240000.0,50000.0,2.0,100000.0,1.0,9.890249255793584
613834815,nakaseke,0.0,19779321.73522621,9297837.353409477,502209.5088098921,1004419.0176197842,1140433.4940586926,2526346.153846154,2526346.153846154,3886346.153846154,6804419.017619781,4278072.863773627,1886346.153846154,640000.0,0.0,0.0,0.0,2.0,175.0,0.175,37.12802147110985
613836978,nakaseke,0.0,19779321.73522621,21881443.581081692,1147548.727630602,2295097.455261204,2605890.5339241093,0.0,0.0,1245000.0,2995097.455261204,2995097.455261204,0.0,0.0,0.0,0.0,0.0,0.5,700000.0,1.0,0.0
617656696,mukono,0.0,20166768.67704479,15042442.098575555,0.0,0.0,0.0,0.0,0.0,0.0,2829280.0,2829280.0,0.0,0.0,0.0,0.0,0.0,0.0,,0.18,0.0
633860938,mukono,0.0,20166768.67704479,23840513.473439563,1489219.4799117248,2978438.9598234496,3442578.4859679574,5000.0,5000.0,1540000.0,11978438.95982345,11973438.95982345,5000.0,0.0,0.0,0.0,0.0,1.0,500.0,0.5,0.041741666145065824
