_id,district,n_male,n_female,adults,children_used,children_imputed_flag,hh_size,has_cropland,bench_ref_month,bench_hh_month,bench_hh_food_month,inkind_food_low,inkind_food_central,inkind_food_high,tree_inkind_nonfood,tree_food_recorded_not_added,tree_inkind_nonfood_uncapped,tree_inkind_capped_flag,bench_ref_year,bench_hh_year,income_cash,income_total_all,gap_ref,gap_hh,ratio_ref,ratio_hh
616677841,mukono,0,1,1,7.0,False,8.0,True,1680564.056420399,2480939.3197069396,1064429.0429410331,1848581.235800445,3697162.47160089,4273302.946794584,0.0,,0.0,False,20166768.67704479,29771271.836483277,6070000.0,9767162.47160089,10399606.2054439,20004109.364882387,48.43196561637834,32.80734032877862
551440657,nakaseke,1,1,2,5.0,False,7.0,True,1648276.811268851,2247919.770231682,881185.51966142,1398653.4820355482,2797306.9640710964,3176107.2809534557,0.0,,0.0,False,19779321.73522621,26975037.242780183,585500.0,3382806.9640710964,16396514.771155113,23592230.278709088,17.10274502510593,12.540508966216528
592191523,nakaseke,1,1,2,2.0,False,4.0,True,1648276.811268851,1311399.0830379562,525230.8662972919,833667.7846244206,1667335.5692488411,1893119.600137429,0.0,,0.0,False,19779321.73522621,15736788.996455474,812000.0,2479335.569248841,17299986.16597737,13257453.427206632,12.5349878142345,15.755028359389467
552803559,nakaseke,1,1,2,1.0,False,3.0,True,1648276.811268851,1048633.8523060202,406579.31517591595,645339.2188207114,1290678.4376414227,1465457.0398654202,0.0,,0.0,False,19779321.73522621,12583606.227672242,4547750.0,5838428.437641423,13940893.297584787,6745177.790030819,29.51783946788937,46.39710057679893
613177526,nakaseke,0,1,1,3.0,False,4.0,True,1648276.811268851,1223810.672793977,485680.349256833,770891.5960231837,1541783.1920463673,1750565.413380092,0.0,,0.0,False,19779321.73522621,14685728.073527724,50000000.0,51541783.19204637,-31762461.456820153,-36856055.11851864,260.5841791847313,350.9651202445647
613831899,nakaseke,1,1,2,3.0,False,5.0,True,1648276.811268851,1648276.811268851,643882.417418668,1021996.3504281298,2043992.7008562596,2320782.1604094384,0.0,,0.0,False,19779321.73522621,19779321.73522621,203000.0,2246992.7008562596,17532329.03436995,17532329.03436995,11.360312203499133,11.360312203499133
614880484,mukono,0,1,1,0.0,False,1.0,True,1680564.056420399,359824.56615789776,143794.368239151,249725.96595656735,499451.9319131347,577283.0998964673,0.0,,0.0,False,20166768.67704479,4317894.793894773,120000.0,619451.9319131346,19547316.745131657,3698442.8619816387,3.071646934782555,14.34615620531098
550714067,nakaseke,0,1,1,3.0,False,4.0,True,1648276.811268851,1223810.672793977,485680.349256833,770891.5960231837,1541783.1920463673,1750565.413380092,0.0,,0.0,False,19779321.73522621,14685728.073527724,1024780.0,2566563.1920463676,17212758.543179844,12119164.881481357,12.975991929366401,17.476581203167015
550714208,nakaseke,1,0,1,3.0,False,4.0,True,1648276.811268851,1286874.3281696413,514156.72152596305,816090.4518160735,1632180.903632147,1853204.4278453733,0.0,,0.0,False,19779321.73522621,15442491.938035697,1215120.0,2847300.9036321472,16932020.831594065,12595191.03440355,14.395341466948356,18.438092213725493
556045414,nakaseke,0,1,1,4.0,False,5.0,True,1648276.811268851,1560688.4010248717,604331.9003782091,959220.161826893,1918440.323653786,2178227.973652101,0.0,5000.0,0.0,False,19779321.73522621,18728260.81229846,1500000.0,3418440.323653786,16360881.411572423,15309820.488644678,17.28289963333614,18.25284450016291
556046788,nakaseke,0,2,2,3.0,False,5.0,True,1648276.811268851,1585213.1558931868,615406.045149538,976797.49463524,1953594.98927048,2218143.1459441567,0.0,60000.0,0.0,False,19779321.73522621,19022557.87071824,1100000.0,3053594.98927048,16725726.74595573,15968962.881447759,15.438320030115822,16.052494149437877
557695958,nakaseke,0,1,1,5.0,False,6.0,True,1648276.811268851,1823453.6317568081,722983.4514995851,1147548.7276306022,2295097.4552612044,2605890.53392411,0.0,90000.0,0.0,False,19779321.73522621,21881443.581081696,1700000.0,3995097.4552612044,15784224.279965008,17886346.12582049,20.19835416371275,18.257924530698215
560461977,nakaseke,0,1,1,2.0,False,3.0,True,1648276.811268851,961045.4420620407,367028.798135457,582563.0302194746,1165126.0604389491,1322902.853108083,0.0,,0.0,False,19779321.73522621,11532545.304744488,3500000.0,4665126.06043895,15114195.674787259,6867419.244305538,23.58587479837865,40.45183380740518
592361767,nakaseke,0,1,1,2.0,False,3.0,True,1648276.811268851,961045.4420620407,367028.798135457,582563.0302194746,1165126.0604389491,1322902.853108083,0.0,120000.0,0.0,False,19779321.73522621,11532545.304744488,5250000.0,6415126.06043895,13364195.67478726,5117419.244305538,32.43349871302137,55.62628102401443
592363240,nakaseke,0,1,1,2.0,False,3.0,True,1648276.811268851,961045.4420620407,367028.798135457,582563.0302194746,1165126.0604389491,1322902.853108083,0.0,25000.0,0.0,False,19779321.73522621,11532545.304744488,3700000.0,4865126.06043895,14914195.674787259,6667419.244305538,24.59703181719496,42.186056346446236
616701192,mukono,0,1,1,2.0,False,3.0,True,1680564.056420399,973525.8052373858,406832.846725403,706541.7573405324,1413083.5146810648,1633288.7704387861,0.0,,0.0,False,20166768.67704479,11682309.662848629,520000.0,1933083.5146810648,18233685.162363727,9749226.148167564,9.585489602414263,16.547100449053662
624293019,mukono,0,1,1,8.0,False,9.0,True,1680564.056420399,2814629.5224758503,1195948.2821841592,2076989.1314924278,4153978.2629848556,4801305.782065744,0.0,60000.0,0.0,False,20166768.67704479,33775554.269710205,2200000.0,6353978.262984855,13812790.414059933,27421576.00672535,31.50717085487965,18.812358228812485
550715350,nakaseke,0,1,1,1.0,False,2.0,True,1648276.811268851,624167.7138311461,248377.247014081,394234.46441576537,788468.9288315307,895240.2928360738,0.0,,0.0,False,19779321.73522621,7490012.565973753,800000.0,1588468.9288315307,18190852.80639468,5901543.637142222,8.030957532798148,21.207827287870764
552803832,nakaseke,0,1,1,1.0,False,2.0,True,1648276.811268851,624167.7138311461,248377.247014081,394234.46441576537,788468.9288315307,895240.2928360738,0.0,,0.0,False,19779321.73522621,7490012.565973753,3895750.0,4684218.928831531,15095102.806394678,2805793.637142222,23.682404237801126,62.539533646597434
553311655,nakaseke,1,0,1,2.0,False,3.0,True,1648276.811268851,1024109.0974377049,395505.170404587,627761.8860123644,1255523.7720247288,1425541.8675733642,0.0,,0.0,False,19779321.73522621,12289309.169252459,1437599.9999999998,2693123.772024729,17086197.96320148,9596185.39722773,13.615855023119314,21.914362597068155
554396495,nakaseke,0,2,2,2.0,False,4.0,True,1648276.811268851,1248335.4276622923,496754.494028162,788468.9288315307,1576937.8576630615,1790480.5856721476,0.0,,0.0,False,19779321.73522621,14980025.131947506,900000.0,2476937.8576630615,17302383.87756315,12503087.274284445,12.522865499739208,16.534937931316023
555218845,nakaseke,1,1,2,2.0,False,4.0,True,1648276.811268851,1311399.0830379562,525230.8662972919,833667.7846244206,1667335.5692488411,1893119.600137429,0.0,180000.0,0.0,False,19779321.73522621,15736788.996455474,4900000.0,6567335.569248841,13211986.16597737,9169453.427206632,33.2030372788399,41.73237355300409
556047384,nakaseke,1,1,2,4.0,False,6.0,True,1648276.811268851,1911042.0420007876,762533.968540044,1210324.916231839,2420649.832463678,2748444.720681447,150000.0,,150000.0,False,19779321.73522621,22932504.50400945,2300000.0,4870649.832463678,14908671.902762532,18061854.671545774,24.624958821460687,21.239066285202767
557713875,nakaseke,1,2,3,4.0,False,7.0,True,1648276.811268851,2272444.525099997,892259.6644327489,1416230.814843895,2832461.62968779,3216022.4532455113,0.0,1500000.0,0.0,False,19779321.73522621,27269334.301199965,700000.0,3532461.62968779,16246860.105538422,23736872.671512175,17.85936685279057,12.953970898850823
558376731,nakaseke,1,0,1,4.0,False,5.0,True,1648276.811268851,1623752.0564005359,632808.272647339,1004419.0176197826,2008838.0352395652,2280866.988117382,16000.0,,16000.0,False,19779321.73522621,19485024.67680643,800000.0,2824838.035239565,16954483.699986644,16660186.641566867,14.28177403175882,14.497482462016325
558377788,nakaseke,1,2,3,3.0,False,6.0,True,1648276.811268851,1935566.7968691024,773608.1133113729,1227902.249040186,2455804.498080372,2788359.8929735026,0.0,70000.0,0.0,False,19779321.73522621,23226801.562429227,1640000.0,4095804.498080372,15683517.237145837,19130997.064348854,20.70750732966693,17.633958283372024
558378029,nakaseke,1,0,1,4.0,False,5.0,True,1648276.811268851,1623752.0564005359,632808.272647339,1004419.0176197826,2008838.0352395652,2280866.988117382,0.0,90000.0,0.0,False,19779321.73522621,19485024.67680643,1250000.0,3258838.035239565,16520483.699986642,16226186.641566867,16.475984762590215,16.724834016344108
559605691,nakaseke,1,2,3,4.0,False,7.0,True,1648276.811268851,2272444.525099997,892259.6644327489,1416230.814843895,2832461.62968779,3216022.4532455113,0.0,70000.0,0.0,False,19779321.73522621,27269334.301199965,4550000.0,7382461.629687789,12396860.10553842,19886872.671512175,37.324139465004556,27.072394023798847
560460598,nakaseke,1,2,3,5.0,False,8.0,True,1648276.811268851,2535209.755831933,1010911.215554125,1604559.3806476044,3209118.7612952087,3643685.0135175213,0.0,,0.0,False,19779321.73522621,30422517.0699832,4000000.0,7209118.761295209,12570202.973931001,23213398.308687992,36.44775517482,23.69665450334544
560460842,nakaseke,1,1,2,2.0,False,4.0,True,1648276.811268851,1311399.0830379562,525230.8662972919,833667.7846244206,1667335.5692488411,1893119.600137429,0.0,160000.0,0.0,False,19779321.73522621,15736788.996455474,2400000.0,4067335.569248841,15711986.16597737,11669453.427206632,20.56357454363601,25.846032314247587
561199081,nakaseke,1,2,3,4.0,False,7.0,True,1648276.811268851,2272444.525099997,892259.6644327489,1416230.814843895,2832461.62968779,3216022.4532455113,0.0,80000.0,0.0,False,19779321.73522621,27269334.301199965,3100000.0,5932461.62968779,13846860.105538422,21336872.671512175,29.993251078586304,21.75506583388336
561203340,nakaseke,0,1,1,2.0,False,3.0,True,1648276.811268851,961045.4420620407,367028.798135457,582563.0302194746,1165126.0604389491,1322902.853108083,0.0,,0.0,False,19779321.73522621,11532545.304744488,2500000.0,3665126.0604389487,16114195.674787259,7867419.244305538,18.530089704297094,31.780721112199892
561250862,nakaseke,0,2,2,1.0,False,3.0,True,1648276.811268851,985570.1969303561,378102.942906786,600140.3630278216,1200280.7260556433,1362818.0254001392,0.0,,0.0,False,19779321.73522621,11826842.363164272,699600.0,1899880.7260556433,17879441.009170566,9926961.63710863,9.605388655324965,16.064141786255533
582704845,nakaseke,0,2,2,3.0,False,5.0,True,1648276.811268851,1585213.1558931868,615406.045149538,976797.49463524,1953594.98927048,2218143.1459441567,0.0,,0.0,False,19779321.73522621,19022557.87071824,7400000.0,9353594.98927048,10425726.74595573,9668962.88144776,47.289766122829626,49.17106864828433
585217011,nakaseke,0,1,1,2.0,False,3.0,True,1648276.811268851,961045.4420620407,367028.798135457,582563.0302194746,1165126.0604389491,1322902.853108083,0.0,,0.0,False,19779321.73522621,11532545.304744488,8200000.0,9365126.06043895,10414195.67478726,2167419.244305538,47.34806474056196,81.20606347487
588626659,nakaseke,1,1,2,2.0,False,4.0,True,1648276.811268851,1311399.0830379562,525230.8662972919,833667.7846244206,1667335.5692488411,1893119.600137429,0.0,,0.0,False,19779321.73522621,15736788.996455474,956000.0,2623335.569248841,17155986.16597737,13113453.427206632,13.263020867782242,16.670081614741843
588783193,nakaseke,0,1,1,3.0,False,4.0,True,1648276.811268851,1223810.672793977,485680.349256833,770891.5960231837,1541783.1920463673,1750565.413380092,0.0,,0.0,False,19779321.73522621,14685728.073527724,7000000.0,8541783.192046367,11237538.543179844,6143944.881481357,43.18542013922439,58.16383872341787
613810847,nakaseke,1,1,2,0.0,False,2.0,True,1648276.811268851,711756.1240751254,287927.76405453996,457010.6530170022,914021.3060340044,1037794.4795934113,0.0,,0.0,False,19779321.73522621,8541073.488901505,360000.0,1274021.3060340043,18505300.429192208,7267052.1828675,6.441177928589033,14.916407260627148
614880582,mukono,1,1,2,2.0,False,4.0,True,1680564.056420399,1346873.8536514884,582191.832382904,1011085.6182631751,2022171.2365263503,2337292.550800331,0.0,,0.0,False,20166768.67704479,16162486.243817862,400000.0,2422171.2365263505,17744597.44051844,13740315.00729151,12.01070570757046,14.98637771433729
616579050,mukono,0,1,1,0.0,False,1.0,True,1680564.056420399,359824.56615789776,143794.368239151,249725.96595656735,499451.9319131347,577283.0998964673,0.0,,0.0,False,20166768.67704479,4317894.793894773,590000.0,1089451.9319131346,19077316.745131657,3228442.8619816387,5.402213658320107,25.23109023993706
616701381,mukono,0,1,1,2.0,False,3.0,True,1680564.056420399,973525.8052373858,406832.846725403,706541.7573405324,1413083.5146810648,1633288.7704387861,0.0,,0.0,False,20166768.67704479,11682309.662848629,580000.0,1993083.5146810648,18173685.162363727,9689226.148167564,9.883008758610547,17.060697517883366
623704503,mukono,0,1,1,1.0,False,2.0,True,1680564.056420399,639835.602468475,275313.607482277,478133.86164854985,956267.7232970997,1105285.9351676265,0.0,,0.0,False,20166768.67704479,7678027.2296217,500000.0,1456267.7232970996,18710500.95374769,6221759.5063246,7.221125737187258,18.96669130944005
550714829,nakaseke,1,0,1,1.0,False,2.0,True,1648276.811268851,687231.3692068104,276853.619283211,439433.3202086552,878866.6404173104,997879.3073013553,0.0,,0.0,False,19779321.73522621,8246776.430481724,655750.0,1534616.6404173104,18244705.0948089,6712159.790064414,7.758691935751353,18.60868490074573
551432268,nakaseke,0,1,1,2.0,False,3.0,True,1648276.811268851,961045.4420620407,367028.798135457,582563.0302194746,1165126.0604389491,1322902.853108083,0.0,,0.0,False,19779321.73522621,11532545.304744488,1516500.0000000002,2681626.060438949,17097695.67478726,8850919.244305538,13.557725064267885,23.2526817764655
551438359,nakaseke,1,0,1,4.0,False,5.0,True,1648276.811268851,1623752.0564005359,632808.272647339,1004419.0176197826,2008838.0352395652,2280866.988117382,0.0,,0.0,False,19779321.73522621,19485024.67680643,5459000.0,7467838.035239565,12311483.699986644,12017186.641566865,37.75578422357948,38.32603837617276
551438847,nakaseke,0,1,1,4.0,False,5.0,True,1648276.811268851,1560688.4010248717,604331.9003782091,959220.161826893,1918440.323653786,2178227.973652101,0.0,,0.0,False,19779321.73522621,18728260.81229846,977440.0,2895880.323653786,16883441.411572423,15832380.488644678,14.640948574572883,15.462622785304877
552834713,nakaseke,0,1,1,3.0,False,4.0,True,1648276.811268851,1223810.672793977,485680.349256833,770891.5960231837,1541783.1920463673,1750565.413380092,0.0,,0.0,False,19779321.73522621,14685728.073527724,2935505.45,4477288.642046368,15302033.093179842,10208439.431481358,22.636209178358676,30.487345398401196
553313606,nakaseke,1,0,1,3.0,False,4.0,True,1648276.811268851,1286874.3281696413,514156.72152596305,816090.4518160735,1632180.903632147,1853204.4278453733,0.0,,0.0,False,19779321.73522621,15442491.938035697,1340250.0,2972430.9036321472,16806890.831594065,12470061.03440355,15.027971855770778,19.248388897072296
553314110,nakaseke,0,1,1,0.0,False,1.0,True,1648276.811268851,361402.4830992099,129725.695892705,205905.89861205625,411811.7972241125,467577.7325640651,0.0,,0.0,False,19779321.73522621,4336829.797190519,6866780.0,7278591.797224114,12500729.938002098,-2941762.0000335937,36.79899591430995,167.83208328672072
553314852,nakaseke,2,1,3,3.0,False,6.0,True,1648276.811268851,1998630.4522447668,802084.485580503,1273101.1048330758,2546202.2096661516,2890998.9074387844,0.0,,0.0,False,19779321.73522621,23983565.4269372,7081000.0,9627202.209666152,10152119.525560059,14356363.217271049,48.67306542933915,40.14082993203895
554382238,nakaseke,1,0,1,2.0,False,3.0,True,1648276.811268851,1024109.0974377049,395505.170404587,627761.8860123644,1255523.7720247288,1425541.8675733642,0.0,,0.0,False,19779321.73522621,12289309.169252459,6684150.0,7939673.772024728,11839647.963201482,4349635.39722773,40.1412843084729,64.60634737621861
554383042,nakaseke,1,0,1,1.0,False,2.0,True,1648276.811268851,687231.3692068104,276853.619283211,439433.3202086552,878866.6404173104,997879.3073013553,0.0,,0.0,False,19779321.73522621,8246776.430481724,7486350.0,8365216.6404173095,11414105.0948089,-118440.20993558512,42.292737599384814,101.4362000829537
554388188,nakaseke,1,2,3,3.0,False,6.0,True,1648276.811268851,1935566.7968691024,773608.1133113729,1227902.249040186,2455804.498080372,2788359.8929735026,0.0,,0.0,False,19779321.73522621,23226801.562429227,9307150.0,11762954.498080373,8016367.237145836,11463847.064348854,59.47097001375433,50.64388424925312
555219221,nakaseke,1,0,1,1.0,False,2.0,True,1648276.811268851,687231.3692068104,276853.619283211,439433.3202086552,878866.6404173104,997879.3073013553,0.0,80000.0,0.0,False,19779321.73522621,8246776.430481724,11000000.0,11878866.640417311,7900455.094808899,-3632090.209935587,60.056996895204485,144.04254487257177
555219441,nakaseke,1,2,3,3.0,False,6.0,True,1648276.811268851,1935566.7968691024,773608.1133113729,1227902.249040186,2455804.498080372,2788359.8929735026,0.0,26000.0,0.0,False,19779321.73522621,23226801.562429227,9000000.0,11455804.498080373,8323517.237145838,11770997.064348854,57.918085622107185,49.321489518431314
555219813,nakaseke,0,1,1,3.0,False,4.0,True,1648276.811268851,1223810.672793977,485680.349256833,770891.5960231837,1541783.1920463673,1750565.413380092,0.0,20000.0,0.0,False,19779321.73522621,14685728.073527724,950000.0,2491783.1920463676,17287538.543179844,12193944.881481357,12.597920320030983,16.967379346605355
556046148,nakaseke,1,0,1,0.0,False,1.0,True,1648276.811268851,424466.138474874,158202.068161835,251104.75440494606,502209.5088098921,570216.7470293463,0.0,15000.0,0.0,False,19779321.73522621,5093593.6616984885,850000.0,1352209.508809892,18427112.22641632,3741384.152888597,6.836480678716393,26.547259138040268
557695618,nakaseke,1,0,1,0.0,False,1.0,True,1648276.811268851,424466.138474874,158202.068161835,251104.75440494606,502209.5088098921,570216.7470293463,0.0,100000.0,0.0,False,19779321.73522621,5093593.6616984885,1100000.0,1602209.508809892,18177112.22641632,3491384.152888597,8.100426952236782,31.455385239262018
557695779,nakaseke,0,2,2,3.0,False,5.0,True,1648276.811268851,1585213.1558931868,615406.045149538,976797.49463524,1953594.98927048,2218143.1459441567,0.0,,0.0,False,19779321.73522621,19022557.87071824,5200000.0,7153594.98927048,12625726.74595573,11868962.88144776,36.1670389158502,37.60585215662366
557696080,nakaseke,0,1,1,0.0,False,1.0,True,1648276.811268851,361402.4830992099,129725.695892705,205905.89861205625,411811.7972241125,467577.7325640651,0.0,52500.0,0.0,False,19779321.73522621,4336829.797190519,3050000.0,3461811.797224113,16317509.938002098,875017.9999664068,17.502176482921346,79.82355681716491
559607285,nakaseke,1,3,4,3.0,False,7.0,True,1648276.811268851,2296969.279968313,903333.809204078,1433808.1476522423,2867616.2953044847,3255937.6255375687,150000.0,,150000.0,False,19779321.73522621,27563631.359619755,1450000.0,4467616.295304485,15311705.439921726,23096015.06431527,22.587307871876273,16.208373407030344
559607680,nakaseke,1,1,2,0.0,False,2.0,True,1648276.811268851,711756.1240751254,287927.76405453996,457010.6530170022,914021.3060340044,1037794.4795934113,0.0,80000.0,0.0,False,19779321.73522621,8541073.488901505,3850000.0,4764021.306034004,15015300.429192206,3777052.182867501,24.085867906933665,55.77778147236994
559615651,nakaseke,0,1,1,3.0,False,4.0,True,1648276.811268851,1223810.672793977,485680.349256833,770891.5960231837,1541783.1920463673,1750565.413380092,0.0,80000.0,0.0,False,19779321.73522621,14685728.073527724,2000000.0,3541783.1920463676,16237538.543179844,11143944.881481357,17.906494668816617,24.117178081424058
560459965,nakaseke,1,2,3,4.0,False,7.0,True,1648276.811268851,2272444.525099997,892259.6644327489,1416230.814843895,2832461.62968779,3216022.4532455113,0.0,,0.0,False,19779321.73522621,27269334.301199965,4500000.0,7332461.629687789,12446860.10553842,19936872.671512175,37.07135021030048,26.889037879319005
561202301,nakaseke,1,1,2,2.0,False,4.0,True,1648276.811268851,1311399.0830379562,525230.8662972919,833667.7846244206,1667335.5692488411,1893119.600137429,0.0,,0.0,False,19779321.73522621,15736788.996455474,3650000.0,5317335.569248841,14461986.16597737,10419453.427206632,26.883305911237954,33.78920293362584
567488224,nakaseke,2,1,3,3.0,False,6.0,True,1648276.811268851,1998630.4522447668,802084.485580503,1273101.1048330758,2546202.2096661516,2890998.9074387844,0.0,212500.0,0.0,False,19779321.73522621,23983565.4269372,3300000.0,5846202.209666152,13933119.525560057,18137363.21727105,29.55714198861678,24.375867831143967
581728335,nakaseke,0,1,1,5.0,False,6.0,True,1648276.811268851,1823453.6317568081,722983.4514995851,1147548.7276306022,2295097.4552612044,2605890.53392411,0.0,90000.0,0.0,False,19779321.73522621,21881443.581081696,6400000.0,8695097.455261204,11084224.279965006,13186346.125820491,43.96054410589606,39.73731176849241
581800534,nakaseke,1,1,2,3.0,False,5.0,True,1648276.811268851,1648276.811268851,643882.417418668,1021996.3504281298,2043992.7008562596,2320782.1604094384,5000.0,160000.0,5000.0,False,19779321.73522621,19779321.73522621,5400000.0,7448992.700856259,12330329.034369951,12330329.034369951,37.66050626291138,37.66050626291138
581801301,nakaseke,1,0,1,3.0,False,4.0,True,1648276.811268851,1286874.3281696413,514156.72152596305,816090.4518160735,1632180.903632147,1853204.4278453733,0.0,70000.0,0.0,False,19779321.73522621,15442491.938035697,4000000.0,5632180.903632147,14147140.831594061,9810311.03440355,28.475096259754196,36.47196920180855
582682579,nakaseke,1,1,2,2.0,False,4.0,True,1648276.811268851,1311399.0830379562,525230.8662972919,833667.7846244206,1667335.5692488411,1893119.600137429,0.0,50000.0,0.0,False,19779321.73522621,15736788.996455474,3400000.0,5067335.569248841,14711986.16597737,10669453.427206632,25.619359637717565,32.20056880975019
582684638,nakaseke,0,1,1,4.0,False,5.0,True,1648276.811268851,1560688.4010248717,604331.9003782091,959220.161826893,1918440.323653786,2178227.973652101,0.0,,0.0,False,19779321.73522621,18728260.81229846,2000000.0,3918440.323653786,15860881.411572423,14809820.488644678,19.810792180376918,20.922606551274782
583582238,nakaseke,2,0,2,3.0,False,5.0,True,1648276.811268851,1711340.4666445153,672358.789687798,1067195.2062210196,2134390.412442039,2423421.174874719,15000.0,,15000.0,False,19779321.73522621,20536085.599734183,15500000.0,17649390.41244204,2129931.3227841705,2886695.1872921437,89.23152496685039,85.94330368719582
584447265,nakaseke,1,2,3,4.0,False,7.0,True,1648276.811268851,2272444.525099997,892259.6644327489,1416230.814843895,2832461.62968779,3216022.4532455113,10500.0,,10500.0,False,19779321.73522621,27269334.301199965,8500000.0,11342961.62968779,8436360.10553842,15926372.671512175,57.347576330114556,41.59603422804734
585215638,nakaseke,0,2,2,3.0,False,5.0,True,1648276.811268851,1585213.1558931868,615406.045149538,976797.49463524,1953594.98927048,2218143.1459441567,0.0,,0.0,False,19779321.73522621,19022557.87071824,15000000.0,16953594.98927048,2825726.7459557317,2068962.8814477623,85.71373283784943,89.1236347103848
585216305,nakaseke,3,0,3,2.0,False,5.0,True,1648276.811268851,1798928.8768884947,711909.306728257,1129971.3948222564,2259942.789644513,2565975.3616320565,0.0,,0.0,False,19779321.73522621,21587146.522661936,3000000.0,5259942.789644513,14519378.945581699,16327203.73301742,26.593140351606486,24.366086477074152
587012670,nakaseke,1,1,2,3.0,False,5.0,True,1648276.811268851,1648276.811268851,643882.417418668,1021996.3504281298,2043992.7008562596,2320782.1604094384,0.0,,0.0,False,19779321.73522621,19779321.73522621,15000000.0,17043992.70085626,2735329.0343699493,2735329.0343699493,86.17076424062392,86.17076424062392
587012983,nakaseke,0,2,2,4.0,False,6.0,True,1648276.811268851,1847978.3866251232,734057.596270914,1165126.0604389491,2330252.1208778983,2645805.706216166,15000.0,,15000.0,False,19779321.73522621,22175740.63950148,8200000.0,10545252.1208779,9234069.614348311,11630488.51862358,53.314528486066386,47.55309999474706
587013280,nakaseke,1,0,1,4.0,False,5.0,True,1648276.811268851,1623752.0564005359,632808.272647339,1004419.0176197826,2008838.0352395652,2280866.988117382,0.0,,0.0,False,19779321.73522621,19485024.67680643,27000000.0,29008838.035239566,-9229516.300013356,-9523813.358433135,146.6624509351903,148.8776048088335
588781706,nakaseke,2,0,2,3.0,False,5.0,True,1648276.811268851,1711340.4666445153,672358.789687798,1067195.2062210196,2134390.412442039,2423421.174874719,0.0,,0.0,False,19779321.73522621,20536085.599734183,14300000.0,16434390.41244204,3344931.3227841705,4101695.1872921437,83.08874607754129,80.02688892499924
589705500,nakaseke,0,1,1,2.0,False,3.0,True,1648276.811268851,961045.4420620407,367028.798135457,582563.0302194746,1165126.0604389491,1322902.853108083,0.0,100000.0,0.0,False,19779321.73522621,11532545.304744488,5400000.0,6565126.06043895,13214195.67478726,4967419.244305538,33.19186647713361,56.92694792829523
589705733,nakaseke,1,0,1,2.0,False,3.0,True,1648276.811268851,1024109.0974377049,395505.170404587,627761.8860123644,1255523.7720247288,1425541.8675733642,0.0,,0.0,False,19779321.73522621,12289309.169252459,12450000.0,13705523.772024726,6073797.963201482,-1416214.6027722694,69.29218279318303,111.5239561741648
592193539,nakaseke,1,0,1,0.0,False,1.0,True,1648276.811268851,424466.138474874,158202.068161835,251104.75440494606,502209.5088098921,570216.7470293463,0.0,,0.0,False,19779321.73522621,5093593.6616984885,7998000.0,8500209.508809892,11279112.226416318,-3406615.847111404,42.975232531211354,166.88040062417244
593223241,nakaseke,0,1,1,4.0,False,5.0,True,1648276.811268851,1560688.4010248717,604331.9003782091,959220.161826893,1918440.323653786,2178227.973652101,0.0,40000.0,0.0,False,19779321.73522621,18728260.81229846,11000000.0,12918440.323653786,6860881.411572425,5809820.488644676,65.3128580271109,68.97832347128843
593223559,nakaseke,1,0,1,5.0,False,6.0,True,1648276.811268851,1886517.2871324718,751459.823768715,1192747.5834234918,2385495.1668469836,2708529.548389391,0.0,35000.0,0.0,False,19779321.73522621,22638207.44558966,5450000.0,7835495.166846983,11943826.568379227,14802712.278742677,39.61457966929305,34.61181803232164
613174996,nakaseke,0,1,1,2.0,False,3.0,True,1648276.811268851,961045.4420620407,367028.798135457,582563.0302194746,1165126.0604389491,1322902.853108083,0.0,175000.0,0.0,False,19779321.73522621,11532545.304744488,3800000.0,4965126.06043895,14814195.674787259,6567419.244305538,25.10261032660312,43.053167615966764
613177861,nakaseke,1,0,1,3.0,False,4.0,True,1648276.811268851,1286874.3281696413,514156.72152596305,816090.4518160735,1632180.903632147,1853204.4278453733,0.0,150000.0,0.0,False,19779321.73522621,15442491.938035697,2500000.0,4132180.9036321477,15647140.831594061,11310311.03440355,20.891418618631864,26.758510998178743
613177864,nakaseke,0,1,1,6.0,False,7.0,True,1648276.811268851,2160331.3599877027,841635.002620961,1335877.2934343112,2671754.5868686223,3033553.0941961184,0.0,,0.0,False,19779321.73522621,25923976.319852434,5000000.0,7671754.586868623,12107567.148357589,18252221.732983813,38.78674248574218,29.59327879417031
613178463,nakaseke,1,1,2,2.0,False,4.0,True,1648276.811268851,1311399.0830379562,525230.8662972919,833667.7846244206,1667335.5692488411,1893119.600137429,0.0,,0.0,False,19779321.73522621,15736788.996455474,13000000.0,14667335.56924884,5111986.16597737,1069453.4272066336,74.1548965409005,93.20411916657511
613178868,nakaseke,1,0,1,0.0,False,1.0,True,1648276.811268851,424466.138474874,158202.068161835,251104.75440494606,502209.5088098921,570216.7470293463,0.0,40000.0,0.0,False,19779321.73522621,5093593.6616984885,800000.0,1302209.508809892,18477112.22641632,3791384.152888597,6.583691424012315,25.56563391779592
613180603,nakaseke,0,1,1,4.0,False,5.0,True,1648276.811268851,1560688.4010248717,604331.9003782091,959220.161826893,1918440.323653786,2178227.973652101,0.0,,0.0,False,19779321.73522621,18728260.81229846,2000000.0,3918440.323653786,15860881.411572423,14809820.488644678,19.810792180376918,20.922606551274782
613822490,nakaseke,2,1,3,4.0,False,7.0,True,1648276.811268851,2335508.1804756615,920736.036701879,1461429.670636785,2922859.34127357,3318661.467710793,0.0,,0.0,False,19779321.73522621,28026098.16570794,580000.0,3502859.34127357,16276462.393952642,24523238.82443437,17.709704044275252,12.498562306327695
613825443,nakaseke,1,0,1,0.0,False,1.0,True,1648276.811268851,424466.138474874,158202.068161835,251104.75440494606,502209.5088098921,570216.7470293463,0.0,,0.0,False,19779321.73522621,5093593.6616984885,1104000.0,1606209.508809892,18173112.22641632,3487384.152888597,8.12065009261311,31.533915256881563
618055484,mukono,1,0,1,0.0,False,1.0,True,1680564.056420399,427027.2148724358,175358.985657501,304543.86092264275,609087.7218452855,704003.7803615447,0.0,,0.0,False,20166768.67704479,5124326.57846923,1250000.0,1859087.7218452855,18307680.955199506,3265238.8566239444,9.218570171637996,36.27964949885461
619558400,mukono,0,1,1,1.0,False,2.0,True,1680564.056420399,639835.602468475,275313.607482277,478133.86164854985,956267.7232970997,1105285.9351676265,0.0,,0.0,False,20166768.67704479,7678027.2296217,650000.0,1606267.7232970996,18560500.95374769,6071759.5063246,7.9649236276779645,20.920318139796972
621499875,mukono,1,1,2,4.0,False,6.0,True,1680564.056420399,1960575.0927309764,845230.310869156,1467901.4096471402,2935802.8192942804,3393298.22134265,0.0,,0.0,False,20166768.67704479,23526901.112771716,4400000.0,7335802.819294279,12830965.857750509,16191098.293477435,36.37569774697916,31.180489024591502
623176650,mukono,0,3,3,5.0,False,8.0,True,1680564.056420399,2533208.046484913,1088979.300933083,1891217.3763296148,3782434.7526592296,4371863.4760452,0.0,,0.0,False,20166768.67704479,30398496.557818957,13500000.0,17282434.75265923,2884333.924385559,13116061.805159725,85.69759007714157,56.85292599845345
623183149,mukono,1,1,2,3.0,False,5.0,True,1680564.056420399,1680564.056420399,713711.07162603,1239493.5139551577,2478987.0279103154,2865295.3860714906,0.0,,0.0,False,20166768.67704479,20166768.67704479,6288000.0,8766987.027910315,11399781.649134476,11399781.649134476,43.472443048793956,43.472443048793956
623185581,mukono,0,1,1,3.0,False,4.0,True,1680564.056420399,1253536.841547963,538352.085968529,934949.6530325148,1869899.3060650297,2161291.605709946,0.0,,0.0,False,20166768.67704479,15042442.098575555,3900000.0,5769899.306065029,14396869.37097976,9272542.792510524,28.61092621463313,38.35746395601157
633165095,mukono,0,1,1,2.0,False,3.0,True,1680564.056420399,973525.8052373858,406832.846725403,706541.7573405324,1413083.5146810648,1633288.7704387861,0.0,0.0,0.0,False,20166768.67704479,11682309.662848629,23500000.0,24913083.514681064,-4746314.837636273,-13230773.851832435,123.53532642559071,213.25477781083083
633861862,mukono,0,1,1,13.0,False,14.0,True,1680564.056420399,4322043.0369454045,1853544.4783997892,3219028.6099523404,6438057.219904681,7441319.958421541,0.0,,0.0,False,20166768.67704479,51864516.443344854,23000000.0,29438057.21990468,-9271288.54285989,22426459.223440174,145.97309906873238,56.75953279553253
634022320,mukono,0,1,1,0.0,False,1.0,True,1680564.056420399,359824.56615789776,143794.368239151,249725.96595656735,499451.9319131347,577283.0998964673,0.0,,0.0,False,20166768.67704479,4317894.793894773,600000.0,1099451.9319131346,19067316.745131657,3218442.8619816387,5.4518001843528205,25.46268458109932
634322498,mukono,1,1,2,5.0,False,7.0,True,1680564.056420399,2294265.2954998873,976749.550112282,1696309.305339123,3392618.610678246,3921301.0566138094,0.0,,0.0,False,20166768.67704479,27531183.545998648,120000.0,3512618.610678246,16654150.066366544,24018564.935320403,17.4178554181392,12.758690903387501
634928993,mukono,1,1,2,2.0,False,4.0,True,1680564.056420399,1346873.8536514884,582191.832382904,1011085.6182631751,2022171.2365263503,2337292.550800331,0.0,20000.0,0.0,False,20166768.67704479,16162486.243817862,60000.0,2082171.2365263503,18084597.44051844,14080315.007291514,10.324763822458188,12.882740966432555
634952733,mukono,1,1,2,2.0,False,4.0,True,1680564.056420399,1346873.8536514884,582191.832382904,1011085.6182631751,2022171.2365263503,2337292.550800331,0.0,200000.0,0.0,False,20166768.67704479,16162486.243817862,11900000.0,13922171.23652635,6244597.440518441,2240315.0072915126,69.0352106451914,86.1387971287621
634953204,mukono,1,2,3,3.0,False,6.0,True,1680564.056420399,1986709.4561199632,857505.439865181,1489219.479911725,2978438.95982345,3442578.4859679574,0.0,24000.0,0.0,False,20166768.67704479,23840513.47343956,2420000.0,5398438.95982345,14768329.71722134,18442074.513616107,26.768983401730225,22.643971011101705
635102101,mukono,1,0,1,9.0,False,10.0,True,1680564.056420399,3161843.2075009653,1359032.138845635,2360214.922150485,4720429.84430097,5456029.29780198,0.0,40000.0,0.0,False,20166768.67704479,37942118.49001159,32500000.0,37220429.84430097,-17053661.16725618,721688.6457106173,184.56318134232302,98.09792211286093
635102513,mukono,0,1,1,13.0,False,14.0,True,1680564.056420399,4322043.0369454045,1853544.4783997892,3219028.6099523404,6438057.219904681,7441319.958421541,0.0,0.0,0.0,False,20166768.67704479,51864516.443344854,11800000.0,18238057.21990468,1928711.4571401104,33626459.22344017,90.43618991209284,35.16480721424898
644159914,mukono,2,0,2,0.0,False,2.0,True,1680564.056420399,800375.2632865383,350717.971315002,609087.7218452855,1218175.443690571,1408007.5607230894,0.0,100000.0,0.0,False,20166768.67704479,9604503.15943846,17800000.0,19018175.443690572,1148593.2333542183,-9413672.284252113,94.3045251733282,198.01311039188096
644420047,mukono,1,1,2,2.0,False,4.0,True,1680564.056420399,1346873.8536514884,582191.832382904,1011085.6182631751,2022171.2365263503,2337292.550800331,0.0,,0.0,False,20166768.67704479,16162486.243817862,2800000.0,4822171.2365263505,15344597.440518439,11340315.00729151,23.91147195542179,29.83557828778247
551439754,nakaseke,1,0,1,3.0,True,4.0,True,1648276.811268851,1286874.3281696413,514156.72152596305,816090.4518160735,1632180.903632147,1853204.4278453733,0.0,,0.0,False,19779321.73522621,15442491.938035697,6938750.000000002,8570930.903632147,11208390.831594061,6871561.0344035495,43.332784704986366,55.50225273241995
552968706,nakaseke,1,0,1,3.0,False,4.0,True,1648276.811268851,1286874.3281696413,514156.72152596305,816090.4518160735,1632180.903632147,1853204.4278453733,0.0,,0.0,False,19779321.73522621,15442491.938035697,9577999.999999998,11210180.903632145,8569140.831594063,4232311.03440355,56.6762655145411,72.59308244170658
552969446,nakaseke,1,1,2,3.0,False,5.0,True,1648276.811268851,1648276.811268851,643882.417418668,1021996.3504281298,2043992.7008562596,2320782.1604094384,0.0,,0.0,False,19779321.73522621,19779321.73522621,4616039.999999998,6660032.700856258,13119289.034369951,13119289.034369951,33.67169405508479,33.67169405508479
552970239,nakaseke,0,2,2,4.0,False,6.0,True,1648276.811268851,1847978.3866251232,734057.596270914,1165126.0604389491,2330252.1208778983,2645805.706216166,0.0,,0.0,False,19779321.73522621,22175740.63950148,3805300.0,6135552.120877898,13643769.614348311,16040188.51862358,31.02003295669495,27.667856603394277
554387935,nakaseke,1,0,1,1.0,False,2.0,True,1648276.811268851,687231.3692068104,276853.619283211,439433.3202086552,878866.6404173104,997879.3073013553,0.0,,0.0,False,19779321.73522621,8246776.430481724,6980249.999999998,7859116.6404173095,11920205.0948089,387659.790064415,39.734004763270136,95.29925670554681
558377096,nakaseke,0,1,1,4.0,False,5.0,True,1648276.811268851,1560688.4010248717,604331.9003782091,959220.161826893,1918440.323653786,2178227.973652101,0.0,240000.0,0.0,False,19779321.73522621,18728260.81229846,4000000.0,5918440.3236537855,13860881.411572423,12809820.488644676,29.922362368540018,31.60165475572227
559607458,nakaseke,3,1,4,7.0,False,11.0,True,1648276.811268851,3622382.5086453026,1434892.758227842,2277520.1224528584,4555040.244905717,5171865.895556166,0.0,180000.0,0.0,False,19779321.73522621,43468590.10374363,4700000.0,9255040.244905718,10524281.490320493,34213549.85883791,46.791494515319236,21.291328342643094
567493335,nakaseke,1,2,3,2.0,False,5.0,True,1648276.811268851,1672801.566137166,654956.5621899969,1039573.6832364767,2079147.3664729535,2360697.332701494,0.0,175000.0,0.0,False,19779321.73522621,20073618.793645993,3200000.0,5279147.366472954,14500174.368753258,14794471.427173039,26.69023456487386,26.298932049780632
581802079,nakaseke,1,2,3,4.0,False,7.0,True,1648276.811268851,2272444.525099997,892259.6644327489,1416230.814843895,2832461.62968779,3216022.4532455113,0.0,122500.0,0.0,False,19779321.73522621,27269334.301199965,7450000.0,10282461.62968779,9496860.10553842,16986872.671512175,51.98591623784107,37.707050403629836
582619340,nakaseke,0,1,1,4.0,False,5.0,True,1648276.811268851,1560688.4010248717,604331.9003782091,959220.161826893,1918440.323653786,2178227.973652101,0.0,,0.0,False,19779321.73522621,18728260.81229846,2000000.0,3918440.323653786,15860881.411572423,14809820.488644678,19.810792180376918,20.922606551274782
583580839,nakaseke,0,2,2,3.0,False,5.0,True,1648276.811268851,1585213.1558931868,615406.045149538,976797.49463524,1953594.98927048,2218143.1459441567,0.0,,0.0,False,19779321.73522621,19022557.87071824,35000000.0,36953594.98927048,-17174273.25404427,-17931037.118552238,186.82943471948056,194.26196645275448
584444811,nakaseke,0,2,2,3.0,False,5.0,True,1648276.811268851,1585213.1558931868,615406.045149538,976797.49463524,1953594.98927048,2218143.1459441567,0.0,,0.0,False,19779321.73522621,19022557.87071824,4300000.0,6253594.98927048,13525726.74595573,12768962.88144776,31.616832331176802,32.87462722821703
585215286,nakaseke,1,2,3,3.0,False,6.0,True,1648276.811268851,1935566.7968691024,773608.1133113729,1227902.249040186,2455804.498080372,2788359.8929735026,0.0,200000.0,0.0,False,19779321.73522621,23226801.562429227,7500000.0,9955804.498080373,9823517.237145837,13270997.064348854,50.33440798098485,42.8634328808513
587013182,nakaseke,0,1,1,5.0,False,6.0,True,1648276.811268851,1823453.6317568081,722983.4514995851,1147548.7276306022,2295097.4552612044,2605890.53392411,0.0,180000.0,0.0,False,19779321.73522621,21881443.581081696,6600000.0,8895097.455261204,10884224.279965006,12986346.125820491,44.97170112471237,40.65132824669642
588782700,nakaseke,0,2,2,2.0,False,4.0,True,1648276.811268851,1248335.4276622923,496754.494028162,788468.9288315307,1576937.8576630615,1790480.5856721476,0.0,87500.0,0.0,False,19779321.73522621,14980025.131947506,12500000.0,14076937.857663061,5702383.877563149,903087.2742844447,71.16997259108525,93.9713901256517
589705993,nakaseke,1,0,1,2.0,False,3.0,True,1648276.811268851,1024109.0974377049,395505.170404587,627761.8860123644,1255523.7720247288,1425541.8675733642,0.0,,0.0,False,19779321.73522621,12289309.169252459,10000000.0,11255523.772024728,8523797.963201482,1033785.3972277306,56.905509312683215,91.58792912612016
613178458,nakaseke,0,1,1,2.0,False,3.0,True,1648276.811268851,961045.4420620407,367028.798135457,582563.0302194746,1165126.0604389491,1322902.853108083,0.0,,0.0,False,19779321.73522621,11532545.304744488,30500000.0,31665126.06043895,-11885804.32521274,-20132580.755694464,160.09207233858064,274.5718765779478
613178880,nakaseke,0,1,1,2.0,False,3.0,True,1648276.811268851,961045.4420620407,367028.798135457,582563.0302194746,1165126.0604389491,1322902.853108083,0.0,50000.0,0.0,False,19779321.73522621,11532545.304744488,4100000.0,5265126.06043895,14514195.674787259,6267419.244305538,26.61934585482759,45.65450142452835
613179574,nakaseke,1,0,1,4.0,False,5.0,True,1648276.811268851,1623752.0564005359,632808.272647339,1004419.0176197826,2008838.0352395652,2280866.988117382,0.0,40000.0,0.0,False,19779321.73522621,19485024.67680643,4400000.0,6408838.035239565,13370483.699986644,13076186.641566865,32.401707808947116,32.89109529775543
615825416,mukono,1,1,2,3.0,False,5.0,True,1680564.056420399,1680564.056420399,713711.07162603,1239493.5139551577,2478987.0279103154,2865295.3860714906,0.0,,0.0,False,20166768.67704479,20166768.67704479,50000.0,2528987.0279103154,17637781.649134476,17637781.649134476,12.540368109587053,12.540368109587053
619544793,mukono,1,1,2,4.0,False,6.0,True,1680564.056420399,1960575.0927309764,845230.310869156,1467901.4096471402,2935802.8192942804,3393298.22134265,0.0,,0.0,False,20166768.67704479,23526901.112771716,2000000.0,4935802.81929428,15230965.857750509,18591098.293477435,24.47493149912783,20.979400540833876
623479229,mukono,1,1,2,6.0,False,8.0,True,1680564.056420399,2574276.3318104646,1108268.789355408,1924717.2010311051,3849434.4020622103,4449303.891884969,0.0,50000.0,0.0,False,20166768.67704479,30891315.981725574,120000.0,3969434.4020622103,16197334.274982577,26921881.57966336,19.68304623130078,12.849677250429911
633706398,mukono,1,1,2,2.0,False,4.0,True,1680564.056420399,1346873.8536514884,582191.832382904,1011085.6182631751,2022171.2365263503,2337292.550800331,0.0,140000.0,0.0,False,20166768.67704479,16162486.243817862,600000.0,2622171.2365263505,17544597.44051844,13540315.00729151,13.002436228224735,16.223811095457723
633706854,mukono,1,1,2,4.0,False,6.0,True,1680564.056420399,1960575.0927309764,845230.310869156,1467901.4096471402,2935802.8192942804,3393298.22134265,0.0,175000.0,0.0,False,20166768.67704479,23526901.112771716,230000.0,3165802.8192942804,17000965.85775051,20361098.293477435,15.698116391337475,13.456097784062626
553314312,nakaseke,0,3,3,6.0,False,9.0,True,1648276.811268851,2809023.828687164,1101086.394406371,1747689.0906584237,3495378.1813168474,3968708.5593242487,0.0,,0.0,False,19779321.73522621,33708285.944245964,12288000.0,15783378.181316847,3995943.5539093628,17924907.76292912,79.79736814335376,46.823437440345685
555219512,nakaseke,1,1,2,6.0,False,8.0,True,1648276.811268851,2510685.0009636185,999837.070782796,1586982.0478392574,3173964.095678515,3603769.841225465,0.0,24000.0,0.0,False,19779321.73522621,30128220.01156342,3200000.0,6373964.095678515,13405357.639547694,23754255.915884905,32.22539266514246,21.156125696214858
561200684,nakaseke,2,1,3,3.0,False,6.0,True,1648276.811268851,1998630.4522447668,802084.485580503,1273101.1048330758,2546202.2096661516,2890998.9074387844,0.0,,0.0,False,19779321.73522621,23983565.4269372,4200000.0,6746202.209666151,13033119.525560059,17237363.21727105,34.10734857329018,28.128437492822222
583583184,nakaseke,1,1,2,3.0,False,5.0,True,1648276.811268851,1648276.811268851,643882.417418668,1021996.3504281298,2043992.7008562596,2320782.1604094384,0.0,105000.0,0.0,False,19779321.73522621,19779321.73522621,20500000.0,22543992.70085626,-2764670.9656300507,-2764670.9656300507,113.97758225807247,113.97758225807247
584444125,nakaseke,2,1,3,6.0,False,9.0,True,1648276.811268851,2935151.1394384927,1158039.138944631,1838086.8022442032,3676173.6044884063,4173986.588254811,0.0,,0.0,False,19779321.73522621,35221813.67326191,9000000.0,12676173.604488406,7103148.130737804,22545640.068773504,64.08800955956254,35.98955386590818
584446459,nakaseke,1,1,2,2.0,False,4.0,True,1648276.811268851,1311399.0830379562,525230.8662972919,833667.7846244206,1667335.5692488411,1893119.600137429,0.0,100000.0,0.0,False,19779321.73522621,15736788.996455474,4200000.0,5867335.569248841,13911986.16597737,9869453.427206632,29.66398771298281,37.284198006152266
586786507,nakaseke,1,1,2,1.0,False,3.0,True,1648276.811268851,1048633.8523060202,406579.31517591595,645339.2188207114,1290678.4376414227,1465457.0398654202,0.0,80000.0,0.0,False,19779321.73522621,12583606.227672242,711800.0,2002478.4376414227,17776843.297584787,10581127.790030818,10.124100636247228,15.913390815089482
586805028,nakaseke,0,3,3,3.0,False,6.0,True,1648276.811268851,1872503.1414934387,745131.7410422431,1182703.3932472963,2365406.7864945927,2685720.8785082223,0.0,54000.0,0.0,False,19779321.73522621,22470037.697921265,665200.0,3030606.7864945927,16748714.94873162,19439430.91142667,15.322096617181765,13.48732399667918
588783732,nakaseke,0,2,2,3.0,False,5.0,True,1648276.811268851,1585213.1558931868,615406.045149538,976797.49463524,1953594.98927048,2218143.1459441567,0.0,,0.0,False,19779321.73522621,19022557.87071824,8300000.0,10253594.98927048,9525726.74595573,8768962.88144776,51.83997270750302,53.902293576690965
589705256,nakaseke,1,0,1,3.0,False,4.0,True,1648276.811268851,1286874.3281696413,514156.72152596305,816090.4518160735,1632180.903632147,1853204.4278453733,0.0,,0.0,False,19779321.73522621,15442491.938035697,18000000.0,19632180.903632145,147140.83159406483,-4189688.9655964486,99.25608757689595,127.13091243568672
592362627,nakaseke,2,0,2,1.0,False,3.0,True,1648276.811268851,1111697.5076816843,435055.687445046,690538.0746136012,1381076.1492272024,1568096.0543307015,0.0,,0.0,False,19779321.73522621,13340370.092180211,4500000.0,5881076.149227202,13898245.585999008,7459293.942953008,29.733457132421442,44.084805058553364
592363516,nakaseke,1,1,2,8.0,False,10.0,True,1648276.811268851,3110327.959926449,1237140.173025548,1963639.1794466756,3927278.358893351,4459094.961769482,0.0,,0.0,False,19779321.73522621,37323935.51911739,9900000.0,13827278.358893353,5952043.376332859,23496657.160224043,69.90774781860948,37.04667840241818
615755561,mukono,1,1,2,10.0,False,12.0,True,1680564.056420399,3801678.8099694406,1634345.746327912,2838348.783799035,5676697.56759807,6561315.232969606,0.0,,0.0,False,20166768.67704479,45620145.71963329,32000000.0,37676697.56759807,-17509928.890553277,7943448.152035221,186.82565447623887,82.58785011154262
616699698,mukono,0,1,1,0.0,False,1.0,True,1680564.056420399,359824.56615789776,143794.368239151,249725.96595656735,499451.9319131347,577283.0998964673,0.0,,0.0,False,20166768.67704479,4317894.793894773,600000.0,1099451.9319131346,19067316.745131657,3218442.8619816387,5.4518001843528205,25.46268458109932
618056804,mukono,0,1,1,2.0,False,3.0,True,1680564.056420399,973525.8052373858,406832.846725403,706541.7573405324,1413083.5146810648,1633288.7704387861,0.0,30000.0,0.0,False,20166768.67704479,11682309.662848629,1650000.0,3063083.5146810645,17103685.162363727,8619226.148167565,15.188767044110929,26.21984524534644
623479343,mukono,1,1,2,5.0,False,7.0,True,1680564.056420399,2294265.2954998873,976749.550112282,1696309.305339123,3392618.610678246,3921301.0566138094,0.0,45000.0,0.0,False,20166768.67704479,27531183.545998648,220000.0,3612618.610678246,16554150.066366544,23918564.935320403,17.91372067846634,13.121915389661117
631647706,mukono,1,1,2,5.0,False,7.0,True,1680564.056420399,2294265.2954998873,976749.550112282,1696309.305339123,3392618.610678246,3921301.0566138094,0.0,22500.0,0.0,False,20166768.67704479,27531183.545998648,230000.0,3622618.610678246,16544150.066366544,23908564.935320403,17.963307204499056,13.158237838288477
632871446,mukono,0,1,1,3.0,False,4.0,True,1680564.056420399,1253536.841547963,538352.085968529,934949.6530325148,1869899.3060650297,2161291.605709946,0.0,60000.0,0.0,False,20166768.67704479,15042442.098575555,800000.0,2669899.3060650295,17496869.37097976,12372542.792510524,13.239103144491827,17.749108080780683
644420087,mukono,1,2,3,4.0,False,7.0,True,1680564.056420399,2320399.658888874,989024.679108307,1717627.3756037075,3435254.751207415,3970581.321239117,0.0,,0.0,False,20166768.67704479,27844795.906666487,2100000.0,5535254.751207415,14631513.925837373,22309541.155459072,27.44740538184496,19.878956088459557
583581711,nakaseke,1,2,3,4.0,False,7.0,True,1648276.811268851,2272444.525099997,892259.6644327489,1416230.814843895,2832461.62968779,3216022.4532455113,0.0,,0.0,False,19779321.73522621,27269334.301199965,8200000.0,11032461.62968779,8746860.10553842,16236872.671512175,55.777755058402235,40.4573925708275
592192218,nakaseke,1,2,3,4.0,False,7.0,True,1648276.811268851,2272444.525099997,892259.6644327489,1416230.814843895,2832461.62968779,3216022.4532455113,0.0,,0.0,False,19779321.73522621,27269334.301199965,2650000.0,5482461.62968779,14296860.105538422,21786872.671512175,27.718147786249602,20.10486053356476
614880682,mukono,0,2,2,2.0,False,4.0,True,1680564.056420399,1279671.20493695,550627.214964554,956267.7232970997,1912535.4465941994,2210571.870335253,0.0,,0.0,False,20166768.67704479,15356054.4592434,1400000.0,3312535.446594199,16854233.230450593,12043519.0126492,16.42571251568307,21.571527083249283
618739011,mukono,1,1,2,4.0,False,6.0,True,1680564.056420399,1960575.0927309764,845230.310869156,1467901.4096471402,2935802.8192942804,3393298.22134265,0.0,100000.0,0.0,False,20166768.67704479,23526901.112771716,6400000.0,9335802.819294281,10830965.857750509,14191098.293477435,46.293002953521935,39.68139609438953
618739107,mukono,0,1,1,2.0,False,3.0,True,1680564.056420399,973525.8052373858,406832.846725403,706541.7573405324,1413083.5146810648,1633288.7704387861,0.0,,0.0,False,20166768.67704479,11682309.662848629,1800000.0,3213083.5146810645,16953685.162363727,8469226.148167565,15.932564934601634,27.503837917420707
622484850,mukono,1,1,2,2.0,False,4.0,True,1680564.056420399,1346873.8536514884,582191.832382904,1011085.6182631751,2022171.2365263503,2337292.550800331,0.0,80000.0,0.0,False,20166768.67704479,16162486.243817862,600000.0,2622171.2365263505,17544597.44051844,13540315.00729151,13.002436228224735,16.223811095457723
623479274,mukono,0,3,3,1.0,False,4.0,True,1680564.056420399,1305805.5683259373,562902.343960579,977585.7935616847,1955171.5871233693,2259852.1349605615,0.0,105000.0,0.0,False,20166768.67704479,15669666.819911247,150000.0,2105171.5871233693,18061597.089921422,13564495.232787877,10.43881457082225,13.434692717578105
623981062,mukono,0,1,1,7.0,False,8.0,True,1680564.056420399,2480939.3197069396,1064429.0429410331,1848581.235800445,3697162.47160089,4273302.946794584,250000.0,,250000.0,False,20166768.67704479,29771271.836483277,580000.0,4527162.47160089,15639606.2054439,25244109.364882387,22.44862597523628,15.20647991280328
634929144,mukono,2,1,3,5.0,False,8.0,True,1680564.056420399,2667613.3439139896,1152108.535769783,2000853.1662617654,4001706.332523531,4625304.836975354,0.0,30000.0,0.0,False,20166768.67704479,32011360.126967877,115000.0,4116706.332523531,16050062.34452126,27894653.794444345,20.413316572671608,12.860141887740104
635625391,mukono,1,1,2,3.0,False,5.0,True,1680564.056420399,1680564.056420399,713711.07162603,1239493.5139551577,2478987.0279103154,2865295.3860714906,0.0,140000.0,0.0,False,20166768.67704479,20166768.67704479,120000.0,2598987.0279103154,17567781.649134476,17567781.649134476,12.887473791816046,12.887473791816046
635625490,mukono,1,1,2,3.0,False,5.0,True,1680564.056420399,1680564.056420399,713711.07162603,1239493.5139551577,2478987.0279103154,2865295.3860714906,0.0,126000.0,0.0,False,20166768.67704479,20166768.67704479,80000.0,2558987.0279103154,17607781.649134476,17607781.649134476,12.689127687685192,12.689127687685192
556031317,nakaseke,0,3,3,4.0,False,7.0,True,1648276.811268851,2209380.8697243333,863783.2921636191,1371031.9590510055,2742063.918102011,3113383.4387802314,0.0,,0.0,False,19779321.73522621,26512570.436692,450000.0,3192063.918102011,16587257.8171242,23320506.51858999,16.138389176495714,12.039813060465699
556037719,nakaseke,1,0,1,0.0,False,1.0,True,1648276.811268851,424466.138474874,158202.068161835,251104.75440494606,502209.5088098921,570216.7470293463,0.0,,0.0,False,19779321.73522621,5093593.6616984885,400000.0,902209.5088098921,18877112.22641632,4191384.152888597,4.561377386379694,17.712632155841128
560449324,nakaseke,0,3,3,3.0,False,6.0,True,1648276.811268851,1872503.1414934387,745131.7410422431,1182703.3932472963,2365406.7864945927,2685720.8785082223,0.0,2258150400.0,0.0,False,19779321.73522621,22470037.697921265,4091600.0,6457006.786494592,13322314.948731618,16013030.911426673,32.645238663542806,28.73607455982123
586026956,nakaseke,1,0,1,0.0,False,1.0,True,1648276.811268851,424466.138474874,158202.068161835,251104.75440494606,502209.5088098921,570216.7470293463,0.0,,0.0,False,19779321.73522621,5093593.6616984885,654000.0,1156209.508809892,18623112.22641632,3937384.152888597,5.845546800276409,22.699288274682424
616680304,mukono,1,1,2,1.0,False,3.0,True,1680564.056420399,1066862.8173409111,450672.593139778,782677.7225711927,1565355.4451423853,1809289.7155291715,0.0,,0.0,False,20166768.67704479,12802353.808090933,4800000.0,6365355.445142386,13801413.231902406,6436998.362948547,31.563586348802982,49.72019630577276
616700114,mukono,2,1,3,5.0,False,8.0,True,1680564.056420399,2667613.3439139896,1152108.535769783,2000853.1662617654,4001706.332523531,4625304.836975354,0.0,,0.0,False,20166768.67704479,32011360.126967877,360000.0,4361706.33252353,15805062.34452126,27649653.794444345,21.628186460473096,13.625495184283107
623980936,mukono,0,1,1,4.0,False,5.0,True,1680564.056420399,1587227.0443168737,669871.325211655,1163357.5487244974,2326715.097448995,2689294.440981105,0.0,140000.0,0.0,False,20166768.67704479,19046724.531802483,180000.0,2506715.097448995,17660053.579595797,16540009.43435349,12.429929343625146,13.160872323551015
632872132,mukono,0,1,1,0.0,False,1.0,True,1680564.056420399,359824.56615789776,143794.368239151,249725.96595656735,499451.9319131347,577283.0998964673,0.0,175000.0,0.0,False,20166768.67704479,4317894.793894773,590000.0,1089451.9319131346,19077316.745131657,3228442.8619816387,5.402213658320107,25.23109023993706
550732883,nakaseke,1,2,3,5.0,False,8.0,True,1648276.811268851,2535209.755831933,1010911.215554125,1604559.3806476044,3209118.7612952087,3643685.0135175213,0.0,,0.0,False,19779321.73522621,30422517.0699832,2800000.0,6009118.761295209,13770202.973931003,24413398.308687992,30.380813061922133,19.752207706785015
582502735,nakaseke,0,2,2,4.0,False,6.0,True,1648276.811268851,1847978.3866251232,734057.596270914,1165126.0604389491,2330252.1208778983,2645805.706216166,0.0,,0.0,False,19779321.73522621,22175740.63950148,450000.0,2780252.1208778983,16999069.61434831,19395488.51862358,14.056357230523108,12.537358576089478
586030936,nakaseke,0,2,2,2.0,False,4.0,True,1648276.811268851,1248335.4276622923,496754.494028162,788468.9288315307,1576937.8576630615,1790480.5856721476,0.0,60000.0,0.0,False,19779321.73522621,14980025.131947506,345000.0,1921937.8576630615,17857383.87756315,13058087.274284445,9.716904772523945,12.83000422719048
614807290,mukono,1,0,1,0.0,False,1.0,True,1680564.056420399,427027.2148724358,175358.985657501,304543.86092264275,609087.7218452855,704003.7803615447,45000.0,,45000.0,False,20166768.67704479,5124326.57846923,1500000.0,2154087.7218452855,18012680.955199506,2970238.8566239444,10.681372689603055,42.036503506549884
614850521,mukono,1,2,3,4.0,False,7.0,True,1680564.056420399,2320399.658888874,989024.679108307,1717627.3756037075,3435254.751207415,3970581.321239117,0.0,,0.0,False,20166768.67704479,27844795.906666487,650000.0,4085254.751207415,16081513.925837373,23759541.155459072,20.257359107101447,14.671519823312263
614880379,mukono,1,3,4,3.0,False,7.0,True,1680564.056420399,2346534.022277861,1001299.8081043321,1738945.4458682926,3477890.891736585,4019861.5858644256,0.0,20000.0,0.0,False,20166768.67704479,28158408.26733433,4442499.999999998,7920390.891736585,12246377.785308206,20238017.375597745,39.274466914236584,28.127978032496873
615759274,mukono,1,1,2,5.0,False,7.0,True,1680564.056420399,2294265.2954998873,976749.550112282,1696309.305339123,3392618.610678246,3921301.0566138094,0.0,,0.0,False,20166768.67704479,27531183.545998648,1500000.0,4892618.610678246,15274150.066366544,22638564.9353204,24.260796010653717,17.77118881396341
615825361,mukono,1,1,2,0.0,False,2.0,True,1680564.056420399,733172.6145720002,319153.353896652,554269.8268792101,1108539.6537584201,1281286.8802580119,350000.0,,350000.0,False,20166768.67704479,8798071.374864003,2600000.0,4058539.65375842,16108229.023286369,4739531.721105583,20.12488821958934,46.129878706754134
616578776,mukono,1,1,2,3.0,False,5.0,True,1680564.056420399,1680564.056420399,713711.07162603,1239493.5139551577,2478987.0279103154,2865295.3860714906,45000.0,,45000.0,False,20166768.67704479,20166768.67704479,3200000.0,5723987.027910315,14442781.649134476,14442781.649134476,28.38326317703913,28.38326317703913
616579437,mukono,0,1,1,3.0,False,4.0,True,1680564.056420399,1253536.841547963,538352.085968529,934949.6530325148,1869899.3060650297,2161291.605709946,0.0,,0.0,False,20166768.67704479,15042442.098575555,2000000.0,3869899.3060650295,16296869.37097976,11172542.792510524,19.18948626841749,25.726536161515224
616580090,mukono,1,1,2,7.0,False,9.0,True,1680564.056420399,2907966.5345793753,1239788.028598534,2153125.0967230876,4306250.193446175,4977306.727156128,0.0,45000.0,0.0,False,20166768.67704479,34895598.4149525,900000.0,5206250.193446175,14960518.483598616,29689348.221506327,25.815986075014035,14.919503977370784
616699119,mukono,0,1,1,4.0,False,5.0,True,1680564.056420399,1587227.0443168737,669871.325211655,1163357.5487244974,2326715.097448995,2689294.440981105,0.0,,0.0,False,20166768.67704479,19046724.531802483,90000.0,2416715.097448995,17750053.579595797,16630009.43435349,11.98365060933072,12.688350132925924
617648886,mukono,2,1,3,4.0,False,7.0,True,1680564.056420399,2387602.3076034123,1020589.2965266571,1772445.2705697832,3544890.5411395663,4097302.0017041946,0.0,,0.0,False,20166768.67704479,28651227.691240948,320000.0,3864890.5411395663,16301878.135905225,24786337.150101382,19.164649543180666,13.489441300000953
618056277,mukono,1,1,2,1.0,False,3.0,True,1680564.056420399,1066862.8173409111,450672.593139778,782677.7225711927,1565355.4451423853,1809289.7155291715,0.0,100000.0,0.0,False,20166768.67704479,12802353.808090933,1000000.0,2565355.4451423855,17601413.231902406,10236998.362948548,12.720706456371717,20.038154573740275
618502771,mukono,0,1,1,5.0,False,6.0,True,1680564.056420399,1867238.0806274514,801390.564454781,1391765.44441648,2783530.88883296,3217297.276252265,0.0,,0.0,False,20166768.67704479,22406856.967529416,700000.0,3483530.8888329593,16683237.788211828,18923326.078696456,17.27361951048784,15.54671810455643
618503624,mukono,1,1,2,8.0,False,10.0,True,1680564.056420399,3187977.570889952,1371307.26784166,2381532.99241507,4763065.98483014,5505309.562427288,0.0,,0.0,False,20166768.67704479,38255730.85067943,2100000.0,6863065.984830139,13303702.69221465,31392664.865849286,34.031560012101274,17.93996829290284
619549456,mukono,2,1,3,3.0,False,6.0,True,1680564.056420399,2053912.1048345016,889070.0572835311,1544037.3748778007,3088074.7497556014,3569299.1664330354,0.0,,0.0,False,20166768.67704479,24646945.25801402,4200000.0,7288074.749755601,12878693.927289188,17358870.508258417,36.13903083071207,29.569890602917063
619551006,mukono,0,2,2,6.0,False,8.0,True,1680564.056420399,2507073.683095926,1076704.171937058,1869899.3060650297,3739798.6121300594,4322583.211419892,0.0,,0.0,False,20166768.67704479,30084884.19715111,980000.0,4719798.612130059,15446970.06491473,25365085.58502105,23.40384167495539,15.688272493257596
619552154,mukono,0,1,1,3.0,False,4.0,True,1680564.056420399,1253536.841547963,538352.085968529,934949.6530325148,1869899.3060650297,2161291.605709946,0.0,,0.0,False,20166768.67704479,15042442.098575555,2200000.0,4069899.3060650295,16096869.37097976,10972542.792510524,20.18121678907177,27.056107508304315
619559855,mukono,1,1,2,7.0,False,9.0,True,1680564.056420399,2907966.5345793753,1239788.028598534,2153125.0967230876,4306250.193446175,4977306.727156128,0.0,,0.0,False,20166768.67704479,34895598.4149525,5150000.0,9456250.193446174,10710518.483598616,25439348.221506327,46.89025963891742,27.09869044513718
622292961,mukono,0,1,1,1.0,False,2.0,True,1680564.056420399,639835.602468475,275313.607482277,478133.86164854985,956267.7232970997,1105285.9351676265,0.0,,0.0,False,20166768.67704479,7678027.2296217,900000.0,1856267.7232970998,18310500.95374769,5821759.5063246,9.20458677849581,24.176362857058514
623188000,mukono,1,1,2,8.0,False,10.0,True,1680564.056420399,3187977.570889952,1371307.26784166,2381532.99241507,4763065.98483014,5505309.562427288,0.0,0.0,0.0,False,20166768.67704479,38255730.85067943,21600000.0,26363065.98483014,-6196297.307785351,11892664.865849286,130.7252857758933,68.91272339752445
623704256,mukono,0,1,1,0.0,False,1.0,True,1680564.056420399,359824.56615789776,143794.368239151,249725.96595656735,499451.9319131347,577283.0998964673,0.0,75000.0,0.0,False,20166768.67704479,4317894.793894773,4600000.0,5099451.931913135,15067316.745131657,-781557.1380183613,25.286410597438362,118.10042104600215
624717557,mukono,1,1,2,0.0,False,2.0,True,1680564.056420399,733172.6145720002,319153.353896652,554269.8268792101,1108539.6537584201,1281286.8802580119,0.0,,0.0,False,20166768.67704479,8798071.374864003,2400000.0,3508539.65375842,16658229.023286369,5289531.721105583,17.397629287790078,39.87850864431813
628775538,mukono,0,1,1,2.0,False,3.0,True,1680564.056420399,973525.8052373858,406832.846725403,706541.7573405324,1413083.5146810648,1633288.7704387861,0.0,,0.0,False,20166768.67704479,11682309.662848629,2000000.0,3413083.5146810645,16753685.162363727,8269226.148167564,16.924295455255915,29.215828146853056
632457381,mukono,0,2,2,4.0,False,6.0,True,1680564.056420399,1893372.4440164384,813665.693450806,1413083.5146810648,2826167.0293621295,3266577.5408775723,0.0,50000.0,0.0,False,20166768.67704479,22720469.328197263,2100000.0,4926167.029362129,15240601.647682661,17794302.298835136,24.427150964296192,21.681625314176518
632479613,mukono,0,1,1,3.0,False,4.0,True,1680564.056420399,1253536.841547963,538352.085968529,934949.6530325148,1869899.3060650297,2161291.605709946,0.0,30000.0,0.0,False,20166768.67704479,15042442.098575555,1200000.0,3069899.3060650295,17096869.37097976,11972542.792510524,15.22256418580038,20.408250774358862
632526756,mukono,2,3,5,1.0,False,6.0,True,1680564.056420399,2106180.8316124757,913620.3152755811,1586673.5154069704,3173347.030813941,3667859.6956836507,0.0,,0.0,False,20166768.67704479,25274169.97934971,19500000.0,22673347.03081394,-2506578.3537691496,2600822.94853577,112.42925127922108,89.70956137961889
632870245,mukono,1,0,1,0.0,False,1.0,True,1680564.056420399,427027.2148724358,175358.985657501,304543.86092264275,609087.7218452855,704003.7803615447,0.0,30000.0,0.0,False,20166768.67704479,5124326.57846923,135000.0,744087.7218452855,19422680.955199506,4380238.856623944,3.6896725189904,14.520692825701284
633860192,mukono,1,1,2,1.0,False,3.0,True,1680564.056420399,1066862.8173409111,450672.593139778,782677.7225711927,1565355.4451423853,1809289.7155291715,0.0,,0.0,False,20166768.67704479,12802353.808090933,16600000.0,18165355.445142385,2001413.2319024056,-5363001.637051452,90.07568706740534,141.89074694734728
633861646,mukono,1,1,2,3.0,False,5.0,True,1680564.056420399,1680564.056420399,713711.07162603,1239493.5139551577,2478987.0279103154,2865295.3860714906,0.0,0.0,0.0,False,20166768.67704479,20166768.67704479,5800000.0,8278987.027910316,11887781.649134476,11887781.649134476,41.05262057839752,41.05262057839752
634322667,mukono,1,3,4,1.0,False,5.0,True,1680564.056420399,1732832.783198373,738261.32961808,1282129.6544843274,2564259.308968655,2963855.9153221063,0.0,80000.0,0.0,False,20166768.67704479,20793993.398380473,160000.0,2724259.308968655,17442509.368076134,18069734.089411817,13.508655514403728,13.101183869668978
634322758,mukono,1,2,3,3.0,False,6.0,True,1680564.056420399,1986709.4561199632,857505.439865181,1489219.479911725,2978438.95982345,3442578.4859679574,0.0,6000.0,0.0,False,20166768.67704479,23840513.47343956,800000.0,3778438.9598234505,16388329.71722134,20062074.513616107,18.73596618443058,15.848815353884742
635625535,mukono,1,3,4,4.0,False,8.0,True,1680564.056420399,2626545.0585884387,1132819.047347458,1967353.3415602753,3934706.6831205506,4547864.421135585,0.0,87500.0,0.0,False,20166768.67704479,31518540.703061264,940000.0,4874706.683120551,15292061.99392424,26643834.01994071,24.171976984440143,15.466156028750058
635860119,mukono,1,1,2,3.0,False,5.0,True,1680564.056420399,1680564.056420399,713711.07162603,1239493.5139551577,2478987.0279103154,2865295.3860714906,0.0,10000.0,0.0,False,20166768.67704479,20166768.67704479,2000000.0,4478987.027910315,15687781.649134476,15687781.649134476,22.209740685966256,22.209740685966256
636602799,mukono,1,1,2,3.0,False,5.0,True,1680564.056420399,1680564.056420399,713711.07162603,1239493.5139551577,2478987.0279103154,2865295.3860714906,0.0,30000.0,0.0,False,20166768.67704479,20166768.67704479,1900000.0,4378987.027910315,15787781.649134476,15787781.649134476,21.713875425639117,21.713875425639117
558422222,nakaseke,1,1,2,2.0,False,4.0,True,1648276.811268851,1311399.0830379562,525230.8662972919,833667.7846244206,1667335.5692488411,1893119.600137429,0.0,300000.0,0.0,False,19779321.73522621,15736788.996455474,1420000.0,3087335.569248841,16691986.16597737,12649453.427206632,15.608905151436085,19.61858654865505
559666954,nakaseke,0,1,1,1.0,False,2.0,True,1648276.811268851,624167.7138311461,248377.247014081,394234.46441576537,788468.9288315307,895240.2928360738,0.0,,0.0,False,19779321.73522621,7490012.565973753,494000.0,1282468.9288315307,18496852.80639468,6207543.637142222,6.483887294009191,17.122386878997194
560448617,nakaseke,0,2,2,3.0,False,5.0,True,1648276.811268851,1585213.1558931868,615406.045149538,976797.49463524,1953594.98927048,2218143.1459441567,0.0,,0.0,False,19779321.73522621,19022557.87071824,560000.0,2513594.98927048,17265726.74595573,16508962.881447759,12.70819607931178,13.213759192393898
583505993,nakaseke,0,2,2,3.0,False,5.0,True,1648276.811268851,1585213.1558931868,615406.045149538,976797.49463524,1953594.98927048,2218143.1459441567,0.0,,0.0,False,19779321.73522621,19022557.87071824,630000.0,2583594.98927048,17195726.74595573,16438962.881447759,13.062101035897488,13.58174335349219
584452976,nakaseke,0,2,2,2.0,False,4.0,True,1648276.811268851,1248335.4276622923,496754.494028162,788468.9288315307,1576937.8576630615,1790480.5856721476,0.0,,0.0,False,19779321.73522621,14980025.131947506,2036000.0,3612937.8576630615,16166383.877563149,11367087.274284445,18.266237366615854,24.118369801382002
586809899,nakaseke,1,0,1,0.0,False,1.0,True,1648276.811268851,424466.138474874,158202.068161835,251104.75440494606,502209.5088098921,570216.7470293463,0.0,,0.0,False,19779321.73522621,5093593.6616984885,698900.0,1201109.508809892,18578212.22641632,3892484.152888597,6.072551551000671,23.580787722461846
618738329,mukono,1,2,3,11.0,False,14.0,True,1680564.056420399,4441514.412437916,1909659.353810189,3316482.6454475857,6632965.290895171,7666601.168137234,0.0,,0.0,False,20166768.67704479,53298172.94925499,1200000.0,7832965.290895171,12333803.386149619,45465207.65835982,38.84095373103175,14.696498693028204
623981362,mukono,0,1,1,0.0,False,1.0,True,1680564.056420399,359824.56615789776,143794.368239151,249725.96595656735,499451.9319131347,577283.0998964673,0.0,52500.0,0.0,False,20166768.67704479,4317894.793894773,800000.0,1299451.9319131346,18867316.745131657,3018442.8619816387,6.443530705007097,30.094571404344457
633706233,mukono,1,2,3,1.0,False,4.0,True,1680564.056420399,1373008.2170404755,594466.961378929,1032403.68852776,2064807.37705552,2386572.8154256386,0.0,105000.0,0.0,False,20166768.67704479,16476098.604485705,180000.0,2244807.37705552,17921961.29998927,14231291.227430185,11.131219944079168,13.624629415876154
555219650,nakaseke,1,2,3,3.0,False,6.0,True,1648276.811268851,1935566.7968691024,773608.1133113729,1227902.249040186,2455804.498080372,2788359.8929735026,0.0,,0.0,False,19779321.73522621,23226801.562429227,700000.0,3155804.498080372,16623517.237145837,20070997.064348854,15.955069341230267,13.586909457155215
581666974,nakaseke,0,2,2,5.0,False,7.0,True,1648276.811268851,2184856.1148560178,852709.1473922901,1353454.6262426584,2706909.2524853167,3073468.266488175,0.0,38000.0,0.0,False,19779321.73522621,26218273.378272213,1075600.0,3782509.252485317,15996812.482740894,22435764.125786897,19.12355389694083,14.426996003558282
589566940,nakaseke,0,1,1,0.0,False,1.0,True,1648276.811268851,361402.4830992099,129725.695892705,205905.89861205625,411811.7972241125,467577.7325640651,0.0,,0.0,False,19779321.73522621,4336829.797190519,420000.0,831811.7972241126,18947509.9380021,3505017.9999664063,4.205461685486857,19.18018082616422
615760019,mukono,0,1,1,5.0,False,6.0,True,1680564.056420399,1867238.0806274514,801390.564454781,1391765.44441648,2783530.88883296,3217297.276252265,0.0,,0.0,False,20166768.67704479,22406856.967529416,900000.0,3683530.8888329593,16483237.788211828,18723326.078696456,18.26535003114212,16.439302014427533
615825276,mukono,1,0,1,0.0,False,1.0,True,1680564.056420399,427027.2148724358,175358.985657501,304543.86092264275,609087.7218452855,704003.7803615447,0.0,30000.0,0.0,False,20166768.67704479,5124326.57846923,1200000.0,1809087.7218452855,18357680.955199506,3315238.8566239444,8.970637541474428,35.30391153144863
616698945,mukono,1,1,2,3.0,False,5.0,True,1680564.056420399,1680564.056420399,713711.07162603,1239493.5139551577,2478987.0279103154,2865295.3860714906,0.0,,0.0,False,20166768.67704479,20166768.67704479,7500000.0,9978987.027910315,10187781.649134476,10187781.649134476,49.48233000395887,49.48233000395887
616699320,mukono,1,1,2,0.0,False,2.0,True,1680564.056420399,733172.6145720002,319153.353896652,554269.8268792101,1108539.6537584201,1281286.8802580119,0.0,12500.0,0.0,False,20166768.67704479,8798071.374864003,1800000.0,2908539.65375842,17258229.02328637,5889531.721105583,14.422437725827248,33.05883221256976
619769782,mukono,1,1,2,1.0,False,3.0,True,1680564.056420399,1066862.8173409111,450672.593139778,782677.7225711927,1565355.4451423853,1809289.7155291715,0.0,,0.0,False,20166768.67704479,12802353.808090933,1800000.0,3365355.4451423855,16801413.231902406,9436998.362948548,16.687628538988825,26.28700546469448
621639263,mukono,1,1,2,2.0,False,4.0,True,1680564.056420399,1346873.8536514884,582191.832382904,1011085.6182631751,2022171.2365263503,2337292.550800331,0.0,100000.0,0.0,False,20166768.67704479,16162486.243817862,100000.0,2122171.2365263505,18044597.44051844,14040315.00729151,10.523109926589044,13.130227642656644
622484708,mukono,1,0,1,0.0,False,1.0,True,1680564.056420399,427027.2148724358,175358.985657501,304543.86092264275,609087.7218452855,704003.7803615447,0.0,160000.0,0.0,False,20166768.67704479,5124326.57846923,1600000.0,2209087.7218452855,17957680.955199506,2915238.8566239444,10.954098582782981,43.10981527069646
623981163,mukono,1,1,2,0.0,False,2.0,True,1680564.056420399,733172.6145720002,319153.353896652,554269.8268792101,1108539.6537584201,1281286.8802580119,0.0,102000.0,0.0,False,20166768.67704479,8798071.374864003,4000000.0,5108539.65375842,15058229.023286369,3689531.721105583,25.331473453024294,58.06431246231377
550732746,nakaseke,1,0,1,0.0,False,1.0,True,1648276.811268851,424466.138474874,158202.068161835,251104.75440494606,502209.5088098921,570216.7470293463,0.0,,0.0,False,19779321.73522621,5093593.6616984885,1494500.0,1996709.508809892,17782612.22641632,3096884.1528885965,10.094934171851957,39.200408226989936
615825485,mukono,2,3,5,3.0,False,8.0,True,1680564.056420399,2719882.0706919637,1176658.793761833,2043489.3067909353,4086978.6135818707,4723865.36622597,0.0,,0.0,False,20166768.67704479,32638584.848303564,2400000.0,6486978.613581871,13679790.063462919,26151606.234721694,32.16667338960355,19.87518344846082
551438282,nakaseke,1,3,4,6.0,False,10.0,True,1648276.811268851,3159377.46966308,1259288.462568206,1998793.8450633697,3997587.6901267394,4538925.306353595,0.0,,0.0,False,19779321.73522621,37912529.63595696,1250000.0,5247587.690126739,14531734.04509947,32664941.94583022,26.530675623628632,13.841301913945165
585181910,nakaseke,0,4,4,4.0,False,8.0,True,1648276.811268851,2496670.8553245845,993508.988056324,1576937.8576630615,3153875.715326123,3580961.171344295,280000.0,,280000.0,False,19779321.73522621,29960050.263895012,948000.0,4381875.715326123,15397446.019900087,25578174.54856889,22.153821925663767,14.62572885135223
553313598,nakaseke,2,1,3,2.0,False,5.0,True,1648276.811268851,1735865.2215128306,683432.934459127,1084772.5390293668,2169545.0780587336,2463336.3471667757,0.0,,0.0,False,19779321.73522621,20830382.658153966,15564250.0,17733795.078058735,2045526.657167475,3096587.5800952306,89.65825681714621,85.13427414698461
555219886,nakaseke,1,2,3,5.0,False,8.0,True,1648276.811268851,2535209.755831933,1010911.215554125,1604559.3806476044,3209118.7612952087,3643685.0135175213,0.0,200000.0,0.0,False,19779321.73522621,30422517.0699832,2320000.0,5529118.761295209,14250202.973931003,24893398.308687992,27.95403621676299,18.174428988160848
561236657,nakaseke,1,1,2,3.0,False,5.0,True,1648276.811268851,1648276.811268851,643882.417418668,1021996.3504281298,2043992.7008562596,2320782.1604094384,0.0,234256000.0,0.0,False,19779321.73522621,19779321.73522621,2017000.0,4060992.7008562596,15718329.034369951,15718329.034369951,20.531506364163075,20.531506364163075
583502844,nakaseke,1,1,2,1.0,False,3.0,True,1648276.811268851,1048633.8523060202,406579.31517591595,645339.2188207114,1290678.4376414227,1465457.0398654202,0.0,,0.0,False,19779321.73522621,12583606.227672242,510000.0,1800678.4376414227,17978643.297584787,10782927.790030818,9.103843204261569,14.30971698463993
584472197,nakaseke,1,1,2,3.0,False,5.0,True,1648276.811268851,1648276.811268851,643882.417418668,1021996.3504281298,2043992.7008562596,2320782.1604094384,0.0,73800.0,0.0,False,19779321.73522621,19779321.73522621,1468200.0,3512192.7008562596,16267129.034369951,16267129.034369951,17.756891504531115,17.756891504531115
588619360,nakaseke,1,1,2,1.0,False,3.0,True,1648276.811268851,1048633.8523060202,406579.31517591595,645339.2188207114,1290678.4376414227,1465457.0398654202,0.0,24000.0,0.0,False,19779321.73522621,12583606.227672242,492000.0,1782678.4376414227,17996643.297584787,10800927.790030818,9.0128390725681,14.166673729198441
613814407,nakaseke,3,1,4,4.0,False,8.0,True,1648276.811268851,2685861.8214515774,1078938.104863714,1712534.425041731,3425068.850083462,3888878.2147401394,0.0,,0.0,False,19779321.73522621,32230341.85741893,2560000.0,5985068.850083462,13794252.885142747,26245273.007335465,30.259221879303805,18.56967225653485
614850687,mukono,1,1,2,3.0,False,5.0,True,1680564.056420399,1680564.056420399,713711.07162603,1239493.5139551577,2478987.0279103154,2865295.3860714906,0.0,,0.0,False,20166768.67704479,20166768.67704479,400000.0,2878987.0279103154,17287781.649134476,17287781.649134476,14.275896520732037,14.275896520732037
615773237,mukono,2,1,3,2.0,False,5.0,True,1680564.056420399,1773901.0685239243,757550.818040405,1315629.479185818,2631258.958371636,3041296.3311618757,0.0,60000.0,0.0,False,20166768.67704479,21286812.82228709,1520000.0,4151258.9583716365,16015509.718673155,17135553.863915455,20.584651040783175,19.5015524072505
616679140,mukono,1,1,2,4.0,False,6.0,True,1680564.056420399,1960575.0927309764,845230.310869156,1467901.4096471402,2935802.8192942804,3393298.22134265,0.0,,0.0,False,20166768.67704479,23526901.112771716,20000000.0,22935802.81929428,-2769034.142249491,591098.2934774347,113.73067835801278,97.48756416901607
618056509,mukono,1,1,2,0.0,False,2.0,True,1680564.056420399,733172.6145720002,319153.353896652,554269.8268792101,1108539.6537584201,1281286.8802580119,0.0,,0.0,False,20166768.67704479,8798071.374864003,3100000.0,4208539.65375842,15958229.023286369,4589531.721105583,20.868686110080045,47.83479781469122
618502947,mukono,0,1,1,6.0,False,7.0,True,1680564.056420399,2200928.283396362,932909.803697907,1620173.3401084621,3240346.6802169243,3745300.1115234243,0.0,50000.0,0.0,False,20166768.67704479,26411139.400756344,1500000.0,4740346.680216924,15426421.996827867,21670792.72053942,23.505732406266524,17.94828541203025
618503261,mukono,1,1,2,1.0,False,3.0,True,1680564.056420399,1066862.8173409111,450672.593139778,782677.7225711927,1565355.4451423853,1809289.7155291715,0.0,,0.0,False,20166768.67704479,12802353.808090933,1900000.0,3465355.4451423855,16701413.231902406,9336998.362948548,17.18349379931596,27.068111826063756
618738549,mukono,0,2,2,1.0,False,3.0,True,1680564.056420399,999660.1686263729,419107.975721428,727859.8276051173,1455719.6552102347,1682569.0350640942,0.0,140000.0,0.0,False,20166768.67704479,11995922.023516476,900000.0,2355719.6552102347,17811049.021834556,9640202.368306242,11.681195400885802,19.637670623334717
619307564,mukono,1,1,2,0.0,False,2.0,True,1680564.056420399,733172.6145720002,319153.353896652,554269.8268792101,1108539.6537584201,1281286.8802580119,0.0,75000.0,0.0,False,20166768.67704479,8798071.374864003,2000000.0,3108539.65375842,17058229.02328637,5689531.721105583,15.414168246481527,35.332057689819216
619543012,mukono,1,1,2,4.0,False,6.0,True,1680564.056420399,1960575.0927309764,845230.310869156,1467901.4096471402,2935802.8192942804,3393298.22134265,0.0,,0.0,False,20166768.67704479,23526901.112771716,5860000.0,8795802.819294281,11370965.857750509,14731098.293477435,43.615330547755384,37.38615118554406
620136574,mukono,1,1,2,0.0,False,2.0,True,1680564.056420399,733172.6145720002,319153.353896652,554269.8268792101,1108539.6537584201,1281286.8802580119,0.0,17500.0,0.0,False,20166768.67704479,8798071.374864003,1700000.0,2808539.65375842,17358229.02328637,5989531.721105583,13.926572465500106,31.922219473945034
620155076,mukono,2,3,5,0.0,False,5.0,True,1680564.056420399,1826169.7953018981,782101.0760324551,1358265.619714988,2716531.239429976,3139856.8604124915,0.0,17500.0,0.0,False,20166768.67704479,21914037.543622777,1300000.0,4016531.239429976,16150237.437614813,17897506.3041928,19.916583086520298,18.32857697461977
621076849,mukono,1,1,2,2.0,False,4.0,True,1680564.056420399,1346873.8536514884,582191.832382904,1011085.6182631751,2022171.2365263503,2337292.550800331,0.0,50000.0,0.0,False,20166768.67704479,16162486.243817862,5500000.0,7522171.2365263505,12644597.440518439,8640315.00729151,37.29983398425453,46.540928932908294
622287746,mukono,0,1,1,1.0,False,2.0,True,1680564.056420399,639835.602468475,275313.607482277,478133.86164854985,956267.7232970997,1105285.9351676265,0.0,3500.0,0.0,False,20166768.67704479,7678027.2296217,870000.0,1826267.7232970998,18340500.95374769,5851759.5063246,9.05582720039767,23.78563749098713
622484987,mukono,1,1,2,5.0,False,7.0,True,1680564.056420399,2294265.2954998873,976749.550112282,1696309.305339123,3392618.610678246,3921301.0566138094,0.0,35000.0,0.0,False,20166768.67704479,27531183.545998648,2400000.0,5792618.610678246,14374150.066366544,21738564.9353204,28.723583353597963,21.04020919042596
631647870,mukono,1,1,2,3.0,False,5.0,True,1680564.056420399,1680564.056420399,713711.07162603,1239493.5139551577,2478987.0279103154,2865295.3860714906,800000.0,,800000.0,False,20166768.67704479,20166768.67704479,1800000.0,5078987.027910315,15087781.649134476,15087781.649134476,25.184932247929087,25.184932247929087
632483673,mukono,1,1,2,6.0,False,8.0,True,1680564.056420399,2574276.3318104646,1108268.789355408,1924717.2010311051,3849434.4020622103,4449303.891884969,0.0,40000.0,0.0,False,20166768.67704479,30891315.981725574,2800000.0,6649434.40206221,13517334.274982577,24241881.579663362,32.97223520806809,21.525254560200114
632532023,mukono,0,2,2,2.0,False,4.0,True,1680564.056420399,1279671.20493695,550627.214964554,956267.7232970997,1912535.4465941994,2210571.870335253,0.0,,0.0,False,20166768.67704479,15356054.4592434,5800000.0,7712535.446594199,12454233.230450591,7643519.012649201,38.243783970077175,50.22472059515084
633706958,mukono,2,1,3,5.0,False,8.0,True,1680564.056420399,2667613.3439139896,1152108.535769783,2000853.1662617654,4001706.332523531,4625304.836975354,0.0,60000.0,0.0,False,20166768.67704479,32011360.126967877,470000.0,4471706.33252353,15695062.34452126,27539653.794444345,22.173638246832947,13.969123194975882
634023370,mukono,1,1,2,2.0,False,4.0,True,1680564.056420399,1346873.8536514884,582191.832382904,1011085.6182631751,2022171.2365263503,2337292.550800331,0.0,,0.0,False,20166768.67704479,16162486.243817862,2300000.0,4322171.2365263505,15844597.440518439,11840315.00729151,21.432145653786094,26.74199483498139
634718078,mukono,0,1,1,3.0,False,4.0,True,1680564.056420399,1253536.841547963,538352.085968529,934949.6530325148,1869899.3060650297,2161291.605709946,0.0,45000.0,0.0,False,20166768.67704479,15042442.098575555,3700000.0,5569899.306065029,14596869.37097976,9472542.792510524,27.61919569397885,37.027892609222484
634718387,mukono,0,1,1,3.0,False,4.0,True,1680564.056420399,1253536.841547963,538352.085968529,934949.6530325148,1869899.3060650297,2161291.605709946,0.0,50000.0,0.0,False,20166768.67704479,15042442.098575555,1500000.0,3369899.3060650295,16796869.37097976,11672542.792510524,16.710159966781795,22.402607794542497
635238203,mukono,0,1,1,6.0,False,7.0,True,1680564.056420399,2200928.283396362,932909.803697907,1620173.3401084621,3240346.6802169243,3745300.1115234243,0.0,60000.0,0.0,False,20166768.67704479,26411139.400756344,1200000.0,4440346.680216924,15726421.996827867,21970792.72053942,22.01813662528511,16.812401058659987
635859907,mukono,0,1,1,3.0,False,4.0,True,1680564.056420399,1253536.841547963,538352.085968529,934949.6530325148,1869899.3060650297,2161291.605709946,0.0,100000.0,0.0,False,20166768.67704479,15042442.098575555,2330000.0,4199899.306065029,15966869.37097976,10842542.792510524,20.825841627497045,27.920328883717225
636603192,mukono,1,1,2,5.0,False,7.0,True,1680564.056420399,2294265.2954998873,976749.550112282,1696309.305339123,3392618.610678246,3921301.0566138094,0.0,90000.0,0.0,False,20166768.67704479,27531183.545998648,9500000.0,12892618.610678246,7274150.066366544,14638564.935320402,63.93001683682481,46.82914771585272
551433371,nakaseke,1,2,3,4.0,False,7.0,True,1648276.811268851,2272444.525099997,892259.6644327489,1416230.814843895,2832461.62968779,3216022.4532455113,0.0,,0.0,False,19779321.73522621,27269334.301199965,1585000.0,4417461.62968779,15361860.105538419,22851872.671512175,22.333736661052743,16.199374656144073
581719428,nakaseke,1,0,1,0.0,False,1.0,True,1648276.811268851,424466.138474874,158202.068161835,251104.75440494606,502209.5088098921,570216.7470293463,0.0,,0.0,False,19779321.73522621,5093593.6616984885,554400.0,1056609.508809892,18722712.22641632,4036984.152888597,5.341990604905885,20.74389083595568
584453809,nakaseke,1,0,1,1.0,False,2.0,True,1648276.811268851,687231.3692068104,276853.619283211,439433.3202086552,878866.6404173104,997879.3073013553,500000.0,,500000.0,False,19779321.73522621,8246776.430481724,1308000.0,2686866.6404173104,17092455.0948089,5559909.790064414,13.584220310406824,32.580810975863464
588629366,nakaseke,1,1,2,3.0,False,5.0,True,1648276.811268851,1648276.811268851,643882.417418668,1021996.3504281298,2043992.7008562596,2320782.1604094384,0.0,,0.0,False,19779321.73522621,19779321.73522621,902000.0,2945992.7008562596,16833329.03436995,16833329.03436995,14.894305984262141,14.894305984262141
593198085,nakaseke,2,1,3,3.0,False,6.0,True,1648276.811268851,1998630.4522447668,802084.485580503,1273101.1048330758,2546202.2096661516,2890998.9074387844,0.0,,0.0,False,19779321.73522621,23983565.4269372,456000.0,3002202.2096661516,16777119.525560057,20981363.21727105,15.178489181048837,12.517747700240687
614850630,mukono,2,1,3,5.0,False,8.0,True,1680564.056420399,2667613.3439139896,1152108.535769783,2000853.1662617654,4001706.332523531,4625304.836975354,0.0,,0.0,False,20166768.67704479,32011360.126967877,700000.0,4701706.33252353,15465062.34452126,27309653.794444345,23.314128345585367,14.687618126424415
558415060,nakaseke,1,1,2,1.0,False,3.0,True,1648276.811268851,1048633.8523060202,406579.31517591595,645339.2188207114,1290678.4376414227,1465457.0398654202,0.0,110000.0,0.0,False,19779321.73522621,12583606.227672242,944400.0,2235078.4376414227,17544243.297584787,10348527.790030818,11.300076249130596,17.76182754929447
561237697,nakaseke,2,1,3,4.0,False,7.0,True,1648276.811268851,2335508.1804756615,920736.036701879,1461429.670636785,2922859.34127357,3318661.467710793,15000.0,,15000.0,False,19779321.73522621,28026098.16570794,1449200.0,4387059.34127357,15392262.393952642,23639038.82443437,22.180029224462164,15.65347882296891
582502398,nakaseke,1,1,2,1.0,False,3.0,True,1648276.811268851,1048633.8523060202,406579.31517591595,645339.2188207114,1290678.4376414227,1465457.0398654202,200000.0,,200000.0,False,19779321.73522621,12583606.227672242,705000.0,2195678.4376414227,17583643.297584787,10387927.790030818,11.100878316423783,17.448721756828103
586028388,nakaseke,1,2,3,3.0,False,6.0,True,1648276.811268851,1935566.7968691024,773608.1133113729,1227902.249040186,2455804.498080372,2788359.8929735026,0.0,100000.0,0.0,False,19779321.73522621,23226801.562429227,1117400.0,3573204.498080372,16206117.237145837,19653597.064348854,18.06535403949991,15.38397135083915
613819661,nakaseke,1,1,2,3.0,False,5.0,True,1648276.811268851,1648276.811268851,643882.417418668,1021996.3504281298,2043992.7008562596,2320782.1604094384,280000.0,,280000.0,False,19779321.73522621,19779321.73522621,336000.0,2659992.7008562596,17119329.03436995,17119329.03436995,13.448351447354815,13.448351447354815
619770045,mukono,0,1,1,1.0,False,2.0,True,1680564.056420399,639835.602468475,275313.607482277,478133.86164854985,956267.7232970997,1105285.9351676265,750000.0,,750000.0,False,20166768.67704479,7678027.2296217,900000.0,2606267.7232970996,17560500.95374769,5071759.5063246,12.923576230949351,33.944497008843136
553313800,nakaseke,1,1,2,4.0,False,6.0,True,1648276.811268851,1911042.0420007876,762533.968540044,1210324.916231839,2420649.832463678,2748444.720681447,0.0,,0.0,False,19779321.73522621,22932504.50400945,17180000.000000004,19600649.832463678,178671.90276253037,3331854.671545772,99.096673257282,85.4710388437371
560449000,nakaseke,1,3,4,4.0,False,8.0,True,1648276.811268851,2559734.510700249,1021985.360325454,1622136.7134559513,3244273.4269119026,3683600.185809577,250000.0,,250000.0,False,19779321.73522621,30716814.12840299,830400.0,4324673.426911903,15454648.308314309,26392140.701491088,21.864619448551796,14.079173083620663
560449862,nakaseke,1,1,2,2.0,False,4.0,True,1648276.811268851,1311399.0830379562,525230.8662972919,833667.7846244206,1667335.5692488411,1893119.600137429,0.0,,0.0,False,19779321.73522621,15736788.996455474,910000.0,2577335.569248841,17201986.16597737,13159453.427206632,13.030454753454492,16.377772935948723
583505325,nakaseke,1,2,3,1.0,False,4.0,True,1648276.811268851,1335923.8379062715,536305.011068621,851245.1174327678,1702490.2348655355,1933034.7724294853,0.0,436000.0,0.0,False,19779321.73522621,16031086.054875258,1500000.0,3202490.2348655355,16576831.500360673,12828595.820009723,16.191102393374916,19.976751568192206
613821415,nakaseke,2,1,3,4.0,False,7.0,True,1648276.811268851,2335508.1804756615,920736.036701879,1461429.670636785,2922859.34127357,3318661.467710793,280000.0,,280000.0,False,19779321.73522621,28026098.16570794,2232000.0,5434859.34127357,14344462.393952642,22591238.82443437,27.477480846040816,19.392136961553692
561257600,nakaseke,2,2,4,4.0,False,8.0,True,1648276.811268851,2622798.1660759123,1050461.7325945839,1667335.5692488411,3334671.1384976823,3786239.200274858,0.0,,0.0,False,19779321.73522621,31473577.992910948,325000.0,3659671.138497682,16119650.596728528,27813906.854413263,18.502510791257055,11.627756905560531
585193571,nakaseke,1,0,1,2.0,False,3.0,True,1648276.811268851,1024109.0974377049,395505.170404587,627761.8860123644,1255523.7720247288,1425541.8675733642,0.0,79200.0,0.0,False,19779321.73522621,12289309.169252459,1386000.0,2641523.772024729,17137797.96320148,9647785.39722773,13.35497651226471,21.494485455974647
621639988,mukono,1,1,2,2.0,False,4.0,True,1680564.056420399,1346873.8536514884,582191.832382904,1011085.6182631751,2022171.2365263503,2337292.550800331,300000.0,,300000.0,False,20166768.67704479,16162486.243817862,1800000.0,4122171.2365263505,16044597.440518439,12040315.00729151,20.44041513313182,25.50456145386096
550731204,nakaseke,2,1,3,2.0,False,5.0,True,1648276.811268851,1735865.2215128306,683432.934459127,1084772.5390293668,2169545.0780587336,2463336.3471667757,0.0,,0.0,False,19779321.73522621,20830382.658153966,600000.0,2769545.0780587336,17009776.657167476,18060837.58009523,14.002224723036283,13.295699476622946
550739292,nakaseke,0,1,1,1.0,False,2.0,True,1648276.811268851,624167.7138311461,248377.247014081,394234.46441576537,788468.9288315307,895240.2928360738,0.0,,0.0,False,19779321.73522621,7490012.565973753,500000.0,1288468.9288315307,18490852.80639468,6201543.637142222,6.514222004573682,17.202493553680988
550740686,nakaseke,1,3,4,0.0,False,4.0,True,1648276.811268851,1360448.5927745872,547379.15583995,868822.4502411147,1737644.9004822294,1972949.9447215414,0.0,,0.0,False,19779321.73522621,16325383.113295047,1000000.0,2737644.9004822294,17041676.83474398,13587738.212812817,13.840944280746438,16.769253630885693
551433006,nakaseke,0,2,2,3.0,False,5.0,True,1648276.811268851,1585213.1558931868,615406.045149538,976797.49463524,1953594.98927048,2218143.1459441567,0.0,,0.0,False,19779321.73522621,19022557.87071824,1610000.0,3563594.98927048,16215726.74595573,15458962.881447762,18.01677042809741,18.733521608868305
552803009,nakaseke,2,1,3,5.0,False,8.0,True,1648276.811268851,2598273.4112075977,1039387.587823255,1649758.2364404942,3299516.4728809884,3746324.027982802,0.0,,0.0,False,19779321.73522621,31179280.934491172,7950000.0,11249516.47288099,8529805.26234522,19929764.461610183,56.87513769921661,36.080102349110106
554395712,nakaseke,1,3,4,4.0,False,8.0,True,1648276.811268851,2559734.510700249,1021985.360325454,1622136.7134559513,3244273.4269119026,3683600.185809577,0.0,,0.0,False,19779321.73522621,30716814.12840299,2669290.0,5913563.426911903,13865758.308314309,24803250.701491088,29.89770582668704,19.251877496773968
554399870,,1,1,2,0.0,False,2.0,True,,,,,,,0.0,,0.0,False,,,,,,,,
555219447,nakaseke,2,1,3,1.0,False,4.0,True,1648276.811268851,1398987.4932819358,564781.383337751,896443.9732256576,1792887.9464513152,2035673.786894767,0.0,10000.0,0.0,False,19779321.73522621,16787849.919383228,1050000.0,2842887.946451315,16936433.788774896,13944961.972931912,14.373030503812682,16.93419919824826
559669939,nakaseke,1,2,3,2.0,False,5.0,True,1648276.811268851,1672801.566137166,654956.5621899969,1039573.6832364767,2079147.3664729535,2360697.332701494,0.0,,0.0,False,19779321.73522621,20073618.793645993,3217500.0,5296647.366472954,14482674.368753258,14776971.427173039,26.778710804020285,26.386111148775672
581666409,nakaseke,0,1,1,3.0,False,4.0,True,1648276.811268851,1223810.672793977,485680.349256833,770891.5960231837,1541783.1920463673,1750565.413380092,500000.0,,500000.0,False,19779321.73522621,14685728.073527724,960400.0,3002183.1920463676,16777138.543179844,11683544.881481357,15.178393032050206,20.442862464940085
585208171,nakaseke,2,1,3,3.0,False,6.0,True,1648276.811268851,1998630.4522447668,802084.485580503,1273101.1048330758,2546202.2096661516,2890998.9074387844,200000.0,,200000.0,False,19779321.73522621,23983565.4269372,1275000.0,4021202.2096661516,15758119.525560057,19962363.21727105,20.33033419191794,16.766490461629733
613829595,nakaseke,0,1,1,1.0,False,2.0,True,1648276.811268851,624167.7138311461,248377.247014081,394234.46441576537,788468.9288315307,895240.2928360738,0.0,,0.0,False,19779321.73522621,7490012.565973753,1003400.0,1791868.9288315307,17987452.80639468,5698143.637142222,9.059304220934337,23.92344355965143
614807717,mukono,1,0,1,2.0,False,3.0,True,1680564.056420399,1040728.453951924,438397.46414375305,761359.6523066079,1522719.3046132158,1760009.4509038639,0.0,30000.0,0.0,False,20166768.67704479,12488741.447423087,1300000.0,2822719.304613216,17344049.372431576,9666022.142809872,13.99688442812472,22.602111802031523
615773415,mukono,1,1,2,4.0,False,6.0,True,1680564.056420399,1960575.0927309764,845230.310869156,1467901.4096471402,2935802.8192942804,3393298.22134265,75000.0,155000.0,75000.0,False,20166768.67704479,23526901.112771716,2200000.0,5210802.81929428,14955965.857750509,18316098.293477435,25.83856096502746,22.1482752629311
616587562,mukono,1,1,2,4.0,False,6.0,True,1680564.056420399,1960575.0927309764,845230.310869156,1467901.4096471402,2935802.8192942804,3393298.22134265,0.0,110000.0,0.0,False,20166768.67704479,23526901.112771716,1720000.0,4655802.81929428,15510965.857750509,18871098.293477435,23.086508770211843,19.789273551062152
617648818,mukono,1,1,2,5.0,False,7.0,True,1680564.056420399,2294265.2954998873,976749.550112282,1696309.305339123,3392618.610678246,3921301.0566138094,0.0,,0.0,False,20166768.67704479,27531183.545998648,1200000.0,4592618.610678246,15574150.066366544,22938564.9353204,22.7732002296723,16.681515355142558
617656724,mukono,2,1,3,2.0,False,5.0,True,1680564.056420399,1773901.0685239243,757550.818040405,1315629.479185818,2631258.958371636,3041296.3311618757,0.0,240000.0,0.0,False,20166768.67704479,21286812.82228709,3200000.0,5831258.9583716355,14335509.718673155,15455553.863915455,28.915187414279103,27.393762547046798
618738718,mukono,2,3,5,4.0,False,9.0,True,1680564.056420399,3053572.2734608743,1308178.033004959,2271897.202482918,4543794.404965836,5251868.20149713,1000000.0,60000.0,1000000.0,False,20166768.67704479,36642867.28153049,2400000.0,7943794.404965836,12222974.272078954,28699072.87656466,39.390516806036516,21.678965087346846
618740822,mukono,0,2,2,9.0,False,11.0,True,1680564.056420399,3454465.124944325,1471261.889666436,2555122.9931409773,5110245.986281955,5906591.71723337,0.0,,0.0,False,20166768.67704479,41453581.4993319,2400000.0,7510245.986281956,12656522.690762836,33943335.513049945,37.24070081108549,18.11724274391827
619306835,mukono,0,1,1,7.0,False,8.0,True,1680564.056420399,2480939.3197069396,1064429.0429410331,1848581.235800445,3697162.47160089,4273302.946794584,0.0,,0.0,False,20166768.67704479,29771271.836483277,2000000.0,5697162.47160089,14469606.2054439,24074109.364882387,28.250249521063797,19.13644302095045
619559199,mukono,1,0,1,5.0,False,6.0,True,1680564.056420399,1934440.7293419894,832955.1818731311,1446583.3393825553,2893166.6787651107,3344017.956717342,0.0,,0.0,False,20166768.67704479,23213288.752103873,18000000.0,20893166.67876511,-726398.0017203204,2320122.073338762,103.60195534224161,90.00519875440534
619769613,mukono,1,1,2,7.0,False,9.0,True,1680564.056420399,2907966.5345793753,1239788.028598534,2153125.0967230876,4306250.193446175,4977306.727156128,0.0,100000.0,0.0,False,20166768.67704479,34895598.4149525,4500000.0,8806250.193446174,11360518.483598616,26089348.221506327,43.66713544679102,25.235991338302316
620129760,mukono,0,2,2,5.0,False,7.0,True,1680564.056420399,2227062.646785349,945184.932693932,1641491.410373047,3282982.820746094,3794580.3761487324,0.0,110000.0,0.0,False,20166768.67704479,26724751.76142419,4500000.0,7782982.820746094,12383785.856298696,18941768.940678097,38.5931080253091,29.122750662853424
620157158,mukono,1,1,2,5.0,False,7.0,True,1680564.056420399,2294265.2954998873,976749.550112282,1696309.305339123,3392618.610678246,3921301.0566138094,0.0,30000.0,0.0,False,20166768.67704479,27531183.545998648,5800000.0,9192618.610678246,10974150.066366544,18338564.9353204,45.58300220472068,33.389841723728914
620418682,mukono,1,1,2,3.0,False,5.0,True,1680564.056420399,1680564.056420399,713711.07162603,1239493.5139551577,2478987.0279103154,2865295.3860714906,0.0,,0.0,False,20166768.67704479,20166768.67704479,14800000.0,17278987.027910315,2887781.6491344757,2887781.6491344757,85.68049400784,85.68049400784
620699865,mukono,0,3,3,5.0,False,8.0,True,1680564.056420399,2533208.046484913,1088979.300933083,1891217.3763296148,3782434.7526592296,4371863.4760452,0.0,210000.0,0.0,False,20166768.67704479,30398496.557818957,2400000.0,6182434.75265923,13984333.924385559,24216061.805159725,30.656546180829185,20.33796224395516
620699988,mukono,3,1,4,0.0,False,4.0,True,1680564.056420399,1533547.8778585384,669871.325211654,1163357.5487244956,2326715.097448991,2689294.4409811012,0.0,140000.0,0.0,False,20166768.67704479,18402574.534302462,36000000.0,38326715.09744899,-18159946.4204042,-19924140.563146528,190.04886559280618,208.26822369885184
621075678,mukono,1,1,2,5.0,False,7.0,True,1680564.056420399,2294265.2954998873,976749.550112282,1696309.305339123,3392618.610678246,3921301.0566138094,25000.0,7000.0,25000.0,False,20166768.67704479,27531183.545998648,1300000.0,4717618.610678246,15449150.066366544,22813564.9353204,23.393031805081225,17.13554596298458
621078199,mukono,1,1,2,2.0,False,4.0,True,1680564.056420399,1346873.8536514884,582191.832382904,1011085.6182631751,2022171.2365263503,2337292.550800331,0.0,100000.0,0.0,False,20166768.67704479,16162486.243817862,2700000.0,4722171.2365263505,15444597.440518439,11440315.00729151,23.41560669509465,29.216861597222255
621497521,mukono,0,2,2,4.0,False,6.0,True,1680564.056420399,1893372.4440164384,813665.693450806,1413083.5146810648,2826167.0293621295,3266577.5408775723,0.0,,0.0,False,20166768.67704479,22720469.328197263,1450000.0,4276167.029362129,15890601.647682661,18444302.298835136,21.204026772169794,18.820768918075064
622288485,mukono,1,1,2,4.0,False,6.0,True,1680564.056420399,1960575.0927309764,845230.310869156,1467901.4096471402,2935802.8192942804,3393298.22134265,0.0,95000.0,0.0,False,20166768.67704479,23526901.112771716,6000000.0,8935802.819294281,11230965.857750509,14591098.293477435,44.309541912213376,37.98121468042992
622289226,mukono,0,2,2,8.0,False,10.0,True,1680564.056420399,3120774.9221754144,1339742.65042331,2326715.097448995,4653430.19489799,5378588.88196221,40000.0,20000.0,40000.0,False,20166768.67704479,37449299.06610497,2000000.0,6693430.19489799,13473338.4821468,30755868.87120698,33.19039506074622,17.873312349806177
622950844,mukono,2,2,4,4.0,False,8.0,True,1680564.056420399,2693747.707302977,1164383.664765808,2022171.2365263503,4044342.4730527005,4674585.101600662,0.0,150000.0,0.0,False,20166768.67704479,32324972.487635724,4500000.0,8544342.473052701,11622426.20399209,23780630.01458302,42.36842604724505,26.432636489701288
622950959,mukono,0,1,1,0.0,False,1.0,True,1680564.056420399,359824.56615789776,143794.368239151,249725.96595656735,499451.9319131347,577283.0998964673,0.0,,0.0,False,20166768.67704479,4317894.793894773,1000000.0,1499451.9319131346,18667316.745131657,2818442.8619816387,7.4352612256613755,34.7264582275896
622951178,mukono,1,1,2,4.0,False,6.0,True,1680564.056420399,1960575.0927309764,845230.310869156,1467901.4096471402,2935802.8192942804,3393298.22134265,0.0,50000.0,0.0,False,20166768.67704479,23526901.112771716,4100000.0,7035802.819294279,13130965.857750509,16491098.293477435,34.88810196599774,29.905352964121796
623479319,mukono,1,2,3,1.0,False,4.0,True,1680564.056420399,1373008.2170404755,594466.961378929,1032403.68852776,2064807.37705552,2386572.8154256386,0.0,350000.0,0.0,False,20166768.67704479,16476098.604485705,3200000.0,5264807.37705552,14901961.299989272,11211291.227430185,26.106350805958755,31.95421139093055
623704150,mukono,0,2,2,6.0,False,8.0,True,1680564.056420399,2507073.683095926,1076704.171937058,1869899.3060650297,3739798.6121300594,4322583.211419892,0.0,50000.0,0.0,False,20166768.67704479,30084884.19715111,2300000.0,6039798.612130059,14126970.06491473,24045085.58502105,29.949263111273627,20.075857937661592
623704380,mukono,1,0,1,0.0,False,1.0,True,1680564.056420399,427027.2148724358,175358.985657501,304543.86092264275,609087.7218452855,704003.7803615447,0.0,40000.0,0.0,False,20166768.67704479,5124326.57846923,700000.0,1309087.7218452855,18857680.955199506,3815238.856623945,6.491311239838734,25.546531857388842
624715344,mukono,0,1,1,1.0,False,2.0,True,1680564.056420399,639835.602468475,275313.607482277,478133.86164854985,956267.7232970997,1105285.9351676265,0.0,,0.0,False,20166768.67704479,7678027.2296217,1400000.0,2356267.7232970996,17810500.95374769,5321759.5063246,11.683913080131505,30.688452291581598
631647480,mukono,1,1,2,4.0,False,6.0,True,1680564.056420399,1960575.0927309764,845230.310869156,1467901.4096471402,2935802.8192942804,3393298.22134265,0.0,80000.0,0.0,False,20166768.67704479,23526901.112771716,3900000.0,6835802.819294279,13330965.857750509,16691098.293477435,33.89637144534346,29.055262257141994
632449589,mukono,0,1,1,5.0,False,6.0,True,1680564.056420399,1867238.0806274514,801390.564454781,1391765.44441648,2783530.88883296,3217297.276252265,0.0,,0.0,False,20166768.67704479,22406856.967529416,3500000.0,6283530.88883296,13883237.788211828,16123326.078696456,31.15784679964772,28.042892842751893
632465838,mukono,1,1,2,4.0,False,6.0,True,1680564.056420399,1960575.0927309764,845230.310869156,1467901.4096471402,2935802.8192942804,3393298.22134265,0.0,24000.0,0.0,False,20166768.67704479,23526901.112771716,3300000.0,6235802.81929428,13930965.857750509,17291098.293477435,30.92117988338064,26.504990136202586
633165465,mukono,1,1,2,7.0,False,9.0,True,1680564.056420399,2907966.5345793753,1239788.028598534,2153125.0967230876,4306250.193446175,4977306.727156128,0.0,100000.0,0.0,False,20166768.67704479,34895598.4149525,3400000.0,7706250.193446176,12460518.483598616,27189348.221506327,38.2126175831925,22.083731311351016
633165662,mukono,2,1,3,8.0,False,11.0,True,1680564.056420399,3615004.7857623883,1546666.253499161,2686076.8533377126,5372153.706675425,6209313.342788832,0.0,200000.0,0.0,False,20166768.67704479,43380057.42914866,2800000.0,8172153.706675425,11994614.970369365,35207903.722473234,40.52287125194,18.838503660403763
634022615,mukono,1,1,2,1.0,False,3.0,True,1680564.056420399,1066862.8173409111,450672.593139778,782677.7225711927,1565355.4451423853,1809289.7155291715,0.0,100000.0,0.0,False,20166768.67704479,12802353.808090933,6300000.0,7865355.445142386,12301413.231902406,4936998.362948547,39.00156525371006,61.43679172631189
634718321,mukono,1,1,2,4.0,False,6.0,True,1680564.056420399,1960575.0927309764,845230.310869156,1467901.4096471402,2935802.8192942804,3393298.22134265,0.0,100000.0,0.0,False,20166768.67704479,23526901.112771716,1800000.0,4735802.81929428,15430965.857750509,18791098.293477435,23.483200978473555,20.129309833854073
634929270,mukono,1,1,2,3.0,False,5.0,True,1680564.056420399,1680564.056420399,713711.07162603,1239493.5139551577,2478987.0279103154,2865295.3860714906,150000.0,,150000.0,False,20166768.67704479,20166768.67704479,80000.0,2708987.0279103154,17457781.649134476,17457781.649134476,13.432925578175901,13.432925578175901
635102819,mukono,1,1,2,6.0,False,8.0,True,1680564.056420399,2574276.3318104646,1108268.789355408,1924717.2010311051,3849434.4020622103,4449303.891884969,0.0,,0.0,False,20166768.67704479,30891315.981725574,2000000.0,5849434.40206221,14317334.274982577,25041881.579663362,29.005313125450982,18.935529990119456
635238371,mukono,1,1,2,6.0,False,8.0,True,1680564.056420399,2574276.3318104646,1108268.789355408,1924717.2010311051,3849434.4020622103,4449303.891884969,0.0,45000.0,0.0,False,20166768.67704479,30891315.981725574,4000000.0,7849434.40206221,12317334.274982579,23041881.579663362,38.92261833199376,25.4098414153211
635238449,mukono,1,1,2,5.0,False,7.0,True,1680564.056420399,2294265.2954998873,976749.550112282,1696309.305339123,3392618.610678246,3921301.0566138094,0.0,75000.0,0.0,False,20166768.67704479,27531183.545998648,3200000.0,6592618.610678246,13574150.066366544,20938564.9353204,32.690505436215076,23.94600508061489
635238630,mukono,1,1,2,6.0,False,8.0,True,1680564.056420399,2574276.3318104646,1108268.789355408,1924717.2010311051,3849434.4020622103,4449303.891884969,0.0,40000.0,0.0,False,20166768.67704479,30891315.981725574,2600000.0,6449434.40206221,13717334.274982577,24441881.579663362,31.980504687413816,20.87782341767995
635625333,mukono,1,1,2,0.0,False,2.0,True,1680564.056420399,733172.6145720002,319153.353896652,554269.8268792101,1108539.6537584201,1281286.8802580119,300000.0,,300000.0,False,20166768.67704479,8798071.374864003,400000.0,1808539.6537584201,18358229.02328637,6989531.721105583,8.96791986222872,20.556092087697753
635859825,mukono,0,1,1,3.0,False,4.0,True,1680564.056420399,1253536.841547963,538352.085968529,934949.6530325148,1869899.3060650297,2161291.605709946,0.0,,0.0,False,20166768.67704479,15042442.098575555,2000000.0,3869899.3060650295,16296869.37097976,11172542.792510524,19.18948626841749,25.726536161515224
635860002,mukono,1,1,2,7.0,False,9.0,True,1680564.056420399,2907966.5345793753,1239788.028598534,2153125.0967230876,4306250.193446175,4977306.727156128,0.0,4000.0,0.0,False,20166768.67704479,34895598.4149525,3200000.0,7506250.193446176,12660518.483598616,27389348.221506327,37.220887062538225,21.5105931246326
635860179,mukono,1,1,2,4.0,False,6.0,True,1680564.056420399,1960575.0927309764,845230.310869156,1467901.4096471402,2935802.8192942804,3393298.22134265,0.0,20000.0,0.0,False,20166768.67704479,23526901.112771716,5000000.0,7935802.819294279,12230965.857750509,15591098.293477435,39.35088930894199,33.730761145530906
636134719,mukono,1,1,2,5.0,False,7.0,True,1680564.056420399,2294265.2954998873,976749.550112282,1696309.305339123,3392618.610678246,3921301.0566138094,0.0,600000.0,0.0,False,20166768.67704479,27531183.545998648,26950000.0,30342618.610678244,-10175849.933633454,-2811435.0646795966,150.4585047639105,110.21182057059877
636135880,mukono,0,2,2,3.0,False,5.0,True,1680564.056420399,1613361.4077058607,682146.45420768,1184675.618989082,2369351.237978164,2738574.705606413,0.0,,0.0,False,20166768.67704479,19360336.89247033,3400000.0,5769351.237978164,14397417.439066624,13590985.654492166,28.608208535387416,29.79984940356071
636603058,mukono,0,1,1,1.0,False,2.0,True,1680564.056420399,639835.602468475,275313.607482277,478133.86164854985,956267.7232970997,1105285.9351676265,0.0,30000.0,0.0,False,20166768.67704479,7678027.2296217,1100000.0,2056267.7232970998,18110500.95374769,5621759.5063246,10.19631729915009,26.78119863086775
636603136,mukono,1,1,2,2.0,False,4.0,True,1680564.056420399,1346873.8536514884,582191.832382904,1011085.6182631751,2022171.2365263503,2337292.550800331,0.0,100000.0,0.0,False,20166768.67704479,16162486.243817862,1500000.0,3522171.2365263505,16644597.440518439,12640315.00729151,17.465223571168988,21.792261310499665
644152753,mukono,1,2,3,8.0,False,11.0,True,1680564.056420399,3547802.13704785,1515101.636080811,2631258.958371638,5262517.916743276,6082592.662323755,0.0,100000.0,0.0,False,20166768.67704479,42573625.6445742,3100000.0,8362517.916743276,11804250.760301515,34211107.727830924,41.46682123776265,19.642484731175433
644152847,mukono,0,2,2,4.0,False,6.0,True,1680564.056420399,1893372.4440164384,813665.693450806,1413083.5146810648,2826167.0293621295,3266577.5408775723,0.0,50000.0,0.0,False,20166768.67704479,22720469.328197263,1200000.0,4026167.0293621295,16140601.647682661,18694302.298835132,19.964363621351946,17.720439534959123
644159669,mukono,0,1,1,4.0,False,5.0,True,1680564.056420399,1587227.0443168737,669871.325211655,1163357.5487244974,2326715.097448995,2689294.440981105,0.0,60000.0,0.0,False,20166768.67704479,19046724.531802483,3620000.0,5946715.097448995,14220053.579595795,13100009.434353488,29.487694298878715,31.221720498554554
554400498,nakaseke,0,1,1,0.0,False,1.0,True,1648276.811268851,361402.4830992099,129725.695892705,205905.89861205625,411811.7972241125,467577.7325640651,0.0,,0.0,False,19779321.73522621,4336829.797190519,8512999.999999998,8924811.797224112,10854509.938002098,-4587982.000033593,45.12193045188888,205.79114732622833
559666632,nakaseke,1,1,2,2.0,False,4.0,True,1648276.811268851,1311399.0830379562,525230.8662972919,833667.7846244206,1667335.5692488411,1893119.600137429,0.0,,0.0,False,19779321.73522621,15736788.996455474,1140000.0,2807335.569248841,16971986.16597737,12929453.427206632,14.193285325093251,17.839316329914322
619306547,mukono,1,1,2,4.0,False,6.0,True,1680564.056420399,1960575.0927309764,845230.310869156,1467901.4096471402,2935802.8192942804,3393298.22134265,0.0,150000.0,0.0,False,20166768.67704479,23526901.112771716,2820000.0,5755802.81929428,14410965.857750509,17771098.293477435,28.541026633810368,24.464772439451064
622485261,mukono,1,1,2,6.0,False,8.0,True,1680564.056420399,2574276.3318104646,1108268.789355408,1924717.2010311051,3849434.4020622103,4449303.891884969,0.0,50000.0,0.0,False,20166768.67704479,30891315.981725574,800000.0,4649434.40206221,15517334.274982577,26241881.579663362,23.05493000152532,15.050943134998471
631647195,mukono,1,0,1,0.0,False,1.0,True,1680564.056420399,427027.2148724358,175358.985657501,304543.86092264275,609087.7218452855,704003.7803615447,0.0,25000.0,0.0,False,20166768.67704479,5124326.57846923,750000.0,1359087.7218452855,18807680.955199506,3765238.856623945,6.739243870002302,26.52226982479482
565368592,nakaseke,0,1,1,0.0,False,1.0,True,1648276.811268851,361402.4830992099,129725.695892705,205905.89861205625,411811.7972241125,467577.7325640651,0.0,,0.0,False,19779321.73522621,4336829.797190519,698200.0,1110011.7972241126,18669309.9380021,3226817.9999664063,5.611981098660347,25.595004856847257
584454693,nakaseke,1,0,1,0.0,False,1.0,True,1648276.811268851,424466.138474874,158202.068161835,251104.75440494606,502209.5088098921,570216.7470293463,0.0,,0.0,False,19779321.73522621,5093593.6616984885,500000.0,1002209.5088098921,18777112.22641632,4091384.152888597,5.06695589578785,19.675882596329828
618738814,mukono,1,1,2,13.0,False,15.0,True,1680564.056420399,4749070.25181784,2028903.46405729,3523572.470874983,7047144.941749966,8145323.738783086,0.0,,0.0,False,20166768.67704479,56988843.02181408,2600000.0,9647144.941749966,10519623.735294824,47341698.08006411,47.83684037954485,16.92812913934268
582503421,nakaseke,1,1,2,1.0,False,3.0,True,1648276.811268851,1048633.8523060202,406579.31517591595,645339.2188207114,1290678.4376414227,1465457.0398654202,0.0,120000.0,0.0,False,19779321.73522621,12583606.227672242,690000.0,1980678.4376414227,17798643.297584787,10602927.790030818,10.01388452119625,15.740149539054793
589565846,nakaseke,2,1,3,2.0,False,5.0,True,1648276.811268851,1735865.2215128306,683432.934459127,1084772.5390293668,2169545.0780587336,2463336.3471667757,0.0,90000.0,0.0,False,19779321.73522621,20830382.658153966,1570000.0,3739545.0780587336,16039776.657167476,17090837.58009523,18.906336264295394,17.952359010528806
614850459,mukono,1,1,2,0.0,False,2.0,True,1680564.056420399,733172.6145720002,319153.353896652,554269.8268792101,1108539.6537584201,1281286.8802580119,300000.0,200000.0,300000.0,False,20166768.67704479,8798071.374864003,1650000.0,3058539.65375842,17108229.02328637,5739531.721105583,15.166235616317953,34.763751320506856
556032422,nakaseke,0,2,2,2.0,False,4.0,True,1648276.811268851,1248335.4276622923,496754.494028162,788468.9288315307,1576937.8576630615,1790480.5856721476,0.0,,0.0,False,19779321.73522621,14980025.131947506,4600000.0,6176937.8576630615,13602383.877563149,8803087.274284445,31.229270347840963,41.23449595881964
558422563,nakaseke,1,1,2,0.0,False,2.0,True,1648276.811268851,711756.1240751254,287927.76405453996,457010.6530170022,914021.3060340044,1037794.4795934113,0.0,,0.0,False,19779321.73522621,8541073.488901505,2700000.0,3614021.306034005,16165300.429192206,4927052.182867501,18.271715048739875,42.31343180374409
585223034,nakaseke,2,1,3,2.0,False,5.0,True,1648276.811268851,1735865.2215128306,683432.934459127,1084772.5390293668,2169545.0780587336,2463336.3471667757,0.0,,0.0,False,19779321.73522621,20830382.658153966,342000.0,2511545.0780587336,17267776.657167476,18318837.58009523,12.697832168763243,12.057124054202623
623704362,mukono,1,1,2,1.0,False,3.0,True,1680564.056420399,1066862.8173409111,450672.593139778,782677.7225711927,1565355.4451423853,1809289.7155291715,0.0,320000.0,0.0,False,20166768.67704479,12802353.808090933,1700000.0,3265355.4451423855,16901413.231902406,9536998.362948548,16.191763278661686,25.50589910332521
633165535,mukono,2,1,3,5.0,False,8.0,True,1680564.056420399,2667613.3439139896,1152108.535769783,2000853.1662617654,4001706.332523531,4625304.836975354,0.0,75000.0,0.0,False,20166768.67704479,32011360.126967877,2800000.0,6801706.33252353,13365062.34452126,25209653.794444345,33.727298812455274,21.24778923965012
634929225,mukono,1,1,2,1.0,False,3.0,True,1680564.056420399,1066862.8173409111,450672.593139778,782677.7225711927,1565355.4451423853,1809289.7155291715,0.0,1000000.0,0.0,False,20166768.67704479,12802353.808090933,4100000.0,5665355.445142386,14501413.231902406,7136998.362948547,28.092529526513015,44.252451776187826
636602878,mukono,1,1,2,4.0,False,6.0,True,1680564.056420399,1960575.0927309764,845230.310869156,1467901.4096471402,2935802.8192942804,3393298.22134265,0.0,75000.0,0.0,False,20166768.67704479,23526901.112771716,4200000.0,7135802.819294279,13030965.857750509,16391098.293477435,35.38396722632488,30.330398317611696
558418973,nakaseke,1,1,2,2.0,False,4.0,True,1648276.811268851,1311399.0830379562,525230.8662972919,833667.7846244206,1667335.5692488411,1893119.600137429,0.0,,0.0,False,19779321.73522621,15736788.996455474,5964000.0,7631335.569248842,12147986.16597737,8105453.427206633,38.58239261894268,48.49360038421885
613827164,nakaseke,1,0,1,0.0,False,1.0,True,1648276.811268851,424466.138474874,158202.068161835,251104.75440494606,502209.5088098921,570216.7470293463,0.0,95000.0,0.0,False,19779321.73522621,5093593.6616984885,2960200.0,3462409.508809892,16316912.226416316,1631184.1528885965,17.505198384247294,67.97576993323278
632876809,mukono,1,1,2,0.0,False,2.0,True,1680564.056420399,733172.6145720002,319153.353896652,554269.8268792101,1108539.6537584201,1281286.8802580119,0.0,60000.0,0.0,False,20166768.67704479,8798071.374864003,320000.0,1428539.6537584201,18738229.02328637,7369531.721105583,7.0836318729855945,16.236963680923786
559670838,nakaseke,1,2,3,3.0,False,6.0,True,1648276.811268851,1935566.7968691024,773608.1133113729,1227902.249040186,2455804.498080372,2788359.8929735026,0.0,50000.0,0.0,False,19779321.73522621,23226801.562429227,2273500.0,4729304.498080372,15050017.237145837,18497497.064348854,23.9103471867676,20.361410869976655
588625655,nakaseke,1,1,2,3.0,False,5.0,True,1648276.811268851,1648276.811268851,643882.417418668,1021996.3504281298,2043992.7008562596,2320782.1604094384,0.0,80000.0,0.0,False,19779321.73522621,19779321.73522621,3846000.0,5889992.700856259,13889329.034369951,13889329.034369951,29.778537301238238,29.778537301238238
550732633,nakaseke,1,1,2,3.0,False,5.0,True,1648276.811268851,1648276.811268851,643882.417418668,1021996.3504281298,2043992.7008562596,2320782.1604094384,0.0,,0.0,False,19779321.73522621,19779321.73522621,1913000.0000000005,3956992.7008562596,15822329.034369951,15822329.034369951,20.00570471437859,20.00570471437859
550740078,nakaseke,0,3,3,2.0,False,5.0,True,1648276.811268851,1609737.9107615019,626480.189920867,994374.8274435869,1988749.6548871738,2258058.318236213,0.0,,0.0,False,19779321.73522621,19316854.929138023,1361005.45,3349755.1048871735,16429566.630339036,15967099.82425085,16.93564192811217,17.341099869390852
552802393,nakaseke,1,1,2,2.0,False,4.0,True,1648276.811268851,1311399.0830379562,525230.8662972919,833667.7846244206,1667335.5692488411,1893119.600137429,0.0,,0.0,False,19779321.73522621,15736788.996455474,10716000.0,12383335.56924884,7395986.165977369,3353453.4272066327,62.607483386018224,78.69035781084719
553314788,nakaseke,1,3,4,5.0,False,9.0,True,1648276.811268851,2896612.2389311437,1140636.91144683,1810465.2792596607,3620930.5585193215,4111262.746081586,0.0,,0.0,False,19779321.73522621,34759346.867173724,7952250.0,11573180.558519322,8206141.176706888,23186166.3086544,58.51151375887643,33.29516116267675
556033462,nakaseke,2,0,2,0.0,False,2.0,True,1648276.811268851,774819.7794507897,316404.13632367,502209.5088098921,1004419.0176197842,1140433.4940586926,0.0,29250.0,0.0,False,19779321.73522621,9297837.353409477,5787000.0,6791419.017619784,12987902.717606425,2506418.3357896926,34.33595503694411,73.04299655370289
557694485,nakaseke,0,1,1,3.0,True,4.0,True,1648276.811268851,1223810.672793977,485680.349256833,770891.5960231837,1541783.1920463673,1750565.413380092,90000.0,,90000.0,False,19779321.73522621,14685728.073527724,140000.0,1771783.1920463673,18007538.543179844,12913944.881481357,8.957755052292262,12.064660214158245
557694682,nakaseke,0,2,2,1.0,False,3.0,True,1648276.811268851,985570.1969303561,378102.942906786,600140.3630278216,1200280.7260556433,1362818.0254001392,0.0,380000.0,0.0,False,19779321.73522621,11826842.363164272,115000.0,1315280.7260556433,18464041.009170566,10511561.63710863,6.649776689324888,11.121148702820284
557711753,nakaseke,0,3,3,2.0,False,5.0,True,1648276.811268851,1609737.9107615019,626480.189920867,994374.8274435869,1988749.6548871738,2258058.318236213,0.0,900000.0,0.0,False,19779321.73522621,19316854.929138023,1750000.0,3738749.6548871743,16040572.080339039,15578105.27425085,18.902314775681134,19.354857033416714
557713215,nakaseke,0,2,2,4.0,False,6.0,True,1648276.811268851,1847978.3866251232,734057.596270914,1165126.0604389491,2330252.1208778983,2645805.706216166,0.0,,0.0,False,19779321.73522621,22175740.63950148,1112500.0000000002,3442752.1208778983,16336569.614348311,18732988.51862358,17.40581485535214,15.524857441493296
558375556,nakaseke,0,2,2,4.0,False,6.0,True,1648276.811268851,1847978.3866251232,734057.596270914,1165126.0604389491,2330252.1208778983,2645805.706216166,0.0,240000.0,0.0,False,19779321.73522621,22175740.63950148,410000.0,2740252.1208778983,17039069.61434831,19435488.51862358,13.85412582675985,12.356981286102831
565368815,nakaseke,1,0,1,0.0,False,1.0,True,1648276.811268851,424466.138474874,158202.068161835,251104.75440494606,502209.5088098921,570216.7470293463,0.0,,0.0,False,19779321.73522621,5093593.6616984885,1450000.0,1952209.508809892,17827112.22641632,3141384.1528885965,9.869951735165328,38.32676178097246
583503314,nakaseke,1,1,2,1.0,False,3.0,True,1648276.811268851,1048633.8523060202,406579.31517591595,645339.2188207114,1290678.4376414227,1465457.0398654202,0.0,639000.0,0.0,False,19779321.73522621,12583606.227672242,3699000.0,4989678.437641423,14789643.297584787,7593927.790030819,25.22674186928765,39.652213740356615
592192864,nakaseke,1,1,2,0.0,False,2.0,True,1648276.811268851,711756.1240751254,287927.76405453996,457010.6530170022,914021.3060340044,1037794.4795934113,0.0,,0.0,False,19779321.73522621,8541073.488901505,2400000.0,3314021.3060340043,16465300.429192206,5227052.182867501,16.75497952051541,38.800992759754735
614807974,mukono,1,1,2,5.0,False,7.0,True,1680564.056420399,2294265.2954998873,976749.550112282,1696309.305339123,3392618.610678246,3921301.0566138094,0.0,,0.0,False,20166768.67704479,27531183.545998648,1100000.0,4492618.610678246,15674150.066366544,23038564.9353204,22.277334969345162,16.318290868868942
614850566,mukono,1,0,1,0.0,False,1.0,True,1680564.056420399,427027.2148724358,175358.985657501,304543.86092264275,609087.7218452855,704003.7803615447,0.0,160000.0,0.0,False,20166768.67704479,5124326.57846923,6200000.0,6809087.721845286,13357680.955199504,-1684761.143376056,33.76390055783136,132.87770827204653
615761193,mukono,2,1,3,5.0,False,8.0,True,1680564.056420399,2667613.3439139896,1152108.535769783,2000853.1662617654,4001706.332523531,4625304.836975354,0.0,,0.0,False,20166768.67704479,32011360.126967877,9500000.0,13501706.33252353,6665062.34452126,18509653.794444345,66.95027125437356,42.17785898184644
615773611,mukono,0,1,1,1.0,False,2.0,True,1680564.056420399,639835.602468475,275313.607482277,478133.86164854985,956267.7232970997,1105285.9351676265,0.0,130000.0,0.0,False,20166768.67704479,7678027.2296217,1400000.0,2356267.7232970996,17810500.95374769,5321759.5063246,11.683913080131505,30.688452291581598
616675567,mukono,2,1,3,5.0,False,8.0,True,1680564.056420399,2667613.3439139896,1152108.535769783,2000853.1662617654,4001706.332523531,4625304.836975354,0.0,,0.0,False,20166768.67704479,32011360.126967877,1900000.0,5901706.33252353,14265062.34452126,26109653.794444345,29.264511469511028,18.43628733398196
617462488,mukono,0,1,1,3.0,False,4.0,True,1680564.056420399,1253536.841547963,538352.085968529,934949.6530325148,1869899.3060650297,2161291.605709946,0.0,,0.0,False,20166768.67704479,15042442.098575555,4650000.0,6519899.306065029,13646869.37097976,8522542.792510524,32.32991566708666,43.34335650647066
617463415,mukono,1,1,2,7.0,False,9.0,True,1680564.056420399,2907966.5345793753,1239788.028598534,2153125.0967230876,4306250.193446175,4977306.727156128,0.0,,0.0,False,20166768.67704479,34895598.4149525,3000000.0,7306250.193446176,12860518.483598616,27589348.221506327,36.229156541883945,20.937454937914183
617648934,mukono,1,1,2,5.0,False,7.0,True,1680564.056420399,2294265.2954998873,976749.550112282,1696309.305339123,3392618.610678246,3921301.0566138094,0.0,,0.0,False,20166768.67704479,27531183.545998648,2400000.0,5792618.610678246,14374150.066366544,21738564.9353204,28.723583353597963,21.04020919042596
619547863,mukono,1,1,2,3.0,False,5.0,True,1680564.056420399,1680564.056420399,713711.07162603,1239493.5139551577,2478987.0279103154,2865295.3860714906,0.0,0.0,0.0,False,20166768.67704479,20166768.67704479,2250000.0,4728987.027910315,15437781.649134476,15437781.649134476,23.449403836784104,23.449403836784104
619769827,mukono,0,1,1,3.0,False,4.0,True,1680564.056420399,1253536.841547963,538352.085968529,934949.6530325148,1869899.3060650297,2161291.605709946,0.0,,0.0,False,20166768.67704479,15042442.098575555,810000.0,2679899.3060650295,17486869.37097976,12362542.792510524,13.288689670524539,17.815586648120142
619769984,mukono,1,0,1,1.0,False,2.0,True,1680564.056420399,707038.2511830133,306878.22490062704,532951.7566146253,1065903.5132292507,1232006.6156327042,0.0,35000.0,0.0,False,20166768.67704479,8484459.01419616,1800000.0,2865903.513229251,17300865.16381554,5618555.500966908,14.211019916598838,33.77827046408067
620417365,mukono,1,2,3,4.0,False,7.0,True,1680564.056420399,2320399.658888874,989024.679108307,1717627.3756037075,3435254.751207415,3970581.321239117,0.0,,0.0,False,20166768.67704479,27844795.906666487,6600000.0,10035254.751207415,10131513.925837375,17809541.155459072,49.761342096566196,36.03996518719254
620699936,mukono,1,2,3,0.0,False,3.0,True,1680564.056420399,1092997.180729898,462947.72213580296,803995.7928357774,1607991.5856715548,1858569.9801544792,0.0,100000.0,0.0,False,20166768.67704479,13115966.168758776,3200000.0,4807991.585671555,15358777.091373235,8307974.583087221,23.841159992797177,36.65754793668058
620700057,mukono,1,1,2,1.0,False,3.0,True,1680564.056420399,1066862.8173409111,450672.593139778,782677.7225711927,1565355.4451423853,1809289.7155291715,600000.0,,600000.0,False,20166768.67704479,12802353.808090933,2800000.0,4965355.445142386,15201413.231902406,7836998.362948547,24.621472704223045,38.78470724660289
621078668,mukono,2,1,3,3.0,False,6.0,True,1680564.056420399,2053912.1048345016,889070.0572835311,1544037.3748778007,3088074.7497556014,3569299.1664330354,62500.0,50000.0,62500.0,False,20166768.67704479,24646945.25801402,7400000.0,10550574.749755602,9616193.927289188,14096370.508258417,52.316634948884975,42.80682510269728
621640204,mukono,1,1,2,5.0,False,7.0,True,1680564.056420399,2294265.2954998873,976749.550112282,1696309.305339123,3392618.610678246,3921301.0566138094,0.0,75000.0,0.0,False,20166768.67704479,27531183.545998648,130000.0,3522618.610678246,16644150.066366544,24008564.935320403,17.46744194417192,12.79501335201486
621642449,mukono,0,1,1,4.0,False,5.0,True,1680564.056420399,1587227.0443168737,669871.325211655,1163357.5487244974,2326715.097448995,2689294.440981105,40000.0,,40000.0,False,20166768.67704479,19046724.531802483,200000.0,2566715.097448995,17600053.579595797,16480009.43435349,12.727448499821428,13.47588711730108
622289483,mukono,3,3,6,3.0,False,9.0,True,1680564.056420399,3146909.2855644,1352017.7794193341,2348033.1677135783,4696066.335427157,5427869.146587514,0.0,50000.0,0.0,False,20166768.67704479,37762911.426772796,900000.0,5596066.335427157,14570702.341617633,32166845.091345638,27.748948902245235,14.818948338447521
622485078,mukono,2,0,2,1.0,False,3.0,True,1680564.056420399,1134065.4660554489,482237.210558128,837495.617537268,1674991.235074536,1936010.3959942488,0.0,175000.0,0.0,False,20166768.67704479,13608785.592665385,12500000.0,14174991.235074535,5991777.441970255,-566205.6424091496,70.28885718915141,104.16058904414153
623981243,mukono,0,1,1,2.0,False,3.0,True,1680564.056420399,973525.8052373858,406832.846725403,706541.7573405324,1413083.5146810648,1633288.7704387861,300000.0,,300000.0,False,20166768.67704479,11682309.662848629,350000.0,2063083.5146810648,18103685.162363727,9619226.148167564,10.230114440839543,17.65989409818469
624290457,mukono,1,1,2,4.0,False,6.0,True,1680564.056420399,1960575.0927309764,845230.310869156,1467901.4096471402,2935802.8192942804,3393298.22134265,0.0,120000.0,0.0,False,20166768.67704479,23526901.112771716,4400000.0,7335802.819294279,12830965.857750509,16191098.293477435,36.37569774697916,31.180489024591502
624291333,mukono,0,1,1,4.0,False,5.0,True,1680564.056420399,1587227.0443168737,669871.325211655,1163357.5487244974,2326715.097448995,2689294.440981105,0.0,90000.0,0.0,False,20166768.67704479,19046724.531802483,2400000.0,4726715.097448995,15440053.579595795,14320009.43435349,23.438138122887626,24.816419692303302
624292438,mukono,1,1,2,2.0,False,4.0,True,1680564.056420399,1346873.8536514884,582191.832382904,1011085.6182631751,2022171.2365263503,2337292.550800331,0.0,,0.0,False,20166768.67704479,16162486.243817862,2000000.0,4022171.2365263505,16144597.440518439,12140315.00729151,19.94454987280468,24.885844763300742
631647010,mukono,2,3,5,2.0,False,7.0,True,1680564.056420399,2439871.034381387,1045139.5545187071,1815081.4110989529,3630162.8221979057,4195862.53095481,10000.0,,10000.0,False,20166768.67704479,29278452.412576642,1275000.0,4915162.822197906,15251605.854846884,24363289.590378735,24.37258492379438,16.787645579540893
633165312,mukono,0,1,1,1.0,False,2.0,True,1680564.056420399,639835.602468475,275313.607482277,478133.86164854985,956267.7232970997,1105285.9351676265,0.0,,0.0,False,20166768.67704479,7678027.2296217,1400000.0,2356267.7232970996,17810500.95374769,5321759.5063246,11.683913080131505,30.688452291581598
633706793,mukono,1,2,3,3.0,False,6.0,True,1680564.056420399,1986709.4561199632,857505.439865181,1489219.479911725,2978438.95982345,3442578.4859679574,0.0,75000.0,0.0,False,20166768.67704479,23840513.47343956,800000.0,3778438.9598234505,16388329.71722134,20062074.513616107,18.73596618443058,15.848815353884742
634022985,mukono,0,1,1,2.0,False,3.0,True,1680564.056420399,973525.8052373858,406832.846725403,706541.7573405324,1413083.5146810648,1633288.7704387861,0.0,,0.0,False,20166768.67704479,11682309.662848629,1300000.0,2713083.5146810645,17453685.162363727,8969226.148167565,13.453238632965943,23.22386234383983
634718242,mukono,1,1,2,3.0,False,5.0,True,1680564.056420399,1680564.056420399,713711.07162603,1239493.5139551577,2478987.0279103154,2865295.3860714906,0.0,75000.0,0.0,False,20166768.67704479,20166768.67704479,8000000.0,10478987.027910315,9687781.649134476,9687781.649134476,51.96165630559458,51.96165630559458
635238561,mukono,0,3,3,2.0,False,5.0,True,1680564.056420399,1639495.7710948482,694421.583203705,1205993.6892536671,2411987.3785073343,2787854.9702317207,0.0,100000.0,0.0,False,20166768.67704479,19673949.253138177,2000000.0,4411987.378507335,15754781.298537457,15261961.874630842,21.877512700035894,22.4255299316866
636135365,mukono,0,1,1,3.0,False,4.0,True,1680564.056420399,1253536.841547963,538352.085968529,934949.6530325148,1869899.3060650297,2161291.605709946,0.0,80000.0,0.0,False,20166768.67704479,15042442.098575555,3900000.0,5769899.306065029,14396869.37097976,9272542.792510524,28.61092621463313,38.35746395601157
636136285,mukono,0,1,1,5.0,False,6.0,True,1680564.056420399,1867238.0806274514,801390.564454781,1391765.44441648,2783530.88883296,3217297.276252265,0.0,,0.0,False,20166768.67704479,22406856.967529416,6400000.0,9183530.88883296,10983237.78821183,13223326.078696456,45.537939349134746,40.98535953588291
616674531,mukono,0,1,1,3.0,False,4.0,True,1680564.056420399,1253536.841547963,538352.085968529,934949.6530325148,1869899.3060650297,2161291.605709946,0.0,,0.0,False,20166768.67704479,15042442.098575555,7100000.0,8969899.30606503,11196869.37097976,6072542.792510524,44.478614545101564,59.63060550463702
557715625,nakaseke,0,2,2,1.0,False,3.0,True,1648276.811268851,985570.1969303561,378102.942906786,600140.3630278216,1200280.7260556433,1362818.0254001392,0.0,,0.0,False,19779321.73522621,11826842.363164272,1650000.0,2850280.7260556435,16929041.009170566,8976561.637108628,14.410406808740074,24.100099067297037
582503133,nakaseke,1,1,2,2.0,False,4.0,True,1648276.811268851,1311399.0830379562,525230.8662972919,833667.7846244206,1667335.5692488411,1893119.600137429,0.0,100000.0,0.0,False,19779321.73522621,15736788.996455474,1760000.0,3427335.569248841,16351986.16597737,12309453.427206632,17.327872083423816,21.77912895712593
586804272,nakaseke,2,2,4,4.0,False,8.0,True,1648276.811268851,2622798.1660759123,1050461.7325945839,1667335.5692488411,3334671.1384976823,3786239.200274858,270000.0,,270000.0,False,19779321.73522621,31473577.992910948,5077800.0,8682471.138497682,11096850.596728528,22791106.854413263,43.8967081618099,27.586539860365754
620699783,mukono,0,1,1,2.0,False,3.0,True,1680564.056420399,973525.8052373858,406832.846725403,706541.7573405324,1413083.5146810648,1633288.7704387861,0.0,50000.0,0.0,False,20166768.67704479,11682309.662848629,2800000.0,4213083.5146810645,15953685.162363727,7469226.148167564,20.891217537873022,36.063789064582465
550738751,nakaseke,0,1,1,1.0,False,2.0,True,1648276.811268851,624167.7138311461,248377.247014081,394234.46441576537,788468.9288315307,895240.2928360738,0.0,,0.0,False,19779321.73522621,7490012.565973753,400000.0,1188468.9288315307,18590852.80639468,6301543.637142222,6.0086434951655265,15.867382308951061
589566299,nakaseke,1,1,2,0.0,False,2.0,True,1648276.811268851,711756.1240751254,287927.76405453996,457010.6530170022,914021.3060340044,1037794.4795934113,0.0,,0.0,False,19779321.73522621,8541073.488901505,540000.0,1454021.3060340043,18325300.429192208,7087052.1828675,7.351219245523714,17.023870687020757
556042851,nakaseke,0,1,1,2.0,False,3.0,True,1648276.811268851,961045.4420620407,367028.798135457,582563.0302194746,1165126.0604389491,1322902.853108083,240000.0,,240000.0,False,19779321.73522621,11532545.304744488,1250000.0,2655126.060438949,17124195.67478726,8877419.244305538,13.42374675927472,23.02289729004256
581667076,nakaseke,1,0,1,2.0,False,3.0,True,1648276.811268851,1024109.0974377049,395505.170404587,627761.8860123644,1255523.7720247288,1425541.8675733642,0.0,90000.0,0.0,False,19779321.73522621,12289309.169252459,1281600.0,2537123.772024729,17242197.96320148,9752185.39722773,12.827152548442594,20.644966589111032
561201812,nakaseke,0,2,2,3.0,False,5.0,True,1648276.811268851,1585213.1558931868,615406.045149538,976797.49463524,1953594.98927048,2218143.1459441567,0.0,600000.0,0.0,False,19779321.73522621,19022557.87071824,1030000.0,2983594.98927048,16795726.74595573,16038962.881447759,15.08441507353011,15.684509988339581
561202655,nakaseke,1,0,1,3.0,True,4.0,True,1648276.811268851,1286874.3281696413,514156.72152596305,816090.4518160735,1632180.903632147,1853204.4278453733,0.0,1400000.0,0.0,False,19779321.73522621,15442491.938035697,635000.0,2267180.9036321472,17512140.831594065,13175311.03440355,11.462379418169762,14.68144463166568
622951271,mukono,4,2,6,4.0,False,10.0,True,1680564.056420399,3494122.970589515,1515101.63608081,2631258.958371636,5262517.916743272,6082592.6623237515,0.0,24000.0,0.0,False,20166768.67704479,41929475.64707418,4000000.0,9262517.916743271,10904250.76030152,32666957.730330907,45.929608580706876,22.090707727201465
623479194,mukono,3,1,4,2.0,False,6.0,True,1680564.056420399,2147249.1169380266,932909.803697906,1620173.3401084605,3240346.680216921,3745300.1115234196,600000.0,,600000.0,False,20166768.67704479,25766989.40325632,3600000.0,7440346.6802169215,12726421.996827869,18326642.723039396,36.894094435099255,28.87549866138666
633859954,mukono,3,1,4,4.0,False,8.0,True,1680564.056420399,2760950.3560175146,1195948.282184158,2076989.1314924257,4153978.2629848514,4801305.782065739,0.0,0.0,0.0,False,20166768.67704479,33131404.272210173,2700000.0,6853978.262984851,13312790.414059939,26277426.009225324,33.98649715651533,20.68725553155561
634322609,mukono,0,3,3,0.0,False,3.0,True,1680564.056420399,1025794.53201536,431383.104717453,749177.8978697022,1498355.7957394044,1731849.2996894019,0.0,105000.0,0.0,False,20166768.67704479,12309534.38418432,1800000.0,3298355.7957394044,16868412.881305385,9011178.588444915,16.355400553058463,26.795130447640947
634718422,mukono,2,0,2,0.0,False,2.0,True,1680564.056420399,800375.2632865383,350717.971315002,609087.7218452855,1218175.443690571,1408007.5607230894,0.0,100000.0,0.0,False,20166768.67704479,9604503.15943846,1737000.0,2955175.443690571,17211593.23335422,6649327.715747888,14.653688406979924,30.768644610070073
618738459,mukono,1,1,2,3.0,False,5.0,True,1680564.056420399,1680564.056420399,713711.07162603,1239493.5139551577,2478987.0279103154,2865295.3860714906,0.0,200000.0,0.0,False,20166768.67704479,20166768.67704479,5400000.0,7878987.027910316,12287781.649134476,12287781.649134476,39.06915953708897,39.06915953708897
552806909,nakaseke,1,2,3,3.0,False,6.0,True,1648276.811268851,1935566.7968691024,773608.1133113729,1227902.249040186,2455804.498080372,2788359.8929735026,0.0,,0.0,False,19779321.73522621,23226801.562429227,1588120.0,4043924.498080372,15735397.237145837,19182877.064348854,20.44521319898598,17.410595631133592
557694859,nakaseke,0,1,1,3.0,False,4.0,True,1648276.811268851,1223810.672793977,485680.349256833,770891.5960231837,1541783.1920463673,1750565.413380092,0.0,,0.0,False,19779321.73522621,14685728.073527724,90000.0,1631783.1920463673,18147538.543179844,13053944.881481357,8.249945139120845,11.111353716182418
589566059,nakaseke,2,1,3,3.0,False,6.0,True,1648276.811268851,1998630.4522447668,802084.485580503,1273101.1048330758,2546202.2096661516,2890998.9074387844,540000.0,,540000.0,False,19779321.73522621,23983565.4269372,7600000.0,10686202.209666152,9093119.525560059,13297363.217271049,54.027141843971506,44.556353567280354
593200247,nakaseke,3,0,3,0.0,False,3.0,True,1648276.811268851,1199285.9179256638,474606.204485505,753314.2632148382,1506628.5264296765,1710650.2410880392,0.0,90000.0,0.0,False,19779321.73522621,14391431.015107965,33280005.0,34786633.526429676,-15007311.791203465,-20395202.51132171,175.87374325620084,241.71768248696782
613820537,nakaseke,5,1,6,1.0,False,7.0,True,1648276.811268851,2598273.4112075996,1039387.5878232559,1649758.2364404956,3299516.472880991,3746324.027982805,0.0,160000.0,0.0,False,19779321.73522621,31179280.934491195,5540000.0,8839516.472880991,10939805.262345219,22339764.461610205,44.69069562248008,28.350610430859955
614808240,mukono,0,2,2,9.0,False,11.0,True,1680564.056420399,3454465.124944325,1471261.889666436,2555122.9931409773,5110245.986281955,5906591.71723337,75000.0,,75000.0,False,20166768.67704479,41453581.4993319,1800000.0,6985245.986281956,13181522.690762836,34468335.513049945,34.63740819436802,16.85076592572474
615773753,mukono,0,1,1,8.0,False,9.0,True,1680564.056420399,2814629.5224758503,1195948.2821841592,2076989.1314924278,4153978.2629848556,4801305.782065744,90000.0,45000.0,90000.0,False,20166768.67704479,33775554.269710205,2700000.0,6943978.262984855,13222790.414059935,26831576.00672535,34.43277589080977,20.559183744357348
617460629,mukono,1,0,1,5.0,False,6.0,True,1680564.056420399,1934440.7293419894,832955.1818731311,1446583.3393825553,2893166.6787651107,3344017.956717342,0.0,,0.0,False,20166768.67704479,23213288.752103873,21300000.0,24193166.67876511,-4026398.0017203204,-979877.9266612381,119.96550893303717,104.22119389081578
617461111,mukono,1,0,1,0.0,False,1.0,True,1680564.056420399,427027.2148724358,175358.985657501,304543.86092264275,609087.7218452855,704003.7803615447,0.0,,0.0,False,20166768.67704479,5124326.57846923,700000.0,1309087.7218452855,18857680.955199506,3815238.856623945,6.491311239838734,25.546531857388842
617461597,mukono,1,1,2,7.0,False,9.0,True,1680564.056420399,2907966.5345793753,1239788.028598534,2153125.0967230876,4306250.193446175,4977306.727156128,0.0,,0.0,False,20166768.67704479,34895598.4149525,120000.0,4426250.193446175,15740518.483598616,30469348.221506327,21.948237044462353,12.684265049168953
618056660,mukono,2,1,3,0.0,False,3.0,True,1680564.056420399,1160199.8294444361,494512.33955415303,858813.687801853,1717627.375603706,1985290.660619557,0.0,,0.0,False,20166768.67704479,13922397.953333233,1900000.0,3617627.3756037066,16549141.301441085,10304770.577729527,17.93855740370315,25.98422619242536
618502638,mukono,1,0,1,0.0,False,1.0,True,1680564.056420399,427027.2148724358,175358.985657501,304543.86092264275,609087.7218452855,704003.7803615447,0.0,51000.0,0.0,False,20166768.67704479,5124326.57846923,4810999.999999999,5420087.721845284,14746680.955199506,-295761.1433760546,26.876332091887395,105.7717075375084
618738618,mukono,2,3,5,3.0,False,8.0,True,1680564.056420399,2719882.0706919637,1176658.793761833,2043489.3067909353,4086978.6135818707,4723865.36622597,0.0,40000.0,0.0,False,20166768.67704479,32638584.848303564,3400000.0,7486978.613581871,12679790.06346292,25151606.234721694,37.125325992874934,22.939041776411507
619308856,mukono,1,1,2,5.0,False,7.0,True,1680564.056420399,2294265.2954998873,976749.550112282,1696309.305339123,3392618.610678246,3921301.0566138094,0.0,35000.0,0.0,False,20166768.67704479,27531183.545998648,13000000.0,16392618.610678246,3774150.0663665445,11138564.935320402,81.28530094827467,59.5420047354293
620131758,mukono,1,0,1,0.0,False,1.0,True,1680564.056420399,427027.2148724358,175358.985657501,304543.86092264275,609087.7218452855,704003.7803615447,0.0,10000.0,0.0,False,20166768.67704479,5124326.57846923,1700000.0,2309087.7218452855,17857680.955199506,2815238.8566239444,11.449963843110119,45.06129120550842
621077765,mukono,5,1,6,2.0,False,8.0,True,1680564.056420399,2947624.380224565,1283627.775012908,2229261.0619537462,4458522.1239074925,5153307.672246509,62500.0,,62500.0,False,20166768.67704479,35371492.56269478,3500000.0,8021022.123907493,12145746.553137299,27350470.43878729,39.77346223561128,22.67651586850767
622950517,mukono,1,1,2,2.0,False,4.0,True,1680564.056420399,1346873.8536514884,582191.832382904,1011085.6182631751,2022171.2365263503,2337292.550800331,0.0,170000.0,0.0,False,20166768.67704479,16162486.243817862,12800000.0,14822171.23652635,5344597.440518441,1340315.0072915126,73.49799798813564,91.70724734380404
623178431,mukono,0,2,2,7.0,False,9.0,True,1680564.056420399,2840763.885864837,1208223.411180184,2098307.2017570124,4196614.403514025,4850586.046691051,0.0,,0.0,False,20166768.67704479,34089166.630378045,2840000.0,7036614.403514025,13130154.273530766,27052552.22686402,34.89212633020175,20.641790630468073
623271316,mukono,1,1,2,2.0,False,4.0,True,1680564.056420399,1346873.8536514884,582191.832382904,1011085.6182631751,2022171.2365263503,2337292.550800331,0.0,,0.0,False,20166768.67704479,16162486.243817862,12750000.0,14772171.23652635,5394597.440518441,1390315.0072915126,73.25006535797208,91.39788899852394
623272577,mukono,1,1,2,1.0,False,3.0,True,1680564.056420399,1066862.8173409111,450672.593139778,782677.7225711927,1565355.4451423853,1809289.7155291715,0.0,,0.0,False,20166768.67704479,12802353.808090933,21000000.0,22565355.445142385,-2398586.7680975944,-9763001.637051452,111.89375852179944,176.25942684759542
624293459,mukono,1,1,2,1.0,False,3.0,True,1680564.056420399,1066862.8173409111,450672.593139778,782677.7225711927,1565355.4451423853,1809289.7155291715,0.0,120000.0,0.0,False,20166768.67704479,12802353.808090933,2100000.0,3665355.4451423855,16501413.231902406,9136998.362948548,18.17522431997024,28.63032454880231
624713073,mukono,1,1,2,0.0,False,2.0,True,1680564.056420399,733172.6145720002,319153.353896652,554269.8268792101,1108539.6537584201,1281286.8802580119,0.0,,0.0,False,20166768.67704479,8798071.374864003,5400000.0,6508539.65375842,13658229.023286369,2289531.721105583,32.273587097604235,73.97689080305996
624713879,mukono,1,3,4,8.0,False,12.0,True,1680564.056420399,3853947.536747415,1658896.004319962,2880984.924328205,5761969.84865641,6659875.7622202225,0.0,,0.0,False,20166768.67704479,46247370.44096898,2685000.0,8446969.84865641,11719798.82838838,37800400.592312574,41.885589029795014,18.264757040485755
625320144,mukono,1,1,2,2.0,False,4.0,True,1680564.056420399,1346873.8536514884,582191.832382904,1011085.6182631751,2022171.2365263503,2337292.550800331,0.0,0.0,0.0,False,20166768.67704479,16162486.243817862,7160000.0,9182171.23652635,10984597.44051844,6980315.007291513,45.531197305685026,56.81162599620787
628089142,mukono,1,0,1,0.0,False,1.0,True,1680564.056420399,427027.2148724358,175358.985657501,304543.86092264275,609087.7218452855,704003.7803615447,0.0,,0.0,False,20166768.67704479,5124326.57846923,5840000.0,6449087.721845286,13717680.955199504,-1324761.143376056,31.97878562065366,125.85239490672345
628089849,mukono,1,1,2,4.0,False,6.0,True,1680564.056420399,1960575.0927309764,845230.310869156,1467901.4096471402,2935802.8192942804,3393298.22134265,0.0,,0.0,False,20166768.67704479,23526901.112771716,4400000.0,7335802.819294279,12830965.857750509,16191098.293477435,36.37569774697916,31.180489024591502
628775275,mukono,1,2,3,5.0,False,8.0,True,1680564.056420399,2600410.6951994514,1120543.918351433,1946035.27129569,3892070.54259138,4498584.156510277,0.0,,0.0,False,20166768.67704479,31204928.342393417,56000000.0,59892070.54259138,-39725301.865546584,-28687142.200197957,296.9839715113343,191.93144712729583
630120893,mukono,0,1,1,3.0,False,4.0,True,1680564.056420399,1253536.841547963,538352.085968529,934949.6530325148,1869899.3060650297,2161291.605709946,0.0,,0.0,False,20166768.67704479,15042442.098575555,3900000.0,5769899.306065029,14396869.37097976,9272542.792510524,28.61092621463313,38.35746395601157
632524617,mukono,1,1,2,3.0,False,5.0,True,1680564.056420399,1680564.056420399,713711.07162603,1239493.5139551577,2478987.0279103154,2865295.3860714906,0.0,0.0,0.0,False,20166768.67704479,20166768.67704479,8740000.0,11218987.027910315,8947781.649134476,8947781.649134476,55.63105923201539,55.63105923201539
633860632,mukono,0,3,3,3.0,False,6.0,True,1680564.056420399,1919506.8074054252,825940.822446831,1434401.5849456498,2868803.1698912997,3315857.8055028804,0.0,0.0,0.0,False,20166768.67704479,23034081.688865103,8400000.0,11268803.1698913,8897965.50715349,11765278.518973803,55.87808017413435,48.92230270824622
633861486,mukono,1,1,2,2.0,False,4.0,True,1680564.056420399,1346873.8536514884,582191.832382904,1011085.6182631751,2022171.2365263503,2337292.550800331,0.0,60000.0,0.0,False,20166768.67704479,16162486.243817862,7410000.0,9432171.23652635,10734597.44051844,6730315.007291513,46.770860456502874,58.35841772260842
634021883,mukono,1,1,2,5.0,False,7.0,True,1680564.056420399,2294265.2954998873,976749.550112282,1696309.305339123,3392618.610678246,3921301.0566138094,0.0,160000.0,0.0,False,20166768.67704479,27531183.545998648,6600000.0,9992618.610678246,10174150.066366544,17538564.9353204,49.54992428733779,36.29563761391785
634952329,mukono,1,2,3,4.0,False,7.0,True,1680564.056420399,2320399.658888874,989024.679108307,1717627.3756037075,3435254.751207415,3970581.321239117,0.0,0.0,0.0,False,20166768.67704479,27844795.906666487,57000000.0,60435254.75120741,-40268486.07416262,-32590458.844540924,299.677433301444,217.04326709300193
635102211,mukono,3,3,6,1.0,False,7.0,True,1680564.056420399,2533208.0464849113,1088979.3009330821,1891217.3763296132,3782434.7526592263,4371863.476045196,0.0,0.0,0.0,False,20166768.67704479,30398496.557818934,21000000.0,24782434.752659228,-4615666.075614437,5616061.805159707,122.88748460167696,81.52519880554694
635102285,mukono,0,1,1,2.0,False,3.0,True,1680564.056420399,973525.8052373858,406832.846725403,706541.7573405324,1413083.5146810648,1633288.7704387861,0.0,0.0,0.0,False,20166768.67704479,11682309.662848629,3700000.0,5113083.5146810645,15053685.162363727,6569226.1481675645,25.35400488081727,43.76774509702804
623184098,mukono,1,1,2,8.0,False,10.0,True,1680564.056420399,3187977.570889952,1371307.26784166,2381532.99241507,4763065.98483014,5505309.562427288,0.0,,0.0,False,20166768.67704479,38255730.85067943,3000000.0,7763065.984830139,12403702.69221465,30492664.865849286,38.49434735504552,20.292556990039223
554408234,nakaseke,0,3,3,2.0,False,5.0,True,1648276.811268851,1609737.9107615019,626480.189920867,994374.8274435869,1988749.6548871738,2258058.318236213,0.0,,0.0,False,19779321.73522621,19316854.929138023,550000.0,2538749.654887174,17240572.080339037,16778105.27425085,12.835372662783268,13.142665636825077
556042141,nakaseke,0,2,2,2.0,False,4.0,True,1648276.811268851,1248335.4276622923,496754.494028162,788468.9288315307,1576937.8576630615,1790480.5856721476,0.0,,0.0,False,19779321.73522621,14980025.131947506,420000.0,1996937.8576630615,17782383.87756315,12983087.274284445,10.096088654580061,13.330670943964204
559614978,nakaseke,0,4,4,4.0,False,8.0,True,1648276.811268851,2496670.8553245845,993508.988056324,1576937.8576630615,3153875.715326123,3580961.171344295,0.0,,0.0,False,19779321.73522621,29960050.263895012,1500000.0,4653875.715326123,15125446.019900087,25306174.54856889,23.52899547125395,15.533604497768582
581570782,nakaseke,0,2,2,4.0,False,6.0,True,1648276.811268851,1847978.3866251232,734057.596270914,1165126.0604389491,2330252.1208778983,2645805.706216166,0.0,2500000.0,0.0,False,19779321.73522621,22175740.63950148,1726100.0,4056352.1208778983,15722969.614348311,18119388.51862358,20.50804458908058,18.291845069888442
552806065,,0,2,2,3.0,False,5.0,True,,,,,,,0.0,,0.0,False,,,,,,,,
553316435,nakaseke,1,1,2,2.0,False,4.0,False,1648276.811268851,1311399.0830379562,525230.8662972919,0.0,0.0,0.0,0.0,,0.0,False,19779321.73522621,15736788.996455474,2165100.0,2165100.0,17614221.73522621,13571688.996455472,10.946280307195975,13.758206966412672
558375760,nakaseke,0,1,1,1.0,False,2.0,False,1648276.811268851,624167.7138311461,248377.247014081,0.0,0.0,0.0,0.0,,0.0,False,19779321.73522621,7490012.565973753,150000.0,150000.0,19629321.73522621,7340012.565973753,0.7583677641122333,2.002666867094888
559615316,nakaseke,1,1,2,4.0,False,6.0,True,1648276.811268851,1911042.0420007876,762533.968540044,1210324.916231839,2420649.832463678,2748444.720681447,2000000.0,,2000000.0,False,19779321.73522621,22932504.50400945,1200000.0,5620649.832463678,14158671.902762532,17311854.671545774,28.416797642021855,24.509533319751363
630121155,mukono,1,2,3,3.0,False,6.0,True,1680564.056420399,1986709.4561199632,857505.439865181,1489219.479911725,2978438.95982345,3442578.4859679574,0.0,,0.0,False,20166768.67704479,23840513.47343956,5400000.0,8378438.95982345,11788329.71722134,15462074.51361611,41.54576815947896,35.143701787957596
630121646,mukono,0,1,1,2.0,False,3.0,True,1680564.056420399,973525.8052373858,406832.846725403,706541.7573405324,1413083.5146810648,1633288.7704387861,0.0,0.0,0.0,False,20166768.67704479,11682309.662848629,3620000.0,5033083.5146810645,15133685.162363727,6649226.1481675645,24.95731267255556,43.0829490052551
560425493,nakaseke,0,1,1,3.0,False,4.0,True,1648276.811268851,1223810.672793977,485680.349256833,770891.5960231837,1541783.1920463673,1750565.413380092,0.0,57000.0,0.0,False,19779321.73522621,14685728.073527724,400000.0,1941783.1920463673,17837538.543179844,12743944.881481357,9.817238518286127,13.222246675986037
560424556,nakaseke,0,3,3,1.0,False,4.0,True,1648276.811268851,1272860.1825306073,507828.638799491,806046.2616398778,1612092.5232797556,1830395.757964204,500000.0,,500000.0,False,19779321.73522621,15274322.190367289,1390000.0,3502092.5232797554,16277229.211946454,11772229.667087533,17.70582717729225,22.927973363612434
561200542,nakaseke,1,3,4,3.0,False,7.0,True,1648276.811268851,2296969.279968313,903333.809204078,1433808.1476522423,2867616.2953044847,3255937.6255375687,0.0,60000.0,0.0,False,19779321.73522621,27563631.359619755,1190000.0,4057616.2953044847,15721705.439921726,23506015.06431527,20.514435983302835,14.720906118519718
561202398,nakaseke,0,1,1,5.0,False,6.0,True,1648276.811268851,1823453.6317568081,722983.4514995851,1147548.7276306022,2295097.4552612044,2605890.53392411,0.0,1000000.0,0.0,False,19779321.73522621,21881443.581081696,710000.0,3005097.4552612044,16774224.279965008,18876346.12582049,15.19312692057201,13.733542963588372
560425197,nakaseke,0,3,3,4.0,False,7.0,True,1648276.811268851,2209380.8697243333,863783.2921636191,1371031.9590510055,2742063.918102011,3113383.4387802314,0.0,190000.0,0.0,False,19779321.73522621,26512570.436692,1100000.0,3842063.918102011,15937257.8171242,22670506.51858999,19.424649487648725,14.49148028583753
628088416,mukono,1,1,2,2.0,False,4.0,True,1680564.056420399,1346873.8536514884,582191.832382904,1011085.6182631751,2022171.2365263503,2337292.550800331,0.0,,0.0,False,20166768.67704479,16162486.243817862,6800000.0,8822171.23652635,11344597.44051844,7340315.007291513,43.74608236850733,54.5842459101911
628089405,mukono,1,2,3,5.0,False,8.0,True,1680564.056420399,2600410.6951994514,1120543.918351433,1946035.27129569,3892070.54259138,4498584.156510277,0.0,,0.0,False,20166768.67704479,31204928.342393417,7400000.0,11292070.54259138,8874698.13445341,19912857.799802035,55.99345499234488,36.18681773177011
628774965,mukono,0,2,2,5.0,False,7.0,True,1680564.056420399,2227062.646785349,945184.932693932,1641491.410373047,3282982.820746094,3794580.3761487324,0.0,,0.0,False,20166768.67704479,26724751.76142419,3500000.0,6782982.820746094,13383785.856298696,19941768.940678097,33.63445542203771,25.380901126037703
632530379,mukono,1,1,2,4.0,False,6.0,True,1680564.056420399,1960575.0927309764,845230.310869156,1467901.4096471402,2935802.8192942804,3393298.22134265,0.0,,0.0,False,20166768.67704479,23526901.112771716,6500000.0,9435802.819294281,10730965.857750509,14091098.293477435,46.78886821384907,40.106441447879426
636135085,mukono,1,1,2,10.0,False,12.0,True,1680564.056420399,3801678.8099694406,1634345.746327912,2838348.783799035,5676697.56759807,6561315.232969606,0.0,350000.0,0.0,False,20166768.67704479,45620145.71963329,22300000.0,27976697.567598067,-7809928.890553281,17643448.152035218,138.72672422450643,61.32531390744308
556039009,nakaseke,0,1,1,2.0,False,3.0,True,1648276.811268851,961045.4420620407,367028.798135457,582563.0302194746,1165126.0604389491,1322902.853108083,0.0,360000.0,0.0,False,19779321.73522621,11532545.304744488,190000.0,1355126.0604389491,18424195.67478726,10177419.244305538,6.851226136968701,11.750450786275692
553316712,nakaseke,1,0,1,2.0,False,3.0,True,1648276.811268851,1024109.0974377049,395505.170404587,627761.8860123644,1255523.7720247288,1425541.8675733642,0.0,,0.0,False,19779321.73522621,12289309.169252459,568450.0,1823973.7720247288,17955347.96320148,10465335.39722773,9.221619408598333,14.841955287350611
621496649,mukono,1,1,2,2.0,False,4.0,True,1680564.056420399,1346873.8536514884,582191.832382904,1011085.6182631751,2022171.2365263503,2337292.550800331,0.0,,0.0,False,20166768.67704479,16162486.243817862,4900000.0,6922171.2365263505,13244597.440518439,9240315.00729151,34.3246424222917,42.828628789547004
629845932,mukono,1,0,1,0.0,False,1.0,True,1680564.056420399,427027.2148724358,175358.985657501,304543.86092264275,609087.7218452855,704003.7803615447,0.0,0.0,0.0,False,20166768.67704479,5124326.57846923,5360000.0,5969087.721845286,14197680.955199504,-844761.1433760561,29.59863237108339,116.48531041962606
632528316,mukono,2,2,4,4.0,False,8.0,True,1680564.056420399,2693747.707302977,1164383.664765808,2022171.2365263503,4044342.4730527005,4674585.101600662,0.0,,0.0,False,20166768.67704479,32324972.487635724,6500000.0,10544342.473052701,9622426.20399209,21780630.01458302,52.28573125378782,32.61980339530344
633861263,mukono,2,2,4,5.0,False,9.0,True,1680564.056420399,3027437.9100718875,1295902.904008934,2250579.132218333,4501158.264436666,5202587.936871821,0.0,,0.0,False,20166768.67704479,36329254.92086265,24400000.0,28901158.26443667,-8734389.587391876,7428096.6564259855,143.31080366550722,79.55340214764415
635102642,mukono,1,0,1,0.0,False,1.0,True,1680564.056420399,427027.2148724358,175358.985657501,304543.86092264275,609087.7218452855,704003.7803615447,0.0,0.0,0.0,False,20166768.67704479,5124326.57846923,17000000.0,17609087.721845284,2557680.955199506,-12484761.143376054,87.31734867316231,343.6371092317379
560423470,nakaseke,0,2,2,3.0,False,5.0,True,1648276.811268851,1585213.1558931868,615406.045149538,976797.49463524,1953594.98927048,2218143.1459441567,600000.0,,600000.0,False,19779321.73522621,19022557.87071824,990000.0,3543594.98927048,16235726.74595573,15478962.881447759,17.91565472621578,18.628383277125934
551439101,nakaseke,2,0,2,3.0,False,5.0,True,1648276.811268851,1711340.4666445153,672358.789687798,1067195.2062210196,2134390.412442039,2423421.174874719,0.0,,0.0,False,19779321.73522621,20536085.599734183,1100000.0,3234390.412442039,16544931.32278417,17301695.187292144,16.352382835664756,15.749790273974634
553316111,nakaseke,0,2,2,1.0,False,3.0,True,1648276.811268851,985570.1969303561,378102.942906786,600140.3630278216,1200280.7260556433,1362818.0254001392,0.0,,0.0,False,19779321.73522621,11826842.363164272,613849.9999999999,1814130.7260556433,17965191.009170566,10012711.63710863,9.17185508350747,15.339096187718804
554407800,nakaseke,0,3,3,4.0,False,7.0,True,1648276.811268851,2209380.8697243333,863783.2921636191,1371031.9590510055,2742063.918102011,3113383.4387802314,0.0,,0.0,False,19779321.73522621,26512570.436692,2059500.0,4801563.918102011,14977757.8171242,21711006.51858999,24.27567528541998,18.110518290059495
558374654,nakaseke,0,1,1,3.0,False,4.0,True,1648276.811268851,1223810.672793977,485680.349256833,770891.5960231837,1541783.1920463673,1750565.413380092,0.0,,0.0,False,19779321.73522621,14685728.073527724,1084005.45,2625788.6420463673,17153533.093179844,12059939.431481358,13.275423076666673,17.87986696267089
558375246,nakaseke,0,2,2,1.0,False,3.0,True,1648276.811268851,985570.1969303561,378102.942906786,600140.3630278216,1200280.7260556433,1362818.0254001392,0.0,,0.0,False,19779321.73522621,11826842.363164272,420000.0,1620280.7260556433,18159041.009170566,10206561.63710863,8.191791143019762,13.700028091201656
581569323,nakaseke,0,3,3,3.0,False,6.0,True,1648276.811268851,1872503.1414934387,745131.7410422431,1182703.3932472963,2365406.7864945927,2685720.8785082223,1400000.0,,1400000.0,False,19779321.73522621,22470037.697921265,2705500.0,6470906.786494592,13308414.948731618,15999130.911426673,32.71551407635054,28.797934714160384
581571879,nakaseke,1,0,1,3.0,True,4.0,True,1648276.811268851,1286874.3281696413,514156.72152596305,816090.4518160735,1632180.903632147,1853204.4278453733,1000000.0,,1000000.0,False,19779321.73522621,15442491.938035697,910000.0,3542180.9036321477,16237140.831594061,11900311.03440355,17.908505413123745,22.937884104751017
564861263,nakaseke,1,2,3,4.0,False,7.0,True,1648276.811268851,2272444.525099997,892259.6644327489,1416230.814843895,2832461.62968779,3216022.4532455113,0.0,900000.0,0.0,False,19779321.73522621,27269334.301199965,860000.0,3692461.62968779,16086860.105538422,23576872.671512175,18.668292467843617,13.540710561186327
559615143,nakaseke,0,1,1,1.0,False,2.0,True,1648276.811268851,624167.7138311461,248377.247014081,394234.46441576537,788468.9288315307,895240.2928360738,100000.0,,100000.0,False,19779321.73522621,7490012.565973753,510000.0,1398468.9288315307,18380852.80639468,6091543.637142222,7.070358364922652,18.671115922883903
564864365,nakaseke,0,1,1,2.0,False,3.0,True,1648276.811268851,961045.4420620407,367028.798135457,582563.0302194746,1165126.0604389491,1322902.853108083,0.0,190000.0,0.0,False,19779321.73522621,11532545.304744488,578000.0,1743126.0604389491,18036195.67478726,9789419.244305538,8.812870753472342,15.11484251201534
553315619,nakaseke,0,1,1,1.0,False,2.0,True,1648276.811268851,624167.7138311461,248377.247014081,394234.46441576537,788468.9288315307,895240.2928360738,0.0,,0.0,False,19779321.73522621,7490012.565973753,350000.0,1138468.9288315307,18640852.80639468,6351543.637142222,5.755854240461448,15.199826686586098
556039301,nakaseke,0,2,2,5.0,False,7.0,True,1648276.811268851,2184856.1148560178,852709.1473922901,1353454.6262426584,2706909.2524853167,3073468.266488175,0.0,,0.0,False,19779321.73522621,26218273.378272213,740000.0,3446909.252485317,16332412.482740894,22771364.125786897,17.42683241936706,13.146972734451168
615757479,mukono,3,1,4,4.0,False,8.0,True,1680564.056420399,2760950.3560175146,1195948.282184158,2076989.1314924257,4153978.2629848514,4801305.782065739,0.0,,0.0,False,20166768.67704479,33131404.272210173,900000.0,5053978.262984851,15112790.41405994,28077426.00922532,25.060922470626835,15.254343647679331
615773011,mukono,4,2,6,5.0,False,11.0,True,1680564.056420399,3827813.1733584255,1646620.875323936,2859666.8540636185,5719333.708127237,6610595.497594912,95000.0,,95000.0,False,20166768.67704479,45933758.080301106,1700000.0,7514333.708127236,12652434.968917552,38419424.37217387,37.26097040365505,16.359065798602252
619554974,mukono,1,1,2,15.0,False,17.0,True,1680564.056420399,5362771.490897327,2291941.942543542,3980388.262258948,7960776.524517896,9201329.409325404,0.0,,0.0,False,20166768.67704479,64353257.89076792,6600000.0,14560776.524517898,5605992.152526895,49792481.36625002,72.20183241895354,22.626323828442533
620416772,mukono,1,1,2,0.0,False,2.0,True,1680564.056420399,733172.6145720002,319153.353896652,554269.8268792101,1108539.6537584201,1281286.8802580119,0.0,0.0,0.0,False,20166768.67704479,8798071.374864003,1280000.0,2388539.65375842,17778229.02328637,6409531.721105583,11.843938372126125,27.148445971721173
620419799,mukono,0,1,1,3.0,False,4.0,True,1680564.056420399,1253536.841547963,538352.085968529,934949.6530325148,1869899.3060650297,2161291.605709946,0.0,,0.0,False,20166768.67704479,15042442.098575555,4125000.0,5994899.306065029,14171869.37097976,9047542.792510524,29.726623050369188,39.8532317211493
621494958,mukono,1,1,2,2.0,False,4.0,True,1680564.056420399,1346873.8536514884,582191.832382904,1011085.6182631751,2022171.2365263503,2337292.550800331,0.0,,0.0,False,20166768.67704479,16162486.243817862,5500000.0,7522171.2365263505,12644597.440518439,8640315.00729151,37.29983398425453,46.540928932908294
621496210,mukono,2,1,3,3.0,False,6.0,True,1680564.056420399,2053912.1048345016,889070.0572835311,1544037.3748778007,3088074.7497556014,3569299.1664330354,0.0,,0.0,False,20166768.67704479,24646945.25801402,7500000.0,10588074.749755602,9578693.927289188,14058870.508258417,52.50258442150765,42.95897377510855
621498584,mukono,1,3,4,13.0,False,17.0,False,1680564.056420399,5415040.217675302,2316492.200535592,0.0,0.0,0.0,0.0,,0.0,False,20166768.67704479,64980482.612103626,18300000.0,18300000.0,1866768.6770447902,46680482.612103626,90.74334263986637,28.162302378147224
621639094,mukono,1,1,2,5.0,False,7.0,True,1680564.056420399,2294265.2954998873,976749.550112282,1696309.305339123,3392618.610678246,3921301.0566138094,0.0,500000.0,0.0,False,20166768.67704479,27531183.545998648,4130000.0000000023,7522618.610678248,12644150.066366542,20008564.9353204,37.30205235725747,27.323992802959527
623187149,mukono,2,1,3,11.0,False,14.0,True,1680564.056420399,4508717.0611524535,1941223.971228539,3371300.54041366,6742601.08082732,7793321.848602312,0.0,,0.0,False,20166768.67704479,54104604.73382944,1800000.0,8542601.08082732,11624167.59621747,45562003.65300212,42.35979108815335,15.789046279615409
623270536,mukono,2,2,4,9.0,False,13.0,True,1680564.056420399,4254840.388230864,1821979.860981438,3164210.714986263,6328421.429972526,7314599.27795646,0.0,,0.0,False,20166768.67704479,51058084.65877037,15400000.0,21728421.429972526,-1561652.7529277354,29329663.22879784,107.74369348871105,42.556279921558286
624711692,mukono,1,4,5,4.0,False,9.0,True,1680564.056420399,2986369.624746336,1276613.415586609,2217079.307516842,4434158.615033684,5125147.521032052,0.0,,0.0,False,20166768.67704479,35836435.496956035,4200000.0,8634158.615033684,11532610.062011106,27202276.881922353,42.813793093494844,24.093240567318908
624712163,mukono,4,1,5,4.0,False,9.0,True,1680564.056420399,3187977.5708899507,1371307.267841659,2381532.9924150687,4763065.984830137,5505309.562427283,500000.0,,500000.0,False,20166768.67704479,38255730.85067941,8480000.0,13743065.984830137,6423702.692214653,24512664.865849275,68.1470899226084,35.92420188878986
625315993,mukono,0,1,1,2.0,False,3.0,True,1680564.056420399,973525.8052373858,406832.846725403,706541.7573405324,1413083.5146810648,1633288.7704387861,0.0,0.0,0.0,False,20166768.67704479,11682309.662848629,1800000.0,3213083.5146810645,16953685.162363727,8469226.148167565,15.932564934601634,27.503837917420707
628080096,mukono,1,2,3,6.0,False,9.0,True,1680564.056420399,2934100.897968362,1252063.157594559,2174443.1669876724,4348886.333975345,5026586.991781436,0.0,0.0,0.0,False,20166768.67704479,35209210.77562034,9000000.0,13348886.333975345,6817882.343069446,21860324.441644996,66.19248997074068,37.913051840453114
628775775,mukono,2,1,3,6.0,False,9.0,True,1680564.056420399,3001303.5466829,1283627.775012909,2229261.061953748,4458522.123907496,5153307.672246513,0.0,,0.0,False,20166768.67704479,36015642.5601948,40000000.0,44458522.1239075,-24291753.44686271,-8442879.563712701,220.4543664673124,123.44225720699467
630120684,mukono,1,1,2,7.0,False,9.0,True,1680564.056420399,2907966.5345793753,1239788.028598534,2153125.0967230876,4306250.193446175,4977306.727156128,0.0,,0.0,False,20166768.67704479,34895598.4149525,12000000.0,16306250.193446174,3860518.483598616,18589348.221506327,80.85702997132643,46.72867334024301
632531024,mukono,1,1,2,4.0,False,6.0,True,1680564.056420399,1960575.0927309764,845230.310869156,1467901.4096471402,2935802.8192942804,3393298.22134265,0.0,,0.0,False,20166768.67704479,23526901.112771716,9500000.0,12435802.819294281,7730965.857750508,11091098.293477435,61.664826023663224,52.857802052576446
632870785,mukono,1,0,1,3.0,False,4.0,True,1680564.056420399,1320739.4902625014,569916.7033868791,989767.5479985904,1979535.0959971808,2288012.2861750233,0.0,96000.0,0.0,False,20166768.67704479,15848873.883150017,3270000.0,5249535.095997181,14917233.58104761,10599338.787152836,26.03062086973092,33.12244853925115
634322563,mukono,1,1,2,1.0,False,3.0,True,1680564.056420399,1066862.8173409111,450672.593139778,782677.7225711927,1565355.4451423853,1809289.7155291715,0.0,45600.0,0.0,False,20166768.67704479,12802353.808090933,3200000.0,4765355.445142386,15401413.231902406,8036998.362948547,23.629742183568766,37.22249452386434
634951268,mukono,1,2,3,9.0,False,12.0,True,1680564.056420399,3827813.173358428,1646620.875323937,2859666.85406362,5719333.70812724,6610595.4975949135,0.0,,0.0,False,20166768.67704479,45933758.080301136,2300000.0,8019333.70812724,12147434.96891755,37914424.3721739,39.765089968307116,17.458475080806334
619307991,mukono,1,3,4,4.0,False,8.0,True,1680564.056420399,2626545.0585884387,1132819.047347458,1967353.3415602753,3934706.6831205506,4547864.421135585,0.0,140000.0,0.0,False,20166768.67704479,31518540.703061264,28500000.0,32434706.68312055,-12267938.006075758,-916165.9800592847,160.83244273059952,102.90675253239215
634929055,mukono,1,1,2,3.0,False,5.0,True,1680564.056420399,1680564.056420399,713711.07162603,1239493.5139551577,2478987.0279103154,2865295.3860714906,0.0,120000.0,0.0,False,20166768.67704479,20166768.67704479,2900000.0,5378987.027910315,14787781.649134476,14787781.649134476,26.6725280289105,26.6725280289105
635625431,mukono,1,2,3,5.0,False,8.0,True,1680564.056420399,2600410.6951994514,1120543.918351433,1946035.27129569,3892070.54259138,4498584.156510277,0.0,1500000.0,0.0,False,20166768.67704479,31204928.342393417,2000000.0,5892070.54259138,14274698.13445341,25312857.799802035,29.216730934679397,18.881858910045036
625318562,mukono,0,1,1,2.0,False,3.0,True,1680564.056420399,973525.8052373858,406832.846725403,706541.7573405324,1413083.5146810648,1633288.7704387861,0.0,,0.0,False,20166768.67704479,11682309.662848629,3400000.0,4813083.5146810645,15353685.162363727,6869226.148167564,23.866409099835852,41.199759752879515
628776109,mukono,2,1,3,5.0,False,8.0,True,1680564.056420399,2667613.3439139896,1152108.535769783,2000853.1662617654,4001706.332523531,4625304.836975354,0.0,,0.0,False,20166768.67704479,32011360.126967877,7350000.0,11351706.33252353,8815062.34452126,20659653.794444345,56.289168157340086,35.461493318305834
633860413,mukono,1,2,3,6.0,False,9.0,True,1680564.056420399,2934100.897968362,1252063.157594559,2174443.1669876724,4348886.333975345,5026586.991781436,0.0,0.0,0.0,False,20166768.67704479,35209210.77562034,55500000.0,59848886.33397534,-39682117.65693055,-24639675.558355004,296.76983602286015,169.98076644028635
557694292,nakaseke,0,2,2,4.0,False,6.0,True,1648276.811268851,1847978.3866251232,734057.596270914,1165126.0604389491,2330252.1208778983,2645805.706216166,300000.0,,300000.0,False,19779321.73522621,22175740.63950148,410000.0,3040252.1208778983,16739069.614348311,19135488.51862358,15.370861354984314,13.709810961002674
582450581,nakaseke,1,2,3,3.0,False,6.0,True,1648276.811268851,1935566.7968691024,773608.1133113729,1227902.249040186,2455804.498080372,2788359.8929735026,0.0,640000.0,0.0,False,19779321.73522621,23226801.562429227,490000.0,2945804.498080372,16833517.237145837,20280997.064348854,14.893354471473142,12.682781527894013
613185259,nakaseke,1,0,1,2.0,False,3.0,True,1648276.811268851,1024109.0974377049,395505.170404587,627761.8860123644,1255523.7720247288,1425541.8675733642,0.0,1000000.0,0.0,False,19779321.73522621,12289309.169252459,790000.0,2045523.7720247288,17733797.96320148,10243785.39722773,10.341728596192102,16.64474173326665
614810845,mukono,0,1,1,1.0,False,2.0,True,1680564.056420399,639835.602468475,275313.607482277,478133.86164854985,956267.7232970997,1105285.9351676265,0.0,,0.0,False,20166768.67704479,7678027.2296217,800000.0,1756267.7232970998,18410500.95374769,5921759.5063246,8.708721518168673,22.873944970153897
617648764,mukono,1,1,2,5.0,False,7.0,True,1680564.056420399,2294265.2954998873,976749.550112282,1696309.305339123,3392618.610678246,3921301.0566138094,0.0,100000.0,0.0,False,20166768.67704479,27531183.545998648,1200000.0,4592618.610678246,15574150.066366544,22938564.9353204,22.7732002296723,16.681515355142558
551438934,nakaseke,1,2,3,5.0,False,8.0,True,1648276.811268851,2535209.755831933,1010911.215554125,1604559.3806476044,3209118.7612952087,3643685.0135175213,0.0,,0.0,False,19779321.73522621,30422517.0699832,1700000.0,4909118.761295209,14870202.973931003,25513398.308687992,24.819449458432427,16.136464809937962
589548879,nakaseke,2,4,6,0.0,False,6.0,True,1648276.811268851,2072204.7168497124,835306.9198944899,1325833.1032581169,2651666.2065162337,3010744.424314953,0.0,450000.0,0.0,False,19779321.73522621,24866456.602196548,370000.0,3021666.2065162337,16757655.528709974,21844790.395680316,15.276894966194735,12.151575332407106
554402613,nakaseke,1,0,1,3.0,False,4.0,True,1648276.811268851,1286874.3281696413,514156.72152596305,816090.4518160735,1632180.903632147,1853204.4278453733,0.0,,0.0,False,19779321.73522621,15442491.938035697,109200.0,1741380.9036321468,18037940.831594065,13701111.034403551,8.804047615701679,11.27655374935331
589547568,nakaseke,1,0,1,2.0,False,3.0,True,1648276.811268851,1024109.0974377049,395505.170404587,627761.8860123644,1255523.7720247288,1425541.8675733642,0.0,,0.0,False,19779321.73522621,12289309.169252459,4937249.999999998,6192773.7720247265,13586547.963201484,6096535.397227732,31.30933332762182,50.391553233267906
592180125,nakaseke,0,3,3,4.0,False,7.0,True,1648276.811268851,2209380.8697243333,863783.2921636191,1371031.9590510055,2742063.918102011,3113383.4387802314,0.0,400000.0,0.0,False,19779321.73522621,26512570.436692,550000.0,3292063.918102011,16487257.8171242,23220506.51858999,16.64396768590387,12.416992633599827
613184766,nakaseke,1,2,3,4.0,False,7.0,True,1648276.811268851,2272444.525099997,892259.6644327489,1416230.814843895,2832461.62968779,3216022.4532455113,0.0,18000.0,0.0,False,19779321.73522621,27269334.301199965,950000.0,3782461.62968779,15996860.105538422,23486872.671512175,19.123313126310958,13.870751621250047
613185864,nakaseke,0,3,3,3.0,False,6.0,True,1648276.811268851,1872503.1414934387,745131.7410422431,1182703.3932472963,2365406.7864945927,2685720.8785082223,2039999.9999999977,,2800000.0,True,19779321.73522621,22470037.697921265,1398500.0,5803906.78649459,13975414.94873162,16666130.911426675,29.343305418598128,25.829537380044172
593216040,nakaseke,1,1,2,1.0,False,3.0,True,1648276.811268851,1048633.8523060202,406579.31517591595,645339.2188207114,1290678.4376414227,1465457.0398654202,0.0,1800000.0,0.0,False,19779321.73522621,12583606.227672242,919000.0,2209678.4376414227,17569643.297584787,10373927.790030818,11.171659307740924,17.559977622171484
552806578,nakaseke,0,4,4,6.0,False,10.0,True,1648276.811268851,3096313.8142874157,1230812.090299076,1953594.98927048,3907189.97854096,4436286.291888313,0.0,,0.0,False,19779321.73522621,37155765.771448985,1300000.0,5207189.97854096,14572131.756685251,31948575.792908024,26.326433475558236,14.014487039699876
554403180,,1,0,1,3.0,False,4.0,True,,,,,,,0.0,,0.0,False,,,,,,,,
554997531,nakaseke,0,1,1,3.0,False,4.0,True,1648276.811268851,1223810.672793977,485680.349256833,770891.5960231837,1541783.1920463673,1750565.413380092,2039999.9999999977,,7500000.0,True,19779321.73522621,14685728.073527724,710000.0,4291783.192046365,15487538.543179845,10393944.881481359,21.69833348937777,29.224177177723114
581568916,nakaseke,0,3,3,2.0,False,5.0,True,1648276.811268851,1609737.9107615019,626480.189920867,994374.8274435869,1988749.6548871738,2258058.318236213,0.0,12000.0,0.0,False,19779321.73522621,19316854.929138023,820000.0,2808749.654887174,16970572.080339037,16508105.27425085,14.200434638185286,14.540408701058194
582449149,nakaseke,0,3,3,3.0,False,6.0,True,1648276.811268851,1872503.1414934387,745131.7410422431,1182703.3932472963,2365406.7864945927,2685720.8785082223,0.0,1000000.0,0.0,False,19779321.73522621,22470037.697921265,1050000.0,3415406.7864945927,16363914.94873162,19054630.91142667,17.267562721384348,15.199826686586096
583384059,nakaseke,2,2,4,3.0,False,7.0,True,1648276.811268851,2360032.9353439766,931810.1814732079,1479007.003445132,2958014.006890264,3358576.640002849,0.0,1000000.0,0.0,False,19779321.73522621,28320395.224127717,9600000.0,12558014.006890263,7221307.728335947,15762381.217237454,63.49062002730318,44.3426509676369
584465855,nakaseke,0,4,4,2.0,False,6.0,True,1648276.811268851,1897027.8963617536,756205.885813572,1200280.7260556433,2400561.4521112866,2725636.0508002783,0.0,,0.0,False,19779321.73522621,22764334.756341044,550000.0,2950561.4521112866,16828760.283114925,19813773.30422976,14.91740460875587,12.961333962502035
585291611,nakaseke,2,3,5,2.0,False,7.0,True,1648276.811268851,2384557.690212292,942884.326244537,1496584.3362534791,2993168.6725069582,3398491.8122949055,0.0,2800000.0,0.0,False,19779321.73522621,28614692.282547504,9440000.0,12433168.672506958,7346153.062719253,16181523.610040545,62.85942884666243,43.450296615945504
588618114,nakaseke,1,2,3,4.0,False,7.0,True,1648276.811268851,2272444.525099997,892259.6644327489,1416230.814843895,2832461.62968779,3216022.4532455113,0.0,,0.0,False,19779321.73522621,27269334.301199965,750000.0,3582461.62968779,16196860.105538422,23686872.671512175,18.112156107494645,13.137327043330671
589549118,nakaseke,2,3,5,3.0,False,8.0,True,1648276.811268851,2647322.920944229,1061535.877365913,1684912.902057188,3369825.804114376,3826154.3725669147,0.0,1800000.0,0.0,False,19779321.73522621,31767875.051330745,940000.0,4309825.804114376,15469495.931111837,27458049.247216366,21.789553058529517,13.566616580902974
592179551,nakaseke,1,0,1,0.0,False,1.0,True,1648276.811268851,424466.138474874,158202.068161835,251104.75440494606,502209.5088098921,570216.7470293463,0.0,500000.0,0.0,False,19779321.73522621,5093593.6616984885,500000.0,1002209.5088098921,18777112.22641632,4091384.152888597,5.06695589578785,19.675882596329828
613185857,nakaseke,0,1,1,3.0,False,4.0,True,1648276.811268851,1223810.672793977,485680.349256833,770891.5960231837,1541783.1920463673,1750565.413380092,0.0,120000.0,0.0,False,19779321.73522621,14685728.073527724,1370000.0,2911783.1920463676,16867538.543179844,11773944.881481357,14.721350059545236,19.827298840532837
613185868,nakaseke,1,0,1,0.0,False,1.0,True,1648276.811268851,424466.138474874,158202.068161835,251104.75440494606,502209.5088098921,570216.7470293463,700000.0,,700000.0,False,19779321.73522621,5093593.6616984885,1250000.0,2452209.508809892,17327112.22641632,2641384.1528885965,12.397844282206105,48.143013983415955
618737230,mukono,1,1,2,2.0,False,4.0,True,1680564.056420399,1346873.8536514884,582191.832382904,1011085.6182631751,2022171.2365263503,2337292.550800331,0.0,,0.0,False,20166768.67704479,16162486.243817862,1800000.0,3822171.2365263505,16344597.440518439,12340315.00729151,18.952819352150403,23.648411382180313
625321534,mukono,1,1,2,10.0,False,12.0,True,1680564.056420399,3801678.8099694406,1634345.746327912,2838348.783799035,5676697.56759807,6561315.232969606,0.0,,0.0,False,20166768.67704479,45620145.71963329,17600000.0,23276697.56759807,-3109928.8905532807,22343448.152035218,115.42105698913092,51.022847911642266
613185262,nakaseke,1,5,6,0.0,False,6.0,True,1648276.811268851,2009141.0614740485,806830.54762536,1280634.2474652273,2561268.4949304545,2908105.4098496716,0.0,700000.0,0.0,False,19779321.73522621,24109692.737688582,910000.0,3471268.4949304545,16308053.240295757,20638424.24275813,17.54998751422431,14.397813081641322
586823072,nakaseke,3,1,4,5.0,False,9.0,True,1648276.811268851,3022739.549682472,1197589.65598509,1900862.99084544,3801725.98169088,4316540.775012149,0.0,600000.0,0.0,False,19779321.73522621,36272874.59618966,1364000.0,5165725.98169088,14613595.75353533,31107148.614498783,26.116800418342557,14.241291982503975
586821078,nakaseke,3,0,3,3.0,False,6.0,True,1648276.811268851,2061694.107620431,830560.8578496331,1318299.9606259658,2636599.9212519317,2993637.9219040656,0.0,11000000.0,0.0,False,19779321.73522621,24740329.291445173,916000.0,3552599.9212519317,16226721.81397428,21187729.370193243,17.961181727100826,14.359549864521677
586823179,nakaseke,1,3,4,5.0,False,9.0,True,1648276.811268851,2896612.2389311437,1140636.91144683,1810465.2792596607,3620930.5585193215,4111262.746081586,0.0,2500000.0,0.0,False,19779321.73522621,34759346.867173724,1300000.0,4920930.5585193215,14858391.176706886,29838416.308654405,24.87916736677241,14.157143335643582
588618032,nakaseke,1,3,4,5.0,False,9.0,True,1648276.811268851,2896612.2389311437,1140636.91144683,1810465.2792596607,3620930.5585193215,4111262.746081586,0.0,1200000.0,0.0,False,19779321.73522621,34759346.867173724,1700000.0,5320930.5585193215,14458391.176706886,29438416.308654405,26.901481404405036,15.307912944544821
592179319,nakaseke,2,2,4,6.0,False,10.0,True,1648276.811268851,3222441.125038744,1287764.834837336,2043992.7008562596,4087985.401712519,4641564.320818877,0.0,400000.0,0.0,False,19779321.73522621,38669293.50046493,500000.0,4587985.401712519,15191336.333513692,34081308.09875241,23.195868205841933,11.864673456362363
613185254,nakaseke,1,0,1,0.0,False,1.0,True,1648276.811268851,424466.138474874,158202.068161835,251104.75440494606,502209.5088098921,570216.7470293463,0.0,1800000.0,0.0,False,19779321.73522621,5093593.6616984885,1276649.9999999998,1778859.508809892,18000462.22641632,3314734.1528885965,8.99353138910629,34.9234671423853
613184756,nakaseke,1,3,4,3.0,False,7.0,True,1648276.811268851,2296969.279968313,903333.809204078,1433808.1476522423,2867616.2953044847,3255937.6255375687,0.0,1800000.0,0.0,False,19779321.73522621,27563631.359619755,978000.0,3845616.2953044847,15933705.439921726,23718015.06431527,19.442609543357545,13.951776691289837
613184762,nakaseke,1,0,1,5.0,False,6.0,True,1648276.811268851,1886517.2871324718,751459.823768715,1192747.5834234918,2385495.1668469836,2708529.548389391,0.0,360000.0,0.0,False,19779321.73522621,22638207.44558966,6373000.0,8758495.166846983,11020826.568379227,13879712.278742677,44.281069311130324,38.688995972396654
593216705,nakaseke,2,2,4,4.0,False,8.0,True,1648276.811268851,2622798.1660759123,1050461.7325945839,1667335.5692488411,3334671.1384976823,3786239.200274858,0.0,500000.0,0.0,False,19779321.73522621,31473577.992910948,550109.0,3884780.138497682,15894541.596728528,27588797.854413263,19.640613518000663,12.342988583543578
582448458,nakaseke,0,2,2,3.0,False,5.0,True,1648276.811268851,1585213.1558931868,615406.045149538,976797.49463524,1953594.98927048,2218143.1459441567,0.0,150000.0,0.0,False,19779321.73522621,19022557.87071824,1250000.0,3203594.98927048,16575726.74595573,15818962.881447759,16.196687794228055,16.841031637505647
583383308,nakaseke,2,2,4,4.0,False,8.0,True,1648276.811268851,2622798.1660759123,1050461.7325945839,1667335.5692488411,3334671.1384976823,3786239.200274858,9000.0,,9000.0,False,19779321.73522621,31473577.992910948,700003.0,4043674.138497682,15735647.596728528,27429903.854413263,20.443947434739655,12.847837444501772
584457728,nakaseke,1,0,1,3.0,True,4.0,True,1648276.811268851,1286874.3281696413,514156.72152596305,816090.4518160735,1632180.903632147,1853204.4278453733,720000.0,,720000.0,False,19779321.73522621,15442491.938035697,350000.0,2702180.9036321472,17077140.831594065,12740311.03440355,13.661645934095237,17.49834751071832
584460556,nakaseke,2,2,4,4.0,False,8.0,True,1648276.811268851,2622798.1660759123,1050461.7325945839,1667335.5692488411,3334671.1384976823,3786239.200274858,0.0,60000.0,0.0,False,19779321.73522621,31473577.992910948,738789.9999999999,4073461.138497682,15705860.596728528,27400116.854413263,20.594544105337064,12.94247873379754
586822745,nakaseke,1,2,3,4.0,False,7.0,True,1648276.811268851,2272444.525099997,892259.6644327489,1416230.814843895,2832461.62968779,3216022.4532455113,0.0,2100000.0,0.0,False,19779321.73522621,27269334.301199965,1100000.0,3932461.62968779,15846860.105538422,23336872.671512175,19.88168089042319,14.420820054689582
588618956,nakaseke,1,0,1,3.0,True,4.0,True,1648276.811268851,1286874.3281696413,514156.72152596305,816090.4518160735,1632180.903632147,1853204.4278453733,0.0,220000.0,0.0,False,19779321.73522621,15442491.938035697,1000000.0,2632180.9036321472,17147140.831594065,12810311.03440355,13.30774097750953,17.045052794548933
588619984,nakaseke,1,0,1,3.0,False,4.0,True,1648276.811268851,1286874.3281696413,514156.72152596305,816090.4518160735,1632180.903632147,1853204.4278453733,0.0,,0.0,False,19779321.73522621,15442491.938035697,750000.0,2382180.9036321472,17397140.831594065,13060311.03440355,12.043794703989139,15.426143093943963
589548430,nakaseke,1,0,1,0.0,False,1.0,True,1648276.811268851,424466.138474874,158202.068161835,251104.75440494606,502209.5088098921,570216.7470293463,0.0,1500000.0,0.0,False,19779321.73522621,5093593.6616984885,825000.0,1327209.508809892,18452112.22641632,3766384.152888597,6.710086051364354,26.056446527918098
613184214,nakaseke,1,0,1,0.0,False,1.0,True,1648276.811268851,424466.138474874,158202.068161835,251104.75440494606,502209.5088098921,570216.7470293463,0.0,,0.0,False,19779321.73522621,5093593.6616984885,380000.0,882209.5088098921,18897112.22641632,4211384.152888596,4.460261684498064,17.31998206774339
551438775,nakaseke,1,0,1,0.0,False,1.0,True,1648276.811268851,424466.138474874,158202.068161835,251104.75440494606,502209.5088098921,570216.7470293463,0.0,,0.0,False,19779321.73522621,5093593.6616984885,1200000.0,1702209.508809892,18077112.22641632,3391384.152888597,8.606005461644937,33.418635679750714
552805506,nakaseke,0,2,2,3.0,True,5.0,True,1648276.811268851,1585213.1558931868,615406.045149538,976797.49463524,1953594.98927048,2218143.1459441567,0.0,,0.0,False,19779321.73522621,19022557.87071824,9700000.0,11653594.98927048,8125726.74595573,7368962.88144776,58.918071839217205,61.261976798656846
582449815,nakaseke,2,2,4,4.0,False,8.0,True,1648276.811268851,2622798.1660759123,1050461.7325945839,1667335.5692488411,3334671.1384976823,3786239.200274858,0.0,1800000.0,0.0,False,19779321.73522621,31473577.992910948,2636500.0,5971171.138497682,13808150.596728528,25502406.854413263,30.188958036226573,18.972012460237657
583383783,nakaseke,1,3,4,4.0,False,8.0,True,1648276.811268851,2559734.510700249,1021985.360325454,1622136.7134559513,3244273.4269119026,3683600.185809577,0.0,1500000.0,0.0,False,19779321.73522621,30716814.12840299,1000000.0,4244273.426911903,15535048.308314309,26472540.701491088,21.45813432698764,13.817427188802565
583384470,nakaseke,1,0,1,3.0,True,4.0,True,1648276.811268851,1286874.3281696413,514156.72152596305,816090.4518160735,1632180.903632147,1853204.4278453733,60000.0,,60000.0,False,19779321.73522621,15442491.938035697,1108500.15,2800681.053632147,16978640.681594066,12641810.88440355,14.159641524230034,18.1361989041025
585919910,nakaseke,1,3,4,5.0,False,9.0,True,1648276.811268851,2896612.2389311437,1140636.91144683,1810465.2792596607,3620930.5585193215,4111262.746081586,0.0,4000000.0,0.0,False,19779321.73522621,34759346.867173724,3898900.0,7519830.5585193215,12259491.176706888,27239516.308654405,38.01864724778096,21.633981177077153
585937638,nakaseke,0,5,5,3.0,True,8.0,True,1648276.811268851,2521195.6101929,1004583.1328276531,1594515.190471409,3189030.380942818,3620876.3436363526,0.0,1600000.0,0.0,False,19779321.73522621,30254347.3223148,1328450.0,4517480.380942818,15261841.354283392,25736866.94137198,22.839409972776565,14.931673563524026
592179023,nakaseke,4,0,4,0.0,False,4.0,True,1648276.811268851,1549639.5589015794,632808.27264734,1004419.0176197842,2008838.0352395684,2280866.988117385,0.0,1000000.0,0.0,False,19779321.73522621,18595674.706818953,1300000.0,3308838.0352395684,16470483.699986642,15286836.671579385,16.72877401729431,17.79358957073083
551439238,nakaseke,0,2,2,2.0,False,4.0,True,1648276.811268851,1248335.4276622923,496754.494028162,788468.9288315307,1576937.8576630615,1790480.5856721476,0.0,,0.0,False,19779321.73522621,14980025.131947506,1500000.0,3076937.8576630615,16702383.877563149,11903087.274284445,15.556336556188139,20.5402716655058
555070994,nakaseke,0,1,1,2.0,False,3.0,True,1648276.811268851,961045.4420620407,367028.798135457,582563.0302194746,1165126.0604389491,1322902.853108083,0.0,520000.0,0.0,False,19779321.73522621,11532545.304744488,1010000.0,2175126.060438949,17604195.67478726,9357419.244305538,10.996969914115576,18.860763196344024
555112218,nakaseke,0,3,3,2.0,False,5.0,True,1648276.811268851,1609737.9107615019,626480.189920867,994374.8274435869,1988749.6548871738,2258058.318236213,0.0,300000.0,0.0,False,19779321.73522621,19316854.929138023,1725450.0,3714199.6548871743,16065122.080339035,15602655.27425085,18.778195251621433,19.227765951094774
555148547,nakaseke,0,1,1,1.0,False,2.0,True,1648276.811268851,624167.7138311461,248377.247014081,394234.46441576537,788468.9288315307,895240.2928360738,0.0,,0.0,False,19779321.73522621,7490012.565973753,1140000.0,1928468.9288315307,17850852.80639468,5561543.637142222,9.749924464785877,25.74720551995251
584458624,nakaseke,2,2,4,4.0,False,8.0,True,1648276.811268851,2622798.1660759123,1050461.7325945839,1667335.5692488411,3334671.1384976823,3786239.200274858,0.0,2760000.0,0.0,False,19779321.73522621,31473577.992910948,1350000.0,4684671.138497682,15094650.596728528,26788906.854413263,23.68469051269065,14.88445685950561
585290674,nakaseke,2,2,4,5.0,False,9.0,True,1648276.811268851,2959675.8943068082,1169113.28371596,1855664.1350525504,3711328.2701051007,4213901.760546868,0.0,5400000.0,0.0,False,19779321.73522621,35516110.7316817,1750000.0,5461328.270105101,14317993.465121109,30054782.461576592,27.61130206188357,15.37704483287747
585290890,nakaseke,1,5,6,1.0,False,7.0,True,1648276.811268851,2346018.789704943,925482.098746736,1468962.8132689362,2937925.6265378725,3335767.9701216803,2039999.9999999977,,3500000.0,True,19779321.73522621,28152225.476459317,1520000.0,6497925.626537871,13281396.10868834,21654299.849921446,32.852115525100714,23.081392382180898
585309665,nakaseke,1,0,1,3.0,True,4.0,True,1648276.811268851,1286874.3281696413,514156.72152596305,816090.4518160735,1632180.903632147,1853204.4278453733,0.0,,0.0,False,19779321.73522621,15442491.938035697,700000.0,2332180.9036321472,17447140.831594065,13110311.03440355,11.791005449285063,15.102361153822972
585924133,nakaseke,0,5,5,2.0,False,7.0,True,1648276.811268851,2258430.3794609634,885931.581706277,1406186.6246676994,2812373.249335399,3193213.7833643435,0.0,4000000.0,0.0,False,19779321.73522621,27101164.55353156,1250000.0,4062373.2493353994,15716948.485890811,23038791.304196164,20.538486120585564,14.989663050498063
585929887,nakaseke,1,0,1,3.0,True,4.0,True,1648276.811268851,1286874.3281696413,514156.72152596305,816090.4518160735,1632180.903632147,1853204.4278453733,800000.0,,800000.0,False,19779321.73522621,15442491.938035697,500000.0,2932180.9036321472,16847140.831594065,12510311.03440355,14.824476505733998,18.987744435274895
613834815,nakaseke,2,0,2,0.0,False,2.0,True,1648276.811268851,774819.7794507897,316404.13632367,502209.5088098921,1004419.0176197842,1140433.4940586926,0.0,,0.0,False,19779321.73522621,9297837.353409477,5799999.999999997,6804419.017619781,12974902.717606429,2493418.3357896954,34.40168024316715,73.18281401346121
613836978,nakaseke,0,1,1,5.0,False,6.0,True,1648276.811268851,1823453.6317568081,722983.4514995851,1147548.7276306022,2295097.4552612044,2605890.53392411,0.0,,0.0,False,19779321.73522621,21881443.581081696,700000.0,2995097.4552612044,16784224.279965006,18886346.12582049,15.142569069631197,13.687842139678171
617656696,mukono,0,1,1,3.0,False,4.0,False,1680564.056420399,1253536.841547963,538352.085968529,0.0,0.0,0.0,0.0,,0.0,False,20166768.67704479,15042442.098575555,2829280.0,2829280.0,17337488.67704479,12213162.098575555,14.029416637383667,18.808648100217177
633860938,mukono,1,2,3,3.0,False,6.0,True,1680564.056420399,1986709.4561199632,857505.439865181,1489219.479911725,2978438.95982345,3442578.4859679574,0.0,0.0,0.0,False,20166768.67704479,23840513.47343956,9000000.0,11978438.95982345,8188329.71722134,11862074.51361611,59.39691753125594,50.24404769288417
