visit_id,district,venue_type,market,location_number,survey_date,market_lat,market_lon,category,item,vendor_slot,qty_text,quantity_amount,quantity_unit,unit_class,unit_note,price_ugx,price_note,price_std,price_std_unit,outlier_flag,comment
517996109,mukono,rural,Kasawo,1,2025-07-14,0.676389,32.826306,Cereals_and_Grains,maize,1,1kg,1.0,kg,mass,,3000.0,,3000.0,kg,,"Super number one is the brand that is mostly bought, its cheap, when mingled though small it becomes huge and this saves money of buying more food"
517996109,mukono,rural,Kasawo,1,2025-07-14,0.676389,32.826306,Cereals_and_Grains,maize,2,1kg,1.0,kg,mass,,2500.0,,2500.0,kg,,The prices are different across the different sellers because everyone has different suppliers and they sell accordingly to the buying price
517996109,mukono,rural,Kasawo,1,2025-07-14,0.676389,32.826306,Cereals_and_Grains,maize,3,1kg,1.0,kg,mass,,2800.0,,2800.0,kg,,
517996109,mukono,rural,Kasawo,1,2025-07-14,0.676389,32.826306,Cereals_and_Grains,millet,1,1kg,1.0,kg,mass,,3000.0,,3000.0,kg,,The millet floor is mostly bought because its affordable and women normally buy it to make porridge they sell in the evening hours on the streets
517996109,mukono,rural,Kasawo,1,2025-07-14,0.676389,32.826306,Cereals_and_Grains,rice,1,1kg,1.0,kg,mass,,5000.0,,5000.0,kg,,"Super rice has a it high price compared to the rest of the rice products  sold in the area of kasawo , however  some people prefer it because its needs less of  sorting compared"
517996109,mukono,rural,Kasawo,1,2025-07-14,0.676389,32.826306,Cereals_and_Grains,rice,2,1kg,1.0,kg,mass,,3500.0,,3500.0,kg,,Kiswa rice is bought be a use its cheap and most people prefer it
517996109,mukono,rural,Kasawo,1,2025-07-14,0.676389,32.826306,Cereals_and_Grains,rice,3,1kg,1.0,kg,mass,,4000.0,,4000.0,kg,,Kiswa rice though this person sells it differently
517996109,mukono,rural,Kasawo,1,2025-07-14,0.676389,32.826306,Cereals_and_Grains,wheat,1,1kg,1.0,kg,mass,,3000.0,,3000.0,kg,,This brand is commonly bought by the people who make chapati because its affordable and easy to use in making good chappati
517996109,mukono,rural,Kasawo,1,2025-07-14,0.676389,32.826306,Cereals_and_Grains,wheat,2,1kg,1.0,kg,mass,,3000.0,,3000.0,kg,,
517996109,mukono,rural,Kasawo,1,2025-07-14,0.676389,32.826306,Cereals_and_Grains,wheat,3,1kg,1.0,kg,mass,,3000.0,,3000.0,kg,,
517996109,mukono,rural,Kasawo,1,2025-07-14,0.676389,32.826306,Dairy,milk,1,1/2 ltr,0.5,litre,volume,,2500.0,,5000.0,litre,,Milk in this area is scarce and mostly people buy packed milk
517996109,mukono,rural,Kasawo,1,2025-07-14,0.676389,32.826306,Dairy,yoghurt,1,200g,0.2,kg,mass,,1000.0,,5000.0,kg,,The small yoghurt is the mostly bought because of the affordability
517996109,mukono,rural,Kasawo,1,2025-07-14,0.676389,32.826306,Dairy,yoghurt,2,200g,0.2,kg,mass,,1000.0,,5000.0,kg,,
517996109,mukono,rural,Kasawo,1,2025-07-14,0.676389,32.826306,Eggs,eggs,1,1 tray,1.0,tray,item_unit,tray size not recorded (30 eggs typical),1100.0,,1100.0,per tray,price_std >3x or <1/3 of item median,"These eggs are mostly bought by the chapati making people however the supply is always scarce , stating that you ha e to book from the farmers for about a week then wait and that'd why the price is always high"
517996109,mukono,rural,Kasawo,1,2025-07-14,0.676389,32.826306,Eggs,eggs,2,1 tray,1.0,tray,item_unit,tray size not recorded (30 eggs typical),1100.0,,1100.0,per tray,price_std >3x or <1/3 of item median,
517996109,mukono,rural,Kasawo,1,2025-07-14,0.676389,32.826306,Eggs,eggs,3,1 tray,1.0,tray,item_unit,tray size not recorded (30 eggs typical),1100.0,,1100.0,per tray,price_std >3x or <1/3 of item median,
517996109,mukono,rural,Kasawo,1,2025-07-14,0.676389,32.826306,Gendered_Products,antinatalvitamins,1,1 pack,1.0,pack,item_unit,pack size not recorded,1000.0,,1000.0,per pack,,
517996109,mukono,rural,Kasawo,1,2025-07-14,0.676389,32.826306,Gendered_Products,antinatalvitamins,2,1 pack,1.0,pack,item_unit,pack size not recorded,1000.0,,1000.0,per pack,,
517996109,mukono,rural,Kasawo,1,2025-07-14,0.676389,32.826306,Gendered_Products,babyoil,1,125mls,0.125,litre,volume,,12000.0,,96000.0,litre,,The seller stated that these oils are too e pensive and that's why people don't normally buy them
517996109,mukono,rural,Kasawo,1,2025-07-14,0.676389,32.826306,Gendered_Products,birthcontrolpills,1,1 pack,1.0,pack,item_unit,pack size not recorded,5000.0,,5000.0,per pack,,This one is emergency pill a d most of the people use
517996109,mukono,rural,Kasawo,1,2025-07-14,0.676389,32.826306,Gendered_Products,birthcontrolpills,2,1 pack,1.0,pack,item_unit,pack size not recorded,3000.0,,3000.0,per pack,,This one is pill plan and most people who can't go for injection ta plan prefer to use this birth control and its also affordable
517996109,mukono,rural,Kasawo,1,2025-07-14,0.676389,32.826306,Gendered_Products,condoms,1,1 pack(kiss),1.0,pack,item_unit,pack size not recorded,2000.0,,2000.0,per pack,,The price changes are due to the different brands
517996109,mukono,rural,Kasawo,1,2025-07-14,0.676389,32.826306,Gendered_Products,condoms,2,1 pack (lifeguard),1.0,pack,item_unit,pack size not recorded,1500.0,,1500.0,per pack,,
517996109,mukono,rural,Kasawo,1,2025-07-14,0.676389,32.826306,Gendered_Products,menstrualpads,1,1 packet softcare,1.0,pack,item_unit,pack size not recorded,2500.0,,2500.0,per pack,,People like soft are because its cheap and also safe to use
517996109,mukono,rural,Kasawo,1,2025-07-14,0.676389,32.826306,Gendered_Products,menstrualpads,2,1 packet of soft care,1.0,pack,item_unit,pack size not recorded,2500.0,,2500.0,per pack,,
517996109,mukono,rural,Kasawo,1,2025-07-14,0.676389,32.826306,Gendered_Products,menstrualpads,3,1 packet of soft care,1.0,pack,item_unit,pack size not recorded,2500.0,,2500.0,per pack,,
517996109,mukono,rural,Kasawo,1,2025-07-14,0.676389,32.826306,Gendered_Products,soap,1,1 bar(natural star),1.0,piece,count,,5000.0,,5000.0,piece,,"The pri es of the soaps differ based on the brands , however most people buy the one that is cheap"
517996109,mukono,rural,Kasawo,1,2025-07-14,0.676389,32.826306,Gendered_Products,soap,2,1 bar ( Gold star),1.0,piece,count,,4000.0,,4000.0,piece,,
517996109,mukono,rural,Kasawo,1,2025-07-14,0.676389,32.826306,Gendered_Products,soap,3,1 bar (white star),1.0,piece,count,,5500.0,,5500.0,piece,,
517996109,mukono,rural,Kasawo,1,2025-07-14,0.676389,32.826306,Leafy_Vegetables,cabbage,1,1 piece,1.0,piece,count,,500.0,,500.0,piece,,
517996109,mukono,rural,Kasawo,1,2025-07-14,0.676389,32.826306,Leafy_Vegetables,doodo,1,1 bundle,,1 bundle,local,"local unit, not converted",500.0,,,,,Dodo is cheap because most of the sellers are the farmers
517996109,mukono,rural,Kasawo,1,2025-07-14,0.676389,32.826306,Leafy_Vegetables,doodo,2,1 bundle,,1 bundle,local,"local unit, not converted",500.0,,,,,
517996109,mukono,rural,Kasawo,1,2025-07-14,0.676389,32.826306,Leafy_Vegetables,doodo,3,1 bundle,,1 bundle,local,"local unit, not converted",500.0,,,,,
517996109,mukono,rural,Kasawo,1,2025-07-14,0.676389,32.826306,Leafy_Vegetables,ebugga,1,1 bundle,,1 bundle,local,"local unit, not converted",500.0,,,,,However the Ebuga is not all that readily available like the rest of the greens
517996109,mukono,rural,Kasawo,1,2025-07-14,0.676389,32.826306,Leafy_Vegetables,ebugga,2,1 bundle,,1 bundle,local,"local unit, not converted",500.0,,,,,
517996109,mukono,rural,Kasawo,1,2025-07-14,0.676389,32.826306,Leafy_Vegetables,ebugga,3,1 bundle,,1 bundle,local,"local unit, not converted",500.0,,,,,
517996109,mukono,rural,Kasawo,1,2025-07-14,0.676389,32.826306,Leafy_Vegetables,nakati,1,1 bundle,,1 bundle,local,"local unit, not converted",500.0,,,,,Nakati is so cheap because most of the sellers are the farmers and they stated it that you can't sell it expensively people will not buy it and it can easily get spoilt
517996109,mukono,rural,Kasawo,1,2025-07-14,0.676389,32.826306,Leafy_Vegetables,nakati,2,1 bundle,,1 bundle,local,"local unit, not converted",500.0,,,,,
517996109,mukono,rural,Kasawo,1,2025-07-14,0.676389,32.826306,Leafy_Vegetables,nakati,3,1 bundle,,1 bundle,local,"local unit, not converted",500.0,,,,,
517996109,mukono,rural,Kasawo,1,2025-07-14,0.676389,32.826306,Meat,beaf,1,1kg,1.0,kg,mass,,18000.0,,18000.0,kg,,The seller stated that most of the cows slaughtered are from Iganga however the cows are becoming expensive and that's why aslo the prices of the meat is raising
517996109,mukono,rural,Kasawo,1,2025-07-14,0.676389,32.826306,Meat,goat,1,1kg,1.0,kg,mass,,20000.0,,20000.0,kg,,Goats are scarce to get and that's why they are expensive
517996109,mukono,rural,Kasawo,1,2025-07-14,0.676389,32.826306,Oils_Fats_Non_Alcoholic_Beverages,cookingoil,1,1/2ltr,0.5,litre,volume,,3500.0,,7000.0,litre,,People like buying half litre because it takes lo g to get used and however they can't afford the litre because they claimed  its too expensive
517996109,mukono,rural,Kasawo,1,2025-07-14,0.676389,32.826306,Oils_Fats_Non_Alcoholic_Beverages,cookingoil,2,1/2ltr,0.5,litre,volume,,3500.0,,7000.0,litre,,
517996109,mukono,rural,Kasawo,1,2025-07-14,0.676389,32.826306,Oils_Fats_Non_Alcoholic_Beverages,cookingoil,3,1/2ltr,0.5,litre,volume,,3500.0,,7000.0,litre,,
517996109,mukono,rural,Kasawo,1,2025-07-14,0.676389,32.826306,Oils_Fats_Non_Alcoholic_Beverages,margarine,1,100gms,0.1,kg,mass,,2500.0,,25000.0,kg,,Most people whenever they buy bread they also buy bread and that's why we sell them faster
517996109,mukono,rural,Kasawo,1,2025-07-14,0.676389,32.826306,Oils_Fats_Non_Alcoholic_Beverages,margarine,2,100gms,0.1,kg,mass,,2000.0,,20000.0,kg,,
517996109,mukono,rural,Kasawo,1,2025-07-14,0.676389,32.826306,Oils_Fats_Non_Alcoholic_Beverages,margarine,3,100gms,0.1,kg,mass,,2000.0,,20000.0,kg,,
517996109,mukono,rural,Kasawo,1,2025-07-14,0.676389,32.826306,Oils_Fats_Non_Alcoholic_Beverages,nonalcoholicbeverage_1,1,Cartoon of minute maid,1.0,carton,item_unit,carton size not recorded,26000.0,,26000.0,per carton,,Minute maid is the best selling item because they think it has more nutrients compared to the rest of the beverages and also in the hospitals recommend it
517996109,mukono,rural,Kasawo,1,2025-07-14,0.676389,32.826306,Oils_Fats_Non_Alcoholic_Beverages,nonalcoholicbeverage_1,2,Atoon of minute maid,1.0,carton,item_unit,carton size not recorded,26000.0,,26000.0,per carton,,
517996109,mukono,rural,Kasawo,1,2025-07-14,0.676389,32.826306,Oils_Fats_Non_Alcoholic_Beverages,nonalcoholicbeverage_1,3,Cartoon of minute maid,1.0,carton,item_unit,carton size not recorded,26000.0,,26000.0,per carton,,
517996109,mukono,rural,Kasawo,1,2025-07-14,0.676389,32.826306,Oils_Fats_Non_Alcoholic_Beverages,nonalcoholicbeverage_2,1,Cartoon of water yaket,1.0,carton,item_unit,carton size not recorded,5000.0,,5000.0,per carton,,Yarket water is the most bought compared to rwenzori water because its cheap and has more gas compared to the rest
517996109,mukono,rural,Kasawo,1,2025-07-14,0.676389,32.826306,Oils_Fats_Non_Alcoholic_Beverages,nonalcoholicbeverage_2,2,Cartoon of water,1.0,carton,item_unit,carton size not recorded,5000.0,,5000.0,per carton,,
517996109,mukono,rural,Kasawo,1,2025-07-14,0.676389,32.826306,Oils_Fats_Non_Alcoholic_Beverages,nonalcoholicbeverage_2,3,Cartoon of water yarket,1.0,carton,item_unit,carton size not recorded,5000.0,,5000.0,per carton,,
517996109,mukono,rural,Kasawo,1,2025-07-14,0.676389,32.826306,Other_Vegetables,onions,1,1kg,1.0,kg,mass,,2500.0,,2500.0,kg,,"The source of the onions is from Eastern Uganda like Mbale and Kapchworwa , however when in the months of September and November the prices of o ions raise to 5000 a kg due the fact that in those months it's always raining this affects the transport"
517996109,mukono,rural,Kasawo,1,2025-07-14,0.676389,32.826306,Other_Vegetables,onions,2,1kg,1.0,kg,mass,,3000.0,,3000.0,kg,,0
517996109,mukono,rural,Kasawo,1,2025-07-14,0.676389,32.826306,Other_Vegetables,onions,3,1kg,1.0,kg,mass,,2500.0,,2500.0,kg,,0
517996109,mukono,rural,Kasawo,1,2025-07-14,0.676389,32.826306,Prepared_Cereals,bread,1,1kg,1.0,kg,mass,,6000.0,,6000.0,kg,,Most people buy big loaves of bread  because they have big families and in so doing it saves money
517996109,mukono,rural,Kasawo,1,2025-07-14,0.676389,32.826306,Prepared_Cereals,bread,2,1kg,1.0,kg,mass,,6000.0,,6000.0,kg,,
517996109,mukono,rural,Kasawo,1,2025-07-14,0.676389,32.826306,Prepared_Cereals,bread,3,1kg,1.0,kg,mass,,6000.0,,6000.0,kg,,
517996109,mukono,rural,Kasawo,1,2025-07-14,0.676389,32.826306,Prepared_Cereals,naan,1,1 chapati,1.0,piece,count,,500.0,,500.0,piece,,The seller stated that he sells a chapati at 500 because its what the people can afford at that price and then he we to say that these chapati best sell in the last months of the year and harvesting seasons of the months because its when people have spending money at hand
517996109,mukono,rural,Kasawo,1,2025-07-14,0.676389,32.826306,Prepared_Cereals,oat_products,1,1/4kg,0.25,kg,mass,,800.0,,3200.0,kg,,"Oats are not always bought , and most of the people who have young children buy however in small quantities"
517996109,mukono,rural,Kasawo,1,2025-07-14,0.676389,32.826306,Prepared_Cereals,spaghetti,1,200gm,0.2,kg,mass,,1000.0,,5000.0,kg,,"Muzuli brand of spaghetti is mostly bought because of affordability, its cheap compared to other brands"
517996109,mukono,rural,Kasawo,1,2025-07-14,0.676389,32.826306,Prepared_Cereals,spaghetti,2,250gm,0.25,kg,mass,,1400.0,,5600.0,kg,,However the prices range from one shop to another because the source where they buy them is different
517996109,mukono,rural,Kasawo,1,2025-07-14,0.676389,32.826306,Prepared_Cereals,spaghetti,3,250gm,0.25,kg,mass,,2000.0,,8000.0,kg,,"This seller stated that he does sell only santa Lucia brand because of the customers he serves , its the the only brand they like and also he gets a lot of profit on it compared to other brands"
517996109,mukono,rural,Kasawo,1,2025-07-14,0.676389,32.826306,Pulses_and_Legumes,dried_beans,1,1kg,1.0,kg,mass,,3500.0,,3500.0,kg,,The seller stated that they source the beans from Kayunga
517996109,mukono,rural,Kasawo,1,2025-07-14,0.676389,32.826306,Pulses_and_Legumes,dried_beans,2,1kg,1.0,kg,mass,,4000.0,,4000.0,kg,,
517996109,mukono,rural,Kasawo,1,2025-07-14,0.676389,32.826306,Pulses_and_Legumes,fresh_beans,1,1 cup,,1 cup,local,"local unit, not converted",2000.0,,,,,"Fresh Beans are always cheap in the harvesting time however in the season of planting they are always expensive because the sources are scarce , most of the time , they buy them fro  the farmers who do the farming in the wetland areas"
517996109,mukono,rural,Kasawo,1,2025-07-14,0.676389,32.826306,Pulses_and_Legumes,ground_nuts,1,1kg,1.0,kg,mass,,7000.0,,7000.0,kg,,"The seller stated that in the months of April, June and July the supply is always scarce its always time for farming but for the rest of the months its always cheap a kilo can be at 5000f"
517996109,mukono,rural,Kasawo,1,2025-07-14,0.676389,32.826306,Pulses_and_Legumes,ground_nuts,2,1kg,1.0,kg,mass,,7000.0,,7000.0,kg,,
517996109,mukono,rural,Kasawo,1,2025-07-14,0.676389,32.826306,Pulses_and_Legumes,ground_nuts,3,1kg,1.0,kg,mass,,7000.0,,7000.0,kg,,
517996109,mukono,rural,Kasawo,1,2025-07-14,0.676389,32.826306,Roots_Tubers,cassava,1,1 pile,,1 pile,local,"local unit, not converted",2000.0,,,,,Most people like buying 1 pile while is small with about 8 cassava pieces because they have small families and just cassava is a supplement to their foods.  In the area the frying of cassava business is not all that much .
517996109,mukono,rural,Kasawo,1,2025-07-14,0.676389,32.826306,Roots_Tubers,cassava,2,1 pile,,1 pile,local,"local unit, not converted",2000.0,,,,,The source of the cassava is from the local farmers of Kasawo so these business people normally get from their gardens or in the neighbourhood.
517996109,mukono,rural,Kasawo,1,2025-07-14,0.676389,32.826306,Roots_Tubers,irish_potatoes,1,1kg,1.0,kg,mass,,1200.0,,1200.0,kg,,The seller stated that he buys the Irish from Kayunga however he doesn't know the actual source. And people like them be their are cheap to supplement the food at home
517996109,mukono,rural,Kasawo,1,2025-07-14,0.676389,32.826306,Roots_Tubers,irish_potatoes,2,1kg,1.0,kg,mass,,1200.0,,1200.0,kg,,The seller stated that irish is mostly bought because matooke is very expensive and so that's why all the time it's market is readily available. The source e is from Mbale
517996109,mukono,rural,Kasawo,1,2025-07-14,0.676389,32.826306,Roots_Tubers,irish_potatoes,3,1kg,1.0,kg,mass,,1200.0,,1200.0,kg,,
517996109,mukono,rural,Kasawo,1,2025-07-14,0.676389,32.826306,Roots_Tubers,sweet_potatoes,1,1 Pile,,1 pile,local,"local unit, not converted",1000.0,,,,,The one pile has about 20 sweet potatoes and also these root tubers are bought from within the neighbourhood
517996109,mukono,rural,Kasawo,1,2025-07-14,0.676389,32.826306,Roots_Tubers,yams,1,1 pile,,1 pile,local,"local unit, not converted",2000.0,,,,,"The pile am talking about of these yams has about 4 big tubers, these have different price ranges because this seller puts it at a cheaper price because she told me has been this business for a long  period of time and sometimes she cultivates them and know many sources where to buy them compared to other sellers who sell expensively because some have just joined  the market"
517996109,mukono,rural,Kasawo,1,2025-07-14,0.676389,32.826306,Roots_Tubers,yams,2,1 pile,,1 pile,local,"local unit, not converted",5000.0,,,,,
517996109,mukono,rural,Kasawo,1,2025-07-14,0.676389,32.826306,Starchy_Fruits_Vegetables,avocado,1,3 fruits,3.0,piece,count,,1000.0,,333.3333333333333,piece,,
517996109,mukono,rural,Kasawo,1,2025-07-14,0.676389,32.826306,Starchy_Fruits_Vegetables,pumpkin,1,1 piece,1.0,piece,count,,1500.0,,1500.0,piece,,Pumpkins are so cheap and people don't like buying  them
517996109,mukono,rural,Kasawo,1,2025-07-14,0.676389,32.826306,Starchy_Fruits_Vegetables,sweet_banana,1,1 branch,,1 branch,local,"local unit, not converted",1000.0,,,,,These sweet yellow bananas are so expensive because they are scarce the fact that people use it for different purposes su h as making g pancakes
517867961,mukono,rural,Kasawo,1,2025-07-15,0.676359,32.826219,Cereals_and_Grains,maize,1,Kg,1.0,kg,mass,bare 'kg' = 1 kg,2500.0,,2500.0,kg,,Prices go up when the maize is out of stock and when the maize flour is scarce
517867961,mukono,rural,Kasawo,1,2025-07-15,0.676359,32.826219,Cereals_and_Grains,millet,1,Kg,1.0,kg,mass,bare 'kg' = 1 kg,3000.0,,3000.0,kg,,Has no particular season when it is most consumed.
517867961,mukono,rural,Kasawo,1,2025-07-15,0.676359,32.826219,Cereals_and_Grains,millet,2,Kg,1.0,kg,mass,bare 'kg' = 1 kg,3500.0,,3500.0,kg,,Not consumed alot
517867961,mukono,rural,Kasawo,1,2025-07-15,0.676359,32.826219,Cereals_and_Grains,millet,3,Kg,1.0,kg,mass,bare 'kg' = 1 kg,3500.0,,3500.0,kg,,The customers like it alot. But sometimes wheat gets lost and is not available. Sometimes people mix the wheat with muwemba and the quality detoriates hence people not buying it.
517867961,mukono,rural,Kasawo,1,2025-07-15,0.676359,32.826219,Cereals_and_Grains,rice,1,Kg,1.0,kg,mass,bare 'kg' = 1 kg,3500.0,,3500.0,kg,,Rice type is called super. They get it from TZ. Most bought type. Also referred to as grade 3.Most consumed in ramadhan period.
517867961,mukono,rural,Kasawo,1,2025-07-15,0.676359,32.826219,Cereals_and_Grains,rice,2,Kg,1.0,kg,mass,bare 'kg' = 1 kg,4000.0,,4000.0,kg,,Also rice type is supper from Tanzania. Grade 2
517867961,mukono,rural,Kasawo,1,2025-07-15,0.676359,32.826219,Cereals_and_Grains,rice,3,Kg,1.0,kg,mass,bare 'kg' = 1 kg,4500.0,,4500.0,kg,,Also supper from Tanzania. Also referred to as grade 1. Not bought another.
517867961,mukono,rural,Kasawo,1,2025-07-15,0.676359,32.826219,Cereals_and_Grains,wheat,1,2kg,2.0,kg,mass,,5700.0,,2850.0,kg,,Brand is called Jiko. Mostly consumed in ramachandra and in ramachandra price goes up
517867961,mukono,rural,Kasawo,1,2025-07-15,0.676359,32.826219,Cereals_and_Grains,wheat,2,2kg,2.0,kg,mass,,6000.0,,3000.0,kg,,Brand is called Nano. Most consumed in the festive season
517867961,mukono,rural,Kasawo,1,2025-07-15,0.676359,32.826219,Cereals_and_Grains,wheat,3,2kg packet,2.0,kg,mass,,6000.0,,3000.0,kg,,
517867961,mukono,rural,Kasawo,1,2025-07-15,0.676359,32.826219,Dairy,milk,1,Litre,1.0,litre,volume,bare 'litre' = 1 litre,2000.0,,2000.0,litre,,Milk is consumed mostly in holidays when kids are in holidays. That is when parents buy milk.
517867961,mukono,rural,Kasawo,1,2025-07-15,0.676359,32.826219,Dairy,milk,2,Latto milk. A socket of 12 grams,1.0,sachet,item_unit,sachet; grams stated in text not used,500.0,,500.0,per sachet,,Powdered milk is bought alot since it is cheap.
517867961,mukono,rural,Kasawo,1,2025-07-15,0.676359,32.826219,Dairy,yoghurt,1,Cup of bongo half litre,0.5,litre,volume,,1500.0,,3000.0,litre,,
517867961,mukono,rural,Kasawo,1,2025-07-15,0.676359,32.826219,Dairy,yoghurt,2,100 mls,0.1,litre,volume,,500.0,,5000.0,litre,,Brand is diary top. It is consumed alot
517867961,mukono,rural,Kasawo,1,2025-07-15,0.676359,32.826219,Dairy,yoghurt,3,500 grams,0.5,kg,mass,,3500.0,,7000.0,kg,,Brand is diary top. Not consumed alot
517867961,mukono,rural,Kasawo,1,2025-07-15,0.676359,32.826219,Eggs,eggs,1,Tray,1.0,tray,item_unit,tray size not recorded (30 eggs typical),11000.0,,11000.0,per tray,,Some people buy trays and some buy pcs. Eggs are mostly bought by the chapatti makers.
517867961,mukono,rural,Kasawo,1,2025-07-15,0.676359,32.826219,Eggs,eggs,2,Each egg,1.0,piece,count,,400.0,,400.0,piece,,
517867961,mukono,rural,Kasawo,1,2025-07-15,0.676359,32.826219,Eggs,eggs,3,Tray,1.0,tray,item_unit,tray size not recorded (30 eggs typical),12000.0,,12000.0,per tray,,They buy eggs alot. They get from kyengera. Others get from people who rear hens in kasawo
517867961,mukono,rural,Kasawo,1,2025-07-15,0.676359,32.826219,Gendered_Products,birthcontrolpills,1,A pack,1.0,pack,item_unit,pack size not recorded,3000.0,,3000.0,per pack,,Brand is called well plan
517867961,mukono,rural,Kasawo,1,2025-07-15,0.676359,32.826219,Gendered_Products,condoms,1,A pack has 3 condoms,1.0,pack,item_unit,pack size not recorded,2000.0,,2000.0,per pack,,Brand is kiss condoms. It is the most used one.
517867961,mukono,rural,Kasawo,1,2025-07-15,0.676359,32.826219,Gendered_Products,menstrualpads,1,A pack,1.0,pack,item_unit,pack size not recorded,2500.0,,2500.0,per pack,,Brand is called softcare
517867961,mukono,rural,Kasawo,1,2025-07-15,0.676359,32.826219,Gendered_Products,menstrualpads,2,A pack,1.0,pack,item_unit,pack size not recorded,3000.0,,3000.0,per pack,,Brand is always
517867961,mukono,rural,Kasawo,1,2025-07-15,0.676359,32.826219,Gendered_Products,menstrualpads,3,Pack,1.0,pack,item_unit,pack size not recorded,2500.0,,2500.0,per pack,,Brand is softcare. It is the brand that is mostly bought. Pads are mostly bought when kids are going back to school.
517867961,mukono,rural,Kasawo,1,2025-07-15,0.676359,32.826219,Gendered_Products,soap,1,A bar of soap,1.0,piece,count,,6000.0,,6000.0,piece,,Brand is white star. There is a box that has 10 pcs and a box that has 20 pcs
517867961,mukono,rural,Kasawo,1,2025-07-15,0.676359,32.826219,Gendered_Products,soap,2,A  bar of soap,1.0,piece,count,,6000.0,,6000.0,piece,,Brand is called Jamma
517867961,mukono,rural,Kasawo,1,2025-07-15,0.676359,32.826219,Gendered_Products,soap,3,A pc of soap,1.0,piece,count,,4000.0,,4000.0,piece,,Brand is called geisha
517867961,mukono,rural,Kasawo,1,2025-07-15,0.676359,32.826219,Leafy_Vegetables,cabbage,1,Each pc,1.0,piece,count,,500.0,,500.0,piece,,"This is for the small size.  Price depends on the size and also the season. When cabbages are many in the market, the price is low"
517867961,mukono,rural,Kasawo,1,2025-07-15,0.676359,32.826219,Leafy_Vegetables,cabbage,2,Each pc,1.0,piece,count,,1000.0,,1000.0,piece,,Big size.
517867961,mukono,rural,Kasawo,1,2025-07-15,0.676359,32.826219,Leafy_Vegetables,ebugga,1,Omulengo,,omulengo,local,"local unit, not converted",500.0,,,,,People normally buy them.
517867961,mukono,rural,Kasawo,1,2025-07-15,0.676359,32.826219,Meat,beaf,1,Kg,1.0,kg,mass,bare 'kg' = 1 kg,17000.0,,17000.0,kg,,
517867961,mukono,rural,Kasawo,1,2025-07-15,0.676359,32.826219,Meat,beaf,2,Kg,1.0,kg,mass,bare 'kg' = 1 kg,18000.0,,18000.0,kg,,
517867961,mukono,rural,Kasawo,1,2025-07-15,0.676359,32.826219,Meat,beaf,3,Kg,1.0,kg,mass,bare 'kg' = 1 kg,19000.0,,19000.0,kg,,
517867961,mukono,rural,Kasawo,1,2025-07-15,0.676359,32.826219,Meat,chicken,1,Whole chicken,1.0,piece,count,,55000.0,,55000.0,piece,,The type is called Parent. They are white like broilers.
517867961,mukono,rural,Kasawo,1,2025-07-15,0.676359,32.826219,Meat,chicken,2,Whole chicken,1.0,piece,count,,60000.0,,60000.0,piece,,The type is called Parent. They are white like broilers.
517867961,mukono,rural,Kasawo,1,2025-07-15,0.676359,32.826219,Oils_Fats_Non_Alcoholic_Beverages,cookingoil,1,Litre,1.0,litre,volume,bare 'litre' = 1 litre,7000.0,,7000.0,litre,,Brand is called Ntake thupu
517867961,mukono,rural,Kasawo,1,2025-07-15,0.676359,32.826219,Oils_Fats_Non_Alcoholic_Beverages,cookingoil,2,Litre,1.0,litre,volume,bare 'litre' = 1 litre,7000.0,,7000.0,litre,,Brand is called sunday
517867961,mukono,rural,Kasawo,1,2025-07-15,0.676359,32.826219,Oils_Fats_Non_Alcoholic_Beverages,margarine,1,100g,0.1,kg,mass,,2500.0,,25000.0,kg,,Blueband. Customers buy it alot
517867961,mukono,rural,Kasawo,1,2025-07-15,0.676359,32.826219,Oils_Fats_Non_Alcoholic_Beverages,margarine,2,250g,0.25,kg,mass,,5000.0,,20000.0,kg,,Brand is blueband
517867961,mukono,rural,Kasawo,1,2025-07-15,0.676359,32.826219,Oils_Fats_Non_Alcoholic_Beverages,margarine,3,250g,0.25,kg,mass,,4000.0,,16000.0,kg,,Prestige. They mostly sell 250g and customers buy it alot
517867961,mukono,rural,Kasawo,1,2025-07-15,0.676359,32.826219,Oils_Fats_Non_Alcoholic_Beverages,nonalcoholicbeverage_1,1,500 mls,0.5,litre,volume,,2500.0,,5000.0,litre,,Brand is minute maid
517867961,mukono,rural,Kasawo,1,2025-07-15,0.676359,32.826219,Oils_Fats_Non_Alcoholic_Beverages,nonalcoholicbeverage_1,2,500 mls,0.5,litre,volume,,2500.0,,5000.0,litre,,Brand is oner
517867961,mukono,rural,Kasawo,1,2025-07-15,0.676359,32.826219,Oils_Fats_Non_Alcoholic_Beverages,nonalcoholicbeverage_1,3,330 mls,0.33,litre,volume,,2000.0,,6060.60606060606,litre,,Brand is sting
517867961,mukono,rural,Kasawo,1,2025-07-15,0.676359,32.826219,Oils_Fats_Non_Alcoholic_Beverages,nonalcoholicbeverage_2,1,500 mls,0.5,litre,volume,,1000.0,,2000.0,litre,,Brand is called lucky juice
517867961,mukono,rural,Kasawo,1,2025-07-15,0.676359,32.826219,Other_Vegetables,cucumber,1,3pcs,3.0,piece,count,,1000.0,,333.3333333333333,piece,,People buy them
517867961,mukono,rural,Kasawo,1,2025-07-15,0.676359,32.826219,Other_Vegetables,onions,1,Kg,1.0,kg,mass,bare 'kg' = 1 kg,2500.0,,2500.0,kg,,Gotten from male and kenya
517867961,mukono,rural,Kasawo,1,2025-07-15,0.676359,32.826219,Other_Vegetables,onions,2,Kg,1.0,kg,mass,bare 'kg' = 1 kg,2000.0,,2000.0,kg,,0
517867961,mukono,rural,Kasawo,1,2025-07-15,0.676359,32.826219,Other_Vegetables,tomatoes,1,Omulengo,,omulengo,local,"local unit, not converted",1000.0,,,,,The mulengo consists of small pcs
517867961,mukono,rural,Kasawo,1,2025-07-15,0.676359,32.826219,Other_Vegetables,tomatoes,2,Omulengo,,omulengo,local,"local unit, not converted",500.0,,,,,
517867961,mukono,rural,Kasawo,1,2025-07-15,0.676359,32.826219,Other_Vegetables,tomatoes,3,Omulengo,,omulengo,local,"local unit, not converted",1000.0,,,,,"Tomatoes are normally bought in November,December and January. The vendor gets them from the village"
517867961,mukono,rural,Kasawo,1,2025-07-15,0.676359,32.826219,Prepared_Cereals,bread,1,Loaf of 1kg,1.0,kg,mass,,5500.0,,5500.0,kg,,"Brand is called Timu. They get it from Kampala.5,500"
517867961,mukono,rural,Kasawo,1,2025-07-15,0.676359,32.826219,Prepared_Cereals,bread,2,500 grams half kg,0.5,kg,mass,,2800.0,,5600.0,kg,,This type is consumed alot since it is cheaper
517867961,mukono,rural,Kasawo,1,2025-07-15,0.676359,32.826219,Prepared_Cereals,bread,3,Kg,1.0,kg,mass,bare 'kg' = 1 kg,5500.0,,5500.0,kg,,Salena brand
517867961,mukono,rural,Kasawo,1,2025-07-15,0.676359,32.826219,Prepared_Cereals,naan,1,Pc,1.0,piece,count,,500.0,,500.0,piece,,
517867961,mukono,rural,Kasawo,1,2025-07-15,0.676359,32.826219,Prepared_Cereals,spaghetti,1,450 grams,0.45,kg,mass,,4500.0,,10000.0,kg,,Santa Lucia brand
517867961,mukono,rural,Kasawo,1,2025-07-15,0.676359,32.826219,Prepared_Cereals,spaghetti,2,450 grams,0.45,kg,mass,,4000.0,,8888.888888888889,kg,,Brand is called Fortune
517867961,mukono,rural,Kasawo,1,2025-07-15,0.676359,32.826219,Prepared_Cereals,spaghetti,3,450 grams,0.45,kg,mass,,4500.0,,10000.0,kg,,Santa Lucia brand
517867961,mukono,rural,Kasawo,1,2025-07-15,0.676359,32.826219,Pulses_and_Legumes,cow_peas,1,Kg of dry peas,1.0,kg,mass,bare 'kg' = 1 kg,6000.0,,6000.0,kg,,
517867961,mukono,rural,Kasawo,1,2025-07-15,0.676359,32.826219,Pulses_and_Legumes,dried_beans,1,Kg,1.0,kg,mass,bare 'kg' = 1 kg,3500.0,,3500.0,kg,,Cars from masaka and bundibudyo deliver them.
517867961,mukono,rural,Kasawo,1,2025-07-15,0.676359,32.826219,Pulses_and_Legumes,dried_beans,2,Kg,1.0,kg,mass,bare 'kg' = 1 kg,4000.0,,4000.0,kg,,Small beans that are green in colour.
517867961,mukono,rural,Kasawo,1,2025-07-15,0.676359,32.826219,Pulses_and_Legumes,dried_beans,3,Kg,1.0,kg,mass,bare 'kg' = 1 kg,3500.0,,3500.0,kg,,Brown beans.
517867961,mukono,rural,Kasawo,1,2025-07-15,0.676359,32.826219,Pulses_and_Legumes,fresh_beans,1,Basin,,basin,local,"local unit, not converted",20000.0,,,,,Type vendor was selling is nambale. Comes from bugerere. People normally buy in small quantities.
517867961,mukono,rural,Kasawo,1,2025-07-15,0.676359,32.826219,Pulses_and_Legumes,fresh_beans,2,1 cup or half a kg,0.5,kg,mass,,1500.0,,3000.0,kg,,
517867961,mukono,rural,Kasawo,1,2025-07-15,0.676359,32.826219,Pulses_and_Legumes,fresh_beans,3,1 cup or half a kg,0.5,kg,mass,,2000.0,,4000.0,kg,,
517867961,mukono,rural,Kasawo,1,2025-07-15,0.676359,32.826219,Pulses_and_Legumes,ground_nuts,1,Kg,1.0,kg,mass,bare 'kg' = 1 kg,7000.0,,7000.0,kg,,Groundnuts are really bought when season is for beans and beans are in stock. Customers normally buy half and quarter.
517867961,mukono,rural,Kasawo,1,2025-07-15,0.676359,32.826219,Pulses_and_Legumes,ground_nuts,2,Kg,1.0,kg,mass,bare 'kg' = 1 kg,6500.0,,6500.0,kg,,
517867961,mukono,rural,Kasawo,1,2025-07-15,0.676359,32.826219,Pulses_and_Legumes,ground_nuts,3,Kg,1.0,kg,mass,bare 'kg' = 1 kg,6500.0,,6500.0,kg,,They are ordered from kayunga. People eat g nuts because meat is expensive
517867961,mukono,rural,Kasawo,1,2025-07-15,0.676359,32.826219,Roots_Tubers,cassava,1,Omulengo,,omulengo,local,"local unit, not converted",2000.0,,,,,It is consumed alot in July and August when beans are available so that people can eat katogo
517867961,mukono,rural,Kasawo,1,2025-07-15,0.676359,32.826219,Roots_Tubers,irish_potatoes,1,Kg,1.0,kg,mass,bare 'kg' = 1 kg,1200.0,,1200.0,kg,,"Eaten alot. If the Irish is  medium, around 7pcs make a kilo"
517867961,mukono,rural,Kasawo,1,2025-07-15,0.676359,32.826219,Roots_Tubers,irish_potatoes,2,Kg,1.0,kg,mass,bare 'kg' = 1 kg,1200.0,,1200.0,kg,,"Price is like that a kilo because the Irish is in stock. When not in stock, a kilo can go for 1,500 to 2,000"
517867961,mukono,rural,Kasawo,1,2025-07-15,0.676359,32.826219,Roots_Tubers,sweet_potatoes,1,Omulengo,,omulengo,local,"local unit, not converted",2000.0,,,,,"Consumed all the time, has no specific season"
517867961,mukono,rural,Kasawo,1,2025-07-15,0.676359,32.826219,Starchy_Fruits_Vegetables,avocado,1,4pcs,4.0,piece,count,,1000.0,,250.0,piece,,
517867961,mukono,rural,Kasawo,1,2025-07-15,0.676359,32.826219,Starchy_Fruits_Vegetables,jack_fruit,1,A full pc,1.0,piece,count,,10000.0,,10000.0,piece,,"Because it is not in stock. When it is in stocks a pc can even be sold at 1,500 or 2,000"
517867961,mukono,rural,Kasawo,1,2025-07-15,0.676359,32.826219,Starchy_Fruits_Vegetables,mangoes,1,Each  pc,1.0,piece,count,,500.0,,500.0,piece,,
517867961,mukono,rural,Kasawo,1,2025-07-15,0.676359,32.826219,Starchy_Fruits_Vegetables,mangoes,2,4 pc,4.0,piece,count,,1000.0,,250.0,piece,,
517867961,mukono,rural,Kasawo,1,2025-07-15,0.676359,32.826219,Starchy_Fruits_Vegetables,mangoes,3,Each,1.0,piece,count,,500.0,,500.0,piece,,
517867961,mukono,rural,Kasawo,1,2025-07-15,0.676359,32.826219,Starchy_Fruits_Vegetables,sweet_banana,1,Akawagu,,akawagu,local,"local unit, not converted",2500.0,,,,,
517867961,mukono,rural,Kasawo,1,2025-07-15,0.676359,32.826219,Starchy_Fruits_Vegetables,sweet_banana,2,Akawagu,,akawagu,local,"local unit, not converted",3000.0,,,,,
517867961,mukono,rural,Kasawo,1,2025-07-15,0.676359,32.826219,Starchy_Fruits_Vegetables,watermelon,1,Each pc,1.0,piece,count,,4000.0,,4000.0,piece,,They buy it alot because people use it to make juice
518747472,mukono,urban,Nakifuma,2,2025-07-16,0.54168,32.791647,Cereals_and_Grains,maize,1,Kg,1.0,kg,mass,bare 'kg' = 1 kg,2800.0,,2800.0,kg,,They get from different suppliers
518747472,mukono,urban,Nakifuma,2,2025-07-16,0.54168,32.791647,Cereals_and_Grains,maize,2,Kg,1.0,kg,mass,bare 'kg' = 1 kg,2500.0,,2500.0,kg,,They buy it from different companies
518747472,mukono,urban,Nakifuma,2,2025-07-16,0.54168,32.791647,Cereals_and_Grains,maize,3,Kg,1.0,kg,mass,bare 'kg' = 1 kg,2600.0,,2600.0,kg,,"Brand is called super. It is the most expensive, it is also referred to as grade number 1."
518747472,mukono,urban,Nakifuma,2,2025-07-16,0.54168,32.791647,Cereals_and_Grains,millet,1,Kg,1.0,kg,mass,bare 'kg' = 1 kg,4000.0,,4000.0,kg,,It is not in season. It is scarse /limited in the market and that is why it is expensive
518747472,mukono,urban,Nakifuma,2,2025-07-16,0.54168,32.791647,Cereals_and_Grains,millet,2,Kg,1.0,kg,mass,bare 'kg' = 1 kg,3200.0,,3200.0,kg,,"Since the shop is located in the center of nakifuma, schools normally come to the shop to buy the millet. Even local hotels nearby buy the kilo from there. It is consumed alot in the rainy season as well because people take alot of porridge in the rainy season."
518747472,mukono,urban,Nakifuma,2,2025-07-16,0.54168,32.791647,Cereals_and_Grains,rice,1,Kg,1.0,kg,mass,bare 'kg' = 1 kg,3700.0,,3700.0,kg,,Brand is called kayiso. They set the prices depending on how much they kusubula.
518747472,mukono,urban,Nakifuma,2,2025-07-16,0.54168,32.791647,Cereals_and_Grains,rice,2,Kg,1.0,kg,mass,bare 'kg' = 1 kg,4000.0,,4000.0,kg,,Normally referred to as grade 1.
518747472,mukono,urban,Nakifuma,2,2025-07-16,0.54168,32.791647,Cereals_and_Grains,rice,3,Kg,1.0,kg,mass,bare 'kg' = 1 kg,3400.0,,3400.0,kg,,Type is called supper. Normally gotten from tanzania
518747472,mukono,urban,Nakifuma,2,2025-07-16,0.54168,32.791647,Cereals_and_Grains,wheat,1,2kg pack,2.0,kg,mass,,6000.0,,3000.0,kg,,Brand is called drum. Mostly consumed by the chapatti makers.
518747472,mukono,urban,Nakifuma,2,2025-07-16,0.54168,32.791647,Cereals_and_Grains,wheat,2,2kg pack,2.0,kg,mass,,5500.0,,2750.0,kg,,Brand is called drum.
518747472,mukono,urban,Nakifuma,2,2025-07-16,0.54168,32.791647,Cereals_and_Grains,wheat,3,2kg pack,2.0,kg,mass,,6000.0,,3000.0,kg,,Brand is called Azam.
518747472,mukono,urban,Nakifuma,2,2025-07-16,0.54168,32.791647,Dairy,milk,1,Box,1.0,pack,item_unit,pack size not recorded,22000.0,,22000.0,per pack,,Brand is classic. This was a wholesale shop
518747472,mukono,urban,Nakifuma,2,2025-07-16,0.54168,32.791647,Dairy,yoghurt,1,500 mls,0.5,litre,volume,,3500.0,,7000.0,litre,,Brand is diary top.
518747472,mukono,urban,Nakifuma,2,2025-07-16,0.54168,32.791647,Eggs,eggs,1,Tray,1.0,tray,item_unit,tray size not recorded (30 eggs typical),12000.0,,12000.0,per tray,,
518747472,mukono,urban,Nakifuma,2,2025-07-16,0.54168,32.791647,Fish,fish,1,Small smoked fish,1.0,piece,count,,700.0,,700.0,piece,price_std >3x or <1/3 of item median,Could not confirm that it was tilapia fish
518747472,mukono,urban,Nakifuma,2,2025-07-16,0.54168,32.791647,Fish,fish,2,Medium smoked fishh,1.0,piece,count,size class; 1 piece assumed,1500.0,,1500.0,piece,,
518747472,mukono,urban,Nakifuma,2,2025-07-16,0.54168,32.791647,Fish,fish,3,Medium smoked fish,1.0,piece,count,,4000.0,,4000.0,piece,,
518747472,mukono,urban,Nakifuma,2,2025-07-16,0.54168,32.791647,Fish,nileperch,1,Smoked fish big size.,1.0,piece,count,,10000.0,,10000.0,piece,,"They get them from galirayya in kayunga. There is a lake there. Others they get from katosi. The fish is mostly consumed in december.  Currently the fish is scarse in the lake. When the weather is cold the fish are hard to find. When it is cold, the cold weather also breaks the nets of the fishermen making it hard for them to fish. We could not establish the brand of the fish whether it was nice perch."
518747472,mukono,urban,Nakifuma,2,2025-07-16,0.54168,32.791647,Gendered_Products,babyoil,1,100  mls can,0.1,litre,volume,,10000.0,,100000.0,litre,,Brand is called Cusson baby. Price was got from a pharmacy.
518747472,mukono,urban,Nakifuma,2,2025-07-16,0.54168,32.791647,Gendered_Products,babyoil,2,100 mls,0.1,litre,volume,,6000.0,,60000.0,litre,,"Brand is Johnson. Price was asked from a shop that sells perfumes, vaseline."
518747472,mukono,urban,Nakifuma,2,2025-07-16,0.54168,32.791647,Gendered_Products,birthcontrolpills,1,Pack of lydia,1.0,pack,item_unit,pack size not recorded,5000.0,,5000.0,per pack,,"It is the most used, most famous and well known. Consumed alot in December in the festive season. People tend to party alot."
518747472,mukono,urban,Nakifuma,2,2025-07-16,0.54168,32.791647,Gendered_Products,birthcontrolpills,2,Backup pill,1.0,pack,item_unit,text gives brand/descriptor only; 1 pack assumed from questionnaire,5000.0,,5000.0,per pack,,
518747472,mukono,urban,Nakifuma,2,2025-07-16,0.54168,32.791647,Gendered_Products,birthcontrolpills,3,Lydia pill,1.0,pack,item_unit,text gives brand/descriptor only; 1 pack assumed from questionnaire,3000.0,,3000.0,per pack,,Ordered from pharmacies in Kampala.
518747472,mukono,urban,Nakifuma,2,2025-07-16,0.54168,32.791647,Gendered_Products,condoms,1,Kiss condom pack,1.0,pack,item_unit,pack size not recorded,2000.0,,2000.0,per pack,,Kiss is the most used one since it has flavours and strawberry is the most used.
518747472,mukono,urban,Nakifuma,2,2025-07-16,0.54168,32.791647,Gendered_Products,condoms,2,Trust condom pack,1.0,pack,item_unit,pack size not recorded,2000.0,,2000.0,per pack,,
518747472,mukono,urban,Nakifuma,2,2025-07-16,0.54168,32.791647,Gendered_Products,condoms,3,Lifeguard condom pack,1.0,pack,item_unit,pack size not recorded,2000.0,,2000.0,per pack,,
518747472,mukono,urban,Nakifuma,2,2025-07-16,0.54168,32.791647,Gendered_Products,menstrualpads,1,Always pack,1.0,pack,item_unit,pack size not recorded,3000.0,,3000.0,per pack,,Bought everytime. Has no particular season
518747472,mukono,urban,Nakifuma,2,2025-07-16,0.54168,32.791647,Gendered_Products,menstrualpads,2,Softcare,1.0,pack,item_unit,text gives brand/descriptor only; 1 pack assumed from questionnaire,2500.0,,2500.0,per pack,,They buy them from a wholesale shop nearby
518747472,mukono,urban,Nakifuma,2,2025-07-16,0.54168,32.791647,Gendered_Products,soap,1,Whitestar bar,1.0,bar,count,,6000.0,,6000.0,piece,,
518747472,mukono,urban,Nakifuma,2,2025-07-16,0.54168,32.791647,Gendered_Products,soap,2,Jama a bar,1.0,piece,count,,6000.0,,6000.0,piece,,
518747472,mukono,urban,Nakifuma,2,2025-07-16,0.54168,32.791647,Gendered_Products,soap,3,Shinefine a bar,1.0,piece,count,,4000.0,,4000.0,piece,,
518747472,mukono,urban,Nakifuma,2,2025-07-16,0.54168,32.791647,Leafy_Vegetables,cabbage,1,Pc,1.0,piece,count,,1000.0,,1000.0,piece,,Price depends on the size.
518747472,mukono,urban,Nakifuma,2,2025-07-16,0.54168,32.791647,Leafy_Vegetables,cabbage,2,Pc,1.0,piece,count,,2000.0,,2000.0,piece,,
518747472,mukono,urban,Nakifuma,2,2025-07-16,0.54168,32.791647,Leafy_Vegetables,cabbage,3,Pc,1.0,piece,count,,3000.0,,3000.0,piece,,
518747472,mukono,urban,Nakifuma,2,2025-07-16,0.54168,32.791647,Leafy_Vegetables,doodo,1,Akakanda,,akakanda,local,"local unit, not converted",1000.0,,,,,
518747472,mukono,urban,Nakifuma,2,2025-07-16,0.54168,32.791647,Leafy_Vegetables,nakati,1,Akakanda,,akakanda,local,"local unit, not converted",1000.0,,,,,They buy from farmers within nakifuma.
518747472,mukono,urban,Nakifuma,2,2025-07-16,0.54168,32.791647,Meat,beaf,1,Kg,1.0,kg,mass,bare 'kg' = 1 kg,17000.0,,17000.0,kg,,They get it from the lufula I  Nakifuma. Has no specific season when it is most bought.
518747472,mukono,urban,Nakifuma,2,2025-07-16,0.54168,32.791647,Meat,chicken,1,Local chicken,1.0,piece,count,text gives brand/descriptor only; 1 pc assumed from questionnaire,50000.0,,50000.0,piece,,
518747472,mukono,urban,Nakifuma,2,2025-07-16,0.54168,32.791647,Meat,chicken,2,Crailor,1.0,piece,count,text gives brand/descriptor only; 1 pc assumed from questionnaire,20000.0,,20000.0,piece,,Mostly bought during the festive season. People also buy them on weekends and also when they have occasions.
518747472,mukono,urban,Nakifuma,2,2025-07-16,0.54168,32.791647,Meat,goat,1,Kg,1.0,kg,mass,bare 'kg' = 1 kg,20000.0,,20000.0,kg,,Got from lufula in nakifuma. People really buy it because it is expensive compared to meat.
518747472,mukono,urban,Nakifuma,2,2025-07-16,0.54168,32.791647,Oils_Fats_Non_Alcoholic_Beverages,cookingoil,1,Litre,1.0,litre,volume,bare 'litre' = 1 litre,7000.0,,7000.0,litre,,Ntake brand
518747472,mukono,urban,Nakifuma,2,2025-07-16,0.54168,32.791647,Oils_Fats_Non_Alcoholic_Beverages,cookingoil,2,Litre,1.0,litre,volume,bare 'litre' = 1 litre,7600.0,,7600.0,litre,,Brand is called fortune
518747472,mukono,urban,Nakifuma,2,2025-07-16,0.54168,32.791647,Oils_Fats_Non_Alcoholic_Beverages,cookingoil,3,Litre,1.0,litre,volume,bare 'litre' = 1 litre,7000.0,,7000.0,litre,,Brand is called sunday.
518747472,mukono,urban,Nakifuma,2,2025-07-16,0.54168,32.791647,Oils_Fats_Non_Alcoholic_Beverages,margarine,1,Blueband (250 grams),0.25,kg,mass,,5500.0,,22000.0,kg,,People mostly buy blueband than prestige
518747472,mukono,urban,Nakifuma,2,2025-07-16,0.54168,32.791647,Oils_Fats_Non_Alcoholic_Beverages,margarine,2,Prestige small tin,,prestige small tin,local,"local unit, not converted",4000.0,,,,,
518747472,mukono,urban,Nakifuma,2,2025-07-16,0.54168,32.791647,Oils_Fats_Non_Alcoholic_Beverages,margarine,3,Blueband (100 grams),0.1,kg,mass,,2200.0,,22000.0,kg,,This small size of 100 grams for blueband is bought alot.
518747472,mukono,urban,Nakifuma,2,2025-07-16,0.54168,32.791647,Oils_Fats_Non_Alcoholic_Beverages,nonalcoholicbeverage_1,1,Sting 330 mls,0.33,litre,volume,,2000.0,,6060.60606060606,litre,,
518747472,mukono,urban,Nakifuma,2,2025-07-16,0.54168,32.791647,Oils_Fats_Non_Alcoholic_Beverages,nonalcoholicbeverage_1,2,Minutemaid 450 mls,0.45,litre,volume,,2500.0,,5555.555555555556,litre,,People mostly consume cheap things like soda.
518747472,mukono,urban,Nakifuma,2,2025-07-16,0.54168,32.791647,Other_Vegetables,onions,1,Kg,1.0,kg,mass,bare 'kg' = 1 kg,3000.0,,3000.0,kg,,They get them from mbale
518747472,mukono,urban,Nakifuma,2,2025-07-16,0.54168,32.791647,Other_Vegetables,tomatoes,1,4 tomatoes,4.0,piece,count,,100.0,,25.0,piece,price_std >3x or <1/3 of item median,Prices are low because the tomatoes are in season nd are in stock.
518747472,mukono,urban,Nakifuma,2,2025-07-16,0.54168,32.791647,Prepared_Cereals,bread,1,Kg pack,1.0,kg,mass,bare 'kg' = 1 kg,6000.0,,6000.0,kg,,Brand is called Selena. People mostly consume this one because it is soft and sweet.
518747472,mukono,urban,Nakifuma,2,2025-07-16,0.54168,32.791647,Prepared_Cereals,bread,2,Kg,1.0,kg,mass,bare 'kg' = 1 kg,5500.0,,5500.0,kg,,Brand is called denovo and tiptop.
518747472,mukono,urban,Nakifuma,2,2025-07-16,0.54168,32.791647,Prepared_Cereals,bread,3,Kg,1.0,kg,mass,bare 'kg' = 1 kg,5500.0,,5500.0,kg,,Brand is called superloaf.
518747472,mukono,urban,Nakifuma,2,2025-07-16,0.54168,32.791647,Prepared_Cereals,naan,1,A pc of chapati,1.0,piece,count,,1000.0,,1000.0,piece,,Mostly consumed during weekends
518747472,mukono,urban,Nakifuma,2,2025-07-16,0.54168,32.791647,Prepared_Cereals,spaghetti,1,450 grams,0.45,kg,mass,,4000.0,,8888.888888888889,kg,,Brand is called Fortune. It is consumed alot because it is cheap.
518747472,mukono,urban,Nakifuma,2,2025-07-16,0.54168,32.791647,Prepared_Cereals,spaghetti,2,450 grams,0.45,kg,mass,,4500.0,,10000.0,kg,,Brand js called santa Lucia.
518747472,mukono,urban,Nakifuma,2,2025-07-16,0.54168,32.791647,Prepared_Cereals,spaghetti,3,450 grams,0.45,kg,mass,,3800.0,,8444.444444444443,kg,,Brand is called fortune
518747472,mukono,urban,Nakifuma,2,2025-07-16,0.54168,32.791647,Pulses_and_Legumes,cow_peas,1,Kg for dry peas,1.0,kg,mass,bare 'kg' = 1 kg,5000.0,,5000.0,kg,,
518747472,mukono,urban,Nakifuma,2,2025-07-16,0.54168,32.791647,Pulses_and_Legumes,cow_peas,2,Kg of dry beans,1.0,kg,mass,bare 'kg' = 1 kg,6000.0,,6000.0,kg,,"During school time, the schools consume it alot."
518747472,mukono,urban,Nakifuma,2,2025-07-16,0.54168,32.791647,Pulses_and_Legumes,dried_beans,1,Kg,1.0,kg,mass,bare 'kg' = 1 kg,3800.0,,3800.0,kg,,Brand is called nambale. That is the one customers mostly buy.
518747472,mukono,urban,Nakifuma,2,2025-07-16,0.54168,32.791647,Pulses_and_Legumes,dried_beans,2,Kg,1.0,kg,mass,bare 'kg' = 1 kg,4000.0,,4000.0,kg,,Brand is nambale. People buy it alot in the season of cassava to prepare katogo. People making chapatis buy beans to make kikomando. They buy from farmers in nakifuma.
518747472,mukono,urban,Nakifuma,2,2025-07-16,0.54168,32.791647,Pulses_and_Legumes,dried_soybeans,1,Kg,1.0,kg,mass,bare 'kg' = 1 kg,4000.0,,4000.0,kg,,They are not bought alot. They normally buy it to make porridge.
518747472,mukono,urban,Nakifuma,2,2025-07-16,0.54168,32.791647,Pulses_and_Legumes,fresh_beans,1,Half kilo(cup of a cup called nice),0.5,kg,mass,,2000.0,,4000.0,kg,,Ordered from villages in kayunga
518747472,mukono,urban,Nakifuma,2,2025-07-16,0.54168,32.791647,Pulses_and_Legumes,ground_nuts,1,Kg,1.0,kg,mass,bare 'kg' = 1 kg,7000.0,,7000.0,kg,,Gnuts  are not consumed alot because they are expensive. People normally buy beans instead of gnuts.
518747472,mukono,urban,Nakifuma,2,2025-07-16,0.54168,32.791647,Pulses_and_Legumes,ground_nuts,2,Kg,1.0,kg,mass,bare 'kg' = 1 kg,6500.0,,6500.0,kg,,
518747472,mukono,urban,Nakifuma,2,2025-07-16,0.54168,32.791647,Pulses_and_Legumes,ground_nuts,3,Kg,1.0,kg,mass,bare 'kg' = 1 kg,7000.0,,7000.0,kg,,
518747472,mukono,urban,Nakifuma,2,2025-07-16,0.54168,32.791647,Roots_Tubers,cassava,1,Pile (omulengo),,pile (omulengo),local,"local unit, not converted",2000.0,,,,,They buy it from farmers in nakifuma.
518747472,mukono,urban,Nakifuma,2,2025-07-16,0.54168,32.791647,Roots_Tubers,cassava,2,Pile (omulengo),,pile (omulengo),local,"local unit, not converted",3000.0,,,,,
518747472,mukono,urban,Nakifuma,2,2025-07-16,0.54168,32.791647,Roots_Tubers,irish_potatoes,1,Kg,1.0,kg,mass,bare 'kg' = 1 kg,1000.0,,1000.0,kg,,Bought alot in private and may.
518747472,mukono,urban,Nakifuma,2,2025-07-16,0.54168,32.791647,Roots_Tubers,irish_potatoes,2,Medium katasa,,medium katasa,local,"local unit, not converted",5000.0,,,,,They are bought alot in January.
518747472,mukono,urban,Nakifuma,2,2025-07-16,0.54168,32.791647,Roots_Tubers,irish_potatoes,3,Small katasa,,small katasa,local,"local unit, not converted",2000.0,,,,,They are bought from farms within nakifuma.
518747472,mukono,urban,Nakifuma,2,2025-07-16,0.54168,32.791647,Roots_Tubers,sweet_potatoes,1,Omulengo,,omulengo,local,"local unit, not converted",1000.0,,,,,Has no particular season.  They buy them from farmers within nakifuma.
518747472,mukono,urban,Nakifuma,2,2025-07-16,0.54168,32.791647,Roots_Tubers,yams,1,Small basin(akatasa),,small basin(akatasa),local,"local unit, not converted",5000.0,,,,,No particular seasonn
518747472,mukono,urban,Nakifuma,2,2025-07-16,0.54168,32.791647,Roots_Tubers,yams,2,Akatasa (big katasa),,akatasa (big katasa),local,"local unit, not converted",10000.0,,,,,
518747472,mukono,urban,Nakifuma,2,2025-07-16,0.54168,32.791647,Starchy_Fruits_Vegetables,avocado,1,Pc,1.0,piece,count,,600.0,,600.0,piece,,
518747472,mukono,urban,Nakifuma,2,2025-07-16,0.54168,32.791647,Starchy_Fruits_Vegetables,avocado,2,Pc,1.0,piece,count,,700.0,,700.0,piece,,
518747472,mukono,urban,Nakifuma,2,2025-07-16,0.54168,32.791647,Starchy_Fruits_Vegetables,banana,1,Ekiwagu of bogoya,,ekiwagu of bogoya,local,"local unit, not converted",6000.0,,,,,They buy from farmers  within nakifuma.
518747472,mukono,urban,Nakifuma,2,2025-07-16,0.54168,32.791647,Starchy_Fruits_Vegetables,banana,2,Ekiwagu of bogoya,,ekiwagu of bogoya,local,"local unit, not converted",5000.0,,,,,
518747472,mukono,urban,Nakifuma,2,2025-07-16,0.54168,32.791647,Starchy_Fruits_Vegetables,mangoes,1,Pc,1.0,piece,count,,1000.0,,1000.0,piece,,They buy them from farmers in nakifuma
518747472,mukono,urban,Nakifuma,2,2025-07-16,0.54168,32.791647,Starchy_Fruits_Vegetables,mangoes,2,Pc,1.0,piece,count,,2000.0,,2000.0,piece,price_std >3x or <1/3 of item median,They are bought alot in July and August because  in that time the season for mangoes is coming to an end.
518747472,mukono,urban,Nakifuma,2,2025-07-16,0.54168,32.791647,Starchy_Fruits_Vegetables,mangoes,3,Pc,1.0,piece,count,,1500.0,,1500.0,piece,,They buy from farmers in busoga and bugerere.
518747472,mukono,urban,Nakifuma,2,2025-07-16,0.54168,32.791647,Starchy_Fruits_Vegetables,pumpkin,1,small size,1.0,piece,count,size class; 1 piece assumed,1000.0,,1000.0,piece,price_std >3x or <1/3 of item median,Pumpkins are not consumed alot.
518747472,mukono,urban,Nakifuma,2,2025-07-16,0.54168,32.791647,Starchy_Fruits_Vegetables,pumpkin,2,Medium size,1.0,piece,count,size class; 1 piece assumed,3000.0,,3000.0,piece,,
518747472,mukono,urban,Nakifuma,2,2025-07-16,0.54168,32.791647,Starchy_Fruits_Vegetables,pumpkin,3,Big size,1.0,piece,count,size class; 1 piece assumed,5000.0,,5000.0,piece,,
518747472,mukono,urban,Nakifuma,2,2025-07-16,0.54168,32.791647,Starchy_Fruits_Vegetables,sweet_banana,1,Ekiwagu,,ekiwagu,local,"local unit, not converted",3000.0,,,,,
518747472,mukono,urban,Nakifuma,2,2025-07-16,0.54168,32.791647,Starchy_Fruits_Vegetables,sweet_banana,2,Ekiwagu,,ekiwagu,local,"local unit, not converted",2500.0,,,,,
518747472,mukono,urban,Nakifuma,2,2025-07-16,0.54168,32.791647,Starchy_Fruits_Vegetables,watermelon,1,Pc,1.0,piece,count,,5000.0,,5000.0,piece,,Prices change almost weekly. Sometimes they go high and sometimes they go low.
518827385,mukono,urban,Nakifuma,1,2025-07-17,0.541224,32.790668,Cereals_and_Grains,maize,1,1kg,1.0,kg,mass,,2800.0,,2800.0,kg,,This product is preferred because its easy to prepare and its preferred to other food products
518827385,mukono,urban,Nakifuma,1,2025-07-17,0.541224,32.790668,Cereals_and_Grains,maize,2,1kg,1.0,kg,mass,,2500.0,,2500.0,kg,,
518827385,mukono,urban,Nakifuma,1,2025-07-17,0.541224,32.790668,Cereals_and_Grains,maize,3,1kg,1.0,kg,mass,,2500.0,,2500.0,kg,,
518827385,mukono,urban,Nakifuma,1,2025-07-17,0.541224,32.790668,Cereals_and_Grains,millet,1,1kg,1.0,kg,mass,,3500.0,,3500.0,kg,,The millet flour is sourced from the areas of mubende because people around don't have enough land to cultivate and that's why the supply is scarce.
518827385,mukono,urban,Nakifuma,1,2025-07-17,0.541224,32.790668,Cereals_and_Grains,rice,1,1kg,1.0,kg,mass,,4400.0,,4400.0,kg,,People like super brans of rice because it doesn't need sorting compared to the rest though expensive
518827385,mukono,urban,Nakifuma,1,2025-07-17,0.541224,32.790668,Cereals_and_Grains,rice,2,1kg,1.0,kg,mass,,3500.0,,3500.0,kg,,Most people like the Kaiso rice because its cheaper and its grown by the farmers in the area
518827385,mukono,urban,Nakifuma,1,2025-07-17,0.541224,32.790668,Cereals_and_Grains,rice,3,1kg,1.0,kg,mass,,3500.0,,3500.0,kg,,
518827385,mukono,urban,Nakifuma,1,2025-07-17,0.541224,32.790668,Cereals_and_Grains,wheat,1,1kg,1.0,kg,mass,,6000.0,,6000.0,kg,,Most of the wheat is bought by the chapati making people
518827385,mukono,urban,Nakifuma,1,2025-07-17,0.541224,32.790668,Cereals_and_Grains,wheat,2,1kg,1.0,kg,mass,,6000.0,,6000.0,kg,,
518827385,mukono,urban,Nakifuma,1,2025-07-17,0.541224,32.790668,Dairy,milk,1,1/2ltr,0.5,litre,volume,,2000.0,,4000.0,litre,,"Most of the milk sold in the area is packed milk , the fresh milk is scarce , because few people have cows"
518827385,mukono,urban,Nakifuma,1,2025-07-17,0.541224,32.790668,Dairy,milk,2,1/2ltr,0.5,litre,volume,,2500.0,,5000.0,litre,,
518827385,mukono,urban,Nakifuma,1,2025-07-17,0.541224,32.790668,Dairy,milk,3,1/2ltr,0.5,litre,volume,,2500.0,,5000.0,litre,,
518827385,mukono,urban,Nakifuma,1,2025-07-17,0.541224,32.790668,Dairy,yoghurt,1,250gm,0.25,kg,mass,,1000.0,,4000.0,kg,,
518827385,mukono,urban,Nakifuma,1,2025-07-17,0.541224,32.790668,Dairy,yoghurt,2,250gm,0.25,kg,mass,,2000.0,,8000.0,kg,,
518827385,mukono,urban,Nakifuma,1,2025-07-17,0.541224,32.790668,Eggs,eggs,1,1tray,1.0,tray,item_unit,tray size not recorded (30 eggs typical),10500.0,,10500.0,per tray,,Most of the eggs are sourced from the farmers in the area
518827385,mukono,urban,Nakifuma,1,2025-07-17,0.541224,32.790668,Eggs,eggs,2,1tray,1.0,tray,item_unit,tray size not recorded (30 eggs typical),10200.0,,10200.0,per tray,,
518827385,mukono,urban,Nakifuma,1,2025-07-17,0.541224,32.790668,Eggs,eggs,3,1tray,1.0,tray,item_unit,tray size not recorded (30 eggs typical),10500.0,,10500.0,per tray,,
518827385,mukono,urban,Nakifuma,1,2025-07-17,0.541224,32.790668,Fish,fish,1,1 fish,1.0,piece,count,,2500.0,,2500.0,piece,,"For fish , the most sold fish is smoked fish in the area , and its what people prefer , aslo vendors stated that the people can't afford fresh fish prices"
518827385,mukono,urban,Nakifuma,1,2025-07-17,0.541224,32.790668,Gendered_Products,antinatalvitamins,1,1 strip,1.0,pack,item_unit,pack size not recorded,500.0,,500.0,per pack,,
518827385,mukono,urban,Nakifuma,1,2025-07-17,0.541224,32.790668,Gendered_Products,babyoil,1,200ml,0.2,litre,volume,,15000.0,,75000.0,litre,,
518827385,mukono,urban,Nakifuma,1,2025-07-17,0.541224,32.790668,Gendered_Products,babyoil,2,100ml,0.1,litre,volume,,8000.0,,80000.0,litre,,
518827385,mukono,urban,Nakifuma,1,2025-07-17,0.541224,32.790668,Gendered_Products,babyoil,3,100ml,0.1,litre,volume,,5000.0,,50000.0,litre,,
518827385,mukono,urban,Nakifuma,1,2025-07-17,0.541224,32.790668,Gendered_Products,birthcontrolpills,1,1 strip,1.0,pack,item_unit,pack size not recorded,3000.0,,3000.0,per pack,,
518827385,mukono,urban,Nakifuma,1,2025-07-17,0.541224,32.790668,Gendered_Products,birthcontrolpills,2,1 strip,1.0,pack,item_unit,pack size not recorded,3500.0,,3500.0,per pack,,
518827385,mukono,urban,Nakifuma,1,2025-07-17,0.541224,32.790668,Gendered_Products,condoms,1,1pack,1.0,pack,item_unit,pack size not recorded,2000.0,,2000.0,per pack,,
518827385,mukono,urban,Nakifuma,1,2025-07-17,0.541224,32.790668,Gendered_Products,condoms,2,1 pac,1.0,pack,item_unit,pack size not recorded,2000.0,,2000.0,per pack,,
518827385,mukono,urban,Nakifuma,1,2025-07-17,0.541224,32.790668,Gendered_Products,menstrualpads,1,1 pack software pads,1.0,pack,item_unit,pack size not recorded,2500.0,,2500.0,per pack,,"Software pads are more preferable  because they are easy to use and safe , clients don't complain"
518827385,mukono,urban,Nakifuma,1,2025-07-17,0.541224,32.790668,Gendered_Products,menstrualpads,2,1 pack of software pads,1.0,pack,item_unit,pack size not recorded,2500.0,,2500.0,per pack,,
518827385,mukono,urban,Nakifuma,1,2025-07-17,0.541224,32.790668,Gendered_Products,menstrualpads,3,1 pack of softcare pads,1.0,pack,item_unit,pack size not recorded,2500.0,,2500.0,per pack,,
518827385,mukono,urban,Nakifuma,1,2025-07-17,0.541224,32.790668,Gendered_Products,soap,1,1 bar white star,1.0,piece,count,,5600.0,,5600.0,piece,,People like buying soap that is affordable and that's why the opt for the cheapones but people with some one like buying original things and they opt for white star because it lasts longer
518827385,mukono,urban,Nakifuma,1,2025-07-17,0.541224,32.790668,Gendered_Products,soap,2,1 bar of white star,1.0,piece,count,,6000.0,,6000.0,piece,,
518827385,mukono,urban,Nakifuma,1,2025-07-17,0.541224,32.790668,Gendered_Products,soap,3,1 bar of white star,1.0,piece,count,,5600.0,,5600.0,piece,,
518827385,mukono,urban,Nakifuma,1,2025-07-17,0.541224,32.790668,Leafy_Vegetables,cabbage,1,1 small fruit,1.0,piece,count,,500.0,,500.0,piece,,"Cabbages are not bought constantly, and that's why we sell the small sizes ,because the chapati people normally take it for rolex"
518827385,mukono,urban,Nakifuma,1,2025-07-17,0.541224,32.790668,Leafy_Vegetables,doodo,1,1 bundle,,1 bundle,local,"local unit, not converted",500.0,,,,,Dodo is most of the time is sold in small bundles because these are sold directly to households because of the affordability aspect
518827385,mukono,urban,Nakifuma,1,2025-07-17,0.541224,32.790668,Leafy_Vegetables,doodo,2,1 bundle,,1 bundle,local,"local unit, not converted",500.0,,,,,
518827385,mukono,urban,Nakifuma,1,2025-07-17,0.541224,32.790668,Leafy_Vegetables,ebugga,1,1 bundle,,1 bundle,local,"local unit, not converted",500.0,,,,,
518827385,mukono,urban,Nakifuma,1,2025-07-17,0.541224,32.790668,Leafy_Vegetables,ebugga,2,1 bundle,,1 bundle,local,"local unit, not converted",500.0,,,,,
518827385,mukono,urban,Nakifuma,1,2025-07-17,0.541224,32.790668,Leafy_Vegetables,nakati,1,1 bundle,,1 bundle,local,"local unit, not converted",1000.0,,,,,Nakati is sometimes expensive because the sour e is scarce
518827385,mukono,urban,Nakifuma,1,2025-07-17,0.541224,32.790668,Leafy_Vegetables,nakati,2,1 bundle,,1 bundle,local,"local unit, not converted",500.0,,,,,
518827385,mukono,urban,Nakifuma,1,2025-07-17,0.541224,32.790668,Meat,beaf,1,1kg,1.0,kg,mass,,16000.0,,16000.0,kg,,"The sellers stated that most of the cows slaughtered are from soroti ,katakwi  and most of the ti esthe selling g takes place in the holidays when children breakout from the holidays"
518827385,mukono,urban,Nakifuma,1,2025-07-17,0.541224,32.790668,Meat,beaf,2,1kg,1.0,kg,mass,,16000.0,,16000.0,kg,,
518827385,mukono,urban,Nakifuma,1,2025-07-17,0.541224,32.790668,Meat,beaf,3,1kg,1.0,kg,mass,,18000.0,,18000.0,kg,,
518827385,mukono,urban,Nakifuma,1,2025-07-17,0.541224,32.790668,Meat,chicken,1,1kg,1.0,kg,mass,,15000.0,,15000.0,kg,,"Chicken is best sold in the festive seasons like Christmas, and they come from nakifuma"
518827385,mukono,urban,Nakifuma,1,2025-07-17,0.541224,32.790668,Meat,chicken,2,1 whole chicken,1.0,piece,count,,20000.0,,20000.0,piece,,
518827385,mukono,urban,Nakifuma,1,2025-07-17,0.541224,32.790668,Meat,chicken,3,1kg,1.0,kg,mass,,14000.0,,14000.0,kg,,
518827385,mukono,urban,Nakifuma,1,2025-07-17,0.541224,32.790668,Meat,goat,1,1kg,1.0,kg,mass,,20000.0,,20000.0,kg,,"Also goats are from soroti , however theur customers are the passersby , however the"
518827385,mukono,urban,Nakifuma,1,2025-07-17,0.541224,32.790668,Meat,goat,2,1kg,1.0,kg,mass,,20000.0,,20000.0,kg,,0
518827385,mukono,urban,Nakifuma,1,2025-07-17,0.541224,32.790668,Meat,goat,3,1kg,1.0,kg,mass,,20000.0,,20000.0,kg,,0
518827385,mukono,urban,Nakifuma,1,2025-07-17,0.541224,32.790668,Oils_Fats_Non_Alcoholic_Beverages,cookingoil,1,1ltr,1.0,litre,volume,,7400.0,,7400.0,litre,,0
518827385,mukono,urban,Nakifuma,1,2025-07-17,0.541224,32.790668,Oils_Fats_Non_Alcoholic_Beverages,cookingoil,2,1ltr,1.0,litre,volume,,7500.0,,7500.0,litre,,0
518827385,mukono,urban,Nakifuma,1,2025-07-17,0.541224,32.790668,Oils_Fats_Non_Alcoholic_Beverages,cookingoil,3,1ltr,1.0,litre,volume,,7000.0,,7000.0,litre,,0
518827385,mukono,urban,Nakifuma,1,2025-07-17,0.541224,32.790668,Oils_Fats_Non_Alcoholic_Beverages,margarine,1,100gm,0.1,kg,mass,,2200.0,,22000.0,kg,,0
518827385,mukono,urban,Nakifuma,1,2025-07-17,0.541224,32.790668,Oils_Fats_Non_Alcoholic_Beverages,margarine,2,100gm,0.1,kg,mass,,2200.0,,22000.0,kg,,0
518827385,mukono,urban,Nakifuma,1,2025-07-17,0.541224,32.790668,Oils_Fats_Non_Alcoholic_Beverages,nonalcoholicbeverage_1,1,1 medium bottle minute maid,1.0,bottle,item_unit,bottle size not recorded,2500.0,,2500.0,per bottle,,
518827385,mukono,urban,Nakifuma,1,2025-07-17,0.541224,32.790668,Oils_Fats_Non_Alcoholic_Beverages,nonalcoholicbeverage_1,2,1 medium bottle,1.0,bottle,item_unit,bottle size not recorded,2500.0,,2500.0,per bottle,,
518827385,mukono,urban,Nakifuma,1,2025-07-17,0.541224,32.790668,Oils_Fats_Non_Alcoholic_Beverages,nonalcoholicbeverage_2,1,1 medium bottle oner juice,1.0,bottle,item_unit,bottle size not recorded,2500.0,,2500.0,per bottle,,0
518827385,mukono,urban,Nakifuma,1,2025-07-17,0.541224,32.790668,Oils_Fats_Non_Alcoholic_Beverages,nonalcoholicbeverage_2,2,1 medium bottle of oner,1.0,bottle,item_unit,bottle size not recorded,2500.0,,2500.0,per bottle,,0
518827385,mukono,urban,Nakifuma,1,2025-07-17,0.541224,32.790668,Other_Vegetables,onions,1,1kg,1.0,kg,mass,,2500.0,,2500.0,kg,,"Most of the onions are sourced from  kabale , kisoro ,kapchorwa , and in the times  of scarcity they are sourced from Tanzania and they are always expensive"
518827385,mukono,urban,Nakifuma,1,2025-07-17,0.541224,32.790668,Other_Vegetables,onions,2,1kg,1.0,kg,mass,,2000.0,,2000.0,kg,,0
518827385,mukono,urban,Nakifuma,1,2025-07-17,0.541224,32.790668,Other_Vegetables,onions,3,1kg,1.0,kg,mass,,2500.0,,2500.0,kg,,0
518827385,mukono,urban,Nakifuma,1,2025-07-17,0.541224,32.790668,Other_Vegetables,tomatoes,1,1 small basin,,1 small basin,local,"local unit, not converted",5000.0,,,,,
518827385,mukono,urban,Nakifuma,1,2025-07-17,0.541224,32.790668,Other_Vegetables,tomatoes,2,1 small basin,,1 small basin,local,"local unit, not converted",5000.0,,,,,
518827385,mukono,urban,Nakifuma,1,2025-07-17,0.541224,32.790668,Prepared_Cereals,bread,1,1kg,1.0,kg,mass,,5500.0,,5500.0,kg,,The big size of bread is preferable because most of the families are big
518827385,mukono,urban,Nakifuma,1,2025-07-17,0.541224,32.790668,Prepared_Cereals,bread,2,1kg,1.0,kg,mass,,5500.0,,5500.0,kg,,
518827385,mukono,urban,Nakifuma,1,2025-07-17,0.541224,32.790668,Prepared_Cereals,bread,3,1kg,1.0,kg,mass,,5500.0,,5500.0,kg,,
518827385,mukono,urban,Nakifuma,1,2025-07-17,0.541224,32.790668,Prepared_Cereals,naan,1,1 chapati,1.0,piece,count,,1000.0,,1000.0,piece,,
518827385,mukono,urban,Nakifuma,1,2025-07-17,0.541224,32.790668,Prepared_Cereals,naan,2,1 chapati,1.0,piece,count,,500.0,,500.0,piece,,
518827385,mukono,urban,Nakifuma,1,2025-07-17,0.541224,32.790668,Prepared_Cereals,oat_products,1,1kg,1.0,kg,mass,,4000.0,,4000.0,kg,,"The oats are not sold this area , this is because their demand is low"
518827385,mukono,urban,Nakifuma,1,2025-07-17,0.541224,32.790668,Prepared_Cereals,spaghetti,1,450g,0.45,kg,mass,,3600.0,,8000.0,kg,,The seller stated that the spaghetti why the prices differ is that the packaging is different ' the pack can look big but with 450g and the other is big with similar size  but weighing 500g ' however people don't differentiate that.
518827385,mukono,urban,Nakifuma,1,2025-07-17,0.541224,32.790668,Prepared_Cereals,spaghetti,2,450g,0.45,kg,mass,,4000.0,,8888.888888888889,kg,,
518827385,mukono,urban,Nakifuma,1,2025-07-17,0.541224,32.790668,Prepared_Cereals,spaghetti,3,250g,0.25,kg,mass,,1500.0,,6000.0,kg,,
518827385,mukono,urban,Nakifuma,1,2025-07-17,0.541224,32.790668,Pulses_and_Legumes,dried_beans,1,1kg,1.0,kg,mass,,4000.0,,4000.0,kg,,"Most farmers around don't the area , sell the beans to the people"
518827385,mukono,urban,Nakifuma,1,2025-07-17,0.541224,32.790668,Pulses_and_Legumes,dried_beans,2,1kg,1.0,kg,mass,,3500.0,,3500.0,kg,,
518827385,mukono,urban,Nakifuma,1,2025-07-17,0.541224,32.790668,Pulses_and_Legumes,dried_soybeans,1,1kg,1.0,kg,mass,,3500.0,,3500.0,kg,,"Few sellers of produce , sell soya beans because the demand is so less"
518827385,mukono,urban,Nakifuma,1,2025-07-17,0.541224,32.790668,Pulses_and_Legumes,fresh_beans,1,1 cup,,1 cup,local,"local unit, not converted",2000.0,,,,,The fresh beans are from mostly from areas of mukono however they are always expensive during the planting seasons and households who are rich are the people that purchase them
518827385,mukono,urban,Nakifuma,1,2025-07-17,0.541224,32.790668,Pulses_and_Legumes,fresh_beans,2,1 cup,,1 cup,local,"local unit, not converted",2000.0,,,,,
518827385,mukono,urban,Nakifuma,1,2025-07-17,0.541224,32.790668,Pulses_and_Legumes,ground_nuts,1,1kg,1.0,kg,mass,,7000.0,,7000.0,kg,,"Most of the ground nuts are from busoga and when the supply is so scarce , they start getting them Tanzania"
518827385,mukono,urban,Nakifuma,1,2025-07-17,0.541224,32.790668,Pulses_and_Legumes,ground_nuts,2,1kg,1.0,kg,mass,,7500.0,,7500.0,kg,,
518827385,mukono,urban,Nakifuma,1,2025-07-17,0.541224,32.790668,Pulses_and_Legumes,ground_nuts,3,1kg,1.0,kg,mass,,7500.0,,7500.0,kg,,
518827385,mukono,urban,Nakifuma,1,2025-07-17,0.541224,32.790668,Roots_Tubers,cassava,1,1 pile,,1 pile,local,"local unit, not converted",3000.0,,,,,"Most of the cassava is  bought by the people who sell fried cassava and the ones that sell the food I  the evenings , so household buying is limited.  Cassava is sour Ed from the farmers around the area."
518827385,mukono,urban,Nakifuma,1,2025-07-17,0.541224,32.790668,Roots_Tubers,irish_potatoes,1,1kg,1.0,kg,mass,,1200.0,,1200.0,kg,,"Irish potatoes are sourced from kisoro , male,  Kenya and kapchworwa"
518827385,mukono,urban,Nakifuma,1,2025-07-17,0.541224,32.790668,Roots_Tubers,irish_potatoes,2,1kg,1.0,kg,mass,,1200.0,,1200.0,kg,,
518827385,mukono,urban,Nakifuma,1,2025-07-17,0.541224,32.790668,Roots_Tubers,irish_potatoes,3,1kg,1.0,kg,mass,,1200.0,,1200.0,kg,,
518827385,mukono,urban,Nakifuma,1,2025-07-17,0.541224,32.790668,Roots_Tubers,sweet_potatoes,1,1 pile,,1 pile,local,"local unit, not converted",1000.0,,,,,Sweet potatoes are bought from the farmers and the gardening is done around the swamps in the area
518827385,mukono,urban,Nakifuma,1,2025-07-17,0.541224,32.790668,Roots_Tubers,yams,1,1 small basin,,1 small basin,local,"local unit, not converted",5000.0,,,,,Also yams are sour Ed from farmers around the area and its done around the wetlands in the area.
518827385,mukono,urban,Nakifuma,1,2025-07-17,0.541224,32.790668,Starchy_Fruits_Vegetables,avocado,1,1 fruit,1.0,piece,count,,500.0,,500.0,piece,,The oat are from  the farmers around the area
518827385,mukono,urban,Nakifuma,1,2025-07-17,0.541224,32.790668,Starchy_Fruits_Vegetables,avocado,2,1 fruit,1.0,piece,count,,500.0,,500.0,piece,,
518827385,mukono,urban,Nakifuma,1,2025-07-17,0.541224,32.790668,Starchy_Fruits_Vegetables,banana,1,1 bunch,,1 bunch,local,"local unit, not converted",15000.0,,,,,"Most of the matooke are from mbarara , and mbale depending the season but those from mbarara are more preferred"
518827385,mukono,urban,Nakifuma,1,2025-07-17,0.541224,32.790668,Starchy_Fruits_Vegetables,banana,2,1 bunch,,1 bunch,local,"local unit, not converted",15000.0,,,,,
518827385,mukono,urban,Nakifuma,1,2025-07-17,0.541224,32.790668,Starchy_Fruits_Vegetables,banana,3,1 bunch,,1 bunch,local,"local unit, not converted",10000.0,,,,,
518827385,mukono,urban,Nakifuma,1,2025-07-17,0.541224,32.790668,Starchy_Fruits_Vegetables,jack_fruit,1,1 fruit,1.0,piece,count,,5000.0,,5000.0,piece,,The jackfruit are from the farmers I  the villages around don't a d the rest from mubende and they are  scare they always available I  the months of rainy season
518827385,mukono,urban,Nakifuma,1,2025-07-17,0.541224,32.790668,Starchy_Fruits_Vegetables,pumpkin,1,1 fruit,1.0,piece,count,,5000.0,,5000.0,piece,,Most of the pumpkins are from  the busoga in the districts of bugere
518827385,mukono,urban,Nakifuma,1,2025-07-17,0.541224,32.790668,Starchy_Fruits_Vegetables,sweet_banana,1,1 small branch,,1 small branch,local,"local unit, not converted",3000.0,,,,,The sweet banana is also sourced from mbarara and also from the busoga .
518827385,mukono,urban,Nakifuma,1,2025-07-17,0.541224,32.790668,Starchy_Fruits_Vegetables,watermelon,1,1 fruit,1.0,piece,count,,1500.0,,1500.0,piece,,Water melons are from the areas of Bugere and these fruits are mostly consumed in the dry season in the months of July August and they are always expensive in those months.
518827385,mukono,urban,Nakifuma,1,2025-07-17,0.541224,32.790668,Starchy_Fruits_Vegetables,watermelon,2,1 fruit,1.0,piece,count,,5000.0,,5000.0,piece,,
518827385,mukono,urban,Nakifuma,1,2025-07-17,0.541224,32.790668,Starchy_Fruits_Vegetables,watermelon,3,1 fruit,1.0,piece,count,,1000.0,,1000.0,piece,price_std >3x or <1/3 of item median,
519549331,nakaseke,rural,Kasangombe,1,2025-07-17,0.720497,32.398159,Cereals_and_Grains,maize,1,Maize flour kg,1.0,kg,mass,bare 'kg' = 1 kg,3000.0,,3000.0,kg,,"They buy from, wholesalers in luwero. People with cars also deliver them to people's shops."
520289298,nakaseke,rural,Kasangombe,3,2025-07-17,0.720089,32.397555,Cereals_and_Grains,maize,1,1kg,1.0,kg,mass,,3000.0,,3000.0,kg,,This posho is the most consumed food type because its affordable and its easier to prepare
519549331,nakaseke,rural,Kasangombe,1,2025-07-17,0.720497,32.398159,Cereals_and_Grains,maize,2,Maize flour kg,1.0,kg,mass,bare 'kg' = 1 kg,2600.0,,2600.0,kg,,The most bought type is grade number 1 which costs the price above. People in nakaseke buy it alot since matooke is scarse.
520289298,nakaseke,rural,Kasangombe,3,2025-07-17,0.720089,32.397555,Cereals_and_Grains,maize,2,1kg,1.0,kg,mass,,3500.0,,3500.0,kg,,0
520289298,nakaseke,rural,Kasangombe,3,2025-07-17,0.720089,32.397555,Cereals_and_Grains,maize,3,1kg,1.0,kg,mass,,2700.0,,2700.0,kg,,0
519549331,nakaseke,rural,Kasangombe,1,2025-07-17,0.720497,32.398159,Cereals_and_Grains,millet,1,Millet flour kg.,1.0,kg,mass,bare 'kg' = 1 kg,4000.0,,4000.0,kg,,They buy it from whole sale shops in luwero.
520289298,nakaseke,rural,Kasangombe,3,2025-07-17,0.720089,32.397555,Cereals_and_Grains,millet,1,1kg,1.0,kg,mass,,3000.0,,3000.0,kg,,This is sour Ed from Luwero town however its demand is low that's why its not sold in many shops
520289298,nakaseke,rural,Kasangombe,3,2025-07-17,0.720089,32.397555,Cereals_and_Grains,millet,2,1kg,1.0,kg,mass,,7000.0,,7000.0,kg,,"This is the supermarket price, a d its e pensive due to the quality compared to unpacked one"
519549331,nakaseke,rural,Kasangombe,1,2025-07-17,0.720497,32.398159,Cereals_and_Grains,rice,1,Kg,1.0,kg,mass,bare 'kg' = 1 kg,5000.0,,5000.0,kg,,Type is called super. They buy it alot in the festive season. People normally pass by in cars and buy. This type is clean with no stones and no kawowo.
520289298,nakaseke,rural,Kasangombe,3,2025-07-17,0.720089,32.397555,Cereals_and_Grains,rice,1,1kg,1.0,kg,mass,,3500.0,,3500.0,kg,,Rice is the most eaten food type in this area of Nakaseke town because the matooke are scarce and very expensive so rice is abit cheaper than the matooke and that's why opt for rice
519549331,nakaseke,rural,Kasangombe,1,2025-07-17,0.720497,32.398159,Cereals_and_Grains,rice,2,Kg,1.0,kg,mass,bare 'kg' = 1 kg,4500.0,,4500.0,kg,,This type has kawowo.it also has small tones
520289298,nakaseke,rural,Kasangombe,3,2025-07-17,0.720089,32.397555,Cereals_and_Grains,rice,2,1kg,1.0,kg,mass,,4000.0,,4000.0,kg,,0
519549331,nakaseke,rural,Kasangombe,1,2025-07-17,0.720497,32.398159,Cereals_and_Grains,rice,3,Kg,1.0,kg,mass,bare 'kg' = 1 kg,4000.0,,4000.0,kg,,
520289298,nakaseke,rural,Kasangombe,3,2025-07-17,0.720089,32.397555,Cereals_and_Grains,rice,3,1kg,1.0,kg,mass,,4000.0,,4000.0,kg,,0
519549331,nakaseke,rural,Kasangombe,1,2025-07-17,0.720497,32.398159,Cereals_and_Grains,wheat,1,2kg,2.0,kg,mass,,6500.0,,3250.0,kg,,Brand is called Farina. Each packet makes about 20 chapatis and the chapati maker told me this. The seller said they buy this brand alot because it is cheaper compared to others like supreme. The prices went up when the fuel prices went up.
520289298,nakaseke,rural,Kasangombe,3,2025-07-17,0.720089,32.397555,Cereals_and_Grains,wheat,1,1kg,1.0,kg,mass,,6000.0,,6000.0,kg,,The wheat is mostly consumed by the chapati making people and it has a high demand
519549331,nakaseke,rural,Kasangombe,1,2025-07-17,0.720497,32.398159,Cereals_and_Grains,wheat,2,2kg,2.0,kg,mass,,6000.0,,3000.0,kg,,Brand is called everyday. It is not normally bought by customers. They get it from whole sale shops on luwero.
520289298,nakaseke,rural,Kasangombe,3,2025-07-17,0.720089,32.397555,Cereals_and_Grains,wheat,2,1kg,1.0,kg,mass,,6000.0,,6000.0,kg,,0
519549331,nakaseke,rural,Kasangombe,1,2025-07-17,0.720497,32.398159,Cereals_and_Grains,wheat,3,2kg,2.0,kg,mass,,6000.0,,3000.0,kg,,Farina brand. People buy it alot because most people make eats like samosas and mandazi.
519549331,nakaseke,rural,Kasangombe,1,2025-07-17,0.720497,32.398159,Dairy,milk,1,1 Cup,,1 cup,local,"local unit, not converted",1000.0,,,,,They buy the milk from nakapeke and lukola.
520289298,nakaseke,rural,Kasangombe,3,2025-07-17,0.720089,32.397555,Dairy,milk,1,1ltr,1.0,litre,volume,,2000.0,,2000.0,litre,,This milk is sourced from Ngoma and it is mostly consumed during holidays when children are at home
519549331,nakaseke,rural,Kasangombe,1,2025-07-17,0.720497,32.398159,Dairy,milk,2,Classic. I pack,1.0,pack,item_unit,pack size not recorded,2000.0,,2000.0,per pack,,Farmers normally buy milk when they have money
520289298,nakaseke,rural,Kasangombe,3,2025-07-17,0.720089,32.397555,Dairy,milk,2,I ltr,1.0,litre,volume,,2500.0,,2500.0,litre,,0
519549331,nakaseke,rural,Kasangombe,1,2025-07-17,0.720497,32.398159,Dairy,milk,3,Fresh diary. 1 pack.,1.0,pack,item_unit,pack size not recorded,2000.0,,2000.0,per pack,,"When the sun is alot, milk is scarse and the price rises."
519549331,nakaseke,rural,Kasangombe,1,2025-07-17,0.720497,32.398159,Dairy,yoghurt,1,Bongo 1 cup,,bongo 1 cup,local,"local unit, not converted",1000.0,,,,,
520289298,nakaseke,rural,Kasangombe,3,2025-07-17,0.720089,32.397555,Dairy,yoghurt,1,500g,0.5,kg,mass,,4000.0,,8000.0,kg,,The brand of 4000 is the pa key one  utility the one in the cup is the o e not packed
520289298,nakaseke,rural,Kasangombe,3,2025-07-17,0.720089,32.397555,Dairy,yoghurt,2,1 cup,,1 cup,local,"local unit, not converted",1000.0,,,,,0
520289298,nakaseke,rural,Kasangombe,3,2025-07-17,0.720089,32.397555,Dairy,yoghurt,3,500g,0.5,kg,mass,,4000.0,,8000.0,kg,,0
519549331,nakaseke,rural,Kasangombe,1,2025-07-17,0.720497,32.398159,Eggs,eggs,1,Tray,1.0,tray,item_unit,tray size not recorded (30 eggs typical),12000.0,,12000.0,per tray,,The available size that is current is small. Eggs are scarse. And people do not like buying eggs that are small in size.
520289298,nakaseke,rural,Kasangombe,3,2025-07-17,0.720089,32.397555,Eggs,eggs,1,1 tray,1.0,tray,item_unit,tray size not recorded (30 eggs typical),11000.0,,11000.0,per tray,,"These eggs are sourced from the poultry farms I  the area , however they are expensive and this due to the increased prices of the feeds"
519549331,nakaseke,rural,Kasangombe,1,2025-07-17,0.720497,32.398159,Eggs,eggs,2,Tray,1.0,tray,item_unit,tray size not recorded (30 eggs typical),12000.0,,12000.0,per tray,,
520289298,nakaseke,rural,Kasangombe,3,2025-07-17,0.720089,32.397555,Eggs,eggs,2,1 tray,1.0,tray,item_unit,tray size not recorded (30 eggs typical),11000.0,,11000.0,per tray,,0.0
519549331,nakaseke,rural,Kasangombe,1,2025-07-17,0.720497,32.398159,Eggs,eggs,3,Tray,1.0,tray,item_unit,tray size not recorded (30 eggs typical),10500.0,,10500.0,per tray,,
520289298,nakaseke,rural,Kasangombe,3,2025-07-17,0.720089,32.397555,Eggs,eggs,3,1 tray,1.0,tray,item_unit,tray size not recorded (30 eggs typical),12000.0,,12000.0,per tray,,0
519549331,nakaseke,rural,Kasangombe,1,2025-07-17,0.720497,32.398159,Fish,fish,1,Smoked fish big size,1.0,piece,count,,20000.0,,20000.0,piece,price_std >3x or <1/3 of item median,"They sellers buy the fish in kilos. When selling they wreange the fish in different sizes and then sell how they see fit to make so,e profit."
520289298,nakaseke,rural,Kasangombe,3,2025-07-17,0.720089,32.397555,Fish,fish,1,1 fish smoked,1.0,piece,count,,,"free text, no price: These fish high demand however the smoked ones but for the f",,,,0
519549331,nakaseke,rural,Kasangombe,1,2025-07-17,0.720497,32.398159,Fish,fish,2,"Smoked fish medium, size",1.0,piece,count,,15000.0,,15000.0,piece,price_std >3x or <1/3 of item median,Fish is consumed alot in holidays when kids are home
519549331,nakaseke,rural,Kasangombe,1,2025-07-17,0.720497,32.398159,Fish,fish,3,Smoked fish small size,1.0,piece,count,,5000.0,,5000.0,piece,,"They get the fish from luwero and from Kampala. Could not establish,ish if the fish type was tilapia or nile perch."
519549331,nakaseke,rural,Kasangombe,1,2025-07-17,0.720497,32.398159,Gendered_Products,antinatalvitamins,1,M-calz,1.0,pack,item_unit,text gives brand/descriptor only; 1 pack assumed from questionnaire,1500.0,,1500.0,per pack,,Each tablet.
519549331,nakaseke,rural,Kasangombe,1,2025-07-17,0.720497,32.398159,Gendered_Products,antinatalvitamins,2,Vitamin b complex,1.0,pack,item_unit,text gives brand/descriptor only; 1 pack assumed from questionnaire,5000.0,,5000.0,per pack,price_std >3x or <1/3 of item median,Each pack.
519549331,nakaseke,rural,Kasangombe,1,2025-07-17,0.720497,32.398159,Gendered_Products,birthcontrolpills,1,Lydia,1.0,pack,item_unit,text gives brand/descriptor only; 1 pack assumed from questionnaire,5000.0,,5000.0,per pack,,They buy it from pharmacies in luwero.
519549331,nakaseke,rural,Kasangombe,1,2025-07-17,0.720497,32.398159,Gendered_Products,birthcontrolpills,2,Comi pack,1.0,pack,item_unit,pack size not recorded,10000.0,,10000.0,per pack,price_std >3x or <1/3 of item median,"During holidays, they are bought alot."
519549331,nakaseke,rural,Kasangombe,1,2025-07-17,0.720497,32.398159,Gendered_Products,condoms,1,Lifeguard,1.0,pack,item_unit,text gives brand/descriptor only; 1 pack assumed from questionnaire,2000.0,,2000.0,per pack,,Has no particular season.
519549331,nakaseke,rural,Kasangombe,1,2025-07-17,0.720497,32.398159,Gendered_Products,condoms,2,Kiss,1.0,pack,item_unit,text gives brand/descriptor only; 1 pack assumed from questionnaire,2000.0,,2000.0,per pack,,Price depends on the price the sellers buys it.
519549331,nakaseke,rural,Kasangombe,1,2025-07-17,0.720497,32.398159,Gendered_Products,menstrualpads,1,Softcare pack,1.0,pack,item_unit,pack size not recorded,2500.0,,2500.0,per pack,,Customers like this type alot. The cars bring them to nakaseke and the sellers buy from the cars that bring them.
520289298,nakaseke,rural,Kasangombe,3,2025-07-17,0.720089,32.397555,Gendered_Products,menstrualpads,1,1 package,1.0,pack,item_unit,pack size not recorded,2500.0,,2500.0,per pack,,
519549331,nakaseke,rural,Kasangombe,1,2025-07-17,0.720497,32.398159,Gendered_Products,menstrualpads,2,Always,1.0,pack,item_unit,text gives brand/descriptor only; 1 pack assumed from questionnaire,3500.0,,3500.0,per pack,,
520289298,nakaseke,rural,Kasangombe,3,2025-07-17,0.720089,32.397555,Gendered_Products,menstrualpads,2,1packge,1.0,pack,item_unit,pack size not recorded,25000.0,,25000.0,per pack,price_std >3x or <1/3 of item median,0
519549331,nakaseke,rural,Kasangombe,1,2025-07-17,0.720497,32.398159,Gendered_Products,menstrualpads,3,Softcare,1.0,pack,item_unit,text gives brand/descriptor only; 1 pack assumed from questionnaire,3000.0,,3000.0,per pack,,They are bought alot in the month of april
520289298,nakaseke,rural,Kasangombe,3,2025-07-17,0.720089,32.397555,Gendered_Products,menstrualpads,3,1 package of batemyuo,1.0,pack,item_unit,pack size not recorded,2.0,,2.0,per pack,price_std >3x or <1/3 of item median,0
519549331,nakaseke,rural,Kasangombe,1,2025-07-17,0.720497,32.398159,Gendered_Products,soap,1,White star bar,1.0,bar,count,,6000.0,,6000.0,piece,,It is bought alot. The cars bring them and sellers buy them from the cars.
519549331,nakaseke,rural,Kasangombe,1,2025-07-17,0.720497,32.398159,Gendered_Products,soap,2,Hobo  bar,1.0,bar,count,,5000.0,,5000.0,piece,,They also buy it alot.
519549331,nakaseke,rural,Kasangombe,1,2025-07-17,0.720497,32.398159,Gendered_Products,soap,3,Geisha black 200 grams.,0.2,kg,mass,,5000.0,,25000.0,kg,,
519549331,nakaseke,rural,Kasangombe,1,2025-07-17,0.720497,32.398159,Leafy_Vegetables,cabbage,1,Small size,1.0,piece,count,size class; 1 piece assumed,500.0,,500.0,piece,,
520289298,nakaseke,rural,Kasangombe,3,2025-07-17,0.720089,32.397555,Leafy_Vegetables,cabbage,1,1 piece,1.0,piece,count,,1000.0,,1000.0,piece,,These are sourced from local farmers however they are expensive because the chemical prices have now I creased
519549331,nakaseke,rural,Kasangombe,1,2025-07-17,0.720497,32.398159,Leafy_Vegetables,cabbage,2,Medium size,1.0,piece,count,size class; 1 piece assumed,1000.0,,1000.0,piece,,
519549331,nakaseke,rural,Kasangombe,1,2025-07-17,0.720497,32.398159,Leafy_Vegetables,cabbage,3,Big size,1.0,piece,count,size class; 1 piece assumed,2000.0,,2000.0,piece,,
519549331,nakaseke,rural,Kasangombe,1,2025-07-17,0.720497,32.398159,Meat,beaf,1,Kg,1.0,kg,mass,bare 'kg' = 1 kg,17000.0,,17000.0,kg,,In July poverty is alot. People do not buy meat alot. Meat is mostly bought in November. They get vows from places like ngoma. People normally buy after harvesting and selling g their mwanyi. Meat is currently not being consumed alot since the mwanyi price went down.
520289298,nakaseke,rural,Kasangombe,3,2025-07-17,0.720089,32.397555,Meat,beaf,1,1kg,1.0,kg,mass,,18000.0,,18000.0,kg,,"The cows are sourced from Ngoma,  the most months where there is alot of sales is from November to December when children are at home and also people be having m9ney after they have done harvesting."
520289298,nakaseke,rural,Kasangombe,3,2025-07-17,0.720089,32.397555,Meat,beaf,2,1kg,1.0,kg,mass,,18000.0,,18000.0,kg,,0
519549331,nakaseke,rural,Kasangombe,1,2025-07-17,0.720497,32.398159,Meat,chicken,1,Half grams,,half grams,unknown,ambiguous amount ('half grams'); not converted,7000.0,,,,,Chicken is mostly bought in between January and February.
519549331,nakaseke,rural,Kasangombe,1,2025-07-17,0.720497,32.398159,Meat,chicken,2,Quarter grams,,quarter grams,unknown,ambiguous amount ('half grams'); not converted,3500.0,,,,,They buy them from people within who do poultry.
519549331,nakaseke,rural,Kasangombe,1,2025-07-17,0.720497,32.398159,Meat,goat,1,Kg,1.0,kg,mass,bare 'kg' = 1 kg,20000.0,,20000.0,kg,,They buy the goats from abalunzi within the village.
520289298,nakaseke,rural,Kasangombe,3,2025-07-17,0.720089,32.397555,Meat,goat,1,1kg,1.0,kg,mass,,22000.0,,22000.0,kg,,"Also goats are from  the local area and some are sourced from Ngoma,  but few sell goats meat in the area, because the prices are high makes it impossible to nuy , however it can roasted"
519549331,nakaseke,rural,Kasangombe,1,2025-07-17,0.720497,32.398159,Oils_Fats_Non_Alcoholic_Beverages,cookingoil,1,Half litre,0.5,litre,volume,,4000.0,,8000.0,litre,,Brand fortune
520289298,nakaseke,rural,Kasangombe,3,2025-07-17,0.720089,32.397555,Oils_Fats_Non_Alcoholic_Beverages,cookingoil,1,1/2ltr,0.5,litre,volume,,7500.0,,15000.0,litre,,0
519549331,nakaseke,rural,Kasangombe,1,2025-07-17,0.720497,32.398159,Oils_Fats_Non_Alcoholic_Beverages,cookingoil,2,Litre,1.0,litre,volume,bare 'litre' = 1 litre,7500.0,,7500.0,litre,,Brand called sunday
519549331,nakaseke,rural,Kasangombe,1,2025-07-17,0.720497,32.398159,Oils_Fats_Non_Alcoholic_Beverages,cookingoil,3,Litre,1.0,litre,volume,bare 'litre' = 1 litre,8000.0,,8000.0,litre,,Brand called fortune. It is the most consumed brand.
519549331,nakaseke,rural,Kasangombe,1,2025-07-17,0.720497,32.398159,Oils_Fats_Non_Alcoholic_Beverages,margarine,1,250 grams,0.25,kg,mass,,4000.0,,16000.0,kg,,Brand is blueband. It is not bought alot. The seller buys it from whole sale shops within.
520289298,nakaseke,rural,Kasangombe,3,2025-07-17,0.720089,32.397555,Oils_Fats_Non_Alcoholic_Beverages,margarine,1,100g,0.1,kg,mass,,2500.0,,25000.0,kg,,These are normally taken when children are reporting back to school
520289298,nakaseke,rural,Kasangombe,3,2025-07-17,0.720089,32.397555,Oils_Fats_Non_Alcoholic_Beverages,margarine,2,100g,0.1,kg,mass,,1500.0,,15000.0,kg,,0
520289298,nakaseke,rural,Kasangombe,3,2025-07-17,0.720089,32.397555,Oils_Fats_Non_Alcoholic_Beverages,margarine,3,100g,0.1,kg,mass,,2500.0,,25000.0,kg,,0
519549331,nakaseke,rural,Kasangombe,1,2025-07-17,0.720497,32.398159,Oils_Fats_Non_Alcoholic_Beverages,nonalcoholicbeverage_1,1,Oner 500 mls,0.5,litre,volume,,2500.0,,5000.0,litre,,
520289298,nakaseke,rural,Kasangombe,3,2025-07-17,0.720089,32.397555,Oils_Fats_Non_Alcoholic_Beverages,nonalcoholicbeverage_1,1,1 bottle,1.0,bottle,item_unit,bottle size not recorded,2500.0,,2500.0,per bottle,,"The minute is highly consumed because,  the seller stated that the nurses and doctors to take the juice because its healthy"
519549331,nakaseke,rural,Kasangombe,1,2025-07-17,0.720497,32.398159,Oils_Fats_Non_Alcoholic_Beverages,nonalcoholicbeverage_1,2,Minute  maid 400 mls,0.4,litre,volume,,2500.0,,6250.0,litre,,
520289298,nakaseke,rural,Kasangombe,3,2025-07-17,0.720089,32.397555,Oils_Fats_Non_Alcoholic_Beverages,nonalcoholicbeverage_1,2,1 bottle,1.0,bottle,item_unit,bottle size not recorded,2500.0,,2500.0,per bottle,,0
520289298,nakaseke,rural,Kasangombe,3,2025-07-17,0.720089,32.397555,Oils_Fats_Non_Alcoholic_Beverages,nonalcoholicbeverage_1,3,1 bottle,1.0,bottle,item_unit,bottle size not recorded,2500.0,,2500.0,per bottle,,0
519549331,nakaseke,rural,Kasangombe,1,2025-07-17,0.720497,32.398159,Other_Vegetables,onions,1,Small size omulengo,,small size omulengo,local,"local unit, not converted",500.0,,,,,0
520289298,nakaseke,rural,Kasangombe,3,2025-07-17,0.720089,32.397555,Other_Vegetables,onions,1,1kg,1.0,kg,mass,,10000.0,,10000.0,kg,price_std >3x or <1/3 of item median,0
519549331,nakaseke,rural,Kasangombe,1,2025-07-17,0.720497,32.398159,Other_Vegetables,onions,2,Omulengo medium size,,omulengo medium size,local,"local unit, not converted",1000.0,,,,,0
520289298,nakaseke,rural,Kasangombe,3,2025-07-17,0.720089,32.397555,Other_Vegetables,onions,2,1kg,1.0,kg,mass,,,'100p' unparseable (implausible for 1 kg onions),,,,0
519549331,nakaseke,rural,Kasangombe,1,2025-07-17,0.720497,32.398159,Other_Vegetables,tomatoes,1,5 pcs,5.0,piece,count,,500.0,,100.0,piece,,
520289298,nakaseke,rural,Kasangombe,3,2025-07-17,0.720089,32.397555,Other_Vegetables,tomatoes,1,1small plate,,1small plate,local,"local unit, not converted",1000.0,,,,,"These are sourced from local also,"
519549331,nakaseke,rural,Kasangombe,1,2025-07-17,0.720497,32.398159,Other_Vegetables,tomatoes,2,Medium size,1.0,piece,count,size class; 1 piece assumed,1000.0,,1000.0,piece,price_std >3x or <1/3 of item median,Sellers sell according to the price they kusubula.
520289298,nakaseke,rural,Kasangombe,3,2025-07-17,0.720089,32.397555,Other_Vegetables,tomatoes,2,1 small plate,,1 small plate,local,"local unit, not converted",1000.0,,,,,0
519549331,nakaseke,rural,Kasangombe,1,2025-07-17,0.720497,32.398159,Other_Vegetables,tomatoes,3,Ekigandula,,ekigandula,local,"local unit, not converted",10000.0,,,,,"December tomatoes move alot because it is the festive season. Trucks bring the to,atoes and sell to the people in markets. sometimes people buy from the trucks themselves when they come and then they do not buy from the market vendors."
519549331,nakaseke,rural,Kasangombe,1,2025-07-17,0.720497,32.398159,Prepared_Cereals,bread,1,Loaf of 1 kg,1.0,kg,mass,,5500.0,,5500.0,kg,,The brand is called kawoomera. It is milk bread and people like it.
520289298,nakaseke,rural,Kasangombe,3,2025-07-17,0.720089,32.397555,Prepared_Cereals,bread,1,1kg,1.0,kg,mass,,5500.0,,5500.0,kg,,Bread is mostly consumed when there functions and aslo during festival seasons and aslo visiting days of schools
519549331,nakaseke,rural,Kasangombe,1,2025-07-17,0.720497,32.398159,Prepared_Cereals,bread,2,Loaf of 1 kg,1.0,kg,mass,,5500.0,,5500.0,kg,,Brand is kidawalime. Bread is mlst bought in the festive season.
520289298,nakaseke,rural,Kasangombe,3,2025-07-17,0.720089,32.397555,Prepared_Cereals,bread,2,1kg,1.0,kg,mass,,6000.0,,6000.0,kg,,0
519549331,nakaseke,rural,Kasangombe,1,2025-07-17,0.720497,32.398159,Prepared_Cereals,bread,3,Loaf of 1 kg,1.0,kg,mass,,5800.0,,5800.0,kg,,Brand is cake bread. People do not normally buy it because it is expensive.
520289298,nakaseke,rural,Kasangombe,3,2025-07-17,0.720089,32.397555,Prepared_Cereals,bread,3,1kg,1.0,kg,mass,,5500.0,,5500.0,kg,,0
519549331,nakaseke,rural,Kasangombe,1,2025-07-17,0.720497,32.398159,Prepared_Cereals,naan,1,A pc,1.0,piece,count,,1000.0,,1000.0,piece,,Hey do not buy them alot because people are poor.
520289298,nakaseke,rural,Kasangombe,3,2025-07-17,0.720089,32.397555,Prepared_Cereals,naan,1,1 chapati,1.0,piece,count,,1000.0,,1000.0,piece,,Chapatis are now expensive due to the higher expenses incurred in the process of production
519549331,nakaseke,rural,Kasangombe,1,2025-07-17,0.720497,32.398159,Prepared_Cereals,naan,2,A pc,1.0,piece,count,,1000.0,,1000.0,piece,,"Alot of people buy the chapatis on loan. They move alot from the month of August till December. People start buying the chapatis from as early as 7am. Then there is also the tax for town council of 500 ugx everyday,"
520289298,nakaseke,rural,Kasangombe,3,2025-07-17,0.720089,32.397555,Prepared_Cereals,naan,2,1 Chapati,1.0,piece,count,,500.0,,500.0,piece,,0
520289298,nakaseke,rural,Kasangombe,3,2025-07-17,0.720089,32.397555,Prepared_Cereals,naan,3,1  Chapati,1.0,piece,count,,1000.0,,1000.0,piece,,0.0
520289298,nakaseke,rural,Kasangombe,3,2025-07-17,0.720089,32.397555,Prepared_Cereals,oat_products,1,1kg,1.0,kg,mass,,7000.0,,7000.0,kg,,"This is the supermarket price , however thus product is not found in local shops , because ist expensive for the local people to buy with less money"
519549331,nakaseke,rural,Kasangombe,1,2025-07-17,0.720497,32.398159,Prepared_Cereals,spaghetti,1,200 grams,0.2,kg,mass,,1500.0,,7500.0,kg,,Brand is called king. It is cheap but people do not buy it alot. They prefer santa lucia.
520289298,nakaseke,rural,Kasangombe,3,2025-07-17,0.720089,32.397555,Prepared_Cereals,spaghetti,1,250g,0.25,kg,mass,,1000.0,,4000.0,kg,,Most of the times the spaghetti is bought by the peoplwho sell chips to people however these days people are catching up with eating spaghetti because of its affordability
519549331,nakaseke,rural,Kasangombe,1,2025-07-17,0.720497,32.398159,Prepared_Cereals,spaghetti,2,200 grams,0.2,kg,mass,,2500.0,,12500.0,kg,,Brand is santa lucia. Most bought and they like buying the small size of 200 grams. Hey get them from wholesale shops within nakaseke.
520289298,nakaseke,rural,Kasangombe,3,2025-07-17,0.720089,32.397555,Prepared_Cereals,spaghetti,2,100g,0.1,kg,mass,,1000.0,,10000.0,kg,,0
519549331,nakaseke,rural,Kasangombe,1,2025-07-17,0.720497,32.398159,Prepared_Cereals,spaghetti,3,250 grams,0.25,kg,mass,,1800.0,,7200.0,kg,,Brand is called Fortune. People also buy this brand alot
520289298,nakaseke,rural,Kasangombe,3,2025-07-17,0.720089,32.397555,Prepared_Cereals,spaghetti,3,200g,0.2,kg,mass,,1000.0,,5000.0,kg,,0
519549331,nakaseke,rural,Kasangombe,1,2025-07-17,0.720497,32.398159,Pulses_and_Legumes,cow_peas,1,Dry peas kg,1.0,kg,mass,text gives brand/descriptor only; 1 kg assumed from questionnaire,6000.0,,6000.0,kg,,This type is for making samosas. It is not bought alot.
519549331,nakaseke,rural,Kasangombe,1,2025-07-17,0.720497,32.398159,Pulses_and_Legumes,dried_beans,1,Kg,1.0,kg,mass,bare 'kg' = 1 kg,4000.0,,4000.0,kg,,Type is nammbal people buy it because it is very sweet and if cooked well.e
520289298,nakaseke,rural,Kasangombe,3,2025-07-17,0.720089,32.397555,Pulses_and_Legumes,dried_beans,1,1kg,1.0,kg,mass,,4000.0,,4000.0,kg,,These beans are sourced from the local farmers and during the planting are always scarce and the sellers start  buying g from luwero
519549331,nakaseke,rural,Kasangombe,1,2025-07-17,0.720497,32.398159,Pulses_and_Legumes,dried_beans,2,Kg,1.0,kg,mass,bare 'kg' = 1 kg,3500.0,,3500.0,kg,,Nambale type. It is sweet with posh and katogo and kikomando. They buy it from farmers in nakaseke farmers.
520289298,nakaseke,rural,Kasangombe,3,2025-07-17,0.720089,32.397555,Pulses_and_Legumes,dried_beans,2,1kg,1.0,kg,mass,,3000.0,,3000.0,kg,,0
519549331,nakaseke,rural,Kasangombe,1,2025-07-17,0.720497,32.398159,Pulses_and_Legumes,dried_soybeans,1,Soya flour,1.0,kg,mass,text gives brand/descriptor only; 1 kg assumed from questionnaire,3200.0,,3200.0,kg,,They buy it from companies. Pregnant women take it alot and also sick people.
519549331,nakaseke,rural,Kasangombe,1,2025-07-17,0.720497,32.398159,Pulses_and_Legumes,dried_soybeans,2,Soya porridge,1.0,kg,mass,text gives brand/descriptor only; 1 kg assumed from questionnaire,4000.0,,4000.0,kg,,
519549331,nakaseke,rural,Kasangombe,1,2025-07-17,0.720497,32.398159,Pulses_and_Legumes,ground_nuts,1,Kg,1.0,kg,mass,bare 'kg' = 1 kg,7500.0,,7500.0,kg,,
520289298,nakaseke,rural,Kasangombe,3,2025-07-17,0.720089,32.397555,Pulses_and_Legumes,ground_nuts,1,1kg,1.0,kg,mass,,7000.0,,7000.0,kg,,"These are sourced from busoga land so far groundnuts is the most eaten sour e in this area , easy to cook and a it cheao"
519549331,nakaseke,rural,Kasangombe,1,2025-07-17,0.720497,32.398159,Pulses_and_Legumes,ground_nuts,2,Kg,1.0,kg,mass,bare 'kg' = 1 kg,7000.0,,7000.0,kg,,
520289298,nakaseke,rural,Kasangombe,3,2025-07-17,0.720089,32.397555,Pulses_and_Legumes,ground_nuts,2,1kg,1.0,kg,mass,,7000.0,,7000.0,kg,,0.0
519549331,nakaseke,rural,Kasangombe,1,2025-07-17,0.720497,32.398159,Roots_Tubers,cassava,1,Cassava flour kg,1.0,kg,mass,bare 'kg' = 1 kg,2000.0,,2000.0,kg,,They buy it alot. People buy it to make pancakes.
520289298,nakaseke,rural,Kasangombe,3,2025-07-17,0.720089,32.397555,Roots_Tubers,cassava,1,1 pile 4 pieces,4.0,piece,count,,1000.0,,250.0,piece,,These are sourced from the local farmers in the area
519549331,nakaseke,rural,Kasangombe,1,2025-07-17,0.720497,32.398159,Roots_Tubers,cassava,2,Cassava flour kg,1.0,kg,mass,bare 'kg' = 1 kg,1000.0,,1000.0,kg,,It is bought everyday. The shop attendant sells about 2 to 3 kilos a day. It is not bought alot. They buy it fromm wholesalers who have machines that make the cassava flour.
519549331,nakaseke,rural,Kasangombe,1,2025-07-17,0.720497,32.398159,Roots_Tubers,cassava,3,Omulengo of cassava,,omulengo of cassava,local,"local unit, not converted",2000.0,,,,,
519549331,nakaseke,rural,Kasangombe,1,2025-07-17,0.720497,32.398159,Roots_Tubers,irish_potatoes,1,Kg,1.0,kg,mass,bare 'kg' = 1 kg,2000.0,,2000.0,kg,,About 8 pcs make a kilo if medium size.
520289298,nakaseke,rural,Kasangombe,3,2025-07-17,0.720089,32.397555,Roots_Tubers,irish_potatoes,1,1small pile,,1small pile,local,"local unit, not converted",1000.0,,,,,0
519549331,nakaseke,rural,Kasangombe,1,2025-07-17,0.720497,32.398159,Roots_Tubers,irish_potatoes,2,Packed in white small polythene bag,,packed in white small polythene bag,local,"local unit, not converted",1000.0,,,,,About 5 pcs
519549331,nakaseke,rural,Kasangombe,1,2025-07-17,0.720497,32.398159,Roots_Tubers,irish_potatoes,3,Ndebe (cut jerrycan in different sizes.,,ndebe (cut jerrycan in different sizes.,local,"local unit, not converted",,multiple prices for different jerrycan sizes in text; see comment,,,,They are brought from nakasero market. People do not normally buy them when they are expensive.
519549331,nakaseke,rural,Kasangombe,1,2025-07-17,0.720497,32.398159,Roots_Tubers,sweet_potatoes,1,Omulengo,,omulengo,local,"local unit, not converted",2000.0,,,,,
520289298,nakaseke,rural,Kasangombe,3,2025-07-17,0.720089,32.397555,Roots_Tubers,sweet_potatoes,1,1 pike with 6 pieces,6.0,piece,count,,1000.0,,166.66666666666666,piece,,These are also gotten from the far ers around the area
520289298,nakaseke,rural,Kasangombe,3,2025-07-17,0.720089,32.397555,Roots_Tubers,yams,1,1 bundle small with 3 pieces,3.0,piece,count,,1000.0,,333.3333333333333,piece,,The yams are sourced from  the farmers around who have  land near the wetlands
519549331,nakaseke,rural,Kasangombe,1,2025-07-17,0.720497,32.398159,Starchy_Fruits_Vegetables,avocado,1,Omulengo,,omulengo,local,"local unit, not converted",1000.0,,,,,"Bought from farmers within. In August, avocado gets many buyers."
520289298,nakaseke,rural,Kasangombe,3,2025-07-17,0.720089,32.397555,Starchy_Fruits_Vegetables,avocado,1,4 fruits,4.0,piece,count,,1000.0,,250.0,piece,,These avocado's are gotten from the local farmers and they always in plenty in the months of May to July
519549331,nakaseke,rural,Kasangombe,1,2025-07-17,0.720497,32.398159,Starchy_Fruits_Vegetables,avocado,2,4 pcs,4.0,piece,count,,1000.0,,250.0,piece,,"In September when it is not in season, people buy it alot. The sellers get the avocado from farmers within nakaseke."
520289298,nakaseke,rural,Kasangombe,3,2025-07-17,0.720089,32.397555,Starchy_Fruits_Vegetables,avocado,2,3fruits,3.0,piece,count,,1000.0,,333.3333333333333,piece,,
520289298,nakaseke,rural,Kasangombe,3,2025-07-17,0.720089,32.397555,Starchy_Fruits_Vegetables,avocado,3,5fruits,5.0,piece,count,,2000.0,,400.0,piece,,
519549331,nakaseke,rural,Kasangombe,1,2025-07-17,0.720497,32.398159,Starchy_Fruits_Vegetables,banana,1,Matooke enkota,,matooke enkota,local,"local unit, not converted",5000.0,"price read from '5,000 small size.'",,,,Matooke are not in season so they are lost. Elling price depends on the price of kusubula.
520289298,nakaseke,rural,Kasangombe,3,2025-07-17,0.720089,32.397555,Starchy_Fruits_Vegetables,banana,1,1 bunch,,1 bunch,local,"local unit, not converted",15000.0,,,,,"During months of January to  March there is a lot of matooke , however in other months its always scarce that's why people in this  area opt for other foods compared to matooke  because its expensive and people don't cultivate it on their farms , a few do that because they do the have enough land for that"
519549331,nakaseke,rural,Kasangombe,1,2025-07-17,0.720497,32.398159,Starchy_Fruits_Vegetables,banana,2,Bogoya,2.0,piece,count,text gives brand/descriptor only,500.0,'2 pcs at 500': 500 UGX for 2 pieces (amount set to 2),250.0,piece,,
520289298,nakaseke,rural,Kasangombe,3,2025-07-17,0.720089,32.397555,Starchy_Fruits_Vegetables,banana,2,1 bunch,2.0,piece,count,"local unit, not converted",10000.0,,5000.0,piece,,0
519549331,nakaseke,rural,Kasangombe,1,2025-07-17,0.720497,32.398159,Starchy_Fruits_Vegetables,banana,3,3ekiwagu of bogoya.,,3ekiwagu of bogoya.,local,"local unit, not converted",3000.0,,,,,
520289298,nakaseke,rural,Kasangombe,3,2025-07-17,0.720089,32.397555,Starchy_Fruits_Vegetables,banana,3,1 bunch,,1 bunch,local,"local unit, not converted",10000.0,,,,,0.0
520289298,nakaseke,rural,Kasangombe,3,2025-07-17,0.720089,32.397555,Starchy_Fruits_Vegetables,mangoes,1,3 mangoes,3.0,piece,count,,1000.0,,333.3333333333333,piece,,These mangoes have only two seasons and from April to July its always its season in this area
519549331,nakaseke,rural,Kasangombe,1,2025-07-17,0.720497,32.398159,Starchy_Fruits_Vegetables,sweet_banana,1,Small size kiwagu,,small size kiwagu,local,"local unit, not converted",500.0,,,,,
520289298,nakaseke,rural,Kasangombe,3,2025-07-17,0.720089,32.397555,Starchy_Fruits_Vegetables,sweet_banana,1,1 bunch,,1 bunch,local,"local unit, not converted",2000.0,,,,,This item is so expensive  because they are  scarce .
519549331,nakaseke,rural,Kasangombe,1,2025-07-17,0.720497,32.398159,Starchy_Fruits_Vegetables,sweet_banana,2,Medium size kiwagu,,medium size kiwagu,local,"local unit, not converted",1000.0,,,,,
520289298,nakaseke,rural,Kasangombe,3,2025-07-17,0.720089,32.397555,Starchy_Fruits_Vegetables,sweet_banana,2,1 bunch,,1 bunch,local,"local unit, not converted",2000.0,,,,,
519549331,nakaseke,rural,Kasangombe,1,2025-07-17,0.720497,32.398159,Starchy_Fruits_Vegetables,watermelon,1,Pc,1.0,piece,count,,3000.0,,3000.0,piece,,Have no particular season.
519549331,nakaseke,rural,Kasangombe,1,2025-07-17,0.720497,32.398159,Starchy_Fruits_Vegetables,watermelon,2,Pc,1.0,piece,count,,4000.0,,4000.0,piece,,
519970874,nakaseke,urban,Kiwoko,2,2025-07-18,0.843689,32.364705,Cereals_and_Grains,maize,1,Maize flour kg,1.0,kg,mass,bare 'kg' = 1 kg,2800.0,,2800.0,kg,,
520226435,nakaseke,urban,Kiwoko,4,2025-07-18,0.843399,32.36584,Cereals_and_Grains,maize,1,1kg,1.0,kg,mass,,2800.0,,2800.0,kg,,"Posho is consumed daily because its affordable,  however prices fluctuate based on the planting and harvesting seasons"
519970874,nakaseke,urban,Kiwoko,2,2025-07-18,0.843689,32.364705,Cereals_and_Grains,maize,2,Maize flour kg,1.0,kg,mass,bare 'kg' = 1 kg,2800.0,,2800.0,kg,,This grade is referred to as number 1.
520226435,nakaseke,urban,Kiwoko,4,2025-07-18,0.843399,32.36584,Cereals_and_Grains,maize,2,1kg,1.0,kg,mass,,2800.0,,2800.0,kg,,0
519970874,nakaseke,urban,Kiwoko,2,2025-07-18,0.843689,32.364705,Cereals_and_Grains,maize,3,Maize flour kg,1.0,kg,mass,bare 'kg' = 1 kg,2500.0,,2500.0,kg,,"The sellers purchase it from luwero from the machine that ma,especially the cassava flour."
520226435,nakaseke,urban,Kiwoko,4,2025-07-18,0.843399,32.36584,Cereals_and_Grains,maize,3,1kg,1.0,kg,mass,,2800.0,,2800.0,kg,,0
520226435,nakaseke,urban,Kiwoko,4,2025-07-18,0.843399,32.36584,Cereals_and_Grains,millet,1,1kg,1.0,kg,mass,,4500.0,,4500.0,kg,,"The sellers normally buy millet from stores around , process it and sell later"
520226435,nakaseke,urban,Kiwoko,4,2025-07-18,0.843399,32.36584,Cereals_and_Grains,millet,2,1kg,1.0,kg,mass,,3000.0,,3000.0,kg,,0
519970874,nakaseke,urban,Kiwoko,2,2025-07-18,0.843689,32.364705,Cereals_and_Grains,rice,1,Kg,1.0,kg,mass,bare 'kg' = 1 kg,5000.0,,5000.0,kg,,Brand supper.
520226435,nakaseke,urban,Kiwoko,4,2025-07-18,0.843399,32.36584,Cereals_and_Grains,rice,1,1kg,1.0,kg,mass,,4000.0,,4000.0,kg,,Super rice is most preferred because its sorted and easy to cook
519970874,nakaseke,urban,Kiwoko,2,2025-07-18,0.843689,32.364705,Cereals_and_Grains,rice,2,Kg,1.0,kg,mass,bare 'kg' = 1 kg,4500.0,,4500.0,kg,,Mostly bought on Tuesday and Wednesday.
520226435,nakaseke,urban,Kiwoko,4,2025-07-18,0.843399,32.36584,Cereals_and_Grains,rice,2,1kg,1.0,kg,mass,,4500.0,,4500.0,kg,,0
519970874,nakaseke,urban,Kiwoko,2,2025-07-18,0.843689,32.364705,Cereals_and_Grains,rice,3,Kg,1.0,kg,mass,bare 'kg' = 1 kg,4000.0,,4000.0,kg,,
520226435,nakaseke,urban,Kiwoko,4,2025-07-18,0.843399,32.36584,Cereals_and_Grains,rice,3,1kg,1.0,kg,mass,,4500.0,,4500.0,kg,,0
519970874,nakaseke,urban,Kiwoko,2,2025-07-18,0.843689,32.364705,Cereals_and_Grains,wheat,1,2kg pack,2.0,kg,mass,,6000.0,,3000.0,kg,,Brand is called drum.
520226435,nakaseke,urban,Kiwoko,4,2025-07-18,0.843399,32.36584,Cereals_and_Grains,wheat,1,1kg,1.0,kg,mass,,6000.0,,6000.0,kg,,0
519970874,nakaseke,urban,Kiwoko,2,2025-07-18,0.843689,32.364705,Cereals_and_Grains,wheat,2,2kg pack,2.0,kg,mass,,6000.0,,3000.0,kg,,Brand is called everyday. The sellers purchase it from a whole sale shop in luwero.
520226435,nakaseke,urban,Kiwoko,4,2025-07-18,0.843399,32.36584,Cereals_and_Grains,wheat,2,1kg,1.0,kg,mass,,6000.0,,6000.0,kg,,0
519970874,nakaseke,urban,Kiwoko,2,2025-07-18,0.843689,32.364705,Cereals_and_Grains,wheat,3,2 kg pack,2.0,kg,mass,,6500.0,,3250.0,kg,,
520226435,nakaseke,urban,Kiwoko,4,2025-07-18,0.843399,32.36584,Cereals_and_Grains,wheat,3,1kg,1.0,kg,mass,,6000.0,,6000.0,kg,,0
519970874,nakaseke,urban,Kiwoko,2,2025-07-18,0.843689,32.364705,Dairy,milk,1,Classic,,,unknown,text gives brand/descriptor only,2500.0,,,,,Most consumed. Price got from a mini supermarket
520226435,nakaseke,urban,Kiwoko,4,2025-07-18,0.843399,32.36584,Dairy,milk,1,1ltr,1.0,litre,volume,,1800.0,,1800.0,litre,,"Milk is transported from Ngoma , during the dry season it's always less I  supply and the prices are always high."
519970874,nakaseke,urban,Kiwoko,2,2025-07-18,0.843689,32.364705,Dairy,milk,2,Jesa,,,unknown,text gives brand/descriptor only,2500.0,,,,,It is also bought alot by customers.
519970874,nakaseke,urban,Kiwoko,2,2025-07-18,0.843689,32.364705,Dairy,milk,3,Fresh diary,,,unknown,text gives brand/descriptor only,2500.0,,,,,
519970874,nakaseke,urban,Kiwoko,2,2025-07-18,0.843689,32.364705,Dairy,yoghurt,1,150 grams,0.15,kg,mass,,2000.0,,13333.333333333334,kg,,Brand is Greenland diaries. Price got from a mini supermarket
520226435,nakaseke,urban,Kiwoko,4,2025-07-18,0.843399,32.36584,Dairy,yoghurt,1,375g lato yourghurt,0.375,kg,mass,,2500.0,,6666.666666666667,kg,,Yoghurt is sold fast and the demand is always high in the area of kiwoko
519970874,nakaseke,urban,Kiwoko,2,2025-07-18,0.843689,32.364705,Dairy,yoghurt,2,250 grams,0.25,kg,mass,,2500.0,,10000.0,kg,,
520226435,nakaseke,urban,Kiwoko,4,2025-07-18,0.843399,32.36584,Dairy,yoghurt,2,375g,0.375,kg,mass,,2500.0,,6666.666666666667,kg,,0
519970874,nakaseke,urban,Kiwoko,2,2025-07-18,0.843689,32.364705,Eggs,eggs,1,Tray,1.0,tray,item_unit,tray size not recorded (30 eggs typical),11000.0,,11000.0,per tray,,They are got from farmers.
520226435,nakaseke,urban,Kiwoko,4,2025-07-18,0.843399,32.36584,Eggs,eggs,1,1 tray,1.0,tray,item_unit,tray size not recorded (30 eggs typical),10000.0,,10000.0,per tray,,"These eggs are sourced from Kabubwa , where Kenyans have constructed poultry farms and its where we get the eggs from , however the prices are getting higher everytime due to the increase in the prices of the poultry feeds"
520226435,nakaseke,urban,Kiwoko,4,2025-07-18,0.843399,32.36584,Eggs,eggs,2,1tray,1.0,tray,item_unit,tray size not recorded (30 eggs typical),11000.0,,11000.0,per tray,,0.0
519970874,nakaseke,urban,Kiwoko,2,2025-07-18,0.843689,32.364705,Fish,fish,1,Fresh fish a kg,1.0,kg,mass,,15000.0,,15000.0,kg,,"They kusubula at like 11,000 and sell at 15,000. They get the fish from luwero, nakasongola.in the month of October, they buy the fish alot. The type was called engege. She also told me that the fish normally appear in darkness. When the sun is alot they hide deep in the water and when there is a fullmoon they still hide alot in water. The fishermen do fish from about 1am to 5am."
520226435,nakaseke,urban,Kiwoko,4,2025-07-18,0.843399,32.36584,Fish,fish,1,1fish,1.0,piece,count,text gives brand/descriptor only; 1 pc assumed from questionnaire,8000.0,,8000.0,piece,,"These fish are sourced from the ends of kafu , however during the rainy season these fish are scarce and the prices are always high be a use the lake is not safe for the fishermen to fish and now this side we get less and are always expensive,  however during the safe days around the lake its always high in supply and less expensive,  even sometimes there is always fish poisoning o  the lake and this makes the fish to  e scarce"
519970874,nakaseke,urban,Kiwoko,2,2025-07-18,0.843689,32.364705,Gendered_Products,babyoil,1,Johnson 125 mls,0.125,litre,volume,,14000.0,,112000.0,litre,,
520226435,nakaseke,urban,Kiwoko,4,2025-07-18,0.843399,32.36584,Gendered_Products,babyoil,1,100ml,0.1,litre,volume,,4500.0,,45000.0,litre,,The seller stated that the small baby oils are the normally bought because of the aspect of affordability
519970874,nakaseke,urban,Kiwoko,2,2025-07-18,0.843689,32.364705,Gendered_Products,babyoil,2,Cusson baby 200 mls,0.2,litre,volume,,15000.0,,75000.0,litre,,
519970874,nakaseke,urban,Kiwoko,2,2025-07-18,0.843689,32.364705,Gendered_Products,babyoil,3,Cusson baby 100 mls,0.1,litre,volume,,9000.0,,90000.0,litre,,
519970874,nakaseke,urban,Kiwoko,2,2025-07-18,0.843689,32.364705,Gendered_Products,birthcontrolpills,1,Lydia emergency,1.0,pack,item_unit,text gives brand/descriptor only; 1 pack assumed from questionnaire,3000.0,,3000.0,per pack,,Price depends. They sell to some customers at 2k others 3k.
520226435,nakaseke,urban,Kiwoko,4,2025-07-18,0.843399,32.36584,Gendered_Products,birthcontrolpills,1,1 pack,1.0,pack,item_unit,pack size not recorded,3000.0,,3000.0,per pack,,0
519970874,nakaseke,urban,Kiwoko,2,2025-07-18,0.843689,32.364705,Gendered_Products,birthcontrolpills,2,Lydia pill contraceptives for 21 days,1.0,pack,item_unit,text gives brand/descriptor only; 1 pack assumed from questionnaire,3000.0,,3000.0,per pack,,They get them from pharmacy in luwero.
519970874,nakaseke,urban,Kiwoko,2,2025-07-18,0.843689,32.364705,Gendered_Products,condoms,1,Kiss,1.0,pack,item_unit,text gives brand/descriptor only; 1 pack assumed from questionnaire,1500.0,,1500.0,per pack,,Ordered from pharmacy in luwero
520226435,nakaseke,urban,Kiwoko,4,2025-07-18,0.843399,32.36584,Gendered_Products,condoms,1,1 pack,1.0,pack,item_unit,pack size not recorded,2000.0,,2000.0,per pack,,These products are not bought on a daily it seems all the people in the area are married stated the seller
519970874,nakaseke,urban,Kiwoko,2,2025-07-18,0.843689,32.364705,Gendered_Products,condoms,2,Protector,1.0,pack,item_unit,text gives brand/descriptor only; 1 pack assumed from questionnaire,2000.0,,2000.0,per pack,,
519970874,nakaseke,urban,Kiwoko,2,2025-07-18,0.843689,32.364705,Gendered_Products,menstrualpads,1,Always small pack,1.0,pack,item_unit,pack size not recorded,3000.0,,3000.0,per pack,,
520226435,nakaseke,urban,Kiwoko,4,2025-07-18,0.843399,32.36584,Gendered_Products,menstrualpads,1,1pack of softcare pads,1.0,pack,item_unit,pack size not recorded,2500.0,,2500.0,per pack,,These pads are so preferred because they are affordable and safe to use
519970874,nakaseke,urban,Kiwoko,2,2025-07-18,0.843689,32.364705,Gendered_Products,menstrualpads,2,Softcare pack,1.0,pack,item_unit,pack size not recorded,2500.0,,2500.0,per pack,,
520226435,nakaseke,urban,Kiwoko,4,2025-07-18,0.843399,32.36584,Gendered_Products,menstrualpads,2,1pack of soft are pads,1.0,pack,item_unit,pack size not recorded,2500.0,,2500.0,per pack,,0
519970874,nakaseke,urban,Kiwoko,2,2025-07-18,0.843689,32.364705,Gendered_Products,menstrualpads,3,Softcare,1.0,pack,item_unit,text gives brand/descriptor only; 1 pack assumed from questionnaire,2500.0,,2500.0,per pack,,
520226435,nakaseke,urban,Kiwoko,4,2025-07-18,0.843399,32.36584,Gendered_Products,menstrualpads,3,1 pack of softcare pads,1.0,pack,item_unit,pack size not recorded,2500.0,,2500.0,per pack,,0
519970874,nakaseke,urban,Kiwoko,2,2025-07-18,0.843689,32.364705,Gendered_Products,soap,1,White star bar,1.0,bar,count,,5800.0,,5800.0,piece,,Most used brand
520226435,nakaseke,urban,Kiwoko,4,2025-07-18,0.843399,32.36584,Gendered_Products,soap,1,1 bar of soap,1.0,piece,count,,5000.0,,5000.0,piece,,The expensive soap is white star and this is because its durable compared to other tof soaps fsoap
519970874,nakaseke,urban,Kiwoko,2,2025-07-18,0.843689,32.364705,Gendered_Products,soap,2,Jamaa bar,1.0,bar,count,,5800.0,,5800.0,piece,,
520226435,nakaseke,urban,Kiwoko,4,2025-07-18,0.843399,32.36584,Gendered_Products,soap,2,1 bar of soap,1.0,piece,count,,5500.0,,5500.0,piece,,0
519970874,nakaseke,urban,Kiwoko,2,2025-07-18,0.843689,32.364705,Gendered_Products,soap,3,Popco,1.0,piece,count,text gives brand/descriptor only; 1 pc assumed from questionnaire,4000.0,,4000.0,piece,,People also use it alot.
520226435,nakaseke,urban,Kiwoko,4,2025-07-18,0.843399,32.36584,Gendered_Products,soap,3,1 bar of soap,1.0,piece,count,,5800.0,,5800.0,piece,,0
519970874,nakaseke,urban,Kiwoko,2,2025-07-18,0.843689,32.364705,Leafy_Vegetables,cabbage,1,Pc,1.0,piece,count,,2000.0,,2000.0,piece,,Price depends on the size. The vendors buy from the villagers.
520226435,nakaseke,urban,Kiwoko,4,2025-07-18,0.843399,32.36584,Leafy_Vegetables,cabbage,1,1 piece,1.0,piece,count,,1000.0,,1000.0,piece,,These are of small size and are gotten from the local farmers around kiwoko
519970874,nakaseke,urban,Kiwoko,2,2025-07-18,0.843689,32.364705,Leafy_Vegetables,cabbage,2,Pc,1.0,piece,count,,1000.0,,1000.0,piece,,Sometimes hawkers sell to the vendors.
520226435,nakaseke,urban,Kiwoko,4,2025-07-18,0.843399,32.36584,Leafy_Vegetables,cabbage,2,1 piece,1.0,piece,count,,1200.0,,1200.0,piece,,0
520226435,nakaseke,urban,Kiwoko,4,2025-07-18,0.843399,32.36584,Leafy_Vegetables,cabbage,3,1 piece,1.0,piece,count,,3000.0,,3000.0,piece,,These are sourced from luwero area and they are always big in size
519970874,nakaseke,urban,Kiwoko,2,2025-07-18,0.843689,32.364705,Leafy_Vegetables,doodo,1,Bunch,,bunch,local,"local unit, not converted",500.0,,,,,
520226435,nakaseke,urban,Kiwoko,4,2025-07-18,0.843399,32.36584,Leafy_Vegetables,doodo,1,1 bundle,,1 bundle,local,"local unit, not converted",1000.0,,,,,Dodo is expensive compared to Nakati in this market because the seeds for dodo are expensive and that's why farmers can afford to cultivate it hence less I  supply with high demand
519970874,nakaseke,urban,Kiwoko,2,2025-07-18,0.843689,32.364705,Leafy_Vegetables,doodo,2,Bunch,,bunch,local,"local unit, not converted",1000.0,,,,,
519970874,nakaseke,urban,Kiwoko,2,2025-07-18,0.843689,32.364705,Leafy_Vegetables,ebugga,1,Akanwa,,akanwa,local,"local unit, not converted",500.0,,,,,They buy from farmers in kiwoko.
520226435,nakaseke,urban,Kiwoko,4,2025-07-18,0.843399,32.36584,Leafy_Vegetables,ebugga,1,1 bundle,,1 bundle,local,"local unit, not converted",1000.0,,,,,0
519970874,nakaseke,urban,Kiwoko,2,2025-07-18,0.843689,32.364705,Leafy_Vegetables,nakati,1,Bunch,,bunch,local,"local unit, not converted",500.0,,,,,
520226435,nakaseke,urban,Kiwoko,4,2025-07-18,0.843399,32.36584,Leafy_Vegetables,nakati,1,1 bundle,,1 bundle,local,"local unit, not converted",500.0,,,,,0
519970874,nakaseke,urban,Kiwoko,2,2025-07-18,0.843689,32.364705,Meat,beaf,1,Kg,1.0,kg,mass,bare 'kg' = 1 kg,16000.0,,16000.0,kg,,Mostly consumed starting from November to December.
520226435,nakaseke,urban,Kiwoko,4,2025-07-18,0.843399,32.36584,Meat,beaf,1,1kg,1.0,kg,mass,,17000.0,,17000.0,kg,,"The cows are bought from Ngoma , the meats demand is always hight beginning from the months of December to February this is because the people have money from the harvest of coffee and other crops also its when the children are at home e not at school so there always big families hence the high demands"
519970874,nakaseke,urban,Kiwoko,2,2025-07-18,0.843689,32.364705,Meat,beaf,2,Kg,1.0,kg,mass,bare 'kg' = 1 kg,17000.0,,17000.0,kg,,Gotten from luwero.
520226435,nakaseke,urban,Kiwoko,4,2025-07-18,0.843399,32.36584,Meat,beaf,2,1kg,1.0,kg,mass,,17000.0,,17000.0,kg,,0
520226435,nakaseke,urban,Kiwoko,4,2025-07-18,0.843399,32.36584,Meat,beaf,3,1kg,1.0,kg,mass,,16000.0,,16000.0,kg,,0.0
519970874,nakaseke,urban,Kiwoko,2,2025-07-18,0.843689,32.364705,Meat,chicken,1,White brand /brailor a pc,1.0,piece,count,,15000.0,,15000.0,piece,,"In holidays, they are bought alot."
520226435,nakaseke,urban,Kiwoko,4,2025-07-18,0.843399,32.36584,Meat,chicken,1,1kg,1.0,kg,mass,,16000.0,,16000.0,kg,,"These chicken the broilers are from  the Kenyans farms around kiwoko , however the local chi Ken are sourced from with the farms of the locals"
519970874,nakaseke,urban,Kiwoko,2,2025-07-18,0.843689,32.364705,Meat,chicken,2,Local (enganda) a pc,1.0,piece,count,,40000.0,,40000.0,piece,,Got from villages like nabitunda.
519970874,nakaseke,urban,Kiwoko,2,2025-07-18,0.843689,32.364705,Meat,chicken,3,Crailors a lc,1.0,piece,count,text gives brand/descriptor only; 1 pc assumed from questionnaire,30000.0,,30000.0,piece,,
519970874,nakaseke,urban,Kiwoko,2,2025-07-18,0.843689,32.364705,Meat,goat,1,Kg,1.0,kg,mass,bare 'kg' = 1 kg,18000.0,,18000.0,kg,,Goats meat doesn't move alot. They also don't sell it everyday at the butcher.
520226435,nakaseke,urban,Kiwoko,4,2025-07-18,0.843399,32.36584,Meat,goat,1,1kg,1.0,kg,mass,,20000.0,,20000.0,kg,,Also these goats are sourced from Ngoma and the near  y farms in the area
519970874,nakaseke,urban,Kiwoko,2,2025-07-18,0.843689,32.364705,Meat,goat,2,Kg,1.0,kg,mass,bare 'kg' = 1 kg,20000.0,,20000.0,kg,,0
520226435,nakaseke,urban,Kiwoko,4,2025-07-18,0.843399,32.36584,Meat,goat,2,1kg,1.0,kg,mass,,20000.0,,20000.0,kg,,0
520226435,nakaseke,urban,Kiwoko,4,2025-07-18,0.843399,32.36584,Meat,goat,3,1kg,1.0,kg,mass,,20000.0,,20000.0,kg,,0
519970874,nakaseke,urban,Kiwoko,2,2025-07-18,0.843689,32.364705,Oils_Fats_Non_Alcoholic_Beverages,cookingoil,1,Litre,1.0,litre,volume,bare 'litre' = 1 litre,7300.0,,7300.0,litre,,Brand is fortune.
520226435,nakaseke,urban,Kiwoko,4,2025-07-18,0.843399,32.36584,Oils_Fats_Non_Alcoholic_Beverages,cookingoil,1,1/2ltr,0.5,litre,volume,,3700.0,,7400.0,litre,,Most of the people we sell these products are the chapati making people and the people who fry chips
519970874,nakaseke,urban,Kiwoko,2,2025-07-18,0.843689,32.364705,Oils_Fats_Non_Alcoholic_Beverages,cookingoil,2,Litre,1.0,litre,volume,bare 'litre' = 1 litre,7200.0,,7200.0,litre,,Fortune brand.
520226435,nakaseke,urban,Kiwoko,4,2025-07-18,0.843399,32.36584,Oils_Fats_Non_Alcoholic_Beverages,cookingoil,2,1/2ltr,0.5,litre,volume,,3700.0,,7400.0,litre,,0
519970874,nakaseke,urban,Kiwoko,2,2025-07-18,0.843689,32.364705,Oils_Fats_Non_Alcoholic_Beverages,cookingoil,3,Litre,1.0,litre,volume,bare 'litre' = 1 litre,7500.0,,7500.0,litre,,Brand is modern.
520226435,nakaseke,urban,Kiwoko,4,2025-07-18,0.843399,32.36584,Oils_Fats_Non_Alcoholic_Beverages,cookingoil,3,1/2ltr,0.5,litre,volume,,3700.0,,7400.0,litre,,0
520226435,nakaseke,urban,Kiwoko,4,2025-07-18,0.843399,32.36584,Oils_Fats_Non_Alcoholic_Beverages,margarine,1,100g,0.1,kg,mass,,2500.0,,25000.0,kg,,0
520226435,nakaseke,urban,Kiwoko,4,2025-07-18,0.843399,32.36584,Oils_Fats_Non_Alcoholic_Beverages,margarine,2,100g,0.1,kg,mass,,2500.0,,25000.0,kg,,0
519970874,nakaseke,urban,Kiwoko,2,2025-07-18,0.843689,32.364705,Oils_Fats_Non_Alcoholic_Beverages,nonalcoholicbeverage_1,1,400 mls,0.4,litre,volume,,2500.0,,6250.0,litre,,Brand is minute maid.
520226435,nakaseke,urban,Kiwoko,4,2025-07-18,0.843399,32.36584,Oils_Fats_Non_Alcoholic_Beverages,nonalcoholicbeverage_1,1,1 bottle of minute maid,1.0,bottle,item_unit,bottle size not recorded,2500.0,,2500.0,per bottle,,People like this juice because of the taste
519970874,nakaseke,urban,Kiwoko,2,2025-07-18,0.843689,32.364705,Oils_Fats_Non_Alcoholic_Beverages,nonalcoholicbeverage_1,2,330 mls,0.33,litre,volume,,2000.0,,6060.60606060606,litre,,Brand is sting
520226435,nakaseke,urban,Kiwoko,4,2025-07-18,0.843399,32.36584,Oils_Fats_Non_Alcoholic_Beverages,nonalcoholicbeverage_1,2,1 bottle of minute  maid,1.0,bottle,item_unit,bottle size not recorded,2500.0,,2500.0,per bottle,,0
519970874,nakaseke,urban,Kiwoko,2,2025-07-18,0.843689,32.364705,Oils_Fats_Non_Alcoholic_Beverages,nonalcoholicbeverage_1,3,330 mls,0.33,litre,volume,,2000.0,,6060.60606060606,litre,,Predator. People buy it alot.
519970874,nakaseke,urban,Kiwoko,2,2025-07-18,0.843689,32.364705,Oils_Fats_Non_Alcoholic_Beverages,nonalcoholicbeverage_2,1,500 mls,0.5,litre,volume,,2500.0,,5000.0,litre,,Oner
520226435,nakaseke,urban,Kiwoko,4,2025-07-18,0.843399,32.36584,Oils_Fats_Non_Alcoholic_Beverages,nonalcoholicbeverage_2,1,1 bottle  of oner juice,1.0,bottle,item_unit,bottle size not recorded,2500.0,,2500.0,per bottle,,0
519970874,nakaseke,urban,Kiwoko,2,2025-07-18,0.843689,32.364705,Oils_Fats_Non_Alcoholic_Beverages,nonalcoholicbeverage_2,2,500 mls,0.5,litre,volume,,1500.0,,3000.0,litre,,Brand is coffee malt.
520226435,nakaseke,urban,Kiwoko,4,2025-07-18,0.843399,32.36584,Oils_Fats_Non_Alcoholic_Beverages,nonalcoholicbeverage_2,2,1 bottle of oner er juice,1.0,bottle,item_unit,bottle size not recorded,2500.0,,2500.0,per bottle,,0
519970874,nakaseke,urban,Kiwoko,2,2025-07-18,0.843689,32.364705,Oils_Fats_Non_Alcoholic_Beverages,nonalcoholicbeverage_2,3,Big splash.,1.0,piece,count,size class; 1 piece assumed,8000.0,,8000.0,piece,,Brand is splash.
520226435,nakaseke,urban,Kiwoko,4,2025-07-18,0.843399,32.36584,Other_Vegetables,cucumber,1,1 fruit,1.0,piece,count,,1000.0,,1000.0,piece,,"These cucumbers are not all that demanded because people don't feel a y taste them , the seller stated that there is need to sensitive people about the use of these fruits which they call for the rich"
519970874,nakaseke,urban,Kiwoko,2,2025-07-18,0.843689,32.364705,Other_Vegetables,onions,1,Ekigands of small ones,,ekigands of small ones,local,"local unit, not converted",10000.0,,,,,0
520226435,nakaseke,urban,Kiwoko,4,2025-07-18,0.843399,32.36584,Other_Vegetables,onions,1,1kg,1.0,kg,mass,,4500.0,,4500.0,kg,,Sourced from Luwero
519970874,nakaseke,urban,Kiwoko,2,2025-07-18,0.843689,32.364705,Other_Vegetables,onions,2,Kg,1.0,kg,mass,bare 'kg' = 1 kg,4000.0,,4000.0,kg,,0
519970874,nakaseke,urban,Kiwoko,2,2025-07-18,0.843689,32.364705,Other_Vegetables,onions,3,Kg,1.0,kg,mass,bare 'kg' = 1 kg,3000.0,,3000.0,kg,,They get them from luwero market.
519970874,nakaseke,urban,Kiwoko,2,2025-07-18,0.843689,32.364705,Other_Vegetables,tomatoes,1,3 pcs,3.0,piece,count,,500.0,,166.66666666666666,piece,,From hawkers.
520226435,nakaseke,urban,Kiwoko,4,2025-07-18,0.843399,32.36584,Other_Vegetables,tomatoes,1,1small plate 6fruits,6.0,piece,count,,1000.0,,166.66666666666666,piece,,"From the local farmers,  tomatoes are now expensive due to the increase I  the prices of  chemicals used in the spraying"
519970874,nakaseke,urban,Kiwoko,2,2025-07-18,0.843689,32.364705,Other_Vegetables,tomatoes,2,Endebbe that is a 20 litre jerrycan,20.0,litre,volume,,40000.0,,2000.0,litre,,
520226435,nakaseke,urban,Kiwoko,4,2025-07-18,0.843399,32.36584,Other_Vegetables,tomatoes,2,1small plate 6 bigfruits,,1small plate 6 bigfruits,local,"local unit, not converted",4000.0,,,,,0
519970874,nakaseke,urban,Kiwoko,2,2025-07-18,0.843689,32.364705,Other_Vegetables,tomatoes,3,Akasero,,akasero,local,"local unit, not converted",5000.0,,,,,They are bought everyday. Local restaurants buy them.
519970874,nakaseke,urban,Kiwoko,2,2025-07-18,0.843689,32.364705,Prepared_Cereals,bread,1,1 Kg loaf,1.0,kg,mass,,5500.0,,5500.0,kg,,Brand is called Maan pride
520226435,nakaseke,urban,Kiwoko,4,2025-07-18,0.843399,32.36584,Prepared_Cereals,bread,1,1kg,1.0,kg,mass,,5500.0,,5500.0,kg,,The big loaf of bread is preferred compared to the medium and small size because the differences in prices is small
519970874,nakaseke,urban,Kiwoko,2,2025-07-18,0.843689,32.364705,Prepared_Cereals,bread,2,1 kg bands,1.0,kg,mass,,2800.0,,2800.0,kg,,
520226435,nakaseke,urban,Kiwoko,4,2025-07-18,0.843399,32.36584,Prepared_Cereals,bread,2,1kg,1.0,kg,mass,,5500.0,,5500.0,kg,,0
519970874,nakaseke,urban,Kiwoko,2,2025-07-18,0.843689,32.364705,Prepared_Cereals,bread,3,500 grams,0.5,kg,mass,,3000.0,,6000.0,kg,,"Brand is called kawomera. People buy it alot because the size is s,all and it is sweet."
520226435,nakaseke,urban,Kiwoko,4,2025-07-18,0.843399,32.36584,Prepared_Cereals,bread,3,1kg,1.0,kg,mass,,5500.0,,5500.0,kg,,0
519970874,nakaseke,urban,Kiwoko,2,2025-07-18,0.843689,32.364705,Prepared_Cereals,naan,1,A pc,1.0,piece,count,,1000.0,,1000.0,piece,,The sellers start working at 5am. Customers start buying at 6am. The customers who normally buy the chapatis are the ones who are normally going to their farms. In the month of July chapatis are not bought alot. They start consuming chapatis alot in the month of August. This is because they have harvested and sold their produce and they have money.
520226435,nakaseke,urban,Kiwoko,4,2025-07-18,0.843399,32.36584,Prepared_Cereals,naan,1,1 chapati,1.0,piece,count,,1000.0,,1000.0,piece,,"The prices of chapati have increased from 500 to 1000 because of the increased expenses in the production process like the prices of cooking oil , charcoal , taxes , have increased hence the increased prices of chapatis."
519970874,nakaseke,urban,Kiwoko,2,2025-07-18,0.843689,32.364705,Prepared_Cereals,naan,2,A pc,1.0,piece,count,,1000.0,,1000.0,piece,,
520226435,nakaseke,urban,Kiwoko,4,2025-07-18,0.843399,32.36584,Prepared_Cereals,naan,2,1 chapati,1.0,piece,count,,1000.0,,1000.0,piece,,0
519970874,nakaseke,urban,Kiwoko,2,2025-07-18,0.843689,32.364705,Prepared_Cereals,spaghetti,1,250 grams.,0.25,kg,mass,,1500.0,,6000.0,kg,,Brand is called king
520226435,nakaseke,urban,Kiwoko,4,2025-07-18,0.843399,32.36584,Prepared_Cereals,spaghetti,1,250g,0.25,kg,mass,,1800.0,,7200.0,kg,,0
519970874,nakaseke,urban,Kiwoko,2,2025-07-18,0.843689,32.364705,Prepared_Cereals,spaghetti,2,250 grams,0.25,kg,mass,,2500.0,,10000.0,kg,,Brand is called santa lucia. Brand is the most consumed type. People like it and buy it even if it is a bit expensive.
520226435,nakaseke,urban,Kiwoko,4,2025-07-18,0.843399,32.36584,Prepared_Cereals,spaghetti,2,250g,0.25,kg,mass,,1800.0,,7200.0,kg,,0
520226435,nakaseke,urban,Kiwoko,4,2025-07-18,0.843399,32.36584,Prepared_Cereals,spaghetti,3,250g,0.25,kg,mass,,2000.0,,8000.0,kg,,"This is the brand of Santa Lucia ,its price its quality is high compared to the other  brands of spaghetti"
519970874,nakaseke,urban,Kiwoko,2,2025-07-18,0.843689,32.364705,Pulses_and_Legumes,cow_peas,1,Dry peas,1.0,kg,mass,text gives brand/descriptor only; 1 kg assumed from questionnaire,5500.0,,5500.0,kg,,This type is for making samosas.
520226435,nakaseke,urban,Kiwoko,4,2025-07-18,0.843399,32.36584,Pulses_and_Legumes,cow_peas,1,1kg,1.0,kg,mass,,3800.0,,3800.0,kg,,"Compared to fresh beans , the fresh cow peas are sold in kilograms , because with cups they are not able to get the profits"
519970874,nakaseke,urban,Kiwoko,2,2025-07-18,0.843689,32.364705,Pulses_and_Legumes,cow_peas,2,Dry peas,1.0,kg,mass,text gives brand/descriptor only; 1 kg assumed from questionnaire,6000.0,,6000.0,kg,,This type is for making soup.
519970874,nakaseke,urban,Kiwoko,2,2025-07-18,0.843689,32.364705,Pulses_and_Legumes,dried_beans,1,Kg,1.0,kg,mass,bare 'kg' = 1 kg,3500.0,,3500.0,kg,,Brand is nambale.
520226435,nakaseke,urban,Kiwoko,4,2025-07-18,0.843399,32.36584,Pulses_and_Legumes,dried_beans,1,1kg,1.0,kg,mass,,3500.0,,3500.0,kg,,Most of the beans are sourced from the local farmers around kiwoko
519970874,nakaseke,urban,Kiwoko,2,2025-07-18,0.843689,32.364705,Pulses_and_Legumes,dried_beans,2,Kg,1.0,kg,mass,bare 'kg' = 1 kg,4000.0,,4000.0,kg,,Brand is yellow.
520226435,nakaseke,urban,Kiwoko,4,2025-07-18,0.843399,32.36584,Pulses_and_Legumes,dried_beans,2,1kg,1.0,kg,mass,,3500.0,,3500.0,kg,,0
519970874,nakaseke,urban,Kiwoko,2,2025-07-18,0.843689,32.364705,Pulses_and_Legumes,dried_beans,3,Kg,1.0,kg,mass,bare 'kg' = 1 kg,3000.0,,3000.0,kg,,Brand is nambale.  They buy it from farmers in kiwoko.
520226435,nakaseke,urban,Kiwoko,4,2025-07-18,0.843399,32.36584,Pulses_and_Legumes,dried_beans,3,1kg,1.0,kg,mass,,4500.0,,4500.0,kg,,"This variety of beans are sourced from kabale and they don't long to cook , that's why they are expensive"
519970874,nakaseke,urban,Kiwoko,2,2025-07-18,0.843689,32.364705,Pulses_and_Legumes,dried_soybeans,1,Soya flour kg,1.0,kg,mass,bare 'kg' = 1 kg,3000.0,,3000.0,kg,,
519970874,nakaseke,urban,Kiwoko,2,2025-07-18,0.843689,32.364705,Pulses_and_Legumes,fresh_beans,1,Omulengo that is not peeled.,,omulengo that is not peeled.,local,"local unit, not converted",2000.0,,,,,
520226435,nakaseke,urban,Kiwoko,4,2025-07-18,0.843399,32.36584,Pulses_and_Legumes,fresh_beans,1,1 cup,,1 cup,local,"local unit, not converted",2000.0,,,,,"These beans are sourced from the local farmers in the area , they are always expensive in the planting seasons because this side they don't do irrigation so they depend on seasons with supply of fresh beans"
519970874,nakaseke,urban,Kiwoko,2,2025-07-18,0.843689,32.364705,Pulses_and_Legumes,fresh_beans,2,Cup of peeled beans,,cup of peeled beans,local,"local unit, not converted",2000.0,,,,,
519970874,nakaseke,urban,Kiwoko,2,2025-07-18,0.843689,32.364705,Pulses_and_Legumes,ground_nuts,1,Kg,1.0,kg,mass,bare 'kg' = 1 kg,6500.0,,6500.0,kg,,
520226435,nakaseke,urban,Kiwoko,4,2025-07-18,0.843399,32.36584,Pulses_and_Legumes,ground_nuts,1,1kg,1.0,kg,mass,,7500.0,,7500.0,kg,,The prices differ with the kilogram of groundnuts because the place where they buy them differ
519970874,nakaseke,urban,Kiwoko,2,2025-07-18,0.843689,32.364705,Pulses_and_Legumes,ground_nuts,2,Kg,1.0,kg,mass,bare 'kg' = 1 kg,6800.0,,6800.0,kg,,
520226435,nakaseke,urban,Kiwoko,4,2025-07-18,0.843399,32.36584,Pulses_and_Legumes,ground_nuts,2,1kg,1.0,kg,mass,,6500.0,,6500.0,kg,,
519970874,nakaseke,urban,Kiwoko,2,2025-07-18,0.843689,32.364705,Pulses_and_Legumes,ground_nuts,3,Half kg,0.5,kg,mass,,3400.0,,6800.0,kg,,The quantity mostly bought is half kg.
520226435,nakaseke,urban,Kiwoko,4,2025-07-18,0.843399,32.36584,Pulses_and_Legumes,ground_nuts,3,1kg,1.0,kg,mass,,7000.0,,7000.0,kg,,
519970874,nakaseke,urban,Kiwoko,2,2025-07-18,0.843689,32.364705,Roots_Tubers,cassava,1,Cassava flour,,batch,local,text gives brand/descriptor only; 1 batch assumed from questionnaire,1600.0,,,,,
520226435,nakaseke,urban,Kiwoko,4,2025-07-18,0.843399,32.36584,Roots_Tubers,cassava,1,4roots of cassava,4.0,piece,count,,2000.0,,500.0,piece,,Most of the cassava is sourced from the local farmers
519970874,nakaseke,urban,Kiwoko,2,2025-07-18,0.843689,32.364705,Roots_Tubers,cassava,2,Omulengo,,omulengo,local,"local unit, not converted",2000.0,,,,,
520226435,nakaseke,urban,Kiwoko,4,2025-07-18,0.843399,32.36584,Roots_Tubers,cassava,2,4 roots of cassava,4.0,piece,count,,1000.0,,250.0,piece,,0
519970874,nakaseke,urban,Kiwoko,2,2025-07-18,0.843689,32.364705,Roots_Tubers,irish_potatoes,1,Omulengo that is big,,omulengo that is big,local,"local unit, not converted",10000.0,,,,,They kusubula from luwero market.
520226435,nakaseke,urban,Kiwoko,4,2025-07-18,0.843399,32.36584,Roots_Tubers,irish_potatoes,1,1kg,1.0,kg,mass,,2200.0,,2200.0,kg,,Most of the Irish potatoes are bought from the cars that hawker them around the town and sometimes we travel to Luwero to buy them.
519970874,nakaseke,urban,Kiwoko,2,2025-07-18,0.843689,32.364705,Roots_Tubers,irish_potatoes,2,Omulengo medium,,omulengo medium,local,"local unit, not converted",5000.0,,,,,Have no particular season when they are most bought.
520226435,nakaseke,urban,Kiwoko,4,2025-07-18,0.843399,32.36584,Roots_Tubers,irish_potatoes,2,1kg,1.0,kg,mass,,2000.0,,2000.0,kg,,0
519970874,nakaseke,urban,Kiwoko,2,2025-07-18,0.843689,32.364705,Roots_Tubers,irish_potatoes,3,Small mulengo,,small mulengo,local,"local unit, not converted",3000.0,,,,,The vendor kusubulas from nakasero market.
520226435,nakaseke,urban,Kiwoko,4,2025-07-18,0.843399,32.36584,Roots_Tubers,irish_potatoes,3,1kg,1.0,kg,mass,,2000.0,,2000.0,kg,,0
519970874,nakaseke,urban,Kiwoko,2,2025-07-18,0.843689,32.364705,Roots_Tubers,sweet_potatoes,1,Omulengo,,omulengo,local,"local unit, not converted",2000.0,,,,,They kusubula a full sack. Then they measure and sell in emilengo. They buy from farmers within kiwoko.
520226435,nakaseke,urban,Kiwoko,4,2025-07-18,0.843399,32.36584,Roots_Tubers,sweet_potatoes,1,1 pile,,1 pile,local,"local unit, not converted",5000.0,,,,,Sweet potatoes are becoming expensive and also becoming scarce because people have no land to do the cultivation
519970874,nakaseke,urban,Kiwoko,2,2025-07-18,0.843689,32.364705,Roots_Tubers,yams,1,A pc,1.0,piece,count,,2000.0,,2000.0,piece,,Type of yams sold by this market vendor is bwaise.  They sell depending on the size of the yams
520226435,nakaseke,urban,Kiwoko,4,2025-07-18,0.843399,32.36584,Roots_Tubers,yams,1,3 pieces,3.0,piece,count,,5000.0,,1666.6666666666667,piece,,Prices of yams have increased because most farmers have been evacuated from wetlands where the cultivation has  even taking place and people invest alot in digging canals for water to penetrate the yam gardens hence incurring alot of expenses reflecting in the prices of yams
519970874,nakaseke,urban,Kiwoko,2,2025-07-18,0.843689,32.364705,Roots_Tubers,yams,2,A pc,1.0,piece,count,,1500.0,,1500.0,piece,,
519970874,nakaseke,urban,Kiwoko,2,2025-07-18,0.843689,32.364705,Starchy_Fruits_Vegetables,avocado,1,Pc,1.0,piece,count,,1500.0,,1500.0,piece,price_std >3x or <1/3 of item median,They get them from farmers within.
520226435,nakaseke,urban,Kiwoko,4,2025-07-18,0.843399,32.36584,Starchy_Fruits_Vegetables,avocado,1,1 avocado,1.0,piece,count,,1000.0,,1000.0,piece,,0
519970874,nakaseke,urban,Kiwoko,2,2025-07-18,0.843689,32.364705,Starchy_Fruits_Vegetables,banana,1,Kiwagu of bogoya,,kiwagu of bogoya,local,"local unit, not converted",3000.0,,,,,The vendor buys from nearby villages like bujubya.
520226435,nakaseke,urban,Kiwoko,4,2025-07-18,0.843399,32.36584,Starchy_Fruits_Vegetables,banana,1,1 bunch,,1 bunch,local,"local unit, not converted",3000.0,,,,,"The bunch is too small ,and the seller stated that they were hit hard by the sunshine and that's why the bunches are too small and these are sourced from the local farmers"
519970874,nakaseke,urban,Kiwoko,2,2025-07-18,0.843689,32.364705,Starchy_Fruits_Vegetables,banana,2,Matooke enkota,,matooke enkota,local,"local unit, not converted",15000.0,,,,,"Matooke is expensive. Vendors buy the matooke and sell it at the same price to customers without making any profit because customers are broke. Matooke is also scarse. The matooke sellers normally make money in the festive season. When kids go back to school, parents stop buying matooke alot. But when kids are in holiday, they buy the matooke."
520226435,nakaseke,urban,Kiwoko,4,2025-07-18,0.843399,32.36584,Starchy_Fruits_Vegetables,banana,2,1 bunch,,1 bunch,local,"local unit, not converted",25000.0,,,,,The big bunches are bought by the restaurant people and these are sourced from mbarara
519970874,nakaseke,urban,Kiwoko,2,2025-07-18,0.843689,32.364705,Starchy_Fruits_Vegetables,banana,3,Matooke enkota,,matooke enkota,local,"local unit, not converted",20000.0,"price read from start of free text ('20,000car brings them ...')",,,,
519970874,nakaseke,urban,Kiwoko,2,2025-07-18,0.843689,32.364705,Starchy_Fruits_Vegetables,mangoes,1,Pc,1.0,piece,count,,500.0,,500.0,piece,,"They are consumed alot in April, may and June. They are gotten from villages like kibose."
520226435,nakaseke,urban,Kiwoko,4,2025-07-18,0.843399,32.36584,Starchy_Fruits_Vegetables,mangoes,1,1 fruit,1.0,piece,count,,1000.0,,1000.0,piece,,0
519970874,nakaseke,urban,Kiwoko,2,2025-07-18,0.843689,32.364705,Starchy_Fruits_Vegetables,pumpkin,1,Big pc,1.0,piece,count,size class; 1 piece assumed,7000.0,,7000.0,piece,,
520226435,nakaseke,urban,Kiwoko,4,2025-07-18,0.843399,32.36584,Starchy_Fruits_Vegetables,pumpkin,1,1piece,1.0,piece,count,,2000.0,,2000.0,piece,,Pumpkins are aslo scarce because there is no much land to do the cultivation for Pumpkins because they need a lot of land to do the cultivation because the Pumpkins require a lot of land so the farmers have to travel long distances to cultivate and that's why they are scarce and also expensive to the normal person
519970874,nakaseke,urban,Kiwoko,2,2025-07-18,0.843689,32.364705,Starchy_Fruits_Vegetables,pumpkin,2,Medium size,1.0,piece,count,size class; 1 piece assumed,5000.0,,5000.0,piece,,
519970874,nakaseke,urban,Kiwoko,2,2025-07-18,0.843689,32.364705,Starchy_Fruits_Vegetables,sweet_banana,1,Kiwagu,,kiwagu,local,"local unit, not converted",1000.0,,,,,They buy from the farmers in kiwoko.
520226435,nakaseke,urban,Kiwoko,4,2025-07-18,0.843399,32.36584,Starchy_Fruits_Vegetables,sweet_banana,1,1 branch,,1 branch,local,"local unit, not converted",1000.0,,,,,"These sweet bananas are always expensive because they are scarce,  Mostly the sellers get them from their very own gardens"
519970874,nakaseke,urban,Kiwoko,2,2025-07-18,0.843689,32.364705,Starchy_Fruits_Vegetables,sweet_banana,2,Kiwagu abit big.,,kiwagu abit big.,local,"local unit, not converted",1500.0,,,,,They are mostly bought in the month of ramachandra.
520226435,nakaseke,urban,Kiwoko,4,2025-07-18,0.843399,32.36584,Starchy_Fruits_Vegetables,sweet_banana,2,1 branch,,1 branch,local,"local unit, not converted",2000.0,,,,,0
519970874,nakaseke,urban,Kiwoko,2,2025-07-18,0.843689,32.364705,Starchy_Fruits_Vegetables,sweet_banana,3,Kiwagu,,kiwagu,local,"local unit, not converted",2000.0,,,,,
519970874,nakaseke,urban,Kiwoko,2,2025-07-18,0.843689,32.364705,Starchy_Fruits_Vegetables,watermelon,1,A big pc,1.0,piece,count,size class; 1 piece assumed,10000.0,,10000.0,piece,,Bought from farmers within.
520226435,nakaseke,urban,Kiwoko,4,2025-07-18,0.843399,32.36584,Starchy_Fruits_Vegetables,watermelon,1,1 piece,1.0,piece,count,,3000.0,,3000.0,piece,,"These are sourced from Luwero howethey are also scarce qmd and expensive  because they incur a lot of expenses in the process of cultivation,  spraying,  chemicals are so expensive"
519970874,nakaseke,urban,Kiwoko,2,2025-07-18,0.843689,32.364705,Starchy_Fruits_Vegetables,watermelon,2,Pc,1.0,piece,count,,8000.0,,8000.0,piece,,
520226435,nakaseke,urban,Kiwoko,4,2025-07-18,0.843399,32.36584,Starchy_Fruits_Vegetables,watermelon,2,1 piece,1.0,piece,count,,5000.0,,5000.0,piece,,0.0
