_id,district,lab_weeding_1,laball_weeding_1,lab_pests_disease_management,laball_pests_disease_management,lab_fertilization,laball_fertilization,lab_harvesting_1,laball_harvesting_1,lab_in_season_management,laball_in_season_management,lab_planting_1,laball_planting_1,labour_hired,labour_all,inp_organic_manure_compost_farmyard,inplow_organic_manure_compost_farmyard,inp_urea_1,inplow_urea_1,inp_npk_1,inplow_npk_1,inp_dap_1,inplow_dap_1,inputs,inputs_low,plot_extras,land_rent,rehab,cost_central,cost_low,cost_all_labour,coffee_acres,faq_kg,yield_faq_acre,yield_ratio,yield_ratio_imputed
616677841,mukono,0.0,90000.0,0.0,120000.0,0.0,50000.0,0.0,9500.0,0.0,120000.0,0.0,5000.0,0.0,394500.0,0.0,0.0,0.0,0.0,0.0,0.0,0.0,0.0,0.0,0.0,0.0,0.0,0.0,0.0,0.0,394500.0,0.25,10.0,40.0,0.04,False
551440657,nakaseke,110769.23076923077,110769.23076923077,384000.00000000006,384000.00000000006,150000.0,150000.0,38000.0,38000.0,0.0,384000.00000000006,16000.0,16000.0,698769.2307692308,1082769.2307692308,100000.0,100000.0,0.0,0.0,0.0,0.0,0.0,0.0,100000.0,100000.0,0.0,0.0,0.0,798769.2307692308,798769.2307692308,1182769.2307692308,0.8,40.0,50.0,0.05,False
592191523,nakaseke,0.0,215999.99999999997,0.0,288000.0,0.0,120000.0,0.0,24700.000000000004,0.0,288000.0,0.0,12000.0,0.0,948700.0,0.0,0.0,0.0,0.0,0.0,0.0,0.0,0.0,0.0,0.0,0.0,0.0,0.0,0.0,0.0,948700.0,0.6,26.0,43.333333333333336,0.043333333333333335,False
552803559,nakaseke,41538.46153846153,41538.46153846153,50000.0,50000.0,0.0,120000.0,0.0,81224.99999999999,0.0,288000.0,0.0,12000.0,91538.46153846153,592763.4615384615,0.0,0.0,0.0,0.0,0.0,0.0,0.0,0.0,0.0,0.0,0.0,0.0,12500.0,104038.46153846153,104038.46153846153,605263.4615384615,0.6,85.5,142.5,0.1425,False
613177526,nakaseke,3200000.0,3200000.0,10800000.0,10800000.0,4500000.0,4500000.0,1900000.0,1900000.0,10800000.0,10800000.0,180000.0,180000.0,31380000.0,31380000.0,0.0,0.0,0.0,0.0,10400000.0,5200000.0,0.0,0.0,10400000.0,5200000.0,0.0,0.0,100000.0,41880000.0,36680000.0,41880000.0,9.0,2000.0,222.22222222222223,0.22222222222222224,False
613831899,nakaseke,0.0,215999.99999999997,0.0,288000.0,0.0,120000.0,0.0,28025.000000000004,0.0,288000.0,0.0,12000.0,0.0,952025.0,0.0,0.0,0.0,0.0,0.0,0.0,0.0,0.0,0.0,0.0,0.0,0.0,0.0,0.0,0.0,952025.0,0.6,29.5,49.16666666666667,0.04916666666666667,False
614880484,mukono,90000.0,90000.0,72000.0,72000.0,0.0,50000.0,8550.0,8550.0,96000.0,96000.0,2500.0,2500.0,269050.0,319050.0,0.0,0.0,0.0,0.0,0.0,0.0,0.0,0.0,0.0,0.0,0.0,0.0,0.0,269050.0,269050.0,319050.0,0.25,18.0,72.0,0.072,False
550714067,nakaseke,180000.0,180000.0,55384.61538461538,55384.61538461538,140000.0,140000.0,23750.0,23750.0,0.0,240000.0,150000.0,150000.0,549134.6153846154,789134.6153846154,100000.0,100000.0,0.0,0.0,0.0,0.0,0.0,0.0,100000.0,100000.0,150000.0,0.0,16000.0,815134.6153846154,815134.6153846154,1055134.6153846155,0.5,25.0,50.0,0.05,False
550714208,nakaseke,540000.0,540000.0,720000.0,720000.0,300000.0,300000.0,9500.0,9500.0,0.0,720000.0,30000.0,30000.0,1599500.0,2319500.0,140000.0,140000.0,0.0,0.0,0.0,0.0,0.0,0.0,140000.0,140000.0,150000.0,0.0,35000.0,1924500.0,1924500.0,2644500.0,1.5,20.0,13.333333333333334,0.013333333333333334,False
556045414,nakaseke,360000.0,360000.0,480000.0,480000.0,200000.0,200000.0,23750.0,23750.0,480000.0,480000.0,20000.0,20000.0,1563750.0,1563750.0,0.0,0.0,0.0,0.0,0.0,0.0,0.0,0.0,0.0,0.0,0.0,0.0,10000.0,1573750.0,1573750.0,1573750.0,1.0,25.0,25.0,0.025,False
556046788,nakaseke,360000.0,360000.0,480000.0,480000.0,200000.0,200000.0,47500.0,47500.0,480000.0,480000.0,32000.0,32000.0,1599500.0,1599500.0,0.0,0.0,0.0,0.0,0.0,0.0,0.0,0.0,0.0,0.0,0.0,0.0,14000.0,1613500.0,1613500.0,1613500.0,1.0,50.0,50.0,0.05,False
557695958,nakaseke,360000.0,360000.0,480000.0,480000.0,200000.0,200000.0,23750.0,23750.0,480000.0,480000.0,20000.0,20000.0,1563750.0,1563750.0,0.0,0.0,0.0,0.0,0.0,0.0,0.0,0.0,0.0,0.0,0.0,0.0,12500.0,1576250.0,1576250.0,1576250.0,1.0,25.0,25.0,0.025,False
560461977,nakaseke,540000.0,540000.0,720000.0,720000.0,300000.0,300000.0,71250.0,71250.0,720000.0,720000.0,30000.0,30000.0,2381250.0,2381250.0,0.0,0.0,0.0,0.0,0.0,0.0,0.0,0.0,0.0,0.0,0.0,0.0,10000.0,2391250.0,2391250.0,2391250.0,1.5,75.0,50.0,0.05,False
592361767,nakaseke,180000.0,180000.0,480000.0,480000.0,100000.0,100000.0,475000.0,475000.0,600000.0,600000.0,10000.0,10000.0,1845000.0,1845000.0,300000.0,150000.0,0.0,0.0,0.0,0.0,0.0,0.0,300000.0,150000.0,0.0,0.0,50000.0,2195000.0,2045000.0,2195000.0,0.5,500.0,1000.0,1.0,False
592363240,nakaseke,360000.0,360000.0,480000.0,480000.0,200000.0,200000.0,190000.0,190000.0,1200000.0,1200000.0,20000.0,20000.0,2450000.0,2450000.0,0.0,0.0,0.0,0.0,0.0,0.0,0.0,0.0,0.0,0.0,0.0,0.0,50000.0,2500000.0,2500000.0,2500000.0,1.0,200.0,200.0,0.2,False
616701192,mukono,270000.0,270000.0,360000.0,360000.0,150000.0,150000.0,85499.99999999999,85499.99999999999,360000.0,360000.0,15000.0,15000.0,1240500.0,1240500.0,0.0,0.0,0.0,0.0,0.0,0.0,0.0,0.0,0.0,0.0,0.0,0.0,0.0,1240500.0,1240500.0,1240500.0,0.75,90.0,120.0,0.12,False
624293019,mukono,180000.0,180000.0,240000.0,240000.0,100000.0,100000.0,170999.99999999997,170999.99999999997,240000.0,240000.0,10000.0,10000.0,941000.0,941000.0,80000.0,20000.0,10000.0,10000.0,5000.0,5000.0,5000.0,5000.0,100000.0,40000.0,10000.0,0.0,0.0,1051000.0,991000.0,1051000.0,0.5,180.0,360.0,0.36,False
550715350,nakaseke,360000.0,360000.0,480000.0,480000.0,200000.0,200000.0,213750.0,213750.0,0.0,480000.0,20000.0,20000.0,1273750.0,1753750.0,30000.0,30000.0,0.0,0.0,0.0,0.0,0.0,0.0,30000.0,30000.0,0.0,0.0,26666.666666666668,1330416.6666666667,1330416.6666666667,1810416.6666666667,1.0,225.0,225.0,0.225,False
552803832,nakaseke,432000.0,432000.0,480000.0,480000.0,320000.0,320000.0,237500.0,237500.0,480000.0,480000.0,20000.0,20000.0,1969500.0,1969500.0,150000.0,150000.0,0.0,0.0,0.0,0.0,0.0,0.0,150000.0,150000.0,0.0,0.0,33333.333333333336,2152833.3333333335,2152833.3333333335,2152833.3333333335,1.0,250.0,250.0,0.25,False
553311655,nakaseke,302400.0,302400.0,335999.99999999994,335999.99999999994,224000.0,224000.0,95000.0,95000.0,0.0,335999.99999999994,14000.0,14000.0,971400.0,1307400.0,140000.0,140000.0,0.0,0.0,0.0,0.0,0.0,0.0,140000.0,140000.0,0.0,0.0,40000.0,1151400.0,1151400.0,1487400.0,0.7,100.0,142.85714285714286,0.14285714285714285,False
554396495,nakaseke,17446.153846153844,17446.153846153844,30000.0,30000.0,0.0,120000.0,17741.25,17741.25,0.0,288000.0,10000.0,10000.0,75187.40384615384,483187.4038461539,0.0,0.0,0.0,0.0,0.0,0.0,0.0,0.0,0.0,0.0,0.0,0.0,7000.0,82187.40384615384,82187.40384615384,490187.4038461539,0.6,41.5,69.16666666666667,0.06916666666666667,False
555218845,nakaseke,1728000.0,1728000.0,1440000.0,1440000.0,720000.0,720000.0,118750.0,118750.0,1440000.0,1440000.0,60000.0,60000.0,5506750.0,5506750.0,0.0,0.0,0.0,0.0,0.0,0.0,0.0,0.0,0.0,0.0,0.0,0.0,19600.0,5526350.0,5526350.0,5526350.0,3.0,125.0,41.666666666666664,0.041666666666666664,False
556047384,nakaseke,720000.0,720000.0,960000.0,960000.0,640000.0,640000.0,71250.0,71250.0,960000.0,960000.0,48000.0,48000.0,3399250.0,3399250.0,0.0,0.0,0.0,0.0,0.0,0.0,0.0,0.0,0.0,0.0,0.0,0.0,0.0,3399250.0,3399250.0,3399250.0,2.0,30.0,15.0,0.015,False
557713875,nakaseke,0.0,144000.0,0.0,192000.00000000003,0.0,80000.0,0.0,47500.0,0.0,192000.00000000003,0.0,8000.0,0.0,663500.0,0.0,0.0,0.0,0.0,0.0,0.0,0.0,0.0,0.0,0.0,0.0,0.0,0.0,0.0,0.0,663500.0,0.4,50.0,125.0,0.125,False
558376731,nakaseke,864000.0,864000.0,1152000.0,1152000.0,480000.0,480000.0,79800.0,79800.0,480000.0,480000.0,48000.0,48000.0,3103800.0,3103800.0,150000.0,150000.0,0.0,0.0,0.0,0.0,0.0,0.0,150000.0,150000.0,0.0,0.0,13750.0,3267550.0,3267550.0,3267550.0,1.0,35.0,35.0,0.035,False
558377788,nakaseke,540000.0,540000.0,720000.0,720000.0,300000.0,300000.0,47500.0,47500.0,720000.0,720000.0,30000.0,30000.0,2357500.0,2357500.0,300000.0,150000.0,0.0,0.0,0.0,0.0,0.0,0.0,300000.0,150000.0,0.0,0.0,15000.0,2672500.0,2522500.0,2672500.0,1.5,50.0,33.333333333333336,0.03333333333333333,False
558378029,nakaseke,180000.0,180000.0,240000.0,240000.0,100000.0,100000.0,47500.0,47500.0,240000.0,240000.0,10000.0,10000.0,817500.0,817500.0,150000.0,150000.0,0.0,0.0,0.0,0.0,0.0,0.0,150000.0,150000.0,0.0,0.0,7500.0,975000.0,975000.0,975000.0,0.5,50.0,100.0,0.1,False
559605691,nakaseke,2160000.0,2160000.0,2880000.0,2880000.0,1200000.0,1200000.0,71250.0,71250.0,2880000.0,2880000.0,120000.0,120000.0,9311250.0,9311250.0,0.0,0.0,0.0,0.0,0.0,0.0,0.0,0.0,0.0,0.0,0.0,0.0,16666.666666666668,9327916.666666666,9327916.666666666,9327916.666666666,6.0,75.0,12.5,0.0125,False
560460598,nakaseke,720000.0,720000.0,960000.0,960000.0,400000.0,400000.0,95000.0,95000.0,1920000.0,1920000.0,40000.0,40000.0,4135000.0,4135000.0,300000.0,150000.0,0.0,0.0,0.0,0.0,0.0,0.0,300000.0,150000.0,0.0,0.0,18750.0,4453750.0,4303750.0,4453750.0,2.0,100.0,50.0,0.05,False
560460842,nakaseke,288000.0,288000.0,384000.00000000006,384000.00000000006,160000.0,160000.0,42750.0,42750.0,384000.00000000006,384000.00000000006,16000.0,16000.0,1274750.0,1274750.0,300000.0,300000.0,0.0,0.0,0.0,0.0,0.0,0.0,300000.0,300000.0,0.0,0.0,0.0,1574750.0,1574750.0,1574750.0,0.8,45.0,56.25,0.05625,False
561199081,nakaseke,720000.0,720000.0,960000.0,960000.0,400000.0,400000.0,71250.0,71250.0,0.0,960000.0,40000.0,40000.0,2191250.0,3151250.0,300000.0,300000.0,0.0,0.0,0.0,0.0,0.0,0.0,300000.0,300000.0,0.0,0.0,10000.0,2501250.0,2501250.0,3461250.0,2.0,75.0,37.5,0.0375,False
561203340,nakaseke,360000.0,360000.0,480000.0,480000.0,200000.0,200000.0,47500.0,47500.0,0.0,480000.0,20000.0,20000.0,1107500.0,1587500.0,300000.0,300000.0,0.0,0.0,0.0,0.0,0.0,0.0,300000.0,300000.0,0.0,0.0,0.0,1407500.0,1407500.0,1887500.0,1.0,50.0,50.0,0.05,False
561250862,nakaseke,0.0,144000.0,0.0,192000.00000000003,0.0,80000.0,0.0,35150.0,0.0,192000.00000000003,0.0,8000.0,0.0,651150.0,0.0,0.0,0.0,0.0,0.0,0.0,0.0,0.0,0.0,0.0,0.0,0.0,0.0,0.0,0.0,651150.0,0.4,37.0,92.5,0.0925,False
582704845,nakaseke,1620000.0,1620000.0,2160000.0,2160000.0,900000.0,900000.0,356250.0,356250.0,3600000.0,3600000.0,90000.0,90000.0,8726250.0,8726250.0,350000.0,350000.0,0.0,0.0,0.0,0.0,0.0,0.0,350000.0,350000.0,0.0,0.0,20000.0,9096250.0,9096250.0,9096250.0,3.0,250.0,83.33333333333333,0.08333333333333333,False
585217011,nakaseke,720000.0,720000.0,960000.0,960000.0,400000.0,400000.0,285000.0,285000.0,0.0,960000.0,40000.0,40000.0,2405000.0,3365000.0,0.0,0.0,0.0,0.0,0.0,0.0,0.0,0.0,0.0,0.0,0.0,0.0,17142.85714285714,2422142.8571428573,2422142.8571428573,3382142.8571428573,2.0,300.0,150.0,0.15,False
588626659,nakaseke,0.0,180000.0,0.0,240000.0,0.0,100000.0,0.0,12349.999999999998,0.0,240000.0,0.0,10000.0,0.0,782350.0,0.0,0.0,0.0,0.0,0.0,0.0,0.0,0.0,0.0,0.0,0.0,0.0,0.0,0.0,0.0,782350.0,0.5,13.0,26.0,0.026,False
588783193,nakaseke,360000.0,360000.0,480000.0,480000.0,500000.0,500000.0,617500.0,617500.0,1200000.0,1200000.0,20000.0,20000.0,3177500.0,3177500.0,300000.0,300000.0,0.0,0.0,0.0,0.0,0.0,0.0,300000.0,300000.0,0.0,0.0,0.0,3477500.0,3477500.0,3477500.0,1.0,650.0,650.0,0.65,False
613810847,nakaseke,0.0,215999.99999999997,0.0,288000.0,0.0,120000.0,0.0,28500.0,0.0,288000.0,0.0,12000.0,0.0,952500.0,0.0,0.0,0.0,0.0,0.0,0.0,0.0,0.0,0.0,0.0,0.0,0.0,0.0,0.0,0.0,952500.0,0.6,30.0,50.0,0.05,False
614880582,mukono,180000.0,180000.0,240000.0,240000.0,0.0,100000.0,0.0,76000.0,240000.0,240000.0,10000.0,10000.0,670000.0,846000.0,0.0,0.0,0.0,0.0,0.0,0.0,0.0,0.0,0.0,0.0,0.0,0.0,0.0,670000.0,670000.0,846000.0,0.5,80.0,160.0,0.16,False
616579050,mukono,126000.0,126000.0,0.0,240000.0,0.0,100000.0,114000.0,114000.0,72000.0,72000.0,7000.0,7000.0,319000.0,659000.0,0.0,0.0,0.0,0.0,0.0,0.0,0.0,0.0,0.0,0.0,20000.0,0.0,0.0,339000.0,339000.0,679000.0,0.5,100.0,200.0,0.2,False
616701381,mukono,180000.0,180000.0,240000.0,240000.0,100000.0,100000.0,28500.0,28500.0,240000.0,240000.0,10000.0,10000.0,798500.0,798500.0,0.0,0.0,0.0,0.0,0.0,0.0,0.0,0.0,0.0,0.0,0.0,0.0,0.0,798500.0,798500.0,798500.0,0.5,30.0,60.0,0.06,False
623704503,mukono,180000.0,180000.0,240000.0,240000.0,100000.0,100000.0,47500.0,47500.0,240000.0,240000.0,10000.0,10000.0,817500.0,817500.0,0.0,0.0,0.0,0.0,0.0,0.0,0.0,0.0,0.0,0.0,0.0,0.0,0.0,817500.0,817500.0,817500.0,0.5,50.0,100.0,0.1,False
550714829,nakaseke,144000.0,144000.0,192000.00000000003,192000.00000000003,80000.0,80000.0,47500.0,47500.0,0.0,192000.00000000003,4000.0,4000.0,467500.0,659500.0,100000.0,100000.0,0.0,0.0,0.0,0.0,0.0,0.0,100000.0,100000.0,0.0,0.0,30000.0,597500.0,597500.0,789500.0,0.4,50.0,125.0,0.125,False
551432268,nakaseke,0.0,215999.99999999997,0.0,288000.0,0.0,120000.0,0.0,40375.00000000001,0.0,288000.0,0.0,12000.0,0.0,964375.0,0.0,0.0,0.0,0.0,0.0,0.0,0.0,0.0,0.0,0.0,0.0,0.0,0.0,0.0,0.0,964375.0,0.6,42.5,70.83333333333334,0.07083333333333335,False
551438359,nakaseke,1080000.0,1080000.0,1440000.0,1440000.0,600000.0,600000.0,2850000.0,2850000.0,0.0,1440000.0,60000.0,60000.0,6030000.0,7470000.0,400000.0,400000.0,0.0,0.0,0.0,0.0,0.0,0.0,400000.0,400000.0,0.0,0.0,50000.0,6480000.0,6480000.0,7920000.0,3.0,4000.0,1333.3333333333333,1.0,False
551438847,nakaseke,288000.0,288000.0,384000.00000000006,384000.00000000006,160000.0,160000.0,41800.0,41800.0,0.0,384000.00000000006,16000.0,16000.0,889800.0,1273800.0,80000.0,80000.0,0.0,0.0,0.0,0.0,0.0,0.0,80000.0,80000.0,0.0,0.0,0.0,969800.0,969800.0,1353800.0,0.8,44.0,55.0,0.055,False
552834713,nakaseke,576000.0,576000.0,768000.0000000001,768000.0000000001,200000.0,200000.0,475000.0,475000.0,0.0,384000.00000000006,32000.0,32000.0,2051000.0,2435000.0,200000.0,200000.0,0.0,0.0,0.0,0.0,0.0,0.0,200000.0,200000.0,0.0,0.0,100000.0,2351000.0,2351000.0,2735000.0,0.8,250.0,312.5,0.3125,False
553313606,nakaseke,288000.0,288000.0,240000.0,240000.0,160000.0,160000.0,71250.0,71250.0,240000.0,240000.0,10000.0,10000.0,1009250.0,1009250.0,560000.0,140000.0,0.0,0.0,0.0,0.0,0.0,0.0,560000.0,140000.0,0.0,0.0,50000.0,1619250.0,1199250.0,1619250.0,0.5,75.0,150.0,0.15,False
553314110,nakaseke,0.0,107999.99999999999,66461.53846153845,66461.53846153845,70000.0,70000.0,0.0,237500.0,0.0,144000.0,100000.0,100000.0,236461.53846153844,725961.5384615385,0.0,0.0,0.0,0.0,0.0,0.0,0.0,0.0,0.0,0.0,0.0,0.0,0.0,236461.53846153844,236461.53846153844,725961.5384615385,0.3,250.0,833.3333333333334,0.8333333333333334,False
553314852,nakaseke,1296000.0,1296000.0,276923.07692307694,276923.07692307694,1500000.0,1500000.0,432249.99999999994,432249.99999999994,1440000.0,1440000.0,60000.0,60000.0,5005173.076923077,5005173.076923077,1000000.0,250000.0,0.0,0.0,0.0,0.0,0.0,0.0,1000000.0,250000.0,0.0,0.0,50000.0,6055173.076923077,5305173.076923077,6055173.076923077,3.0,455.0,151.66666666666666,0.15166666666666664,False
554382238,nakaseke,864000.0,864000.0,720000.0,720000.0,480000.0,480000.0,228000.0,228000.0,720000.0,720000.0,48000.0,48000.0,3060000.0,3060000.0,600000.0,150000.0,0.0,0.0,0.0,0.0,0.0,0.0,600000.0,150000.0,0.0,0.0,66666.66666666667,3726666.6666666665,3276666.6666666665,3726666.6666666665,1.5,150.0,100.0,0.1,False
554383042,nakaseke,432000.0,432000.0,480000.0,480000.0,200000.0,200000.0,427500.0,427500.0,480000.0,480000.0,20000.0,20000.0,2039500.0,2039500.0,720000.0,180000.0,0.0,0.0,0.0,0.0,0.0,0.0,720000.0,180000.0,0.0,0.0,50000.0,2809500.0,2269500.0,2809500.0,1.0,225.0,225.0,0.225,False
554388188,nakaseke,1152000.0,1152000.0,960000.0,960000.0,640000.0,640000.0,380000.0,380000.0,960000.0,960000.0,48000.0,48000.0,4140000.0,4140000.0,350000.0,350000.0,0.0,0.0,0.0,0.0,0.0,0.0,350000.0,350000.0,0.0,0.0,38000.0,4528000.0,4528000.0,4528000.0,2.0,250.0,125.0,0.125,False
555219221,nakaseke,7380000.0,7380000.0,9840000.0,9840000.0,4100000.0,4100000.0,237500.0,237500.0,9840000.0,9840000.0,410000.0,410000.0,31807500.0,31807500.0,0.0,0.0,0.0,0.0,400000.0,400000.0,0.0,0.0,400000.0,400000.0,0.0,0.0,26666.666666666668,32234166.666666668,32234166.666666668,32234166.666666668,20.5,250.0,12.195121951219512,0.012195121951219513,False
555219441,nakaseke,2880000.0,2880000.0,2400000.0,2400000.0,1600000.0,1600000.0,237500.0,237500.0,2400000.0,2400000.0,300000.0,300000.0,9817500.0,9817500.0,1200000.0,300000.0,1000000.0,250000.0,0.0,0.0,0.0,0.0,2200000.0,550000.0,0.0,0.0,28000.0,12045500.0,10395500.0,12045500.0,5.0,250.0,50.0,0.05,False
555219813,nakaseke,345599.99999999994,345599.99999999994,288000.0,288000.0,144000.0,144000.0,71250.0,71250.0,288000.0,288000.0,12000.0,12000.0,1148850.0,1148850.0,800000.0,200000.0,0.0,0.0,0.0,0.0,0.0,0.0,800000.0,200000.0,0.0,0.0,22500.0,1971350.0,1371350.0,1971350.0,0.6,75.0,125.0,0.125,False
556046148,nakaseke,360000.0,360000.0,480000.0,480000.0,240000.0,240000.0,38000.0,38000.0,480000.0,480000.0,20000.0,20000.0,1618000.0,1618000.0,0.0,0.0,0.0,0.0,0.0,0.0,0.0,0.0,0.0,0.0,0.0,0.0,10000.0,1628000.0,1628000.0,1628000.0,1.0,40.0,40.0,0.04,False
557695618,nakaseke,288000.0,288000.0,384000.00000000006,384000.00000000006,160000.0,160000.0,47500.0,47500.0,384000.00000000006,384000.00000000006,16000.0,16000.0,1279500.0,1279500.0,0.0,0.0,0.0,0.0,0.0,0.0,0.0,0.0,0.0,0.0,0.0,0.0,16000.0,1295500.0,1295500.0,1295500.0,0.8,50.0,62.5,0.0625,False
557695779,nakaseke,2160000.0,2160000.0,2880000.0,2880000.0,1200000.0,1200000.0,142500.0,142500.0,2880000.0,2880000.0,12000.0,12000.0,9274500.0,9274500.0,0.0,0.0,0.0,0.0,0.0,0.0,0.0,0.0,0.0,0.0,0.0,0.0,30000.0,9304500.0,9304500.0,9304500.0,3.0,75.0,25.0,0.025,False
557696080,nakaseke,360000.0,360000.0,480000.0,480000.0,200000.0,200000.0,71250.0,71250.0,480000.0,480000.0,20000.0,20000.0,1611250.0,1611250.0,0.0,0.0,0.0,0.0,0.0,0.0,0.0,0.0,0.0,0.0,0.0,0.0,20000.0,1631250.0,1631250.0,1631250.0,1.0,75.0,75.0,0.075,False
559607285,nakaseke,360000.0,360000.0,480000.0,480000.0,200000.0,200000.0,42749.99999999999,42749.99999999999,480000.0,480000.0,20000.0,20000.0,1582750.0,1582750.0,300000.0,300000.0,0.0,0.0,0.0,0.0,0.0,0.0,300000.0,300000.0,0.0,0.0,0.0,1882750.0,1882750.0,1882750.0,1.0,45.0,45.0,0.045,False
559607680,nakaseke,360000.0,360000.0,480000.0,480000.0,200000.0,200000.0,114000.0,114000.0,0.0,480000.0,20000.0,20000.0,1174000.0,1654000.0,0.0,0.0,0.0,0.0,0.0,0.0,0.0,0.0,0.0,0.0,0.0,0.0,14285.714285714286,1188285.7142857143,1188285.7142857143,1668285.7142857143,1.0,75.0,75.0,0.075,False
559615651,nakaseke,360000.0,360000.0,480000.0,480000.0,200000.0,200000.0,71250.0,71250.0,480000.0,480000.0,20000.0,20000.0,1611250.0,1611250.0,0.0,0.0,0.0,0.0,0.0,0.0,0.0,0.0,0.0,0.0,0.0,0.0,0.0,1611250.0,1611250.0,1611250.0,1.0,75.0,75.0,0.075,False
560459965,nakaseke,360000.0,360000.0,480000.0,480000.0,200000.0,200000.0,71250.0,71250.0,480000.0,480000.0,20000.0,20000.0,1611250.0,1611250.0,600000.0,150000.0,0.0,0.0,0.0,0.0,0.0,0.0,600000.0,150000.0,0.0,0.0,10000.0,2221250.0,1771250.0,2221250.0,1.0,75.0,75.0,0.075,False
561202301,nakaseke,360000.0,360000.0,480000.0,480000.0,200000.0,200000.0,118750.0,118750.0,1200000.0,1200000.0,20000.0,20000.0,2378750.0,2378750.0,0.0,0.0,0.0,0.0,0.0,0.0,0.0,0.0,0.0,0.0,0.0,0.0,10000.0,2388750.0,2388750.0,2388750.0,1.0,125.0,125.0,0.125,False
567488224,nakaseke,720000.0,720000.0,960000.0,960000.0,400000.0,400000.0,118750.0,118750.0,960000.0,960000.0,40000.0,40000.0,3198750.0,3198750.0,150000.0,150000.0,0.0,0.0,0.0,0.0,0.0,0.0,150000.0,150000.0,0.0,0.0,12500.0,3361250.0,3361250.0,3361250.0,2.0,125.0,62.5,0.0625,False
581728335,nakaseke,1440000.0,1440000.0,1920000.0,1920000.0,1600000.0,1600000.0,142500.0,142500.0,4800000.0,4800000.0,80000.0,80000.0,9982500.0,9982500.0,300000.0,300000.0,0.0,0.0,0.0,0.0,0.0,0.0,300000.0,300000.0,0.0,0.0,30000.0,10312500.0,10312500.0,10312500.0,4.0,150.0,37.5,0.0375,False
581800534,nakaseke,360000.0,360000.0,480000.0,480000.0,200000.0,200000.0,237500.0,237500.0,0.0,480000.0,20000.0,20000.0,1297500.0,1777500.0,0.0,0.0,0.0,0.0,0.0,0.0,0.0,0.0,0.0,0.0,0.0,0.0,11666.666666666666,1309166.6666666667,1309166.6666666667,1789166.6666666667,1.0,250.0,250.0,0.25,False
581801301,nakaseke,810000.0,810000.0,1080000.0,1080000.0,450000.0,450000.0,498750.0,498750.0,1800000.0,1800000.0,45000.0,45000.0,4683750.0,4683750.0,0.0,0.0,0.0,0.0,0.0,0.0,0.0,0.0,0.0,0.0,0.0,0.0,13333.333333333334,4697083.333333333,4697083.333333333,4697083.333333333,1.5,350.0,233.33333333333334,0.23333333333333334,False
582682579,nakaseke,432000.0,432000.0,576000.0000000001,576000.0000000001,240000.0,240000.0,213750.0,213750.0,576000.0000000001,576000.0000000001,24000.0,24000.0,2061750.0,2061750.0,0.0,0.0,0.0,0.0,0.0,0.0,0.0,0.0,0.0,0.0,0.0,0.0,11666.666666666666,2073416.6666666667,2073416.6666666667,2073416.6666666667,0.8,150.0,187.5,0.1875,False
582684638,nakaseke,540000.0,540000.0,720000.0,720000.0,300000.0,300000.0,320625.0,320625.0,1200000.0,1200000.0,30000.0,30000.0,3110625.0,3110625.0,0.0,0.0,0.0,0.0,0.0,0.0,0.0,0.0,0.0,0.0,0.0,0.0,16000.0,3126625.0,3126625.0,3126625.0,1.0,225.0,225.0,0.225,False
583582238,nakaseke,1440000.0,1440000.0,1920000.0,1920000.0,2000000.0,2000000.0,237500.0,237500.0,4800000.0,4800000.0,80000.0,80000.0,10477500.0,10477500.0,0.0,0.0,0.0,0.0,0.0,0.0,350000.0,350000.0,350000.0,350000.0,0.0,0.0,150000.0,10977500.0,10977500.0,10977500.0,4.0,250.0,62.5,0.0625,False
584447265,nakaseke,1080000.0,1080000.0,1440000.0,1440000.0,600000.0,600000.0,285000.0,285000.0,3600000.0,3600000.0,60000.0,60000.0,7065000.0,7065000.0,0.0,0.0,0.0,0.0,0.0,0.0,0.0,0.0,0.0,0.0,0.0,0.0,30000.0,7095000.0,7095000.0,7095000.0,3.0,300.0,100.0,0.1,False
585215638,nakaseke,2160000.0,2160000.0,4800000.0,4800000.0,2000000.0,2000000.0,641250.0,641250.0,4800000.0,4800000.0,120000.0,120000.0,14521250.0,14521250.0,0.0,0.0,0.0,0.0,0.0,0.0,0.0,0.0,0.0,0.0,0.0,0.0,33333.333333333336,14554583.333333334,14554583.333333334,14554583.333333334,4.0,450.0,112.5,0.1125,False
585216305,nakaseke,360000.0,360000.0,480000.0,480000.0,500000.0,500000.0,237500.0,237500.0,1200000.0,1200000.0,20000.0,20000.0,2797500.0,2797500.0,1200000.0,300000.0,0.0,0.0,0.0,0.0,0.0,0.0,1200000.0,300000.0,0.0,0.0,0.0,3997500.0,3097500.0,3997500.0,1.0,250.0,250.0,0.25,False
587012670,nakaseke,1080000.0,1080000.0,1440000.0,1440000.0,1200000.0,1200000.0,427500.0,427500.0,3600000.0,3600000.0,60000.0,60000.0,7807500.0,7807500.0,0.0,0.0,0.0,0.0,0.0,0.0,0.0,0.0,0.0,0.0,0.0,0.0,41666.666666666664,7849166.666666667,7849166.666666667,7849166.666666667,3.0,450.0,150.0,0.15,False
587012983,nakaseke,720000.0,720000.0,960000.0,960000.0,400000.0,400000.0,427500.0,427500.0,2400000.0,2400000.0,40000.0,40000.0,4947500.0,4947500.0,700000.0,350000.0,0.0,0.0,0.0,0.0,0.0,0.0,700000.0,350000.0,0.0,0.0,25000.0,5672500.0,5322500.0,5672500.0,2.0,450.0,225.0,0.225,False
587013280,nakaseke,1440000.0,1440000.0,4800000.0,4800000.0,2000000.0,2000000.0,855000.0,855000.0,4800000.0,4800000.0,80000.0,80000.0,13975000.0,13975000.0,900000.0,450000.0,0.0,0.0,0.0,0.0,0.0,0.0,900000.0,450000.0,0.0,0.0,25714.285714285714,14900714.285714285,14450714.285714285,14900714.285714285,4.0,900.0,225.0,0.225,False
588781706,nakaseke,1440000.0,1440000.0,960000.0,960000.0,400000.0,400000.0,380000.0,380000.0,2400000.0,2400000.0,40000.0,40000.0,5620000.0,5620000.0,600000.0,300000.0,0.0,0.0,0.0,0.0,0.0,0.0,600000.0,300000.0,0.0,0.0,11428.57142857143,6231428.571428572,5931428.571428572,6231428.571428572,2.0,400.0,200.0,0.2,False
589705500,nakaseke,1080000.0,1080000.0,1800000.0,1800000.0,750000.0,750000.0,475000.0,475000.0,1800000.0,1800000.0,30000.0,30000.0,5935000.0,5935000.0,0.0,0.0,0.0,0.0,0.0,0.0,0.0,0.0,0.0,0.0,0.0,0.0,0.0,5935000.0,5935000.0,5935000.0,1.5,500.0,333.3333333333333,0.3333333333333333,False
589705733,nakaseke,2160000.0,2160000.0,3600000.0,3600000.0,600000.0,600000.0,427500.0,427500.0,3600000.0,3600000.0,60000.0,60000.0,10447500.0,10447500.0,700000.0,350000.0,0.0,0.0,0.0,0.0,0.0,0.0,700000.0,350000.0,0.0,0.0,13333.333333333334,11160833.333333334,10810833.333333334,11160833.333333334,3.0,450.0,150.0,0.15,False
592193539,nakaseke,2880000.0,2880000.0,800000.0,800000.0,800000.0,800000.0,633175.0,633175.0,1000000.0,1000000.0,160000.0,160000.0,6273175.0,6273175.0,0.0,0.0,600000.0,600000.0,600000.0,600000.0,0.0,0.0,1200000.0,1200000.0,0.0,0.0,50000.0,7523175.0,7523175.0,7523175.0,8.0,666.5,83.3125,0.0833125,False
593223241,nakaseke,360000.0,360000.0,480000.0,480000.0,200000.0,200000.0,380000.0,380000.0,1200000.0,1200000.0,20000.0,20000.0,2640000.0,2640000.0,0.0,0.0,0.0,0.0,0.0,0.0,0.0,0.0,0.0,0.0,0.0,0.0,30000.0,2670000.0,2670000.0,2670000.0,1.0,400.0,400.0,0.4,False
593223559,nakaseke,180000.0,180000.0,240000.0,240000.0,100000.0,100000.0,475000.0,475000.0,600000.0,600000.0,10000.0,10000.0,1605000.0,1605000.0,800000.0,400000.0,0.0,0.0,0.0,0.0,0.0,0.0,800000.0,400000.0,0.0,0.0,30000.0,2435000.0,2035000.0,2435000.0,0.5,650.0,1300.0,1.0,False
613174996,nakaseke,360000.0,360000.0,960000.0,960000.0,200000.0,200000.0,237500.0,237500.0,1200000.0,1200000.0,20000.0,20000.0,2977500.0,2977500.0,700000.0,350000.0,0.0,0.0,0.0,0.0,0.0,0.0,700000.0,350000.0,0.0,0.0,40000.0,3717500.0,3367500.0,3717500.0,1.0,250.0,250.0,0.25,False
613177861,nakaseke,288000.0,288000.0,768000.0000000001,768000.0000000001,160000.0,160000.0,190000.0,190000.0,960000.0000000001,960000.0000000001,16000.0,16000.0,2382000.0,2382000.0,0.0,0.0,0.0,0.0,0.0,0.0,0.0,0.0,0.0,0.0,0.0,0.0,18333.333333333332,2400333.3333333335,2400333.3333333335,2400333.3333333335,0.8,200.0,250.0,0.25,False
613177864,nakaseke,0.0,360000.0,1200000.0,1200000.0,0.0,200000.0,0.0,190000.0,480000.0,480000.0,0.0,20000.0,1680000.0,2450000.0,0.0,0.0,0.0,0.0,0.0,0.0,0.0,0.0,0.0,0.0,0.0,0.0,1176.4705882352941,1681176.4705882352,1681176.4705882352,2451176.470588235,1.0,200.0,200.0,0.2,False
613178463,nakaseke,332307.6923076923,332307.6923076923,960000.0,960000.0,400000.0,400000.0,902500.0,902500.0,960000.0,960000.0,40000.0,40000.0,3594807.692307692,3594807.692307692,0.0,0.0,0.0,0.0,300000.0,300000.0,0.0,0.0,300000.0,300000.0,0.0,0.0,0.0,3894807.692307692,3894807.692307692,3894807.692307692,2.0,950.0,475.0,0.475,False
613178868,nakaseke,180000.0,180000.0,240000.0,240000.0,100000.0,100000.0,42749.99999999999,42749.99999999999,600000.0,600000.0,10000.0,10000.0,1172750.0,1172750.0,0.0,0.0,0.0,0.0,0.0,0.0,0.0,0.0,0.0,0.0,0.0,0.0,0.0,1172750.0,1172750.0,1172750.0,0.5,45.0,90.0,0.09,False
613180603,nakaseke,180000.0,180000.0,240000.0,240000.0,100000.0,100000.0,190000.0,190000.0,600000.0,600000.0,10000.0,10000.0,1320000.0,1320000.0,0.0,0.0,0.0,0.0,0.0,0.0,0.0,0.0,0.0,0.0,0.0,0.0,40000.0,1360000.0,1360000.0,1360000.0,0.5,200.0,400.0,0.4,False
613822490,nakaseke,0.0,144000.0,0.0,192000.00000000003,0.0,80000.0,0.0,14250.0,0.0,192000.00000000003,0.0,8000.0,0.0,630250.0,0.0,0.0,0.0,0.0,0.0,0.0,0.0,0.0,0.0,0.0,0.0,0.0,0.0,0.0,0.0,630250.0,0.4,15.0,37.5,0.0375,False
613825443,nakaseke,0.0,360000.0,0.0,480000.0,0.0,200000.0,0.0,61750.0,0.0,480000.0,0.0,20000.0,0.0,1601750.0,0.0,0.0,0.0,0.0,0.0,0.0,0.0,0.0,0.0,0.0,0.0,0.0,0.0,0.0,0.0,1601750.0,1.0,65.0,65.0,0.065,False
618055484,mukono,90000.0,90000.0,0.0,240000.0,0.0,100000.0,71250.0,71250.0,72000.0,72000.0,5000.0,5000.0,238250.0,578250.0,0.0,0.0,0.0,0.0,0.0,0.0,0.0,0.0,0.0,0.0,10000.0,0.0,0.0,248250.0,248250.0,588250.0,0.5,150.0,300.0,0.3,False
619558400,mukono,5884.615384615386,5884.615384615386,0.0,120000.0,0.0,50000.0,0.0,23750.0,0.0,120000.0,0.0,5000.0,5884.615384615386,324634.6153846154,0.0,0.0,0.0,0.0,0.0,0.0,0.0,0.0,0.0,0.0,0.0,0.0,0.0,5884.615384615386,5884.615384615386,324634.6153846154,0.25,25.0,100.0,0.1,False
621499875,mukono,0.0,180000.0,0.0,240000.0,0.0,100000.0,0.0,166250.0,0.0,240000.0,0.0,10000.0,0.0,936250.0,0.0,0.0,0.0,0.0,0.0,0.0,0.0,0.0,0.0,0.0,0.0,0.0,0.0,0.0,0.0,936250.0,0.5,175.0,350.0,0.35,False
623176650,mukono,0.0,180000.0,0.0,240000.0,0.0,100000.0,0.0,85499.99999999999,0.0,240000.0,0.0,10000.0,0.0,855500.0,0.0,0.0,0.0,0.0,0.0,0.0,0.0,0.0,0.0,0.0,0.0,0.0,0.0,0.0,0.0,855500.0,0.5,90.0,180.0,0.18,False
623183149,mukono,0.0,215999.99999999997,0.0,288000.0,0.0,120000.0,0.0,21374.999999999996,0.0,288000.0,0.0,12000.0,0.0,945375.0,0.0,0.0,0.0,0.0,0.0,0.0,0.0,0.0,0.0,0.0,0.0,0.0,0.0,0.0,0.0,945375.0,0.6,22.5,37.5,0.0375,False
623185581,mukono,0.0,180000.0,0.0,240000.0,0.0,100000.0,0.0,59375.0,0.0,240000.0,0.0,10000.0,0.0,829375.0,0.0,0.0,0.0,0.0,0.0,0.0,0.0,0.0,0.0,0.0,0.0,0.0,0.0,0.0,0.0,829375.0,0.5,62.5,125.0,0.125,False
633165095,mukono,180000.0,180000.0,240000.0,240000.0,100000.0,100000.0,95000.0,95000.0,240000.0,240000.0,10000.0,10000.0,865000.0,865000.0,0.0,0.0,120000.0,60000.0,300000.0,150000.0,500000.0,250000.0,920000.0,460000.0,0.0,0.0,0.0,1785000.0,1325000.0,1785000.0,0.5,100.0,200.0,0.2,False
633861862,mukono,0.0,107999.99999999999,0.0,144000.0,0.0,60000.0,0.0,285000.0,0.0,144000.0,0.0,6000.0,0.0,747000.0,0.0,0.0,0.0,0.0,0.0,0.0,0.0,0.0,0.0,0.0,0.0,0.0,0.0,0.0,0.0,747000.0,0.3,410.0,1366.6666666666667,1.0,False
634022320,mukono,180000.0,180000.0,240000.0,240000.0,100000.0,100000.0,47500.0,47500.0,240000.0,240000.0,10000.0,10000.0,817500.0,817500.0,0.0,0.0,0.0,0.0,0.0,0.0,0.0,0.0,0.0,0.0,0.0,0.0,0.0,817500.0,817500.0,817500.0,0.5,50.0,100.0,0.1,False
634322498,mukono,180000.0,180000.0,0.0,240000.0,0.0,100000.0,8550.0,8550.0,240000.0,240000.0,10000.0,10000.0,438550.0,778550.0,0.0,0.0,0.0,0.0,0.0,0.0,0.0,0.0,0.0,0.0,0.0,0.0,0.0,438550.0,438550.0,778550.0,0.5,9.0,18.0,0.018,False
634928993,mukono,180000.0,180000.0,240000.0,240000.0,100000.0,100000.0,28500.0,28500.0,240000.0,240000.0,10000.0,10000.0,798500.0,798500.0,0.0,0.0,0.0,0.0,0.0,0.0,30000.0,15000.0,30000.0,15000.0,0.0,0.0,0.0,828500.0,813500.0,828500.0,0.5,30.0,60.0,0.06,False
634952733,mukono,0.0,90000.0,0.0,120000.0,0.0,50000.0,0.0,95000.0,0.0,120000.0,0.0,5000.0,0.0,480000.0,0.0,0.0,0.0,0.0,0.0,0.0,0.0,0.0,0.0,0.0,0.0,0.0,0.0,0.0,0.0,480000.0,0.25,100.0,400.0,0.4,False
634953204,mukono,0.0,90000.0,0.0,120000.0,0.0,50000.0,0.0,190000.0,0.0,120000.0,0.0,5000.0,0.0,575000.0,0.0,0.0,0.0,0.0,0.0,0.0,0.0,0.0,0.0,0.0,0.0,0.0,0.0,0.0,0.0,575000.0,0.25,200.0,800.0,0.8,False
635102101,mukono,0.0,90000.0,0.0,120000.0,0.0,50000.0,0.0,71250.0,0.0,120000.0,0.0,5000.0,0.0,456250.0,0.0,0.0,0.0,0.0,0.0,0.0,0.0,0.0,0.0,0.0,0.0,0.0,0.0,0.0,0.0,456250.0,0.25,75.0,300.0,0.3,False
635102513,mukono,0.0,90000.0,0.0,120000.0,0.0,50000.0,0.0,190000.0,0.0,120000.0,0.0,5000.0,0.0,575000.0,0.0,0.0,0.0,0.0,0.0,0.0,0.0,0.0,0.0,0.0,0.0,0.0,0.0,0.0,0.0,575000.0,0.25,200.0,800.0,0.8,False
644159914,mukono,2520000.0,2520000.0,3360000.0,3360000.0,1400000.0,1400000.0,522500.0,522500.0,3360000.0,3360000.0,140000.0,140000.0,11302500.0,11302500.0,0.0,0.0,0.0,0.0,0.0,0.0,1000000.0,500000.0,1000000.0,500000.0,0.0,0.0,0.0,12302500.0,11802500.0,12302500.0,7.0,550.0,78.57142857142857,0.07857142857142857,False
644420047,mukono,0.0,180000.0,0.0,240000.0,0.0,100000.0,0.0,95000.0,0.0,240000.0,0.0,10000.0,0.0,865000.0,0.0,0.0,0.0,0.0,0.0,0.0,0.0,0.0,0.0,0.0,0.0,0.0,0.0,0.0,0.0,865000.0,0.5,100.0,200.0,0.2,False
551439754,nakaseke,150000.0,150000.0,886153.8461538461,886153.8461538461,923076.9230769231,923076.9230769231,71250.0,71250.0,0.0,3840000.0,160000.0,160000.0,2190480.769230769,6030480.769230769,100000.0,100000.0,0.0,0.0,0.0,0.0,0.0,0.0,100000.0,100000.0,200000.0,0.0,66666.66666666667,2557147.4358974355,2557147.4358974355,6397147.435897436,8.0,75.0,9.375,0.009375,False
552968706,nakaseke,864000.0,864000.0,1152000.0,1152000.0,600000.0,600000.0,237500.0,237500.0,1440000.0,1440000.0,60000.0,60000.0,4353500.0,4353500.0,150000.0,150000.0,0.0,0.0,0.0,0.0,240000.0,240000.0,390000.0,390000.0,0.0,0.0,60000.0,4803500.0,4803500.0,4803500.0,3.0,250.0,83.33333333333333,0.08333333333333333,False
552969446,nakaseke,345600.0,345600.0,384000.00000000006,384000.00000000006,320000.0,320000.0,47500.0,47500.0,0.0,384000.00000000006,16000.0,16000.0,1113100.0,1497100.0,170000.0,170000.0,0.0,0.0,0.0,0.0,0.0,0.0,170000.0,170000.0,0.0,0.0,75000.0,1358100.0,1358100.0,1742100.0,0.8,50.0,62.5,0.0625,False
552970239,nakaseke,360000.0,360000.0,480000.0,480000.0,200000.0,200000.0,237500.0,237500.0,0.0,480000.0,50000.0,50000.0,1327500.0,1807500.0,600000.0,150000.0,0.0,0.0,0.0,0.0,0.0,0.0,600000.0,150000.0,0.0,0.0,75000.0,2002500.0,1552500.0,2482500.0,1.0,250.0,250.0,0.25,False
554387935,nakaseke,864000.0,864000.0,720000.0,720000.0,360000.0,360000.0,142500.0,142500.0,720000.0,720000.0,30000.0,30000.0,2836500.0,2836500.0,800000.0,200000.0,0.0,0.0,0.0,0.0,0.0,0.0,800000.0,200000.0,0.0,0.0,60000.0,3696500.0,3096500.0,3696500.0,1.5,150.0,100.0,0.1,False
558377096,nakaseke,360000.0,360000.0,480000.0,480000.0,200000.0,200000.0,118750.0,118750.0,480000.0,480000.0,20000.0,20000.0,1658750.0,1658750.0,0.0,0.0,0.0,0.0,0.0,0.0,0.0,0.0,0.0,0.0,0.0,0.0,11428.57142857143,1670178.5714285714,1670178.5714285714,1670178.5714285714,1.0,125.0,125.0,0.125,False
559607458,nakaseke,1800000.0,1800000.0,2400000.0,2400000.0,1000000.0,1000000.0,109249.99999999999,109249.99999999999,2400000.0,2400000.0,100000.0,100000.0,7809250.0,7809250.0,0.0,0.0,0.0,0.0,0.0,0.0,0.0,0.0,0.0,0.0,0.0,0.0,25000.0,7834250.0,7834250.0,7834250.0,5.0,115.0,23.0,0.023,False
567493335,nakaseke,360000.0,360000.0,480000.0,480000.0,200000.0,200000.0,71250.0,71250.0,480000.0,480000.0,20000.0,20000.0,1611250.0,1611250.0,300000.0,300000.0,0.0,0.0,0.0,0.0,0.0,0.0,300000.0,300000.0,0.0,0.0,0.0,1911250.0,1911250.0,1911250.0,1.0,75.0,75.0,0.075,False
581802079,nakaseke,720000.0,720000.0,960000.0,960000.0,400000.0,400000.0,380000.0,380000.0,2400000.0,2400000.0,40000.0,40000.0,4900000.0,4900000.0,1200000.0,300000.0,0.0,0.0,0.0,0.0,0.0,0.0,1200000.0,300000.0,0.0,0.0,26000.0,6126000.0,5226000.0,6126000.0,2.0,400.0,200.0,0.2,False
582619340,nakaseke,810000.0,810000.0,1080000.0,1080000.0,750000.0,750000.0,135375.0,135375.0,1800000.0,1800000.0,45000.0,45000.0,4620375.0,4620375.0,0.0,0.0,0.0,0.0,0.0,0.0,0.0,0.0,0.0,0.0,0.0,0.0,16000.0,4636375.0,4636375.0,4636375.0,1.5,95.0,63.333333333333336,0.06333333333333334,False
583580839,nakaseke,1800000.0,1800000.0,2400000.0,2400000.0,1000000.0,1000000.0,2850000.0,2850000.0,6000000.0,6000000.0,100000.0,100000.0,14150000.0,14150000.0,400000.0,400000.0,0.0,0.0,0.0,0.0,0.0,0.0,400000.0,400000.0,0.0,0.0,70000.0,14620000.0,14620000.0,14620000.0,5.0,3000.0,600.0,0.6,False
584444811,nakaseke,360000.0,360000.0,480000.0,480000.0,200000.0,200000.0,237500.0,237500.0,1200000.0,1200000.0,20000.0,20000.0,2497500.0,2497500.0,0.0,0.0,0.0,0.0,0.0,0.0,0.0,0.0,0.0,0.0,0.0,0.0,0.0,2497500.0,2497500.0,2497500.0,1.0,250.0,250.0,0.25,False
585215286,nakaseke,1800000.0,1800000.0,1200000.0,1200000.0,1250000.0,1250000.0,142500.0,142500.0,3000000.0,3000000.0,50000.0,50000.0,7442500.0,7442500.0,380000.0,380000.0,0.0,0.0,0.0,0.0,0.0,0.0,380000.0,380000.0,0.0,0.0,25714.285714285714,7848214.285714285,7848214.285714285,7848214.285714285,2.5,150.0,60.0,0.06,False
587013182,nakaseke,360000.0,360000.0,1200000.0,1200000.0,500000.0,500000.0,237500.0,237500.0,1200000.0,1200000.0,20000.0,20000.0,3517500.0,3517500.0,0.0,0.0,0.0,0.0,0.0,0.0,0.0,0.0,0.0,0.0,0.0,0.0,0.0,3517500.0,3517500.0,3517500.0,1.0,250.0,250.0,0.25,False
588782700,nakaseke,2160000.0,2160000.0,1440000.0,1440000.0,1500000.0,1500000.0,712500.0,712500.0,3600000.0,3600000.0,90000.0,90000.0,9502500.0,9502500.0,0.0,0.0,0.0,0.0,0.0,0.0,0.0,0.0,0.0,0.0,0.0,0.0,11666.666666666666,9514166.666666666,9514166.666666666,9514166.666666666,3.0,500.0,166.66666666666666,0.16666666666666666,False
589705993,nakaseke,1440000.0,1440000.0,960000.0,960000.0,400000.0,400000.0,427500.0,427500.0,2400000.0,2400000.0,40000.0,40000.0,5667500.0,5667500.0,0.0,0.0,0.0,0.0,0.0,0.0,0.0,0.0,0.0,0.0,0.0,0.0,22857.14285714286,5690357.142857143,5690357.142857143,5690357.142857143,2.0,450.0,225.0,0.225,False
613178458,nakaseke,7200000.0,7200000.0,9600000.0,9600000.0,4000000.0,4000000.0,1900000.0,1900000.0,12000000.0,12000000.0,400000.0,400000.0,35100000.0,35100000.0,300000.0,300000.0,0.0,0.0,1000000.0,500000.0,5100000.0,2550000.0,6400000.0,3350000.0,0.0,0.0,150000.0,41650000.0,38600000.0,41650000.0,10.0,1000.0,100.0,0.1,False
613178880,nakaseke,810000.0,810000.0,1080000.0,1080000.0,600000.0,600000.0,641250.0,641250.0,1800000.0,1800000.0,45000.0,45000.0,4976250.0,4976250.0,250000.0,250000.0,0.0,0.0,0.0,0.0,0.0,0.0,250000.0,250000.0,0.0,0.0,0.0,5226250.0,5226250.0,5226250.0,1.5,450.0,300.0,0.3,False
613179574,nakaseke,288000.0,288000.0,384000.00000000006,384000.00000000006,160000.0,160000.0,332500.0,332500.0,960000.0000000001,960000.0000000001,16000.0,16000.0,2140500.0,2140500.0,300000.0,300000.0,0.0,0.0,0.0,0.0,150000.0,150000.0,450000.0,450000.0,0.0,0.0,6666.666666666667,2597166.6666666665,2597166.6666666665,2597166.6666666665,0.8,350.0,437.5,0.4375,False
615825416,mukono,90000.0,90000.0,120000.0,120000.0,50000.0,50000.0,15200.0,15200.0,120000.0,120000.0,5000.0,5000.0,400200.0,400200.0,0.0,0.0,0.0,0.0,0.0,0.0,0.0,0.0,0.0,0.0,0.0,0.0,0.0,400200.0,400200.0,400200.0,0.25,16.0,64.0,0.064,False
619544793,mukono,0.0,360000.0,0.0,480000.0,0.0,200000.0,0.0,190000.0,0.0,480000.0,0.0,20000.0,0.0,1730000.0,0.0,0.0,0.0,0.0,0.0,0.0,0.0,0.0,0.0,0.0,0.0,0.0,0.0,0.0,0.0,1730000.0,1.0,200.0,200.0,0.2,False
623479229,mukono,180000.0,180000.0,240000.0,240000.0,100000.0,100000.0,28500.0,28500.0,240000.0,240000.0,10000.0,10000.0,798500.0,798500.0,0.0,0.0,0.0,0.0,0.0,0.0,180000.0,90000.0,180000.0,90000.0,0.0,0.0,0.0,978500.0,888500.0,978500.0,0.5,30.0,60.0,0.06,False
633706398,mukono,90000.0,90000.0,120000.0,120000.0,50000.0,50000.0,45125.0,45125.0,120000.0,120000.0,5000.0,5000.0,430125.0,430125.0,200000.0,200000.0,0.0,0.0,0.0,0.0,0.0,0.0,200000.0,200000.0,0.0,0.0,0.0,630125.0,630125.0,630125.0,0.25,47.5,190.0,0.19,False
633706854,mukono,360000.0,360000.0,720000.0,720000.0,0.0,200000.0,33250.0,33250.0,480000.0,480000.0,20000.0,20000.0,1613250.0,1813250.0,0.0,0.0,0.0,0.0,0.0,0.0,0.0,0.0,0.0,0.0,0.0,0.0,0.0,1613250.0,1613250.0,1813250.0,1.0,35.0,35.0,0.035,False
553314312,nakaseke,1152000.0,1152000.0,960000.0,960000.0,640000.0,640000.0,712500.0,712500.0,960000.0,960000.0,40000.0,40000.0,4464500.0,4464500.0,320000.0,80000.0,0.0,0.0,0.0,0.0,0.0,0.0,320000.0,80000.0,0.0,0.0,50000.0,4834500.0,4594500.0,4834500.0,2.0,750.0,375.0,0.375,False
555219512,nakaseke,277200.0,277200.0,0.0,528000.0,150000.0,150000.0,49400.00000000001,49400.00000000001,0.0,528000.0,0.0,22000.0,476600.0,1554600.0,0.0,0.0,0.0,0.0,300000.0,150000.0,0.0,0.0,300000.0,150000.0,0.0,0.0,0.0,776600.0,626600.0,1854600.0,1.1,130.0,118.18181818181817,0.11818181818181818,False
561200684,nakaseke,720000.0,720000.0,960000.0,960000.0,400000.0,400000.0,95000.0,95000.0,0.0,960000.0,40000.0,40000.0,2215000.0,3175000.0,150000.0,150000.0,300000.0,300000.0,0.0,0.0,0.0,0.0,450000.0,450000.0,0.0,0.0,18750.0,2683750.0,2683750.0,3643750.0,2.0,100.0,50.0,0.05,False
583583184,nakaseke,1080000.0,1080000.0,1800000.0,1800000.0,750000.0,750000.0,855000.0,855000.0,1800000.0,1800000.0,30000.0,30000.0,6315000.0,6315000.0,0.0,0.0,0.0,0.0,0.0,0.0,0.0,0.0,0.0,0.0,0.0,0.0,0.0,6315000.0,6315000.0,6315000.0,1.5,900.0,600.0,0.6,False
584444125,nakaseke,720000.0,720000.0,960000.0,960000.0,1000000.0,1000000.0,237500.0,237500.0,2400000.0,2400000.0,40000.0,40000.0,5357500.0,5357500.0,0.0,0.0,0.0,0.0,0.0,0.0,0.0,0.0,0.0,0.0,0.0,0.0,30000.0,5387500.0,5387500.0,5387500.0,2.0,250.0,125.0,0.125,False
584446459,nakaseke,720000.0,720000.0,2400000.0,2400000.0,1000000.0,1000000.0,285000.0,285000.0,2400000.0,2400000.0,40000.0,40000.0,6845000.0,6845000.0,400000.0,400000.0,0.0,0.0,0.0,0.0,0.0,0.0,400000.0,400000.0,0.0,0.0,40000.0,7285000.0,7285000.0,7285000.0,2.0,300.0,150.0,0.15,False
586786507,nakaseke,324000.0,324000.0,0.0,432000.0,0.0,180000.0,42275.0,42275.0,432000.0,432000.0,18000.0,18000.0,816275.0,1428275.0,0.0,0.0,0.0,0.0,0.0,0.0,0.0,0.0,0.0,0.0,0.0,0.0,0.0,816275.0,816275.0,1428275.0,0.9,44.5,49.44444444444444,0.049444444444444444,False
586805028,nakaseke,0.0,360000.0,0.0,480000.0,0.0,200000.0,0.0,29450.0,0.0,480000.0,0.0,20000.0,0.0,1569450.0,0.0,0.0,0.0,0.0,0.0,0.0,0.0,0.0,0.0,0.0,0.0,800000.0,0.0,800000.0,800000.0,2369450.0,1.0,31.0,31.0,0.031,False
588783732,nakaseke,540000.0,540000.0,720000.0,720000.0,300000.0,300000.0,608000.0,608000.0,1800000.0,1800000.0,30000.0,30000.0,3998000.0,3998000.0,0.0,0.0,0.0,0.0,0.0,0.0,0.0,0.0,0.0,0.0,0.0,0.0,0.0,3998000.0,3998000.0,3998000.0,1.5,640.0,426.6666666666667,0.4266666666666667,False
589705256,nakaseke,720000.0,720000.0,2400000.0,2400000.0,400000.0,400000.0,855000.0,855000.0,2400000.0,2400000.0,40000.0,40000.0,6815000.0,6815000.0,400000.0,400000.0,0.0,0.0,0.0,0.0,0.0,0.0,400000.0,400000.0,0.0,0.0,0.0,7215000.0,7215000.0,7215000.0,2.0,900.0,450.0,0.45,False
592362627,nakaseke,180000.0,180000.0,240000.0,240000.0,200000.0,200000.0,427500.0,427500.0,600000.0,600000.0,10000.0,10000.0,1657500.0,1657500.0,0.0,0.0,0.0,0.0,0.0,0.0,0.0,0.0,0.0,0.0,0.0,0.0,10000.0,1667500.0,1667500.0,1667500.0,0.5,450.0,900.0,0.9,False
592363516,nakaseke,540000.0,540000.0,720000.0,720000.0,300000.0,300000.0,427500.0,427500.0,1800000.0,1800000.0,30000.0,30000.0,3817500.0,3817500.0,0.0,0.0,0.0,0.0,0.0,0.0,0.0,0.0,0.0,0.0,0.0,0.0,80000.0,3897500.0,3897500.0,3897500.0,1.5,450.0,300.0,0.3,False
615755561,mukono,1163076.923076923,1163076.923076923,360000.0,360000.0,750000.0,750000.0,438461.53846153844,438461.53846153844,0.0,1440000.0,150000.0,150000.0,2861538.4615384615,4301538.461538462,0.0,0.0,1500000.0,750000.0,0.0,0.0,0.0,0.0,1500000.0,750000.0,1000000.0,0.0,0.0,5361538.461538462,4611538.461538462,6801538.461538462,3.0,1000.0,333.3333333333333,0.3333333333333333,False
616699698,mukono,180000.0,180000.0,240000.0,240000.0,100000.0,100000.0,104500.0,104500.0,240000.0,240000.0,10000.0,10000.0,874500.0,874500.0,0.0,0.0,0.0,0.0,0.0,0.0,0.0,0.0,0.0,0.0,0.0,0.0,0.0,874500.0,874500.0,874500.0,0.5,110.0,220.0,0.22,False
618056804,mukono,252000.0,252000.0,0.0,480000.0,0.0,200000.0,93100.0,93100.0,0.0,480000.0,14000.0,14000.0,359100.0,1519100.0,0.0,0.0,0.0,0.0,0.0,0.0,0.0,0.0,0.0,0.0,10000.0,0.0,0.0,369100.0,369100.0,1529100.0,1.0,140.0,140.0,0.14,False
623479343,mukono,180000.0,180000.0,0.0,240000.0,0.0,100000.0,19475.0,19475.0,0.0,240000.0,10000.0,10000.0,209475.0,789475.0,0.0,0.0,0.0,0.0,0.0,0.0,0.0,0.0,0.0,0.0,0.0,0.0,0.0,209475.0,209475.0,789475.0,0.5,20.5,41.0,0.041,False
631647706,mukono,180000.0,180000.0,0.0,240000.0,0.0,100000.0,29450.0,29450.0,240000.0,240000.0,10000.0,10000.0,459450.0,799450.0,0.0,0.0,0.0,0.0,0.0,0.0,0.0,0.0,0.0,0.0,0.0,0.0,0.0,459450.0,459450.0,799450.0,0.5,31.0,62.0,0.062,False
632871446,mukono,108000.0,108000.0,144000.0,144000.0,0.0,50000.0,102599.99999999999,102599.99999999999,144000.0,144000.0,6000.0,6000.0,504600.0,554600.0,0.0,0.0,0.0,0.0,0.0,0.0,0.0,0.0,0.0,0.0,0.0,0.0,0.0,504600.0,504600.0,554600.0,0.25,90.0,360.0,0.36,False
644420087,mukono,69230.76923076923,69230.76923076923,0.0,960000.0,0.0,400000.0,0.0,114000.0,0.0,960000.0,0.0,40000.0,69230.76923076923,2543230.769230769,0.0,0.0,0.0,0.0,0.0,0.0,0.0,0.0,0.0,0.0,0.0,0.0,0.0,69230.76923076923,69230.76923076923,2543230.769230769,2.0,120.0,60.0,0.06,False
583581711,nakaseke,1440000.0,1440000.0,960000.0,960000.0,1000000.0,1000000.0,332500.0,332500.0,2400000.0,2400000.0,40000.0,40000.0,6172500.0,6172500.0,0.0,0.0,0.0,0.0,0.0,0.0,0.0,0.0,0.0,0.0,0.0,0.0,15000.0,6187500.0,6187500.0,6187500.0,2.0,350.0,175.0,0.175,False
592192218,nakaseke,0.0,360000.0,0.0,480000.0,0.0,200000.0,0.0,190000.0,0.0,480000.0,0.0,20000.0,0.0,1730000.0,0.0,0.0,0.0,0.0,0.0,0.0,0.0,0.0,0.0,0.0,0.0,0.0,0.0,0.0,0.0,1730000.0,1.0,200.0,200.0,0.2,False
614880682,mukono,180000.0,180000.0,144000.0,144000.0,0.0,100000.0,0.0,76000.0,240000.0,240000.0,10000.0,10000.0,574000.0,750000.0,0.0,0.0,0.0,0.0,0.0,0.0,0.0,0.0,0.0,0.0,0.0,0.0,0.0,574000.0,574000.0,750000.0,0.5,80.0,160.0,0.16,False
618739011,mukono,1800000.0,1800000.0,2400000.0,2400000.0,1000000.0,1000000.0,285000.0,285000.0,2400000.0,2400000.0,100000.0,100000.0,7985000.0,7985000.0,0.0,0.0,0.0,0.0,0.0,0.0,0.0,0.0,0.0,0.0,0.0,0.0,0.0,7985000.0,7985000.0,7985000.0,5.0,300.0,60.0,0.06,False
618739107,mukono,1080000.0,1080000.0,1440000.0,1440000.0,600000.0,600000.0,190000.0,190000.0,1440000.0,1440000.0,60000.0,60000.0,4810000.0,4810000.0,0.0,0.0,0.0,0.0,0.0,0.0,0.0,0.0,0.0,0.0,0.0,0.0,0.0,4810000.0,4810000.0,4810000.0,3.0,200.0,66.66666666666667,0.06666666666666667,False
622484850,mukono,180000.0,180000.0,240000.0,240000.0,0.0,100000.0,85499.99999999999,85499.99999999999,240000.0,240000.0,10000.0,10000.0,755500.0,855500.0,0.0,0.0,0.0,0.0,0.0,0.0,0.0,0.0,0.0,0.0,0.0,0.0,0.0,755500.0,755500.0,855500.0,0.5,90.0,180.0,0.18,False
623479274,mukono,90000.0,90000.0,0.0,120000.0,0.0,50000.0,19000.0,19000.0,0.0,120000.0,5000.0,5000.0,114000.0,404000.0,0.0,0.0,0.0,0.0,0.0,0.0,0.0,0.0,0.0,0.0,0.0,0.0,0.0,114000.0,114000.0,404000.0,0.25,20.0,80.0,0.08,False
623981062,mukono,180000.0,180000.0,0.0,240000.0,100000.0,100000.0,51775.0,51775.0,240000.0,240000.0,10000.0,10000.0,581775.0,821775.0,0.0,0.0,0.0,0.0,0.0,0.0,100000.0,50000.0,100000.0,50000.0,0.0,0.0,0.0,681775.0,631775.0,921775.0,0.5,54.5,109.0,0.109,False
634929144,mukono,180000.0,180000.0,0.0,240000.0,0.0,100000.0,10450.0,10450.0,240000.0,240000.0,10000.0,10000.0,440450.0,780450.0,0.0,0.0,0.0,0.0,0.0,0.0,0.0,0.0,0.0,0.0,0.0,0.0,0.0,440450.0,440450.0,780450.0,0.5,11.0,22.0,0.022,False
635625391,mukono,180000.0,180000.0,0.0,240000.0,0.0,100000.0,42749.99999999999,42749.99999999999,240000.0,240000.0,10000.0,10000.0,472750.0,812750.0,0.0,0.0,0.0,0.0,0.0,0.0,0.0,0.0,0.0,0.0,0.0,0.0,0.0,472750.0,472750.0,812750.0,0.5,45.0,90.0,0.09,False
635625490,mukono,90000.0,90000.0,0.0,120000.0,0.0,50000.0,15200.0,15200.0,120000.0,120000.0,5000.0,5000.0,230200.0,400200.0,0.0,0.0,0.0,0.0,0.0,0.0,0.0,0.0,0.0,0.0,0.0,0.0,0.0,230200.0,230200.0,400200.0,0.25,16.0,64.0,0.064,False
556031317,nakaseke,0.0,180000.0,0.0,240000.0,0.0,100000.0,0.0,30875.0,0.0,240000.0,0.0,10000.0,0.0,800875.0,0.0,0.0,0.0,0.0,0.0,0.0,0.0,0.0,0.0,0.0,0.0,0.0,0.0,0.0,0.0,800875.0,0.5,32.5,65.0,0.065,False
556037719,nakaseke,0.0,288000.0,0.0,384000.00000000006,0.0,160000.0,0.0,101650.00000000001,0.0,384000.00000000006,0.0,16000.0,0.0,1333650.0,0.0,0.0,0.0,0.0,0.0,0.0,0.0,0.0,0.0,0.0,0.0,0.0,0.0,0.0,0.0,1333650.0,0.8,107.0,133.75,0.13375,False
560449324,nakaseke,504000.0,504000.0,100000.0,100000.0,76923.07692307692,76923.07692307692,91912.5,91912.5,2400000.0,2400000.0,20000.0,20000.0,3192835.576923077,3192835.576923077,0.0,0.0,0.0,0.0,200000.0,100000.0,0.0,0.0,200000.0,100000.0,0.0,0.0,0.0,3392835.576923077,3292835.576923077,3392835.576923077,2.0,215.0,107.5,0.1075,False
586026956,nakaseke,0.0,215999.99999999997,0.0,288000.0,0.0,120000.0,0.0,28025.000000000004,0.0,288000.0,0.0,12000.0,0.0,952025.0,0.0,0.0,0.0,0.0,0.0,0.0,0.0,0.0,0.0,0.0,0.0,0.0,0.0,0.0,0.0,952025.0,0.6,29.5,49.16666666666667,0.04916666666666667,False
616680304,mukono,0.0,180000.0,27692.30769230769,27692.30769230769,0.0,100000.0,0.0,47500.0,0.0,240000.0,0.0,10000.0,27692.30769230769,605192.3076923077,0.0,0.0,0.0,0.0,0.0,0.0,0.0,0.0,0.0,0.0,0.0,0.0,0.0,27692.30769230769,27692.30769230769,605192.3076923077,0.5,50.0,100.0,0.1,False
616700114,mukono,180000.0,180000.0,240000.0,240000.0,100000.0,100000.0,42749.99999999999,42749.99999999999,240000.0,240000.0,10000.0,10000.0,812750.0,812750.0,0.0,0.0,0.0,0.0,0.0,0.0,0.0,0.0,0.0,0.0,0.0,0.0,0.0,812750.0,812750.0,812750.0,0.5,45.0,90.0,0.09,False
623980936,mukono,180000.0,180000.0,360000.0,360000.0,0.0,100000.0,42749.99999999999,42749.99999999999,240000.0,240000.0,10000.0,10000.0,832750.0,932750.0,0.0,0.0,0.0,0.0,0.0,0.0,0.0,0.0,0.0,0.0,0.0,0.0,0.0,832750.0,832750.0,932750.0,0.5,45.0,90.0,0.09,False
632872132,mukono,180000.0,180000.0,0.0,240000.0,0.0,100000.0,104500.0,104500.0,240000.0,240000.0,10000.0,10000.0,534500.0,874500.0,0.0,0.0,0.0,0.0,0.0,0.0,0.0,0.0,0.0,0.0,0.0,0.0,0.0,534500.0,534500.0,874500.0,0.5,110.0,220.0,0.22,False
550732883,nakaseke,0.0,180000.0,0.0,240000.0,0.0,100000.0,0.0,190000.0,0.0,240000.0,0.0,10000.0,0.0,960000.0,0.0,0.0,0.0,0.0,0.0,0.0,0.0,0.0,0.0,0.0,0.0,0.0,0.0,0.0,0.0,960000.0,0.5,200.0,400.0,0.4,False
582502735,nakaseke,0.0,252000.0,0.0,335999.99999999994,0.0,140000.0,0.0,35625.00000000001,0.0,335999.99999999994,0.0,14000.0,0.0,1113625.0,0.0,0.0,0.0,0.0,0.0,0.0,0.0,0.0,0.0,0.0,0.0,0.0,0.0,0.0,0.0,1113625.0,0.7,37.5,53.57142857142858,0.053571428571428575,False
586030936,nakaseke,0.0,144000.0,0.0,192000.00000000003,0.0,80000.0,0.0,14250.0,0.0,192000.00000000003,0.0,8000.0,0.0,630250.0,0.0,0.0,0.0,0.0,0.0,0.0,0.0,0.0,0.0,0.0,0.0,0.0,0.0,0.0,0.0,630250.0,0.4,15.0,37.5,0.0375,False
614807290,mukono,90000.0,90000.0,0.0,240000.0,0.0,100000.0,85499.99999999999,85499.99999999999,72000.0,72000.0,5000.0,5000.0,252500.0,592500.0,0.0,0.0,0.0,0.0,0.0,0.0,0.0,0.0,0.0,0.0,60000.0,0.0,0.0,312500.0,312500.0,652500.0,0.5,180.0,360.0,0.36,False
614850521,mukono,0.0,180000.0,0.0,240000.0,7000.0,7000.0,0.0,95000.0,7000.0,7000.0,20000.0,20000.0,34000.0,549000.0,0.0,0.0,0.0,0.0,0.0,0.0,0.0,0.0,0.0,0.0,0.0,0.0,0.0,34000.0,34000.0,549000.0,0.5,100.0,200.0,0.2,False
614880379,mukono,1080000.0,1080000.0,1728000.0,1728000.0,600000.0,600000.0,186200.0,186200.0,1440000.0,1440000.0,72000.0,72000.0,5106200.0,5106200.0,0.0,0.0,0.0,0.0,0.0,0.0,0.0,0.0,0.0,0.0,0.0,0.0,15000.0,5121200.0,5121200.0,5121200.0,3.0,245.0,81.66666666666667,0.08166666666666667,False
615759274,mukono,0.0,180000.0,0.0,240000.0,0.0,100000.0,0.0,71250.0,0.0,240000.0,0.0,10000.0,0.0,841250.0,0.0,0.0,0.0,0.0,0.0,0.0,0.0,0.0,0.0,0.0,0.0,0.0,0.0,0.0,0.0,841250.0,0.5,75.0,150.0,0.15,False
615825361,mukono,720000.0,720000.0,960000.0,960000.0,400000.0,400000.0,180500.0,180500.0,960000.0,960000.0,40000.0,40000.0,3260500.0,3260500.0,0.0,0.0,0.0,0.0,0.0,0.0,0.0,0.0,0.0,0.0,0.0,0.0,0.0,3260500.0,3260500.0,3260500.0,2.0,190.0,95.0,0.095,False
616578776,mukono,180000.0,180000.0,0.0,240000.0,50000.0,50000.0,159600.0,159600.0,120000.0,120000.0,10000.0,10000.0,519600.0,759600.0,400000.0,100000.0,0.0,0.0,0.0,0.0,0.0,0.0,400000.0,100000.0,100000.0,0.0,0.0,1019600.0,719600.0,1259600.0,0.5,140.0,280.0,0.28,False
616579437,mukono,360000.0,360000.0,0.0,480000.0,0.0,200000.0,285000.0,285000.0,240000.0,240000.0,20000.0,20000.0,905000.0,1585000.0,0.0,0.0,0.0,0.0,0.0,0.0,0.0,0.0,0.0,0.0,20000.0,0.0,0.0,925000.0,925000.0,1605000.0,1.0,300.0,300.0,0.3,False
616580090,mukono,126000.0,126000.0,168000.0,168000.0,70000.0,70000.0,39900.0,39900.0,120000.0,120000.0,7000.0,7000.0,530900.0,530900.0,400000.0,100000.0,20000.0,10000.0,50000.0,25000.0,50000.0,25000.0,520000.0,160000.0,15000.0,0.0,0.0,1065900.0,705900.0,1065900.0,0.5,60.0,120.0,0.12,False
616699119,mukono,180000.0,180000.0,240000.0,240000.0,70000.0,70000.0,5700.000000000001,5700.000000000001,168000.0,168000.0,10000.0,10000.0,673700.0,673700.0,0.0,0.0,0.0,0.0,0.0,0.0,0.0,0.0,0.0,0.0,0.0,0.0,7500.0,681200.0,681200.0,681200.0,0.5,6.0,12.0,0.012,False
617648886,mukono,360000.0,360000.0,480000.0,480000.0,200000.0,200000.0,71250.0,71250.0,480000.0,480000.0,20000.0,20000.0,1611250.0,1611250.0,0.0,0.0,0.0,0.0,0.0,0.0,0.0,0.0,0.0,0.0,0.0,0.0,0.0,1611250.0,1611250.0,1611250.0,1.0,75.0,75.0,0.075,False
618056277,mukono,126000.0,126000.0,0.0,240000.0,50000.0,50000.0,106875.0,106875.0,120000.0,120000.0,7000.0,7000.0,409875.0,649875.0,0.0,0.0,0.0,0.0,48000.0,48000.0,0.0,0.0,48000.0,48000.0,20000.0,0.0,0.0,477875.0,477875.0,717875.0,0.5,225.0,450.0,0.45,False
618502771,mukono,90000.0,90000.0,120000.0,120000.0,0.0,100000.0,28500.0,28500.0,0.0,240000.0,7000.0,7000.0,245500.0,585500.0,0.0,0.0,0.0,0.0,0.0,0.0,0.0,0.0,0.0,0.0,7000.0,0.0,0.0,252500.0,252500.0,592500.0,0.5,100.0,200.0,0.2,False
618503624,mukono,180000.0,180000.0,0.0,240000.0,0.0,100000.0,0.0,80750.00000000001,120000.0,120000.0,10000.0,10000.0,310000.0,730750.0,0.0,0.0,0.0,0.0,0.0,0.0,0.0,0.0,0.0,0.0,10000.0,0.0,0.0,320000.0,320000.0,740750.0,0.5,85.0,170.0,0.17,False
619549456,mukono,324000.0,324000.0,36000.0,36000.0,20000.0,20000.0,0.0,484500.0,0.0,720000.0,0.0,30000.0,380000.0,1614500.0,0.0,0.0,0.0,0.0,30000.0,15000.0,10000.0,10000.0,40000.0,25000.0,0.0,0.0,0.0,420000.0,405000.0,1654500.0,1.5,510.0,340.0,0.34,False
619551006,mukono,41538.46153846154,41538.46153846154,0.0,480000.0,0.0,200000.0,0.0,114000.0,0.0,480000.0,0.0,20000.0,41538.46153846154,1335538.4615384615,0.0,0.0,0.0,0.0,0.0,0.0,0.0,0.0,0.0,0.0,0.0,0.0,0.0,41538.46153846154,41538.46153846154,1335538.4615384615,1.0,120.0,120.0,0.12,False
619552154,mukono,9692.307692307691,9692.307692307691,0.0,480000.0,0.0,200000.0,0.0,85499.99999999999,0.0,480000.0,0.0,20000.0,9692.307692307691,1275192.3076923077,0.0,0.0,0.0,0.0,0.0,0.0,0.0,0.0,0.0,0.0,0.0,0.0,0.0,9692.307692307691,9692.307692307691,1275192.3076923077,1.0,90.0,90.0,0.09,False
619559855,mukono,0.0,360000.0,66000.0,66000.0,70000.0,70000.0,0.0,71250.0,0.0,480000.0,0.0,20000.0,136000.0,1067250.0,0.0,0.0,0.0,0.0,0.0,0.0,0.0,0.0,0.0,0.0,0.0,0.0,0.0,136000.0,136000.0,1067250.0,1.0,75.0,75.0,0.075,False
622292961,mukono,126000.0,126000.0,0.0,240000.0,0.0,100000.0,66500.0,66500.0,120000.0,120000.0,7000.0,7000.0,319500.0,659500.0,0.0,0.0,0.0,0.0,0.0,0.0,0.0,0.0,0.0,0.0,5000.0,0.0,0.0,324500.0,324500.0,664500.0,0.5,100.0,200.0,0.2,False
623188000,mukono,0.0,180000.0,0.0,240000.0,0.0,100000.0,0.0,33250.0,0.0,240000.0,0.0,10000.0,0.0,803250.0,0.0,0.0,0.0,0.0,0.0,0.0,0.0,0.0,0.0,0.0,0.0,0.0,0.0,0.0,0.0,803250.0,0.5,35.0,70.0,0.07,False
623704256,mukono,1080000.0,1080000.0,1440000.0,1440000.0,600000.0,600000.0,275500.0,275500.0,1440000.0,1440000.0,60000.0,60000.0,4895500.0,4895500.0,0.0,0.0,0.0,0.0,0.0,0.0,0.0,0.0,0.0,0.0,0.0,0.0,0.0,4895500.0,4895500.0,4895500.0,3.0,290.0,96.66666666666667,0.09666666666666666,False
624717557,mukono,0.0,180000.0,0.0,240000.0,0.0,100000.0,0.0,95000.0,0.0,240000.0,0.0,10000.0,0.0,865000.0,0.0,0.0,0.0,0.0,0.0,0.0,0.0,0.0,0.0,0.0,0.0,0.0,0.0,0.0,0.0,865000.0,0.5,100.0,200.0,0.2,False
628775538,mukono,34615.38461538462,34615.38461538462,0.0,240000.0,0.0,100000.0,0.0,142500.0,0.0,240000.0,0.0,10000.0,34615.38461538462,767115.3846153846,0.0,0.0,0.0,0.0,0.0,0.0,0.0,0.0,0.0,0.0,0.0,0.0,0.0,34615.38461538462,34615.38461538462,767115.3846153846,0.5,150.0,300.0,0.3,False
632457381,mukono,180000.0,180000.0,240000.0,240000.0,100000.0,100000.0,228000.0,228000.0,240000.0,240000.0,10000.0,10000.0,998000.0,998000.0,0.0,0.0,0.0,0.0,0.0,0.0,0.0,0.0,0.0,0.0,10000.0,0.0,0.0,1008000.0,1008000.0,1008000.0,0.5,240.0,480.0,0.48,False
632479613,mukono,180000.0,180000.0,240000.0,240000.0,100000.0,100000.0,152000.0,152000.0,240000.0,240000.0,10000.0,10000.0,922000.0,922000.0,0.0,0.0,0.0,0.0,0.0,0.0,0.0,0.0,0.0,0.0,10000.0,0.0,0.0,932000.0,932000.0,932000.0,0.5,160.0,320.0,0.32,False
632526756,mukono,1384615.3846153847,1384615.3846153847,0.0,1200000.0,0.0,500000.0,0.0,950000.0,0.0,1200000.0,0.0,50000.0,1384615.3846153847,5284615.384615385,0.0,0.0,0.0,0.0,0.0,0.0,0.0,0.0,0.0,0.0,0.0,0.0,16666.666666666668,1401282.0512820515,1401282.0512820515,5301282.051282052,2.5,1000.0,400.0,0.4,False
632870245,mukono,90000.0,90000.0,0.0,120000.0,0.0,50000.0,9500.0,9500.0,120000.0,120000.0,5000.0,5000.0,224500.0,394500.0,0.0,0.0,0.0,0.0,0.0,0.0,0.0,0.0,0.0,0.0,0.0,0.0,0.0,224500.0,224500.0,394500.0,0.25,10.0,40.0,0.04,False
633860192,mukono,138461.53846153847,138461.53846153847,83076.92307692309,83076.92307692309,96923.07692307694,96923.07692307694,0.0,950000.0,0.0,480000.0,0.0,20000.0,318461.5384615385,1768461.5384615385,0.0,0.0,0.0,0.0,0.0,0.0,0.0,0.0,0.0,0.0,0.0,0.0,0.0,318461.5384615385,318461.5384615385,1768461.5384615385,1.0,3000.0,3000.0,1.0,False
633861646,mukono,0.0,180000.0,0.0,240000.0,0.0,100000.0,0.0,380000.0,0.0,240000.0,0.0,10000.0,0.0,1150000.0,0.0,0.0,0.0,0.0,0.0,0.0,0.0,0.0,0.0,0.0,0.0,0.0,0.0,0.0,0.0,1150000.0,0.5,400.0,800.0,0.8,False
634322667,mukono,180000.0,180000.0,0.0,240000.0,0.0,100000.0,19475.0,19475.0,240000.0,240000.0,10000.0,10000.0,449475.0,789475.0,0.0,0.0,0.0,0.0,0.0,0.0,0.0,0.0,0.0,0.0,0.0,0.0,0.0,449475.0,449475.0,789475.0,0.5,20.5,41.0,0.041,False
634322758,mukono,360000.0,360000.0,0.0,480000.0,0.0,200000.0,142500.0,142500.0,480000.0,480000.0,20000.0,20000.0,1002500.0,1682500.0,0.0,0.0,0.0,0.0,0.0,0.0,0.0,0.0,0.0,0.0,0.0,0.0,0.0,1002500.0,1002500.0,1682500.0,1.0,150.0,150.0,0.15,False
635625535,mukono,360000.0,360000.0,0.0,480000.0,0.0,200000.0,95000.0,95000.0,480000.0,480000.0,20000.0,20000.0,955000.0,1635000.0,0.0,0.0,0.0,0.0,0.0,0.0,0.0,0.0,0.0,0.0,0.0,0.0,0.0,955000.0,955000.0,1635000.0,1.0,100.0,100.0,0.1,False
635860119,mukono,180000.0,180000.0,240000.0,240000.0,100000.0,100000.0,95000.0,95000.0,240000.0,240000.0,10000.0,10000.0,865000.0,865000.0,120000.0,30000.0,40000.0,20000.0,40000.0,20000.0,40000.0,20000.0,240000.0,90000.0,0.0,0.0,0.0,1105000.0,955000.0,1105000.0,0.5,100.0,200.0,0.2,False
636602799,mukono,360000.0,360000.0,480000.0,480000.0,200000.0,200000.0,142500.0,142500.0,480000.0,480000.0,20000.0,20000.0,1682500.0,1682500.0,0.0,0.0,0.0,0.0,0.0,0.0,0.0,0.0,0.0,0.0,20000.0,0.0,0.0,1702500.0,1702500.0,1702500.0,1.0,150.0,150.0,0.15,False
558422222,nakaseke,216000.0,216000.0,50000.0,50000.0,30000.0,30000.0,28096.25,28096.25,27692.30769230769,27692.30769230769,12000.0,12000.0,363788.5576923077,363788.5576923077,0.0,0.0,0.0,0.0,0.0,0.0,0.0,0.0,0.0,0.0,0.0,0.0,0.0,363788.5576923077,363788.5576923077,363788.5576923077,1.0,84.5,84.5,0.0845,False
559666954,nakaseke,0.0,144000.0,0.0,192000.00000000003,0.0,80000.0,0.0,36100.0,0.0,192000.00000000003,0.0,8000.0,0.0,652100.0,0.0,0.0,0.0,0.0,0.0,0.0,0.0,0.0,0.0,0.0,0.0,0.0,0.0,0.0,0.0,652100.0,0.4,38.0,95.0,0.095,False
560448617,nakaseke,194400.0,194400.0,20000.0,20000.0,0.0,180000.0,14629.999999999998,14629.999999999998,216000.0,216000.0,9000.0,9000.0,454030.0,634030.0,0.0,0.0,0.0,0.0,0.0,0.0,0.0,0.0,0.0,0.0,0.0,600000.0,0.0,1054030.0,1054030.0,1234030.0,0.9,44.0,48.888888888888886,0.048888888888888885,False
583505993,nakaseke,0.0,252000.0,19384.61538461538,19384.61538461538,0.0,140000.0,0.0,35625.00000000001,0.0,335999.99999999994,0.0,14000.0,19384.61538461538,797009.6153846153,0.0,0.0,0.0,0.0,0.0,0.0,0.0,0.0,0.0,0.0,0.0,0.0,0.0,19384.61538461538,19384.61538461538,797009.6153846153,0.7,37.5,53.57142857142858,0.053571428571428575,False
584452976,nakaseke,0.0,288000.0,0.0,384000.00000000006,0.0,160000.0,0.0,36575.0,0.0,384000.00000000006,0.0,16000.0,0.0,1268575.0,0.0,0.0,0.0,0.0,0.0,0.0,0.0,0.0,0.0,0.0,0.0,0.0,10000.0,10000.0,10000.0,1278575.0,0.8,38.5,48.125,0.048125,False
586809899,nakaseke,0.0,288000.0,0.0,384000.00000000006,0.0,160000.0,0.0,23275.0,0.0,384000.00000000006,0.0,16000.0,0.0,1255275.0,0.0,0.0,0.0,0.0,0.0,0.0,0.0,0.0,0.0,0.0,0.0,0.0,0.0,0.0,0.0,1255275.0,0.8,24.5,30.625,0.030625,False
618738329,mukono,360000.0,360000.0,384000.0,384000.0,200000.0,200000.0,95000.0,95000.0,480000.0,480000.0,20000.0,20000.0,1539000.0,1539000.0,0.0,0.0,0.0,0.0,0.0,0.0,100000.0,50000.0,100000.0,50000.0,0.0,0.0,0.0,1639000.0,1589000.0,1639000.0,1.0,100.0,100.0,0.1,False
623981362,mukono,180000.0,180000.0,240000.0,240000.0,100000.0,100000.0,85499.99999999999,85499.99999999999,240000.0,240000.0,10000.0,10000.0,855500.0,855500.0,0.0,0.0,0.0,0.0,0.0,0.0,0.0,0.0,0.0,0.0,0.0,0.0,0.0,855500.0,855500.0,855500.0,0.5,90.0,180.0,0.18,False
633706233,mukono,180000.0,180000.0,240000.0,240000.0,0.0,100000.0,38000.0,38000.0,240000.0,240000.0,10000.0,10000.0,708000.0,808000.0,0.0,0.0,0.0,0.0,0.0,0.0,0.0,0.0,0.0,0.0,0.0,0.0,0.0,708000.0,708000.0,808000.0,0.5,40.0,80.0,0.08,False
555219650,nakaseke,126000.0,126000.0,0.0,240000.0,0.0,100000.0,21375.0,21375.0,0.0,240000.0,0.0,10000.0,147375.0,737375.0,0.0,0.0,0.0,0.0,0.0,0.0,0.0,0.0,0.0,0.0,0.0,0.0,0.0,147375.0,147375.0,737375.0,0.5,50.0,100.0,0.1,False
581666974,nakaseke,215999.99999999997,215999.99999999997,27692.30769230769,27692.30769230769,11538.461538461539,11538.461538461539,75050.00000000001,75050.00000000001,719999.9999999999,719999.9999999999,12000.0,12000.0,1062280.769230769,1062280.769230769,50000.0,25000.0,0.0,0.0,0.0,0.0,0.0,0.0,50000.0,25000.0,0.0,0.0,7500.0,1119780.769230769,1094780.769230769,1119780.769230769,0.6,79.0,131.66666666666669,0.13166666666666668,False
589566940,nakaseke,0.0,324000.0,0.0,432000.0,0.0,180000.0,0.0,855000.0,345600.0,345600.0,0.0,18000.0,345600.0,2154600.0,0.0,0.0,0.0,0.0,0.0,0.0,0.0,0.0,0.0,0.0,0.0,0.0,0.0,345600.0,345600.0,2154600.0,0.9,1012.0,1124.4444444444443,1.0,False
615760019,mukono,0.0,180000.0,20000.0,20000.0,0.0,100000.0,0.0,47500.0,0.0,240000.0,0.0,10000.0,20000.0,597500.0,0.0,0.0,0.0,0.0,0.0,0.0,0.0,0.0,0.0,0.0,0.0,0.0,0.0,20000.0,20000.0,597500.0,0.5,50.0,100.0,0.1,False
615825276,mukono,720000.0,720000.0,960000.0,960000.0,400000.0,400000.0,83600.0,83600.0,960000.0,960000.0,40000.0,40000.0,3163600.0,3163600.0,0.0,0.0,0.0,0.0,0.0,0.0,0.0,0.0,0.0,0.0,0.0,0.0,25000.0,3188600.0,3188600.0,3188600.0,2.0,110.0,55.0,0.055,False
616698945,mukono,360000.0,360000.0,480000.0,480000.0,200000.0,200000.0,475000.0,475000.0,480000.0,480000.0,20000.0,20000.0,2015000.0,2015000.0,0.0,0.0,0.0,0.0,0.0,0.0,0.0,0.0,0.0,0.0,0.0,0.0,0.0,2015000.0,2015000.0,2015000.0,1.0,500.0,500.0,0.5,False
616699320,mukono,360000.0,360000.0,0.0,480000.0,200000.0,200000.0,133000.0,133000.0,720000.0,720000.0,40000.0,40000.0,1453000.0,1933000.0,0.0,0.0,0.0,0.0,0.0,0.0,48000.0,12000.0,48000.0,12000.0,0.0,0.0,0.0,1501000.0,1465000.0,1981000.0,1.0,140.0,140.0,0.14,False
619769782,mukono,360000.0,360000.0,480000.0,480000.0,200000.0,200000.0,133000.0,133000.0,480000.0,480000.0,20000.0,20000.0,1673000.0,1673000.0,0.0,0.0,0.0,0.0,0.0,0.0,0.0,0.0,0.0,0.0,0.0,0.0,0.0,1673000.0,1673000.0,1673000.0,1.0,140.0,140.0,0.14,False
621639263,mukono,180000.0,180000.0,0.0,240000.0,0.0,100000.0,23750.0,23750.0,240000.0,240000.0,10000.0,10000.0,453750.0,793750.0,0.0,0.0,0.0,0.0,0.0,0.0,0.0,0.0,0.0,0.0,0.0,0.0,6250.0,460000.0,460000.0,800000.0,0.5,25.0,50.0,0.05,False
622484708,mukono,360000.0,360000.0,480000.0,480000.0,200000.0,200000.0,102125.0,102125.0,480000.0,480000.0,20000.0,20000.0,1642125.0,1642125.0,0.0,0.0,0.0,0.0,0.0,0.0,0.0,0.0,0.0,0.0,0.0,0.0,0.0,1642125.0,1642125.0,1642125.0,1.0,107.5,107.5,0.1075,False
623981163,mukono,180000.0,180000.0,0.0,240000.0,0.0,100000.0,170999.99999999997,170999.99999999997,240000.0,240000.0,10000.0,10000.0,601000.0,941000.0,0.0,0.0,0.0,0.0,0.0,0.0,0.0,0.0,0.0,0.0,0.0,0.0,0.0,601000.0,601000.0,941000.0,0.5,180.0,360.0,0.36,False
550732746,nakaseke,0.0,288000.0,0.0,384000.00000000006,0.0,160000.0,0.0,142500.0,0.0,384000.00000000006,0.0,16000.0,0.0,1374500.0,0.0,0.0,0.0,0.0,0.0,0.0,0.0,0.0,0.0,0.0,0.0,0.0,0.0,0.0,0.0,1374500.0,0.8,150.0,187.5,0.1875,False
615825485,mukono,270000.0,270000.0,360000.0,360000.0,150000.0,150000.0,142500.0,142500.0,360000.0,360000.0,15000.0,15000.0,1297500.0,1297500.0,0.0,0.0,0.0,0.0,0.0,0.0,120000.0,60000.0,120000.0,60000.0,0.0,0.0,0.0,1417500.0,1357500.0,1417500.0,0.75,150.0,200.0,0.2,False
551438282,nakaseke,0.0,144000.0,0.0,192000.00000000003,0.0,80000.0,0.0,213750.0,0.0,192000.00000000003,0.0,8000.0,0.0,829750.0,0.0,0.0,0.0,0.0,0.0,0.0,0.0,0.0,0.0,0.0,0.0,0.0,0.0,0.0,0.0,829750.0,0.4,225.0,562.5,0.5625,False
585181910,nakaseke,36000.0,36000.0,384000.0,384000.0,160000.0,160000.0,29640.0,29640.0,384000.0,384000.0,16000.0,16000.0,1009640.0,1009640.0,0.0,0.0,0.0,0.0,0.0,0.0,0.0,0.0,0.0,0.0,0.0,0.0,10000.0,1019640.0,1019640.0,1019640.0,1.0,39.0,39.0,0.039,False
553313598,nakaseke,1038461.5384615385,1038461.5384615385,1384615.3846153847,1384615.3846153847,461538.4615384615,461538.4615384615,0.0,475000.0,0.0,2400000.0,0.0,100000.0,2884615.3846153845,5859615.384615384,0.0,0.0,0.0,0.0,100000.0,100000.0,0.0,0.0,100000.0,100000.0,0.0,0.0,0.0,2984615.3846153845,2984615.3846153845,5959615.384615384,5.0,500.0,100.0,0.1,False
555219886,nakaseke,378000.0,378000.0,720000.0,720000.0,480000.0,480000.0,42750.0,42750.0,0.0,720000.0,0.0,30000.0,1620750.0,2370750.0,0.0,0.0,0.0,0.0,0.0,0.0,0.0,0.0,0.0,0.0,0.0,0.0,0.6,1620750.6,1620750.6,2370750.6,1.5,100.0,66.66666666666667,0.06666666666666667,False
561236657,nakaseke,216000.0,216000.0,36923.07692307692,36923.07692307692,0.0,200000.0,40850.0,40850.0,384000.0,384000.0,0.0,20000.0,677773.076923077,897773.076923077,200000.0,50000.0,0.0,0.0,0.0,0.0,160000.0,40000.0,360000.0,90000.0,0.0,0.0,27000.0,1064773.076923077,794773.076923077,1284773.076923077,1.0,107.5,107.5,0.1075,False
583502844,nakaseke,0.0,360000.0,0.0,480000.0,0.0,200000.0,0.0,40375.00000000001,0.0,480000.0,0.0,20000.0,0.0,1580375.0,0.0,0.0,0.0,0.0,0.0,0.0,0.0,0.0,0.0,0.0,0.0,0.0,0.0,0.0,0.0,1580375.0,1.0,42.5,42.5,0.0425,False
584472197,nakaseke,360000.0,360000.0,480000.0,480000.0,200000.0,200000.0,61750.0,61750.0,480000.0,480000.0,20000.0,20000.0,1601750.0,1601750.0,0.0,0.0,0.0,0.0,0.0,0.0,0.0,0.0,0.0,0.0,0.0,1000000.0,10000.0,2611750.0,2611750.0,2611750.0,1.0,65.0,65.0,0.065,False
588619360,nakaseke,0.0,360000.0,0.0,480000.0,0.0,200000.0,0.0,38950.0,0.0,480000.0,0.0,20000.0,0.0,1578950.0,0.0,0.0,0.0,0.0,0.0,0.0,0.0,0.0,0.0,0.0,0.0,0.0,0.0,0.0,0.0,1578950.0,1.0,41.0,41.0,0.041,False
613814407,nakaseke,0.0,1440000.0,100000.0,100000.0,0.0,800000.0,0.0,123500.0,100000.0,100000.0,0.0,80000.0,200000.0,2643500.0,0.0,0.0,0.0,0.0,0.0,0.0,0.0,0.0,0.0,0.0,0.0,0.0,0.0,200000.0,200000.0,2643500.0,4.0,130.0,32.5,0.0325,False
614850687,mukono,0.0,180000.0,0.0,240000.0,0.0,100000.0,0.0,38000.0,0.0,240000.0,0.0,10000.0,0.0,808000.0,0.0,0.0,0.0,0.0,0.0,0.0,0.0,0.0,0.0,0.0,0.0,0.0,0.0,0.0,0.0,808000.0,0.5,40.0,80.0,0.08,False
615773237,mukono,180000.0,180000.0,336000.0,336000.0,0.0,100000.0,159600.0,159600.0,72000.0,72000.0,10000.0,10000.0,757600.0,857600.0,0.0,0.0,0.0,0.0,0.0,0.0,0.0,0.0,0.0,0.0,22000.0,0.0,0.0,779600.0,779600.0,879600.0,0.5,140.0,280.0,0.28,False
616679140,mukono,69230.76923076923,69230.76923076923,50000.0,50000.0,50000.0,50000.0,570000.0,570000.0,0.0,480000.0,0.0,20000.0,739230.7692307692,1239230.7692307692,500000.0,500000.0,0.0,0.0,0.0,0.0,0.0,0.0,500000.0,500000.0,0.0,0.0,0.0,1239230.7692307692,1239230.7692307692,1739230.7692307692,1.0,300.0,300.0,0.3,False
618056509,mukono,900000.0,900000.0,0.0,1200000.0,0.0,500000.0,166250.0,166250.0,600000.0,600000.0,35000.0,35000.0,1701250.0,3401250.0,0.0,0.0,0.0,0.0,0.0,0.0,0.0,0.0,0.0,0.0,40000.0,0.0,0.0,1741250.0,1741250.0,3441250.0,2.5,250.0,100.0,0.1,False
618502947,mukono,180000.0,180000.0,240000.0,240000.0,100000.0,100000.0,99750.0,99750.0,120000.0,120000.0,10000.0,10000.0,749750.0,749750.0,0.0,0.0,0.0,0.0,0.0,0.0,0.0,0.0,0.0,0.0,14000.0,0.0,0.0,763750.0,763750.0,763750.0,0.5,105.0,210.0,0.21,False
618503261,mukono,270000.0,270000.0,0.0,360000.0,0.0,150000.0,0.0,85499.99999999999,0.0,360000.0,15000.0,15000.0,285000.0,1240500.0,0.0,0.0,0.0,0.0,0.0,0.0,0.0,0.0,0.0,0.0,5000.0,0.0,0.0,290000.0,290000.0,1245500.0,0.75,90.0,120.0,0.12,False
618738549,mukono,180000.0,180000.0,240000.0,240000.0,70000.0,70000.0,85499.99999999999,85499.99999999999,240000.0,240000.0,10000.0,10000.0,825500.0,825500.0,0.0,0.0,0.0,0.0,0.0,0.0,100000.0,100000.0,100000.0,100000.0,0.0,0.0,0.0,925500.0,925500.0,925500.0,0.5,90.0,180.0,0.18,False
619307564,mukono,360000.0,360000.0,480000.0,480000.0,200000.0,200000.0,237500.0,237500.0,240000.0,240000.0,20000.0,20000.0,1537500.0,1537500.0,300000.0,300000.0,0.0,0.0,0.0,0.0,0.0,0.0,300000.0,300000.0,30000.0,0.0,0.0,1867500.0,1867500.0,1867500.0,1.0,250.0,250.0,0.25,False
619543012,mukono,0.0,180000.0,0.0,240000.0,0.0,100000.0,0.0,190000.0,50000.0,50000.0,0.0,10000.0,50000.0,770000.0,0.0,0.0,0.0,0.0,0.0,0.0,0.0,0.0,0.0,0.0,0.0,0.0,0.0,50000.0,50000.0,770000.0,0.5,200.0,400.0,0.4,False
620136574,mukono,126000.0,126000.0,288000.0,288000.0,100000.0,100000.0,119699.99999999999,119699.99999999999,120000.0,120000.0,7000.0,7000.0,760700.0,760700.0,100000.0,100000.0,30000.0,30000.0,30000.0,30000.0,30000.0,30000.0,190000.0,190000.0,100000.0,0.0,0.0,1050700.0,1050700.0,1050700.0,0.5,180.0,360.0,0.36,False
620155076,mukono,126000.0,126000.0,240000.0,240000.0,50000.0,50000.0,23750.0,23750.0,120000.0,120000.0,7000.0,7000.0,566750.0,566750.0,280000.0,70000.0,0.0,0.0,0.0,0.0,0.0,0.0,280000.0,70000.0,10000.0,0.0,0.0,856750.0,646750.0,856750.0,0.5,50.0,100.0,0.1,False
621076849,mukono,360000.0,360000.0,480000.0,480000.0,200000.0,200000.0,285000.0,285000.0,240000.0,240000.0,20000.0,20000.0,1585000.0,1585000.0,0.0,0.0,100000.0,50000.0,0.0,0.0,100000.0,50000.0,200000.0,100000.0,0.0,0.0,0.0,1785000.0,1685000.0,1785000.0,1.0,300.0,300.0,0.3,False
622287746,mukono,126000.0,126000.0,0.0,240000.0,0.0,100000.0,93100.0,93100.0,120000.0,120000.0,7000.0,7000.0,346100.0,686100.0,0.0,0.0,0.0,0.0,0.0,0.0,0.0,0.0,0.0,0.0,10000.0,0.0,0.0,356100.0,356100.0,696100.0,0.5,140.0,280.0,0.28,False
622484987,mukono,720000.0,720000.0,960000.0,960000.0,400000.0,400000.0,95000.0,95000.0,960000.0,960000.0,40000.0,40000.0,3175000.0,3175000.0,0.0,0.0,0.0,0.0,0.0,0.0,0.0,0.0,0.0,0.0,0.0,0.0,12000.0,3187000.0,3187000.0,3187000.0,2.0,100.0,50.0,0.05,False
631647870,mukono,324000.0,324000.0,864000.0,864000.0,180000.0,180000.0,280250.0,280250.0,432000.0,432000.0,18000.0,18000.0,2098250.0,2098250.0,0.0,0.0,0.0,0.0,0.0,0.0,50000.0,50000.0,50000.0,50000.0,0.0,0.0,0.0,2148250.0,2148250.0,2148250.0,0.9,295.0,327.77777777777777,0.3277777777777778,False
632483673,mukono,810000.0,810000.0,720000.0,720000.0,300000.0,300000.0,380000.0,380000.0,720000.0,720000.0,30000.0,30000.0,2960000.0,2960000.0,400000.0,100000.0,0.0,0.0,0.0,0.0,0.0,0.0,400000.0,100000.0,20000.0,0.0,0.0,3380000.0,3080000.0,3380000.0,1.5,400.0,266.6666666666667,0.26666666666666666,False
632532023,mukono,20769.23076923077,20769.23076923077,0.0,240000.0,0.0,100000.0,0.0,356250.0,0.0,240000.0,0.0,10000.0,20769.23076923077,967019.2307692308,0.0,0.0,0.0,0.0,0.0,0.0,0.0,0.0,0.0,0.0,0.0,0.0,0.0,20769.23076923077,20769.23076923077,967019.2307692308,0.5,375.0,750.0,0.75,False
633706958,mukono,360000.0,360000.0,720000.0,720000.0,300000.0,300000.0,47500.0,47500.0,480000.0,480000.0,20000.0,20000.0,1927500.0,1927500.0,0.0,0.0,0.0,0.0,0.0,0.0,0.0,0.0,0.0,0.0,0.0,0.0,0.0,1927500.0,1927500.0,1927500.0,1.0,50.0,50.0,0.05,False
634023370,mukono,180000.0,180000.0,240000.0,240000.0,100000.0,100000.0,190000.0,190000.0,240000.0,240000.0,10000.0,10000.0,960000.0,960000.0,0.0,0.0,40000.0,20000.0,0.0,0.0,120000.0,60000.0,160000.0,80000.0,0.0,0.0,0.0,1120000.0,1040000.0,1120000.0,1.0,400.0,400.0,0.4,False
634718078,mukono,720000.0,720000.0,960000.0,960000.0,400000.0,400000.0,712500.0,712500.0,960000.0,960000.0,40000.0,40000.0,3792500.0,3792500.0,200000.0,50000.0,0.0,0.0,0.0,0.0,0.0,0.0,200000.0,50000.0,20000.0,0.0,0.0,4012500.0,3862500.0,4012500.0,2.0,500.0,250.0,0.25,False
634718387,mukono,126000.0,126000.0,168000.0,168000.0,70000.0,70000.0,133000.0,133000.0,168000.0,168000.0,5000.0,5000.0,670000.0,670000.0,0.0,0.0,40000.0,20000.0,0.0,0.0,80000.0,40000.0,120000.0,60000.0,0.0,0.0,0.0,790000.0,730000.0,790000.0,0.5,200.0,400.0,0.4,False
635238203,mukono,270000.0,270000.0,360000.0,360000.0,150000.0,150000.0,249375.0,249375.0,360000.0,360000.0,15000.0,15000.0,1404375.0,1404375.0,40000.0,20000.0,0.0,0.0,0.0,0.0,0.0,0.0,40000.0,20000.0,20000.0,0.0,0.0,1464375.0,1444375.0,1464375.0,0.5,175.0,350.0,0.35,False
635859907,mukono,540000.0,540000.0,720000.0,720000.0,300000.0,300000.0,142500.0,142500.0,720000.0,720000.0,30000.0,30000.0,2452500.0,2452500.0,160000.0,40000.0,0.0,0.0,0.0,0.0,0.0,0.0,160000.0,40000.0,20000.0,0.0,0.0,2632500.0,2512500.0,2632500.0,1.5,150.0,100.0,0.1,False
636603192,mukono,1440000.0,1440000.0,1920000.0,1920000.0,800000.0,800000.0,665000.0,665000.0,1920000.0,1920000.0,80000.0,80000.0,6825000.0,6825000.0,0.0,0.0,0.0,0.0,0.0,0.0,0.0,0.0,0.0,0.0,20000.0,0.0,0.0,6845000.0,6845000.0,6845000.0,4.0,700.0,175.0,0.175,False
551433371,nakaseke,0.0,360000.0,0.0,480000.0,0.0,200000.0,70000.0,70000.0,0.0,480000.0,3076.923076923077,3076.923076923077,73076.92307692308,1593076.923076923,0.0,0.0,0.0,0.0,0.0,0.0,0.0,0.0,0.0,0.0,0.0,0.0,0.0,73076.92307692308,73076.92307692308,1593076.923076923,1.0,128.0,128.0,0.128,False
581719428,nakaseke,288000.0,288000.0,50000.0,50000.0,50000.0,50000.0,50000.0,50000.0,100000.0,100000.0,1846.1538461538462,1846.1538461538462,539846.1538461539,539846.1538461539,0.0,0.0,0.0,0.0,0.0,0.0,0.0,0.0,0.0,0.0,0.0,400000.0,10000.0,949846.1538461539,949846.1538461539,949846.1538461539,0.8,66.0,82.5,0.0825,False
584453809,nakaseke,518400.0,518400.0,691200.0,691200.0,288000.0,288000.0,68400.0,68400.0,691200.0,691200.0,28800.0,28800.0,2286000.0,2286000.0,0.0,0.0,0.0,0.0,200000.0,100000.0,0.0,0.0,200000.0,100000.0,0.0,0.0,0.0,2486000.0,2386000.0,2486000.0,1.8,90.0,50.0,0.05,False
588629366,nakaseke,288000.0,288000.0,384000.0,384000.0,160000.0,160000.0,34960.0,34960.0,384000.0,384000.0,16000.0,16000.0,1266960.0,1266960.0,0.0,0.0,0.0,0.0,0.0,0.0,0.0,0.0,0.0,0.0,0.0,0.0,20000.0,1286960.0,1286960.0,1286960.0,1.0,46.0,46.0,0.046,False
593198085,nakaseke,0.0,360000.0,0.0,480000.0,0.0,200000.0,0.0,36100.0,0.0,480000.0,0.0,20000.0,0.0,1576100.0,0.0,0.0,0.0,0.0,0.0,0.0,0.0,0.0,0.0,0.0,0.0,0.0,0.0,0.0,0.0,1576100.0,1.0,38.0,38.0,0.038,False
614850630,mukono,0.0,720000.0,0.0,960000.0,0.0,400000.0,0.0,47500.0,0.0,960000.0,0.0,40000.0,0.0,3127500.0,0.0,0.0,0.0,0.0,0.0,0.0,0.0,0.0,0.0,0.0,0.0,0.0,0.0,0.0,0.0,3127500.0,2.0,50.0,25.0,0.025,False
558415060,nakaseke,201600.0,201600.0,50000.0,50000.0,50000.0,50000.0,46383.75,46383.75,100000.0,100000.0,0.0,16000.0,447983.75,463983.75,0.0,0.0,0.0,0.0,0.0,0.0,0.0,0.0,0.0,0.0,0.0,0.0,15000.0,462983.75,462983.75,478983.75,0.8,108.5,135.625,0.135625,False
561237697,nakaseke,0.0,215999.99999999997,0.0,288000.0,0.0,120000.0,0.0,45600.00000000001,0.0,288000.0,0.0,12000.0,0.0,969600.0,0.0,0.0,0.0,0.0,0.0,0.0,0.0,0.0,0.0,0.0,0.0,0.0,10000.0,10000.0,10000.0,979600.0,0.6,48.0,80.0,0.08,False
582502398,nakaseke,0.0,540000.0,0.0,720000.0,0.0,300000.0,0.0,61750.0,0.0,720000.0,0.0,30000.0,0.0,2371750.0,0.0,0.0,0.0,0.0,0.0,0.0,0.0,0.0,0.0,0.0,50000.0,0.0,0.0,50000.0,50000.0,2421750.0,1.5,65.0,43.333333333333336,0.043333333333333335,False
586028388,nakaseke,360000.0,360000.0,480000.0,480000.0,200000.0,200000.0,0.0,46550.0,480000.0,480000.0,20000.0,20000.0,1540000.0,1586550.0,0.0,0.0,0.0,0.0,0.0,0.0,0.0,0.0,0.0,0.0,0.0,0.0,0.0,1540000.0,1540000.0,1586550.0,1.0,49.0,49.0,0.049,False
613819661,nakaseke,0.0,180000.0,0.0,240000.0,0.0,100000.0,0.0,26600.0,0.0,240000.0,0.0,10000.0,0.0,796600.0,0.0,0.0,0.0,0.0,0.0,0.0,0.0,0.0,0.0,0.0,0.0,0.0,0.0,0.0,0.0,796600.0,0.5,28.0,56.0,0.056,False
619770045,mukono,360000.0,360000.0,480000.0,480000.0,200000.0,200000.0,57000.0,57000.0,480000.0,480000.0,20000.0,20000.0,1597000.0,1597000.0,0.0,0.0,0.0,0.0,0.0,0.0,0.0,0.0,0.0,0.0,0.0,0.0,0.0,1597000.0,1597000.0,1597000.0,1.0,60.0,60.0,0.06,False
553313800,nakaseke,1038461.5384615385,1038461.5384615385,1384615.3846153847,1384615.3846153847,384615.3846153846,384615.3846153846,100000.0,100000.0,1200000.0,1200000.0,0.0,100000.0,4107692.3076923075,4207692.307692308,0.0,0.0,200000.0,50000.0,720000.0,180000.0,100000.0,50000.0,1020000.0,280000.0,0.0,0.0,0.0,5127692.307692308,4387692.307692308,5227692.307692308,5.0,410.0,82.0,0.082,False
560449000,nakaseke,0.0,36000.0,0.0,48000.00000000001,0.0,20000.0,0.0,51300.00000000001,0.0,48000.00000000001,0.0,2000.0,0.0,205300.0,0.0,0.0,0.0,0.0,0.0,0.0,0.0,0.0,0.0,0.0,0.0,0.0,0.0,0.0,0.0,205300.0,0.1,54.0,540.0,0.54,False
560449862,nakaseke,403200.0,403200.0,0.0,768000.0000000001,0.0,320000.0,21375.0,21375.0,50000.0,50000.0,80000.0,80000.0,554575.0,1642575.0,0.0,0.0,0.0,0.0,0.0,0.0,0.0,0.0,0.0,0.0,0.0,0.0,28000.0,582575.0,582575.0,1670575.0,1.6,50.0,31.25,0.03125,False
583505325,nakaseke,288000.0,288000.0,768000.0,768000.0,320000.0,320000.0,59375.0,59375.0,384000.0,384000.0,16000.0,16000.0,1835375.0,1835375.0,0.0,0.0,0.0,0.0,0.0,0.0,0.0,0.0,0.0,0.0,0.0,0.0,0.0,1835375.0,1835375.0,1835375.0,1.0,125.0,125.0,0.125,False
613821415,nakaseke,1800000.0,1800000.0,50000.0,50000.0,0.0,1000000.0,212040.00000000003,212040.00000000003,2400000.0,2400000.0,80000.0,80000.0,4542040.0,5542040.0,0.0,0.0,0.0,0.0,0.0,0.0,0.0,0.0,0.0,0.0,0.0,0.0,33333.333333333336,4575373.333333333,4575373.333333333,5575373.333333333,5.0,186.0,37.2,0.037200000000000004,False
561257600,nakaseke,4153.846153846154,4153.846153846154,600000.0,600000.0,250000.0,250000.0,7125.0,7125.0,70000.0,70000.0,769.2307692307693,769.2307692307693,932048.0769230769,932048.0769230769,0.0,0.0,0.0,0.0,0.0,0.0,0.0,0.0,0.0,0.0,0.0,0.0,25000.0,957048.0769230769,957048.0769230769,957048.0769230769,0.5,25.0,50.0,0.05,False
585193571,nakaseke,360000.0,360000.0,384000.0,384000.0,160000.0,160000.0,44650.0,44650.0,384000.0,384000.0,20000.0,20000.0,1352650.0,1352650.0,0.0,0.0,0.0,0.0,0.0,0.0,0.0,0.0,0.0,0.0,0.0,0.0,10000.0,1362650.0,1362650.0,1362650.0,1.0,47.0,47.0,0.047,False
621639988,mukono,360000.0,360000.0,480000.0,480000.0,0.0,200000.0,40375.00000000001,40375.00000000001,480000.0,480000.0,20000.0,20000.0,1380375.0,1580375.0,0.0,0.0,0.0,0.0,0.0,0.0,0.0,0.0,0.0,0.0,0.0,0.0,0.0,1380375.0,1380375.0,1580375.0,1.0,42.5,42.5,0.0425,False
550731204,nakaseke,0.0,107999.99999999999,0.0,144000.0,0.0,60000.0,0.0,17812.5,0.0,144000.0,0.0,6000.0,0.0,479812.5,0.0,0.0,0.0,0.0,0.0,0.0,0.0,0.0,0.0,0.0,0.0,0.0,0.0,0.0,0.0,479812.5,0.3,,,0.0625,True
550739292,nakaseke,1384.6153846153848,1384.6153846153848,9230.769230769232,9230.769230769232,4615.384615384615,4615.384615384615,0.0,5937.5,0.0,48000.00000000001,0.0,2000.0,15230.769230769232,71168.26923076925,0.0,0.0,0.0,0.0,0.0,0.0,0.0,0.0,0.0,0.0,0.0,0.0,0.0,15230.769230769232,15230.769230769232,71168.26923076925,0.1,,,0.0625,True
550740686,nakaseke,13846.153846153848,13846.153846153848,36923.07692307692,36923.07692307692,20000.0,20000.0,91.34615384615385,91.34615384615385,0.0,480000.0,0.0,20000.0,70860.57692307692,570860.5769230769,0.0,0.0,0.0,0.0,0.0,0.0,0.0,0.0,0.0,0.0,0.0,0.0,5000.0,75860.57692307692,75860.57692307692,575860.5769230769,1.0,2.5,2.5,0.0025,False
551433006,nakaseke,0.0,72000.0,18461.538461538465,18461.538461538465,0.0,40000.0,0.0,190000.0,0.0,96000.00000000001,0.0,4000.0,18461.538461538465,420461.5384615385,0.0,0.0,0.0,0.0,0.0,0.0,0.0,0.0,0.0,0.0,0.0,0.0,0.0,18461.538461538465,18461.538461538465,420461.5384615385,0.2,260.0,1300.0,1.0,False
552803009,nakaseke,100000.0,100000.0,332307.6923076923,332307.6923076923,0.0,360000.0,50000.0,50000.0,0.0,864000.0,50000.0,50000.0,532307.6923076923,1756307.6923076923,0.0,0.0,0.0,0.0,0.0,0.0,0.0,0.0,0.0,0.0,0.0,0.0,25000.0,557307.6923076923,557307.6923076923,1781307.6923076923,1.8,175.0,97.22222222222221,0.09722222222222221,False
554395712,nakaseke,0.0,180000.0,73846.15384615384,73846.15384615384,0.0,100000.0,50000.0,50000.0,0.0,240000.0,0.0,10000.0,123846.15384615384,653846.1538461539,240000.0,120000.0,0.0,0.0,0.0,0.0,0.0,0.0,240000.0,120000.0,0.0,0.0,0.0,363846.1538461539,243846.15384615384,893846.1538461539,0.5,108.0,216.0,0.216,False
554399870,,300000.0,300000.0,461538.46153846156,461538.46153846156,0.0,0.0,100000.0,100000.0,120000.0,120000.0,50000.0,50000.0,1031538.4615384615,1031538.4615384615,200000.0,50000.0,0.0,0.0,0.0,0.0,0.0,0.0,200000.0,50000.0,0.0,0.0,0.0,1231538.4615384615,1081538.4615384615,1231538.4615384615,5.0,250.0,50.0,0.05,False
555219447,nakaseke,207692.3076923077,207692.3076923077,0.0,480000.0,0.0,200000.0,0.0,118750.0,200000.0,200000.0,0.0,20000.0,407692.3076923077,1226442.3076923077,200000.0,50000.0,0.0,0.0,0.0,0.0,0.0,0.0,200000.0,50000.0,0.0,0.0,1.0,607693.3076923077,457693.3076923077,1426443.3076923077,1.0,125.0,125.0,0.125,False
559669939,nakaseke,252000.0,252000.0,92307.69230769231,92307.69230769231,0.0,200000.0,68993.75,68993.75,1200000.0,1200000.0,14000.0,14000.0,1627301.4423076923,1827301.4423076923,0.0,0.0,0.0,0.0,0.0,0.0,0.0,0.0,0.0,0.0,0.0,0.0,0.0,1627301.4423076923,1627301.4423076923,1827301.4423076923,1.0,207.5,207.5,0.2075,False
581666409,nakaseke,193846.15384615384,193846.15384615384,184615.38461538462,184615.38461538462,76923.07692307692,76923.07692307692,14798.076923076924,14798.076923076924,553846.1538461539,553846.1538461539,10769.23076923077,10769.23076923077,1034798.076923077,1034798.076923077,50000.0,50000.0,0.0,0.0,0.0,0.0,0.0,0.0,50000.0,50000.0,0.0,0.0,25000.0,1109798.076923077,1109798.076923077,1109798.076923077,2.0,81.0,40.5,0.0405,False
585208171,nakaseke,432000.0,432000.0,576000.0,576000.0,240000.0,240000.0,57000.0,57000.0,576000.0,576000.0,24000.0,24000.0,1905000.0,1905000.0,400000.0,100000.0,0.0,0.0,0.0,0.0,0.0,0.0,400000.0,100000.0,0.0,0.0,5000.0,2310000.0,2010000.0,2310000.0,1.5,75.0,50.0,0.05,False
613829595,nakaseke,720000.0,720000.0,0.0,1200000.0,0.0,500000.0,65740.0,65740.0,960000.0,960000.0,40.0,40.0,1745780.0,3445780.0,0.0,0.0,0.0,0.0,0.0,0.0,0.0,0.0,0.0,0.0,0.0,0.0,0.0,1745780.0,1745780.0,3445780.0,2.5,86.5,34.6,0.0346,False
614807717,mukono,126000.0,126000.0,0.0,240000.0,0.0,100000.0,76000.0,76000.0,72000.0,72000.0,4000.0,4000.0,278000.0,618000.0,0.0,0.0,0.0,0.0,0.0,0.0,0.0,0.0,0.0,0.0,30000.0,0.0,0.0,308000.0,308000.0,648000.0,0.5,160.0,320.0,0.32,False
615773415,mukono,252000.0,252000.0,240000.0,240000.0,100000.0,100000.0,85499.99999999999,85499.99999999999,192000.0,192000.0,20000.0,20000.0,889500.0,889500.0,200000.0,50000.0,12000.0,6000.0,0.0,0.0,40000.0,20000.0,252000.0,76000.0,30000.0,0.0,0.0,1171500.0,995500.0,1171500.0,1.0,180.0,180.0,0.18,False
616587562,mukono,720000.0,720000.0,1440000.0,1440000.0,280000.0,280000.0,190000.0,190000.0,480000.0,480000.0,40000.0,40000.0,3150000.0,3150000.0,150000.0,150000.0,0.0,0.0,0.0,0.0,0.0,0.0,150000.0,150000.0,40000.0,0.0,0.0,3340000.0,3340000.0,3340000.0,2.0,200.0,100.0,0.1,False
617648818,mukono,270000.0,270000.0,360000.0,360000.0,150000.0,150000.0,180500.0,180500.0,360000.0,360000.0,15000.0,15000.0,1335500.0,1335500.0,0.0,0.0,0.0,0.0,0.0,0.0,0.0,0.0,0.0,0.0,0.0,0.0,0.0,1335500.0,1335500.0,1335500.0,0.75,190.0,253.33333333333334,0.25333333333333335,False
617656724,mukono,360000.0,360000.0,480000.0,480000.0,200000.0,200000.0,156750.0,156750.0,480000.0,480000.0,20000.0,20000.0,1696750.0,1696750.0,0.0,0.0,0.0,0.0,0.0,0.0,0.0,0.0,0.0,0.0,0.0,0.0,0.0,1696750.0,1696750.0,1696750.0,1.0,165.0,165.0,0.165,False
618738718,mukono,720000.0,720000.0,960000.0,960000.0,400000.0,400000.0,152000.0,152000.0,960000.0,960000.0,40000.0,40000.0,3232000.0,3232000.0,0.0,0.0,0.0,0.0,0.0,0.0,0.0,0.0,0.0,0.0,0.0,0.0,0.0,3232000.0,3232000.0,3232000.0,2.0,160.0,80.0,0.08,False
618740822,mukono,1080000.0,1080000.0,1440000.0,1440000.0,600000.0,600000.0,133000.0,133000.0,1440000.0,1440000.0,60000.0,60000.0,4753000.0,4753000.0,0.0,0.0,0.0,0.0,0.0,0.0,0.0,0.0,0.0,0.0,0.0,0.0,0.0,4753000.0,4753000.0,4753000.0,3.0,140.0,46.666666666666664,0.04666666666666666,False
619306835,mukono,126000.0,126000.0,0.0,240000.0,0.0,100000.0,114000.0,114000.0,96000.0,96000.0,7000.0,7000.0,343000.0,683000.0,400000.0,100000.0,0.0,0.0,0.0,0.0,0.0,0.0,400000.0,100000.0,20000.0,0.0,0.0,763000.0,463000.0,1103000.0,0.5,120.0,240.0,0.24,False
619559199,mukono,0.0,1080000.0,0.0,1440000.0,400000.0,400000.0,0.0,228000.0,0.0,1440000.0,0.0,60000.0,400000.0,4648000.0,0.0,0.0,0.0,0.0,0.0,0.0,0.0,0.0,0.0,0.0,0.0,0.0,0.0,400000.0,400000.0,4648000.0,3.0,240.0,80.0,0.08,False
619769613,mukono,1080000.0,1080000.0,1440000.0,1440000.0,600000.0,600000.0,228000.0,228000.0,1440000.0,1440000.0,60000.0,60000.0,4848000.0,4848000.0,0.0,0.0,0.0,0.0,0.0,0.0,180000.0,180000.0,180000.0,180000.0,0.0,0.0,0.0,5028000.0,5028000.0,5028000.0,3.0,240.0,80.0,0.08,False
620129760,mukono,720000.0,720000.0,0.0,960000.0,400000.0,400000.0,294500.0,294500.0,960000.0,960000.0,40000.0,40000.0,2414500.0,3374500.0,400000.0,100000.0,0.0,0.0,0.0,0.0,0.0,0.0,400000.0,100000.0,40000.0,0.0,0.0,2854500.0,2554500.0,3814500.0,2.0,310.0,155.0,0.155,False
620157158,mukono,360000.0,360000.0,576000.0,576000.0,200000.0,200000.0,237500.0,237500.0,240000.0,240000.0,20000.0,20000.0,1633500.0,1633500.0,0.0,0.0,0.0,0.0,0.0,0.0,0.0,0.0,0.0,0.0,20000.0,0.0,0.0,1653500.0,1653500.0,1653500.0,1.0,250.0,250.0,0.25,False
620418682,mukono,0.0,360000.0,100000.0,100000.0,1000000.0,1000000.0,0.0,855000.0,0.0,480000.0,0.0,20000.0,1100000.0,2815000.0,0.0,0.0,0.0,0.0,0.0,0.0,0.0,0.0,0.0,0.0,0.0,0.0,0.0,1100000.0,1100000.0,2815000.0,1.0,900.0,900.0,0.9,False
620699865,mukono,576000.0,576000.0,768000.0,768000.0,320000.0,320000.0,76000.0,76000.0,768000.0,768000.0,32000.0,32000.0,2540000.0,2540000.0,0.0,0.0,0.0,0.0,0.0,0.0,0.0,0.0,0.0,0.0,0.0,0.0,0.0,2540000.0,2540000.0,2540000.0,2.0,100.0,50.0,0.05,False
620699988,mukono,360000.0,360000.0,480000.0,480000.0,200000.0,200000.0,190000.0,190000.0,480000.0,480000.0,20000.0,20000.0,1730000.0,1730000.0,0.0,0.0,0.0,0.0,0.0,0.0,0.0,0.0,0.0,0.0,0.0,0.0,0.0,1730000.0,1730000.0,1730000.0,1.0,200.0,200.0,0.2,False
621075678,mukono,180000.0,180000.0,240000.0,240000.0,70000.0,70000.0,228000.0,228000.0,120000.0,120000.0,10000.0,10000.0,848000.0,848000.0,40000.0,20000.0,0.0,0.0,0.0,0.0,0.0,0.0,40000.0,20000.0,20000.0,0.0,0.0,908000.0,888000.0,908000.0,0.5,240.0,480.0,0.48,False
621078199,mukono,180000.0,180000.0,240000.0,240000.0,100000.0,100000.0,237500.0,237500.0,240000.0,240000.0,10000.0,10000.0,1007500.0,1007500.0,480000.0,240000.0,0.0,0.0,0.0,0.0,0.0,0.0,480000.0,240000.0,50000.0,0.0,0.0,1537500.0,1297500.0,1537500.0,0.5,250.0,500.0,0.5,False
621497521,mukono,44307.69230769231,44307.69230769231,0.0,480000.0,0.0,200000.0,0.0,133000.0,0.0,480000.0,0.0,20000.0,44307.69230769231,1357307.6923076923,0.0,0.0,0.0,0.0,0.0,0.0,0.0,0.0,0.0,0.0,0.0,0.0,0.0,44307.69230769231,44307.69230769231,1357307.6923076923,1.0,140.0,140.0,0.14,False
622288485,mukono,378000.0,378000.0,0.0,720000.0,210000.0,210000.0,266000.0,266000.0,504000.0,504000.0,21000.0,21000.0,1379000.0,2099000.0,150000.0,150000.0,0.0,0.0,0.0,0.0,0.0,0.0,150000.0,150000.0,40000.0,0.0,0.0,1569000.0,1569000.0,2289000.0,1.5,400.0,266.6666666666667,0.26666666666666666,False
622289226,mukono,180000.0,180000.0,240000.0,240000.0,100000.0,100000.0,170999.99999999997,170999.99999999997,240000.0,240000.0,10000.0,10000.0,941000.0,941000.0,400000.0,100000.0,0.0,0.0,0.0,0.0,0.0,0.0,400000.0,100000.0,10000.0,0.0,0.0,1351000.0,1051000.0,1351000.0,0.5,180.0,360.0,0.36,False
622950844,mukono,720000.0,720000.0,960000.0,960000.0,400000.0,400000.0,247000.0,247000.0,480000.0,480000.0,40000.0,40000.0,2847000.0,2847000.0,200000.0,50000.0,0.0,0.0,0.0,0.0,0.0,0.0,200000.0,50000.0,10000.0,0.0,0.0,3057000.0,2907000.0,3057000.0,2.0,260.0,130.0,0.13,False
622950959,mukono,180000.0,180000.0,240000.0,240000.0,100000.0,100000.0,166250.0,166250.0,240000.0,240000.0,10000.0,10000.0,936250.0,936250.0,80000.0,20000.0,0.0,0.0,0.0,0.0,0.0,0.0,80000.0,20000.0,0.0,0.0,0.0,1016250.0,956250.0,1016250.0,0.5,175.0,350.0,0.35,False
622951178,mukono,1080000.0,1080000.0,1440000.0,1440000.0,600000.0,600000.0,399000.00000000006,399000.00000000006,1440000.0,1440000.0,60000.0,60000.0,5019000.0,5019000.0,0.0,0.0,0.0,0.0,0.0,0.0,0.0,0.0,0.0,0.0,230000.0,0.0,0.0,5249000.0,5249000.0,5249000.0,3.0,420.0,140.0,0.14,False
623479319,mukono,180000.0,180000.0,0.0,240000.0,100000.0,100000.0,85499.99999999999,85499.99999999999,0.0,240000.0,10000.0,10000.0,375500.0,855500.0,1200000.0,600000.0,0.0,0.0,0.0,0.0,0.0,0.0,1200000.0,600000.0,0.0,0.0,0.0,1575500.0,975500.0,2055500.0,0.5,90.0,180.0,0.18,False
623704150,mukono,360000.0,360000.0,480000.0,480000.0,200000.0,200000.0,237500.0,237500.0,480000.0,480000.0,20000.0,20000.0,1777500.0,1777500.0,200000.0,50000.0,0.0,0.0,0.0,0.0,0.0,0.0,200000.0,50000.0,0.0,0.0,0.0,1977500.0,1827500.0,1977500.0,1.0,250.0,250.0,0.25,False
623704380,mukono,180000.0,180000.0,24000.0,24000.0,100000.0,100000.0,71250.0,71250.0,120000.0,120000.0,10000.0,10000.0,505250.0,505250.0,0.0,0.0,0.0,0.0,0.0,0.0,0.0,0.0,0.0,0.0,0.0,0.0,0.0,505250.0,505250.0,505250.0,0.5,75.0,150.0,0.15,False
624715344,mukono,0.0,180000.0,0.0,240000.0,0.0,100000.0,0.0,38000.0,0.0,240000.0,0.0,10000.0,0.0,808000.0,0.0,0.0,0.0,0.0,0.0,0.0,0.0,0.0,0.0,0.0,0.0,0.0,0.0,0.0,0.0,808000.0,0.5,40.0,80.0,0.08,False
631647480,mukono,1800000.0,1800000.0,2400000.0,2400000.0,1000000.0,1000000.0,261250.0,261250.0,2400000.0,2400000.0,100000.0,100000.0,7961250.0,7961250.0,0.0,0.0,0.0,0.0,0.0,0.0,0.0,0.0,0.0,0.0,0.0,0.0,0.0,7961250.0,7961250.0,7961250.0,5.0,275.0,55.0,0.055,False
632449589,mukono,1080000.0,1080000.0,1440000.0,1440000.0,600000.0,600000.0,855000.0,855000.0,1440000.0,1440000.0,60000.0,60000.0,5475000.0,5475000.0,0.0,0.0,0.0,0.0,0.0,0.0,0.0,0.0,0.0,0.0,0.0,0.0,0.0,5475000.0,5475000.0,5475000.0,2.0,600.0,300.0,0.3,False
632465838,mukono,360000.0,360000.0,480000.0,480000.0,200000.0,200000.0,475000.0,475000.0,480000.0,480000.0,40000.0,40000.0,2035000.0,2035000.0,200000.0,50000.0,0.0,0.0,0.0,0.0,0.0,0.0,200000.0,50000.0,0.0,0.0,0.0,2235000.0,2085000.0,2235000.0,2.0,500.0,250.0,0.25,False
633165465,mukono,810000.0,810000.0,720000.0,720000.0,300000.0,300000.0,285000.0,285000.0,720000.0,720000.0,30000.0,30000.0,2865000.0,2865000.0,200000.0,50000.0,0.0,0.0,0.0,0.0,0.0,0.0,200000.0,50000.0,40000.0,0.0,0.0,3105000.0,2955000.0,3105000.0,1.5,200.0,133.33333333333334,0.13333333333333333,False
633165662,mukono,180000.0,180000.0,240000.0,240000.0,100000.0,100000.0,95000.0,95000.0,240000.0,240000.0,10000.0,10000.0,865000.0,865000.0,160000.0,40000.0,0.0,0.0,54000.0,27000.0,0.0,0.0,214000.0,67000.0,110000.0,0.0,0.0,1189000.0,1042000.0,1189000.0,0.5,100.0,200.0,0.2,False
634022615,mukono,720000.0,720000.0,960000.0,960000.0,400000.0,400000.0,380000.0,380000.0,960000.0,960000.0,40000.0,40000.0,3460000.0,3460000.0,400000.0,100000.0,0.0,0.0,0.0,0.0,0.0,0.0,400000.0,100000.0,20000.0,0.0,0.0,3880000.0,3580000.0,3880000.0,2.0,400.0,200.0,0.2,False
634718321,mukono,126000.0,126000.0,240000.0,240000.0,100000.0,100000.0,66500.0,66500.0,168000.0,168000.0,10000.0,10000.0,710500.0,710500.0,0.0,0.0,0.0,0.0,0.0,0.0,0.0,0.0,0.0,0.0,0.0,0.0,0.0,710500.0,710500.0,710500.0,0.5,100.0,200.0,0.2,False
634929270,mukono,180000.0,180000.0,360000.0,360000.0,200000.0,200000.0,95000.0,95000.0,240000.0,240000.0,10000.0,10000.0,1085000.0,1085000.0,0.0,0.0,0.0,0.0,0.0,0.0,0.0,0.0,0.0,0.0,0.0,0.0,0.0,1085000.0,1085000.0,1085000.0,0.5,100.0,200.0,0.2,False
635102819,mukono,0.0,180000.0,0.0,240000.0,0.0,100000.0,0.0,190000.0,0.0,240000.0,0.0,10000.0,0.0,960000.0,0.0,0.0,0.0,0.0,0.0,0.0,0.0,0.0,0.0,0.0,0.0,0.0,0.0,0.0,0.0,960000.0,0.5,200.0,400.0,0.4,False
635238371,mukono,360000.0,360000.0,480000.0,480000.0,200000.0,200000.0,380000.0,380000.0,480000.0,480000.0,20000.0,20000.0,1920000.0,1920000.0,200000.0,50000.0,0.0,0.0,0.0,0.0,0.0,0.0,200000.0,50000.0,10000.0,0.0,0.0,2130000.0,1980000.0,2130000.0,1.0,400.0,400.0,0.4,False
635238449,mukono,720000.0,720000.0,960000.0,960000.0,400000.0,400000.0,475000.0,475000.0,960000.0,960000.0,40000.0,40000.0,3555000.0,3555000.0,0.0,0.0,0.0,0.0,0.0,0.0,0.0,0.0,0.0,0.0,20000.0,0.0,0.0,3575000.0,3575000.0,3575000.0,2.0,500.0,250.0,0.25,False
635238630,mukono,180000.0,180000.0,240000.0,240000.0,100000.0,100000.0,142500.0,142500.0,240000.0,240000.0,10000.0,10000.0,912500.0,912500.0,200000.0,50000.0,0.0,0.0,60000.0,60000.0,0.0,0.0,260000.0,110000.0,20000.0,0.0,0.0,1192500.0,1042500.0,1192500.0,0.5,150.0,300.0,0.3,False
635625333,mukono,270000.0,270000.0,0.0,240000.0,0.0,100000.0,85500.0,85500.0,360000.0,360000.0,15000.0,15000.0,730500.0,1070500.0,0.0,0.0,0.0,0.0,0.0,0.0,0.0,0.0,0.0,0.0,0.0,0.0,0.0,730500.0,730500.0,1070500.0,0.5,60.0,120.0,0.12,False
635859825,mukono,360000.0,360000.0,480000.0,480000.0,200000.0,200000.0,142500.0,142500.0,480000.0,480000.0,20000.0,20000.0,1682500.0,1682500.0,0.0,0.0,0.0,0.0,0.0,0.0,0.0,0.0,0.0,0.0,0.0,0.0,0.0,1682500.0,1682500.0,1682500.0,1.0,150.0,150.0,0.15,False
635860002,mukono,720000.0,720000.0,960000.0,960000.0,400000.0,400000.0,237500.0,237500.0,0.0,960000.0,40000.0,40000.0,2357500.0,3317500.0,160000.0,40000.0,0.0,0.0,0.0,0.0,0.0,0.0,160000.0,40000.0,40000.0,0.0,0.0,2557500.0,2437500.0,3517500.0,2.0,250.0,125.0,0.125,False
635860179,mukono,720000.0,720000.0,960000.0,960000.0,400000.0,400000.0,237500.0,237500.0,960000.0,960000.0,40000.0,40000.0,3317500.0,3317500.0,200000.0,50000.0,0.0,0.0,0.0,0.0,0.0,0.0,200000.0,50000.0,0.0,0.0,0.0,3517500.0,3367500.0,3517500.0,2.0,250.0,125.0,0.125,False
636134719,mukono,3236538.461538462,3236538.461538462,0.0,2640000.0,1000000.0,1000000.0,0.0,1900000.0,0.0,2640000.0,0.0,110000.0,4236538.461538462,11526538.461538462,0.0,0.0,250000.0,125000.0,250000.0,125000.0,250000.0,125000.0,750000.0,375000.0,0.0,0.0,0.0,4986538.461538462,4611538.461538462,12276538.461538462,5.5,2000.0,363.6363636363636,0.36363636363636365,False
636135880,mukono,0.0,360000.0,0.0,480000.0,0.0,200000.0,0.0,95000.0,0.0,480000.0,0.0,20000.0,0.0,1635000.0,0.0,0.0,0.0,0.0,0.0,0.0,0.0,0.0,0.0,0.0,0.0,0.0,0.0,0.0,0.0,1635000.0,1.0,100.0,100.0,0.1,False
636603058,mukono,126000.0,126000.0,168000.0,168000.0,70000.0,70000.0,99750.0,99750.0,168000.0,168000.0,7000.0,7000.0,638750.0,638750.0,0.0,0.0,0.0,0.0,0.0,0.0,0.0,0.0,0.0,0.0,10000.0,0.0,0.0,648750.0,648750.0,648750.0,0.5,150.0,300.0,0.3,False
636603136,mukono,180000.0,180000.0,240000.0,240000.0,100000.0,100000.0,166250.0,166250.0,240000.0,240000.0,10000.0,10000.0,936250.0,936250.0,0.0,0.0,0.0,0.0,0.0,0.0,0.0,0.0,0.0,0.0,20000.0,0.0,0.0,956250.0,956250.0,956250.0,0.5,175.0,350.0,0.35,False
644152753,mukono,360000.0,360000.0,480000.0,480000.0,200000.0,200000.0,190000.0,190000.0,480000.0,480000.0,20000.0,20000.0,1730000.0,1730000.0,400000.0,100000.0,0.0,0.0,0.0,0.0,0.0,0.0,400000.0,100000.0,10000.0,0.0,0.0,2140000.0,1840000.0,2140000.0,1.0,200.0,200.0,0.2,False
644152847,mukono,180000.0,180000.0,240000.0,240000.0,100000.0,100000.0,166250.0,166250.0,240000.0,240000.0,10000.0,10000.0,936250.0,936250.0,0.0,0.0,0.0,0.0,0.0,0.0,0.0,0.0,0.0,0.0,0.0,0.0,0.0,936250.0,936250.0,936250.0,0.5,175.0,350.0,0.35,False
644159669,mukono,405000.0,405000.0,0.0,360000.0,225000.0,225000.0,228000.00000000003,228000.00000000003,360000.0,360000.0,22500.0,22500.0,1240500.0,1600500.0,0.0,0.0,0.0,0.0,0.0,0.0,0.0,0.0,0.0,0.0,0.0,0.0,0.0,1240500.0,1240500.0,1600500.0,0.75,160.0,213.33333333333334,0.21333333333333335,False
554400498,nakaseke,720000.0,720000.0,960000.0,960000.0,640000.0,640000.0,199500.0,199500.0,960000.0,960000.0,40000.0,40000.0,3519500.0,3519500.0,800000.0,200000.0,0.0,0.0,0.0,0.0,0.0,0.0,800000.0,200000.0,0.0,0.0,50000.0,4369500.0,3769500.0,4369500.0,2.0,175.0,87.5,0.0875,False
559666632,nakaseke,96923.07692307692,96923.07692307692,0.0,480000.0,0.0,200000.0,0.0,72200.0,0.0,480000.0,0.0,20000.0,96923.07692307692,1349123.076923077,0.0,0.0,0.0,0.0,0.0,0.0,0.0,0.0,0.0,0.0,0.0,0.0,0.0,96923.07692307692,96923.07692307692,1349123.076923077,1.0,76.0,76.0,0.076,False
619306547,mukono,252000.0,252000.0,480000.0,480000.0,140000.0,140000.0,161500.00000000003,161500.00000000003,240000.0,240000.0,14000.0,14000.0,1287500.0,1287500.0,800000.0,200000.0,0.0,0.0,0.0,0.0,0.0,0.0,800000.0,200000.0,20000.0,0.0,0.0,2107500.0,1507500.0,2107500.0,1.0,170.0,170.0,0.17,False
622485261,mukono,180000.0,180000.0,240000.0,240000.0,100000.0,100000.0,152000.0,152000.0,240000.0,240000.0,10000.0,10000.0,922000.0,922000.0,0.0,0.0,0.0,0.0,0.0,0.0,0.0,0.0,0.0,0.0,0.0,0.0,0.0,922000.0,922000.0,922000.0,0.5,160.0,320.0,0.32,False
631647195,mukono,135000.0,135000.0,180000.0,180000.0,50000.0,50000.0,57000.0,57000.0,180000.0,180000.0,7500.0,7500.0,609500.0,609500.0,0.0,0.0,0.0,0.0,0.0,0.0,0.0,0.0,0.0,0.0,0.0,0.0,0.0,609500.0,609500.0,609500.0,0.25,60.0,240.0,0.24,False
565368592,nakaseke,0.0,215999.99999999997,0.0,288000.0,0.0,120000.0,0.0,64600.00000000001,0.0,288000.0,0.0,12000.0,0.0,988600.0,0.0,0.0,0.0,0.0,0.0,0.0,0.0,0.0,0.0,0.0,0.0,0.0,0.0,0.0,0.0,988600.0,0.6,68.0,113.33333333333334,0.11333333333333334,False
584454693,nakaseke,0.0,215999.99999999997,0.0,288000.0,0.0,120000.0,0.0,23750.000000000004,0.0,288000.0,0.0,12000.0,0.0,947750.0,0.0,0.0,0.0,0.0,0.0,0.0,0.0,0.0,0.0,0.0,0.0,0.0,0.0,0.0,0.0,947750.0,0.6,25.0,41.66666666666667,0.04166666666666667,False
618738814,mukono,360000.0,360000.0,480000.0,480000.0,200000.0,200000.0,166250.0,166250.0,480000.0,480000.0,20000.0,20000.0,1706250.0,1706250.0,0.0,0.0,0.0,0.0,0.0,0.0,0.0,0.0,0.0,0.0,0.0,0.0,0.0,1706250.0,1706250.0,1706250.0,1.0,175.0,175.0,0.175,False
582503421,nakaseke,0.0,360000.0,0.0,480000.0,0.0,200000.0,0.0,54625.0,0.0,480000.0,0.0,20000.0,0.0,1594625.0,0.0,0.0,0.0,0.0,0.0,0.0,0.0,0.0,0.0,0.0,0.0,0.0,0.0,0.0,0.0,1594625.0,1.0,57.5,57.5,0.0575,False
589565846,nakaseke,0.0,360000.0,0.0,480000.0,0.0,200000.0,0.0,57000.0,0.0,480000.0,0.0,20000.0,0.0,1597000.0,0.0,0.0,0.0,0.0,0.0,0.0,0.0,0.0,0.0,0.0,0.0,0.0,0.0,0.0,0.0,1597000.0,1.0,60.0,60.0,0.06,False
614850459,mukono,224307.69230769234,224307.69230769234,200000.0,200000.0,750000.0,750000.0,50000.0,50000.0,0.0,1440000.0,150000.0,150000.0,1374307.6923076925,2814307.6923076925,0.0,0.0,0.0,0.0,0.0,0.0,0.0,0.0,0.0,0.0,900000.0,0.0,0.0,2274307.6923076925,2274307.6923076925,3714307.6923076925,3.0,180.0,60.0,0.06,False
556032422,nakaseke,207692.3076923077,207692.3076923077,100000.0,100000.0,130000.0,130000.0,90000.0,90000.0,80000.0,80000.0,50000.0,50000.0,657692.3076923077,657692.3076923077,0.0,0.0,0.0,0.0,0.0,0.0,0.0,0.0,0.0,0.0,0.0,0.0,0.0,657692.3076923077,657692.3076923077,657692.3076923077,1.0,180.0,180.0,0.18,False
558422563,nakaseke,0.0,360000.0,0.0,480000.0,0.0,200000.0,0.0,118750.0,0.0,480000.0,0.0,20000.0,0.0,1658750.0,0.0,0.0,0.0,0.0,0.0,0.0,0.0,0.0,0.0,0.0,0.0,1200000.0,0.0,1200000.0,1200000.0,2858750.0,1.0,125.0,125.0,0.125,False
585223034,nakaseke,0.0,252000.0,0.0,335999.99999999994,0.0,140000.0,0.0,41562.5,0.0,335999.99999999994,0.0,14000.0,0.0,1119562.5,0.0,0.0,0.0,0.0,0.0,0.0,0.0,0.0,0.0,0.0,0.0,0.0,0.0,0.0,0.0,1119562.5,0.7,,,0.0625,True
623704362,mukono,360000.0,360000.0,480000.0,480000.0,200000.0,200000.0,133000.0,133000.0,480000.0,480000.0,20000.0,20000.0,1673000.0,1673000.0,200000.0,50000.0,10000.0,10000.0,10000.0,10000.0,10000.0,10000.0,230000.0,80000.0,20000.0,0.0,0.0,1923000.0,1773000.0,1923000.0,1.0,140.0,140.0,0.14,False
633165535,mukono,360000.0,360000.0,480000.0,480000.0,200000.0,200000.0,114000.0,114000.0,480000.0,480000.0,20000.0,20000.0,1654000.0,1654000.0,80000.0,20000.0,0.0,0.0,0.0,0.0,0.0,0.0,80000.0,20000.0,20000.0,0.0,0.0,1754000.0,1694000.0,1754000.0,1.0,120.0,120.0,0.12,False
634929225,mukono,1080000.0,1080000.0,0.0,960000.0,0.0,400000.0,285000.0,285000.0,1440000.0,1440000.0,40000.0,40000.0,2845000.0,4205000.0,0.0,0.0,0.0,0.0,0.0,0.0,0.0,0.0,0.0,0.0,0.0,0.0,0.0,2845000.0,2845000.0,4205000.0,2.0,300.0,150.0,0.15,False
636602878,mukono,720000.0,720000.0,960000.0,960000.0,400000.0,400000.0,332500.0,332500.0,960000.0,960000.0,40000.0,40000.0,3412500.0,3412500.0,200000.0,50000.0,0.0,0.0,0.0,0.0,0.0,0.0,200000.0,50000.0,140000.0,0.0,0.0,3752500.0,3602500.0,3752500.0,2.0,350.0,175.0,0.175,False
558418973,nakaseke,124615.38461538461,124615.38461538461,50000.0,50000.0,0.0,240000.0,0.0,121600.0,50000.0,50000.0,0.0,24000.0,224615.38461538462,610215.3846153846,0.0,0.0,0.0,0.0,0.0,0.0,0.0,0.0,0.0,0.0,0.0,0.0,0.0,224615.38461538462,224615.38461538462,610215.3846153846,1.2,128.0,106.66666666666667,0.10666666666666667,False
613827164,nakaseke,720000.0,720000.0,150000.0,150000.0,500000.0,500000.0,153330.00000000003,153330.00000000003,960000.0,960000.0,40000.0,40000.0,2523330.0,2523330.0,0.0,0.0,150000.0,150000.0,150000.0,150000.0,150000.0,150000.0,450000.0,450000.0,0.0,0.0,40000.0,3013330.0,3013330.0,3013330.0,2.0,134.5,67.25,0.06725,False
632876809,mukono,90000.0,90000.0,0.0,120000.0,0.0,50000.0,35625.0,35625.0,120000.0,120000.0,5000.0,5000.0,250625.0,420625.0,0.0,0.0,0.0,0.0,0.0,0.0,0.0,0.0,0.0,0.0,0.0,0.0,0.0,250625.0,250625.0,420625.0,0.25,37.5,150.0,0.15,False
559670838,nakaseke,378000.0,378000.0,0.0,720000.0,0.0,300000.0,68186.25,68186.25,0.0,720000.0,24000.0,24000.0,470186.25,2210186.25,0.0,0.0,0.0,0.0,0.0,0.0,0.0,0.0,0.0,0.0,0.0,0.0,0.0,470186.25,470186.25,2210186.25,1.5,159.5,106.33333333333333,0.10633333333333334,False
588625655,nakaseke,540000.0,540000.0,720000.0,720000.0,300000.0,300000.0,197599.99999999997,197599.99999999997,720000.0,720000.0,30000.0,30000.0,2507600.0,2507600.0,0.0,0.0,0.0,0.0,320000.0,80000.0,420000.0,105000.0,740000.0,185000.0,0.0,0.0,0.0,3247600.0,2692600.0,3247600.0,1.5,208.0,138.66666666666666,0.13866666666666666,False
550732633,nakaseke,0.0,215999.99999999997,0.0,288000.0,0.0,120000.0,100000.0,100000.0,0.0,288000.0,200000.0,200000.0,300000.0,1212000.0,0.0,0.0,0.0,0.0,0.0,0.0,0.0,0.0,0.0,0.0,0.0,0.0,0.0,300000.0,300000.0,1212000.0,0.6,225.0,375.0,0.375,False
550740078,nakaseke,55384.61538461539,55384.61538461539,50000.0,50000.0,0.0,800000.0,913.4615384615386,913.4615384615386,0.0,1920000.0,0.0,80000.0,106298.07692307692,2906298.076923077,0.0,0.0,200000.0,100000.0,0.0,0.0,0.0,0.0,200000.0,100000.0,0.0,0.0,0.0,306298.07692307694,206298.07692307694,3106298.076923077,4.0,25.0,6.25,0.00625,False
552802393,nakaseke,13846.153846153848,13846.153846153848,0.0,240000.0,0.0,100000.0,4000.0,4000.0,9230.76923076923,9230.76923076923,10000.0,10000.0,37076.92307692308,377076.9230769231,0.0,0.0,0.0,0.0,0.0,0.0,0.0,0.0,0.0,0.0,0.0,0.0,0.0,37076.92307692308,37076.92307692308,377076.9230769231,0.5,250.0,500.0,0.5,False
553314788,nakaseke,1440000.0,1440000.0,1200000.0,1200000.0,800000.0,800000.0,285000.0,285000.0,1200000.0,1200000.0,50000.0,50000.0,4975000.0,4975000.0,560000.0,140000.0,0.0,0.0,0.0,0.0,0.0,0.0,560000.0,140000.0,0.0,0.0,30000.0,5565000.0,5145000.0,5565000.0,2.5,300.0,120.0,0.12,False
556033462,nakaseke,288000.0,288000.0,0.0,480000.0,0.0,200000.0,109440.0,109440.0,100000.0,100000.0,14000.0,14000.0,511440.0,1191440.0,0.0,0.0,0.0,0.0,0.0,0.0,0.0,0.0,0.0,0.0,0.0,0.0,0.0,511440.0,511440.0,1191440.0,1.0,288.0,288.0,0.288,False
557694485,nakaseke,30000.0,30000.0,0.0,96000.00000000001,0.0,40000.0,15000.0,15000.0,0.0,96000.00000000001,0.0,4000.0,45000.0,281000.0,0.0,0.0,0.0,0.0,0.0,0.0,0.0,0.0,0.0,0.0,30000.0,0.0,0.0,75000.0,75000.0,311000.0,0.2,4.5,22.5,0.0225,False
557694682,nakaseke,0.0,360000.0,0.0,480000.0,0.0,200000.0,0.0,7125.0,0.0,480000.0,0.0,20000.0,0.0,1547125.0,0.0,0.0,0.0,0.0,0.0,0.0,0.0,0.0,0.0,0.0,50000.0,0.0,0.0,50000.0,50000.0,1597125.0,1.0,7.5,7.5,0.0075,False
557711753,nakaseke,0.0,720000.0,0.0,960000.0,0.0,400000.0,0.0,103074.99999999999,0.0,960000.0,0.0,40000.0,0.0,3183075.0,0.0,0.0,0.0,0.0,0.0,0.0,0.0,0.0,0.0,0.0,0.0,0.0,0.0,0.0,0.0,3183075.0,2.0,108.5,54.25,0.05425,False
557713215,nakaseke,0.0,252000.0,0.0,335999.99999999994,0.0,140000.0,0.0,95000.0,0.0,335999.99999999994,0.0,14000.0,0.0,1173000.0,0.0,0.0,0.0,0.0,0.0,0.0,0.0,0.0,0.0,0.0,0.0,0.0,0.0,0.0,0.0,1173000.0,0.7,100.0,142.85714285714286,0.14285714285714285,False
558375556,nakaseke,0.0,360000.0,150000.0,150000.0,40000.0,40000.0,0.0,11875.0,0.0,480000.0,30000.0,30000.0,220000.0,1071875.0,0.0,0.0,0.0,0.0,160000.0,80000.0,0.0,0.0,160000.0,80000.0,0.0,0.0,0.0,380000.0,300000.0,1231875.0,1.0,12.5,12.5,0.0125,False
565368815,nakaseke,360000.0,360000.0,50000.0,50000.0,50000.0,50000.0,41800.0,41800.0,1200000.0,1200000.0,20000.0,20000.0,1721800.0,1721800.0,50000.0,50000.0,0.0,0.0,0.0,0.0,0.0,0.0,50000.0,50000.0,0.0,0.0,10000.0,1781800.0,1781800.0,1781800.0,1.0,88.0,88.0,0.088,False
583503314,nakaseke,864000.0,864000.0,2304000.0,2304000.0,0.0,600000.0,290700.0,290700.0,1152000.0,1152000.0,48000.0,48000.0,4658700.0,5258700.0,200000.0,100000.0,0.0,0.0,0.0,0.0,0.0,0.0,200000.0,100000.0,0.0,0.0,10000.0,4868700.0,4768700.0,5468700.0,3.0,255.0,85.0,0.085,False
592192864,nakaseke,600000.0,600000.0,100000.0,100000.0,300000.0,300000.0,12000.0,12000.0,1500000.0,1500000.0,30000.0,30000.0,2542000.0,2542000.0,0.0,0.0,0.0,0.0,0.0,0.0,300000.0,300000.0,300000.0,300000.0,0.0,0.0,0.5,2842000.5,2842000.5,2842000.5,1.3,400.0,307.6923076923077,0.30769230769230765,False
614807974,mukono,135000.0,135000.0,0.0,360000.0,0.0,150000.0,53199.99999999999,53199.99999999999,108000.0,108000.0,7500.0,7500.0,303700.0,813700.0,0.0,0.0,0.0,0.0,0.0,0.0,0.0,0.0,0.0,0.0,10000.0,0.0,0.0,313700.0,313700.0,823700.0,0.75,140.0,186.66666666666666,0.18666666666666665,False
614850566,mukono,74769.23076923078,74769.23076923078,0.0,480000.0,340000.0,340000.0,99750.0,99750.0,54000.0,54000.0,0.0,20000.0,568519.2307692308,1068519.2307692308,0.0,0.0,0.0,0.0,680000.0,340000.0,0.0,0.0,680000.0,340000.0,0.0,0.0,0.0,1248519.2307692308,908519.2307692308,1748519.2307692308,1.0,150.0,150.0,0.15,False
615761193,mukono,100000.0,100000.0,0.0,2400000.0,0.0,1000000.0,300000.0,300000.0,200000.0,200000.0,100000.0,100000.0,700000.0,4100000.0,800000.0,200000.0,0.0,0.0,0.0,0.0,0.0,0.0,800000.0,200000.0,0.0,0.0,0.0,1500000.0,900000.0,4900000.0,5.0,1505.0,301.0,0.301,False
615773611,mukono,180000.0,180000.0,240000.0,240000.0,50000.0,50000.0,47500.0,47500.0,72000.0,72000.0,10000.0,10000.0,599500.0,599500.0,0.0,0.0,0.0,0.0,0.0,0.0,0.0,0.0,0.0,0.0,32000.0,0.0,0.0,631500.0,631500.0,631500.0,0.5,100.0,200.0,0.2,False
616675567,mukono,0.0,720000.0,0.0,960000.0,0.0,400000.0,0.0,6174.999999999999,0.0,960000.0,0.0,40000.0,0.0,3086175.0,0.0,0.0,0.0,0.0,0.0,0.0,0.0,0.0,0.0,0.0,0.0,0.0,0.0,0.0,0.0,3086175.0,2.0,6.5,3.25,0.00325,False
617462488,mukono,138461.53846153847,138461.53846153847,300000.0,300000.0,0.0,400000.0,0.0,71250.0,0.0,960000.0,100000.0,100000.0,538461.5384615385,1969711.5384615385,0.0,0.0,0.0,0.0,0.0,0.0,200000.0,100000.0,200000.0,100000.0,0.0,0.0,0.0,738461.5384615385,638461.5384615385,2169711.5384615385,2.0,75.0,37.5,0.0375,False
617463415,mukono,0.0,180000.0,100000.0,100000.0,150000.0,150000.0,0.0,85499.99999999999,200000.0,200000.0,0.0,10000.0,450000.0,725500.0,0.0,0.0,0.0,0.0,0.0,0.0,40000.0,20000.0,40000.0,20000.0,0.0,0.0,0.0,490000.0,470000.0,765500.0,0.5,90.0,180.0,0.18,False
617648934,mukono,360000.0,360000.0,480000.0,480000.0,200000.0,200000.0,180500.0,180500.0,480000.0,480000.0,20000.0,20000.0,1720500.0,1720500.0,0.0,0.0,0.0,0.0,0.0,0.0,0.0,0.0,0.0,0.0,0.0,0.0,0.0,1720500.0,1720500.0,1720500.0,1.0,190.0,190.0,0.19,False
619547863,mukono,0.0,360000.0,0.0,480000.0,0.0,200000.0,0.0,190000.0,0.0,480000.0,0.0,20000.0,0.0,1730000.0,0.0,0.0,0.0,0.0,0.0,0.0,0.0,0.0,0.0,0.0,0.0,0.0,0.0,0.0,0.0,1730000.0,1.0,200.0,200.0,0.2,False
619769827,mukono,360000.0,360000.0,480000.0,480000.0,200000.0,200000.0,95000.0,95000.0,480000.0,480000.0,20000.0,20000.0,1635000.0,1635000.0,0.0,0.0,0.0,0.0,0.0,0.0,0.0,0.0,0.0,0.0,0.0,0.0,0.0,1635000.0,1635000.0,1635000.0,1.0,100.0,100.0,0.1,False
619769984,mukono,252000.0,252000.0,336000.0,336000.0,140000.0,140000.0,86450.0,86450.0,336000.0,336000.0,20000.0,20000.0,1170450.0,1170450.0,0.0,0.0,0.0,0.0,0.0,0.0,0.0,0.0,0.0,0.0,0.0,0.0,0.0,1170450.0,1170450.0,1170450.0,1.0,130.0,130.0,0.13,False
620417365,mukono,0.0,360000.0,30008.0,30008.0,200000.0,200000.0,0.0,45125.0,0.0,480000.0,0.0,20000.0,230008.0,1135133.0,0.0,0.0,0.0,0.0,0.0,0.0,200000.0,200000.0,200000.0,200000.0,0.0,0.0,0.0,430008.0,430008.0,1335133.0,1.0,47.5,47.5,0.0475,False
620699936,mukono,720000.0,720000.0,960000.0,960000.0,400000.0,400000.0,190000.0,190000.0,960000.0,960000.0,40000.0,40000.0,3270000.0,3270000.0,0.0,0.0,0.0,0.0,0.0,0.0,0.0,0.0,0.0,0.0,0.0,0.0,0.0,3270000.0,3270000.0,3270000.0,2.0,200.0,100.0,0.1,False
620700057,mukono,720000.0,720000.0,960000.0,960000.0,400000.0,400000.0,209000.0,209000.0,960000.0,960000.0,40000.0,40000.0,3289000.0,3289000.0,0.0,0.0,0.0,0.0,0.0,0.0,100000.0,50000.0,100000.0,50000.0,0.0,0.0,0.0,3389000.0,3339000.0,3389000.0,2.0,220.0,110.0,0.11,False
621078668,mukono,180000.0,180000.0,240000.0,240000.0,100000.0,100000.0,209000.0,209000.0,120000.0,120000.0,10000.0,10000.0,859000.0,859000.0,0.0,0.0,5000.0,5000.0,5000.0,5000.0,0.0,0.0,10000.0,10000.0,14000.0,0.0,0.0,883000.0,883000.0,883000.0,0.5,220.0,440.0,0.44,False
621640204,mukono,180000.0,180000.0,240000.0,240000.0,0.0,100000.0,38000.0,38000.0,240000.0,240000.0,10000.0,10000.0,708000.0,808000.0,0.0,0.0,0.0,0.0,100000.0,50000.0,100000.0,50000.0,200000.0,100000.0,0.0,0.0,0.0,908000.0,808000.0,1008000.0,0.5,40.0,80.0,0.08,False
621642449,mukono,180000.0,180000.0,192000.0,192000.0,0.0,100000.0,26600.0,26600.0,240000.0,240000.0,10000.0,10000.0,648600.0,748600.0,0.0,0.0,0.0,0.0,0.0,0.0,0.0,0.0,0.0,0.0,0.0,0.0,0.0,648600.0,648600.0,748600.0,0.5,28.0,56.0,0.056,False
622289483,mukono,126000.0,126000.0,168000.0,168000.0,70000.0,70000.0,59849.99999999999,59849.99999999999,168000.0,168000.0,7000.0,7000.0,598850.0,598850.0,200000.0,50000.0,0.0,0.0,0.0,0.0,0.0,0.0,200000.0,50000.0,0.0,0.0,0.0,798850.0,648850.0,798850.0,0.5,90.0,180.0,0.18,False
622485078,mukono,2160000.0,2160000.0,2880000.0,2880000.0,1200000.0,1200000.0,285000.0,285000.0,2880000.0,2880000.0,120000.0,120000.0,9525000.0,9525000.0,0.0,0.0,0.0,0.0,0.0,0.0,0.0,0.0,0.0,0.0,0.0,0.0,0.0,9525000.0,9525000.0,9525000.0,6.0,300.0,50.0,0.05,False
623981243,mukono,720000.0,720000.0,0.0,960000.0,0.0,400000.0,29450.0,29450.0,960000.0,960000.0,40000.0,40000.0,1749450.0,3109450.0,0.0,0.0,0.0,0.0,0.0,0.0,0.0,0.0,0.0,0.0,0.0,0.0,0.0,1749450.0,1749450.0,3109450.0,2.0,31.0,15.5,0.0155,False
624290457,mukono,360000.0,360000.0,480000.0,480000.0,200000.0,200000.0,341999.99999999994,341999.99999999994,480000.0,480000.0,20000.0,20000.0,1882000.0,1882000.0,200000.0,50000.0,0.0,0.0,0.0,0.0,0.0,0.0,200000.0,50000.0,20000.0,0.0,0.0,2102000.0,1952000.0,2102000.0,1.0,360.0,360.0,0.36,False
624291333,mukono,360000.0,360000.0,480000.0,480000.0,200000.0,200000.0,133000.0,133000.0,480000.0,480000.0,20000.0,20000.0,1673000.0,1673000.0,200000.0,50000.0,20000.0,10000.0,20000.0,10000.0,20000.0,10000.0,260000.0,80000.0,20000.0,0.0,0.0,1953000.0,1773000.0,1953000.0,1.0,140.0,140.0,0.14,False
624292438,mukono,180000.0,180000.0,240000.0,240000.0,100000.0,100000.0,133000.0,133000.0,240000.0,240000.0,10000.0,10000.0,903000.0,903000.0,160000.0,40000.0,0.0,0.0,0.0,0.0,0.0,0.0,160000.0,40000.0,20000.0,0.0,0.0,1083000.0,963000.0,1083000.0,0.5,140.0,280.0,0.28,False
631647010,mukono,540000.0,540000.0,720000.0,720000.0,300000.0,300000.0,249375.0,249375.0,720000.0,720000.0,30000.0,30000.0,2559375.0,2559375.0,0.0,0.0,0.0,0.0,0.0,0.0,0.0,0.0,0.0,0.0,0.0,0.0,0.0,2559375.0,2559375.0,2559375.0,1.0,175.0,175.0,0.175,False
633165312,mukono,360000.0,360000.0,480000.0,480000.0,200000.0,200000.0,95000.0,95000.0,480000.0,480000.0,20000.0,20000.0,1635000.0,1635000.0,80000.0,20000.0,0.0,0.0,0.0,0.0,0.0,0.0,80000.0,20000.0,0.0,0.0,0.0,1715000.0,1655000.0,1715000.0,1.0,100.0,100.0,0.1,False
633706793,mukono,90000.0,90000.0,120000.0,120000.0,50000.0,50000.0,28500.0,28500.0,120000.0,120000.0,5000.0,5000.0,413500.0,413500.0,0.0,0.0,0.0,0.0,0.0,0.0,0.0,0.0,0.0,0.0,0.0,0.0,0.0,413500.0,413500.0,413500.0,0.25,30.0,120.0,0.12,False
634022985,mukono,360000.0,360000.0,480000.0,480000.0,200000.0,200000.0,142500.0,142500.0,480000.0,480000.0,20000.0,20000.0,1682500.0,1682500.0,0.0,0.0,0.0,0.0,0.0,0.0,0.0,0.0,0.0,0.0,0.0,0.0,0.0,1682500.0,1682500.0,1682500.0,1.0,150.0,150.0,0.15,False
634718242,mukono,1440000.0,1440000.0,1920000.0,1920000.0,800000.0,800000.0,475000.0,475000.0,1920000.0,1920000.0,80000.0,80000.0,6635000.0,6635000.0,200000.0,50000.0,0.0,0.0,67000.0,67000.0,0.0,0.0,267000.0,117000.0,60000.0,0.0,0.0,6962000.0,6812000.0,6962000.0,4.0,500.0,125.0,0.125,False
635238561,mukono,180000.0,180000.0,240000.0,240000.0,100000.0,100000.0,95000.0,95000.0,240000.0,240000.0,10000.0,10000.0,865000.0,865000.0,0.0,0.0,0.0,0.0,0.0,0.0,0.0,0.0,0.0,0.0,0.0,0.0,0.0,865000.0,865000.0,865000.0,0.5,100.0,200.0,0.2,False
636135365,mukono,0.0,180000.0,20000.0,20000.0,0.0,100000.0,0.0,475000.0,0.0,240000.0,0.0,10000.0,20000.0,1025000.0,0.0,0.0,0.0,0.0,0.0,0.0,0.0,0.0,0.0,0.0,0.0,0.0,0.0,20000.0,20000.0,1025000.0,0.5,500.0,1000.0,1.0,False
636136285,mukono,0.0,180000.0,0.0,240000.0,0.0,100000.0,0.0,475000.0,0.0,240000.0,0.0,10000.0,0.0,1245000.0,0.0,0.0,0.0,0.0,0.0,0.0,0.0,0.0,0.0,0.0,0.0,0.0,0.0,0.0,0.0,1245000.0,0.5,600.0,1200.0,1.0,False
616674531,mukono,207692.3076923077,207692.3076923077,0.0,720000.0,225000.0,225000.0,0.0,380000.0,0.0,720000.0,0.0,30000.0,432692.3076923077,2282692.307692308,0.0,0.0,85000.0,85000.0,90000.0,90000.0,50000.0,50000.0,225000.0,225000.0,0.0,0.0,0.0,657692.3076923077,657692.3076923077,2507692.307692308,1.5,400.0,266.6666666666667,0.26666666666666666,False
557715625,nakaseke,0.0,180000.0,0.0,240000.0,0.0,100000.0,0.0,112575.0,0.0,240000.0,0.0,10000.0,0.0,882575.0,0.0,0.0,0.0,0.0,0.0,0.0,0.0,0.0,0.0,0.0,0.0,0.0,0.0,0.0,0.0,882575.0,0.5,118.5,237.0,0.237,False
582503133,nakaseke,720000.0,720000.0,184615.38461538462,184615.38461538462,50000.0,50000.0,49875.0,49875.0,369230.76923076925,369230.76923076925,40000.0,40000.0,1413721.153846154,1413721.153846154,50000.0,50000.0,0.0,0.0,0.0,0.0,0.0,0.0,50000.0,50000.0,0.0,0.0,30000.0,1493721.153846154,1493721.153846154,1493721.153846154,2.0,105.0,52.5,0.0525,False
586804272,nakaseke,864000.0,864000.0,553846.1538461539,553846.1538461539,100000.0,100000.0,197220.0,197220.0,1152000.0,1152000.0,48000.0,48000.0,2915066.153846154,2915066.153846154,0.0,0.0,0.0,0.0,0.0,0.0,180000.0,90000.0,180000.0,90000.0,0.0,0.0,50000.0,3145066.153846154,3055066.153846154,3145066.153846154,3.0,259.5,86.5,0.0865,False
620699783,mukono,720000.0,720000.0,960000.0,960000.0,400000.0,400000.0,18050.0,18050.0,960000.0,960000.0,40000.0,40000.0,3098050.0,3098050.0,0.0,0.0,0.0,0.0,0.0,0.0,0.0,0.0,0.0,0.0,0.0,0.0,0.0,3098050.0,3098050.0,3098050.0,2.0,19.0,9.5,0.0095,False
550738751,nakaseke,0.0,360000.0,0.0,480000.0,0.0,200000.0,0.0,17100.0,0.0,480000.0,80000.0,80000.0,80000.0,1617100.0,0.0,0.0,0.0,0.0,0.0,0.0,0.0,0.0,0.0,0.0,0.0,0.0,0.0,80000.0,80000.0,1617100.0,1.0,18.0,18.0,0.018,False
589566299,nakaseke,0.0,360000.0,0.0,480000.0,0.0,200000.0,0.0,42749.99999999999,0.0,480000.0,0.0,20000.0,0.0,1582750.0,0.0,0.0,0.0,0.0,0.0,0.0,0.0,0.0,0.0,0.0,0.0,0.0,0.0,0.0,0.0,1582750.0,1.0,45.0,45.0,0.045,False
556042851,nakaseke,99692.30769230767,99692.30769230767,150000.0,150000.0,90000.0,90000.0,70000.0,70000.0,80000.0,80000.0,70000.0,70000.0,559692.3076923077,559692.3076923077,0.0,0.0,0.0,0.0,0.0,0.0,190000.0,95000.0,190000.0,95000.0,0.0,0.0,0.0,749692.3076923077,654692.3076923077,749692.3076923077,1.2,,,0.0625,True
581667076,nakaseke,504000.0,504000.0,184615.38461538462,184615.38461538462,107692.30769230769,107692.30769230769,10000.0,10000.0,553846.1538461539,553846.1538461539,0.0,40000.0,1360153.846153846,1400153.846153846,70000.0,70000.0,0.0,0.0,0.0,0.0,0.0,0.0,70000.0,70000.0,0.0,0.0,15000.0,1445153.846153846,1445153.846153846,1485153.846153846,2.0,99.0,49.5,0.0495,False
561201812,nakaseke,0.0,324000.0,50000.0,50000.0,80000.0,80000.0,35000.0,35000.0,0.0,432000.0,0.0,18000.0,165000.0,939000.0,0.0,0.0,180000.0,90000.0,0.0,0.0,120000.0,60000.0,300000.0,150000.0,50000.0,0.0,150000.0,665000.0,515000.0,1439000.0,0.9,225000.0,250000.0,1.0,False
561202655,nakaseke,0.0,360000.0,90000.0,90000.0,80000.0,80000.0,80000.0,80000.0,0.0,480000.0,30000.0,30000.0,280000.0,1120000.0,0.0,0.0,160000.0,80000.0,120000.0,60000.0,160000.0,80000.0,440000.0,220000.0,70000.0,0.0,90000.0,880000.0,660000.0,1720000.0,1.0,12.5,12.5,0.0125,False
622951271,mukono,216000.0,216000.0,288000.0,288000.0,120000.0,120000.0,136799.99999999997,136799.99999999997,288000.0,288000.0,12000.0,12000.0,1060800.0,1060800.0,200000.0,50000.0,0.0,0.0,10000.0,10000.0,0.0,0.0,210000.0,60000.0,0.0,0.0,0.0,1270800.0,1120800.0,1270800.0,0.75,180.0,240.0,0.24,False
623479194,mukono,1080000.0,1080000.0,1440000.0,1440000.0,600000.0,600000.0,190000.0,190000.0,1440000.0,1440000.0,60000.0,60000.0,4810000.0,4810000.0,0.0,0.0,0.0,0.0,0.0,0.0,0.0,0.0,0.0,0.0,0.0,0.0,0.0,4810000.0,4810000.0,4810000.0,3.0,200.0,66.66666666666667,0.06666666666666667,False
633859954,mukono,0.0,180000.0,0.0,240000.0,0.0,100000.0,0.0,237500.0,0.0,240000.0,0.0,10000.0,0.0,1007500.0,0.0,0.0,0.0,0.0,0.0,0.0,0.0,0.0,0.0,0.0,0.0,0.0,0.0,0.0,0.0,1007500.0,0.5,250.0,500.0,0.5,False
634322609,mukono,360000.0,360000.0,0.0,480000.0,200000.0,200000.0,152000.0,152000.0,480000.0,480000.0,20000.0,20000.0,1212000.0,1692000.0,0.0,0.0,0.0,0.0,0.0,0.0,0.0,0.0,0.0,0.0,0.0,0.0,0.0,1212000.0,1212000.0,1692000.0,1.0,160.0,160.0,0.16,False
634718422,mukono,360000.0,360000.0,480000.0,480000.0,200000.0,200000.0,190000.0,190000.0,480000.0,480000.0,20000.0,20000.0,1730000.0,1730000.0,0.0,0.0,0.0,0.0,0.0,0.0,0.0,0.0,0.0,0.0,20000.0,0.0,0.0,1750000.0,1750000.0,1750000.0,1.0,200.0,200.0,0.2,False
618738459,mukono,1440000.0,1440000.0,1920000.0,1920000.0,800000.0,800000.0,237500.0,237500.0,1920000.0,1920000.0,80000.0,80000.0,6397500.0,6397500.0,0.0,0.0,0.0,0.0,0.0,0.0,0.0,0.0,0.0,0.0,0.0,0.0,0.0,6397500.0,6397500.0,6397500.0,4.0,250.0,62.5,0.0625,False
552806909,nakaseke,2769.2307692307695,2769.2307692307695,0.0,96000.00000000001,0.0,40000.0,0.0,12350.000000000002,0.0,96000.00000000001,30000.0,30000.0,32769.230769230766,277119.2307692308,0.0,0.0,0.0,0.0,0.0,0.0,0.0,0.0,0.0,0.0,0.0,0.0,0.0,32769.230769230766,32769.230769230766,277119.2307692308,0.2,13.0,65.0,0.065,False
557694859,nakaseke,0.0,107999.99999999999,0.0,144000.0,0.0,60000.0,35000.0,35000.0,0.0,144000.0,20000.0,20000.0,55000.0,511000.0,0.0,0.0,0.0,0.0,0.0,0.0,0.0,0.0,0.0,0.0,0.0,0.0,0.0,55000.0,55000.0,511000.0,0.3,10.0,33.333333333333336,0.03333333333333333,False
589566059,nakaseke,2880000.0,2880000.0,2215384.6153846155,2215384.6153846155,1230769.2307692308,1230769.2307692308,498750.0,498750.0,3840000.0,3840000.0,256000.0,256000.0,10920903.846153848,10920903.846153848,0.0,0.0,100000.0,100000.0,100000.0,100000.0,100000.0,100000.0,300000.0,300000.0,0.0,0.0,80000.0,11300903.846153848,11300903.846153848,11300903.846153848,8.0,525.0,65.625,0.065625,False
593200247,nakaseke,2160000.0,2160000.0,600000.0,600000.0,960000.0,960000.0,247000.0,247000.0,2880000.0,2880000.0,120000.0,120000.0,6967000.0,6967000.0,1300000.0,1300000.0,160000.0,160000.0,160000.0,160000.0,150000.0,150000.0,1770000.0,1770000.0,0.0,0.0,80000.0,8817000.0,8817000.0,8817000.0,6.0,260.0,43.333333333333336,0.043333333333333335,False
613820537,nakaseke,1440000.0,1440000.0,1920000.0,1920000.0,800000.0,800000.0,341999.99999999994,341999.99999999994,1920000.0,1920000.0,80000.0,80000.0,6502000.0,6502000.0,0.0,0.0,0.0,0.0,0.0,0.0,0.0,0.0,0.0,0.0,0.0,0.0,20000.0,6522000.0,6522000.0,6522000.0,4.0,360.0,90.0,0.09,False
614808240,mukono,90000.0,90000.0,120000.0,120000.0,50000.0,50000.0,2375.0,2375.0,72000.0,72000.0,7000.0,7000.0,341375.0,341375.0,0.0,0.0,0.0,0.0,0.0,0.0,0.0,0.0,0.0,0.0,0.0,0.0,0.0,341375.0,341375.0,341375.0,0.5,5.0,10.0,0.01,False
615773753,mukono,252000.0,252000.0,288000.0,288000.0,100000.0,100000.0,85500.0,85500.0,144000.0,144000.0,20000.0,20000.0,889500.0,889500.0,800000.0,200000.0,40000.0,20000.0,0.0,0.0,40000.0,20000.0,880000.0,240000.0,70000.0,0.0,0.0,1839500.0,1199500.0,1839500.0,1.0,150.0,150.0,0.15,False
617460629,mukono,0.0,360000.0,50000.0,50000.0,50000.0,50000.0,0.0,95000.0,0.0,480000.0,0.0,20000.0,100000.0,1055000.0,200000.0,50000.0,0.0,0.0,0.0,0.0,0.0,0.0,200000.0,50000.0,0.0,0.0,0.0,300000.0,150000.0,1255000.0,1.0,100.0,100.0,0.1,False
617461111,mukono,0.0,540000.0,0.0,720000.0,0.0,300000.0,0.0,47500.0,0.0,720000.0,0.0,30000.0,0.0,2357500.0,0.0,0.0,0.0,0.0,0.0,0.0,0.0,0.0,0.0,0.0,0.0,0.0,0.0,0.0,0.0,2357500.0,1.5,50.0,33.333333333333336,0.03333333333333333,False
617461597,mukono,0.0,180000.0,9230.76923076923,9230.76923076923,0.0,100000.0,0.0,71250.0,10000.0,10000.0,0.0,10000.0,19230.76923076923,380480.76923076925,0.0,0.0,0.0,0.0,0.0,0.0,0.0,0.0,0.0,0.0,0.0,0.0,0.0,19230.76923076923,19230.76923076923,380480.76923076925,0.5,75.0,150.0,0.15,False
618056660,mukono,252000.0,252000.0,0.0,480000.0,0.0,200000.0,159600.0,159600.0,240000.0,240000.0,14000.0,14000.0,665600.0,1345600.0,0.0,0.0,0.0,0.0,0.0,0.0,0.0,0.0,0.0,0.0,10000.0,0.0,0.0,675600.0,675600.0,1355600.0,1.0,240.0,240.0,0.24,False
618502638,mukono,504000.0,504000.0,0.0,960000.0,0.0,400000.0,133000.0,133000.0,288000.0,288000.0,28000.0,28000.0,953000.0,2313000.0,0.0,0.0,0.0,0.0,0.0,0.0,0.0,0.0,0.0,0.0,20000.0,0.0,0.0,973000.0,973000.0,2333000.0,2.0,200.0,100.0,0.1,False
618738618,mukono,720000.0,720000.0,960000.0,960000.0,400000.0,400000.0,170999.99999999997,170999.99999999997,960000.0,960000.0,40000.0,40000.0,3251000.0,3251000.0,0.0,0.0,0.0,0.0,0.0,0.0,0.0,0.0,0.0,0.0,0.0,0.0,0.0,3251000.0,3251000.0,3251000.0,2.0,180.0,90.0,0.09,False
619308856,mukono,900000.0,900000.0,0.0,1200000.0,500000.0,500000.0,0.0,285000.0,0.0,1200000.0,50000.0,50000.0,1450000.0,4135000.0,400000.0,100000.0,0.0,0.0,0.0,0.0,0.0,0.0,400000.0,100000.0,90000.0,0.0,0.0,1940000.0,1640000.0,4625000.0,2.5,300.0,120.0,0.12,False
620131758,mukono,126000.0,126000.0,240000.0,240000.0,70000.0,70000.0,93100.0,93100.0,168000.0,168000.0,7000.0,7000.0,704100.0,704100.0,400000.0,100000.0,40000.0,20000.0,40000.0,20000.0,40000.0,20000.0,520000.0,160000.0,50000.0,0.0,0.0,1274100.0,914100.0,1274100.0,0.5,140.0,280.0,0.28,False
621077765,mukono,540000.0,540000.0,864000.0,864000.0,300000.0,300000.0,593750.0,593750.0,360000.0,360000.0,30000.0,30000.0,2687750.0,2687750.0,0.0,0.0,0.0,0.0,0.0,0.0,0.0,0.0,0.0,0.0,60000.0,0.0,0.0,2747750.0,2747750.0,2747750.0,1.5,625.0,416.6666666666667,0.4166666666666667,False
622950517,mukono,2160000.0,2160000.0,2880000.0,2880000.0,1200000.0,1200000.0,760000.0,760000.0,2880000.0,2880000.0,120000.0,120000.0,10000000.0,10000000.0,100000.0,50000.0,100000.0,50000.0,100000.0,50000.0,100000.0,50000.0,400000.0,200000.0,20000.0,0.0,0.0,10420000.0,10220000.0,10420000.0,6.0,800.0,133.33333333333334,0.13333333333333333,False
623178431,mukono,0.0,360000.0,0.0,480000.0,0.0,200000.0,0.0,332500.0,0.0,480000.0,0.0,20000.0,0.0,1872500.0,0.0,0.0,0.0,0.0,0.0,0.0,0.0,0.0,0.0,0.0,0.0,0.0,0.0,0.0,0.0,1872500.0,1.0,350.0,350.0,0.35,False
623271316,mukono,27692.307692307695,27692.307692307695,0.0,240000.0,0.0,100000.0,0.0,142500.0,0.0,240000.0,0.0,10000.0,27692.307692307695,760192.3076923077,0.0,0.0,0.0,0.0,0.0,0.0,0.0,0.0,0.0,0.0,0.0,0.0,0.0,27692.307692307695,27692.307692307695,760192.3076923077,0.5,150.0,300.0,0.3,False
623272577,mukono,0.0,180000.0,0.0,240000.0,0.0,100000.0,0.0,95000.0,0.0,240000.0,0.0,10000.0,0.0,865000.0,0.0,0.0,0.0,0.0,0.0,0.0,0.0,0.0,0.0,0.0,0.0,0.0,0.0,0.0,0.0,865000.0,0.5,100.0,200.0,0.2,False
624293459,mukono,180000.0,180000.0,240000.0,240000.0,100000.0,100000.0,104500.0,104500.0,240000.0,240000.0,10000.0,10000.0,874500.0,874500.0,200000.0,50000.0,10000.0,10000.0,10000.0,10000.0,10000.0,10000.0,230000.0,80000.0,20000.0,0.0,0.0,1124500.0,974500.0,1124500.0,0.5,110.0,220.0,0.22,False
624713073,mukono,0.0,360000.0,0.0,480000.0,0.0,200000.0,0.0,90250.0,0.0,480000.0,0.0,20000.0,0.0,1630250.0,0.0,0.0,0.0,0.0,0.0,0.0,0.0,0.0,0.0,0.0,0.0,0.0,0.0,0.0,0.0,1630250.0,1.0,95.0,95.0,0.095,False
624713879,mukono,0.0,1080000.0,0.0,1440000.0,0.0,600000.0,0.0,95000.0,0.0,1440000.0,0.0,60000.0,0.0,4715000.0,0.0,0.0,0.0,0.0,0.0,0.0,0.0,0.0,0.0,0.0,0.0,0.0,0.0,0.0,0.0,4715000.0,3.0,100.0,33.333333333333336,0.03333333333333333,False
625320144,mukono,110769.23076923078,110769.23076923078,0.0,960000.0,100000.0,100000.0,0.0,85499.99999999999,0.0,960000.0,10000.0,10000.0,220769.23076923078,2226269.230769231,400000.0,100000.0,100000.0,50000.0,0.0,0.0,0.0,0.0,500000.0,150000.0,0.0,0.0,0.0,720769.2307692308,370769.23076923075,2726269.230769231,2.0,90.0,45.0,0.045,False
628089142,mukono,0.0,360000.0,0.0,480000.0,0.0,200000.0,0.0,28500.0,0.0,480000.0,0.0,20000.0,0.0,1568500.0,0.0,0.0,0.0,0.0,0.0,0.0,0.0,0.0,0.0,0.0,0.0,0.0,0.0,0.0,0.0,1568500.0,1.0,30.0,30.0,0.03,False
628089849,mukono,138461.53846153847,138461.53846153847,0.0,480000.0,0.0,200000.0,0.0,95000.0,0.0,480000.0,0.0,20000.0,138461.53846153847,1413461.5384615385,0.0,0.0,20000.0,10000.0,0.0,0.0,0.0,0.0,20000.0,10000.0,0.0,0.0,0.0,158461.53846153847,148461.53846153847,1433461.5384615385,1.0,100.0,100.0,0.1,False
628775275,mukono,1661538.4615384615,1661538.4615384615,0.0,1920000.0,500000.0,500000.0,0.0,2945000.0,0.0,1920000.0,0.0,80000.0,2161538.4615384615,9026538.461538462,2000000.0,500000.0,0.0,0.0,0.0,0.0,0.0,0.0,2000000.0,500000.0,0.0,0.0,0.0,4161538.4615384615,2661538.4615384615,11026538.461538462,4.0,3100.0,775.0,0.775,False
630120893,mukono,0.0,360000.0,0.0,480000.0,0.0,200000.0,0.0,332500.0,0.0,480000.0,0.0,20000.0,0.0,1872500.0,0.0,0.0,0.0,0.0,0.0,0.0,0.0,0.0,0.0,0.0,0.0,0.0,0.0,0.0,0.0,1872500.0,1.0,350.0,350.0,0.35,False
632524617,mukono,0.0,180000.0,0.0,240000.0,0.0,100000.0,0.0,427500.0,0.0,240000.0,0.0,10000.0,0.0,1197500.0,0.0,0.0,0.0,0.0,0.0,0.0,0.0,0.0,0.0,0.0,0.0,0.0,0.0,0.0,0.0,1197500.0,0.5,450.0,900.0,0.9,False
633860632,mukono,96923.07692307692,96923.07692307692,60000.0,60000.0,100000.0,100000.0,5000.0,5000.0,0.0,480000.0,0.0,20000.0,261923.07692307694,761923.076923077,200000.0,100000.0,0.0,0.0,0.0,0.0,0.0,0.0,200000.0,100000.0,0.0,0.0,0.0,461923.07692307694,361923.07692307694,961923.076923077,1.0,360.0,360.0,0.36,False
633861486,mukono,0.0,180000.0,0.0,240000.0,0.0,100000.0,0.0,223250.0,0.0,240000.0,0.0,10000.0,0.0,993250.0,0.0,0.0,0.0,0.0,0.0,0.0,0.0,0.0,0.0,0.0,0.0,0.0,0.0,0.0,0.0,993250.0,0.5,235.0,470.0,0.47,False
634021883,mukono,720000.0,720000.0,960000.0,960000.0,400000.0,400000.0,475000.0,475000.0,960000.0,960000.0,40000.0,40000.0,3555000.0,3555000.0,200000.0,50000.0,0.0,0.0,100000.0,100000.0,0.0,0.0,300000.0,150000.0,50000.0,0.0,0.0,3905000.0,3755000.0,3905000.0,2.0,500.0,250.0,0.25,False
634952329,mukono,7476923.076923077,7476923.076923077,0.0,4320000.0,2200000.0,2200000.0,0.0,3325000.0,0.0,4320000.0,0.0,180000.0,9676923.076923076,21821923.076923076,8800000.0,2200000.0,0.0,0.0,0.0,0.0,0.0,0.0,8800000.0,2200000.0,0.0,0.0,0.0,18476923.076923076,11876923.076923076,30621923.076923076,9.0,3500.0,388.8888888888889,0.3888888888888889,False
635102211,mukono,0.0,360000.0,110769.23076923077,110769.23076923077,0.0,200000.0,0.0,408500.0,0.0,480000.0,0.0,20000.0,110769.23076923077,1579269.2307692308,0.0,0.0,0.0,0.0,0.0,0.0,0.0,0.0,0.0,0.0,0.0,0.0,0.0,110769.23076923077,110769.23076923077,1579269.2307692308,1.0,430.0,430.0,0.43,False
635102285,mukono,0.0,90000.0,0.0,120000.0,0.0,50000.0,0.0,95000.0,0.0,120000.0,0.0,5000.0,0.0,480000.0,0.0,0.0,0.0,0.0,0.0,0.0,0.0,0.0,0.0,0.0,0.0,0.0,0.0,0.0,0.0,480000.0,0.25,100.0,400.0,0.4,False
623184098,mukono,0.0,360000.0,60000.0,60000.0,0.0,200000.0,0.0,261250.00000000003,0.0,480000.0,0.0,20000.0,60000.0,1381250.0,0.0,0.0,0.0,0.0,0.0,0.0,0.0,0.0,0.0,0.0,0.0,0.0,0.0,60000.0,60000.0,1381250.0,1.0,275.0,275.0,0.275,False
554408234,nakaseke,0.0,324000.0,30000.0,30000.0,60000.0,60000.0,50000.0,50000.0,0.0,432000.0,0.0,18000.0,140000.0,914000.0,0.0,0.0,0.0,0.0,0.0,0.0,0.0,0.0,0.0,0.0,40000.0,0.0,0.0,180000.0,180000.0,954000.0,0.9,15.0,16.666666666666668,0.016666666666666666,False
556042141,nakaseke,20000.0,20000.0,0.0,144000.0,60000.0,60000.0,0.0,14250.0,0.0,144000.0,20000.0,20000.0,100000.0,402250.0,0.0,0.0,0.0,0.0,0.0,0.0,0.0,0.0,0.0,0.0,60000.0,0.0,0.0,160000.0,160000.0,462250.0,0.3,15.0,50.0,0.05,False
559614978,nakaseke,120000.0,120000.0,180000.0,180000.0,50000.0,50000.0,70000.0,70000.0,0.0,480000.0,90000.0,90000.0,510000.0,990000.0,0.0,0.0,120000.0,60000.0,0.0,0.0,0.0,0.0,120000.0,60000.0,0.0,0.0,0.0,630000.0,570000.0,1110000.0,1.0,,,0.0625,True
581570782,nakaseke,83076.92307692308,83076.92307692308,60000.0,60000.0,61538.461538461546,61538.461538461546,90000.0,90000.0,0.0,480000.0,50000.0,50000.0,344615.3846153846,824615.3846153846,0.0,0.0,180000.0,90000.0,140000.0,70000.0,140000.0,70000.0,460000.0,230000.0,280000.0,0.0,30000.0,1114615.3846153845,884615.3846153846,1594615.3846153845,1.0,25.0,25.0,0.025,False
552806065,,20769.23076923077,20769.23076923077,0.0,0.0,0.0,0.0,20000.0,20000.0,0.0,0.0,20000.0,20000.0,60769.230769230766,60769.230769230766,0.0,0.0,0.0,0.0,0.0,0.0,0.0,0.0,0.0,0.0,50000.0,0.0,0.0,110769.23076923077,110769.23076923077,110769.23076923077,1.0,,,,True
553316435,nakaseke,60000.0,60000.0,10000.0,10000.0,150000.0,150000.0,50000.0,50000.0,0.0,0.0,30000.0,30000.0,300000.0,300000.0,0.0,0.0,0.0,0.0,160000.0,80000.0,0.0,0.0,160000.0,80000.0,60000.0,0.0,0.0,520000.0,440000.0,520000.0,0.0,45.0,,0.0625,False
558375760,nakaseke,0.0,0.0,0.0,0.0,0.0,0.0,0.0,0.0,0.0,0.0,0.0,0.0,0.0,0.0,0.0,0.0,0.0,0.0,0.0,0.0,0.0,0.0,0.0,0.0,25000.0,0.0,0.0,25000.0,25000.0,25000.0,0.0,4.5,,0.0625,False
559615316,nakaseke,0.0,360000.0,50000.0,50000.0,0.0,200000.0,60000.0,60000.0,0.0,480000.0,100000.0,100000.0,210000.0,1250000.0,0.0,0.0,180000.0,90000.0,180000.0,90000.0,0.0,0.0,360000.0,180000.0,100000.0,0.0,0.0,670000.0,490000.0,1710000.0,1.0,50.0,50.0,0.05,False
630121155,mukono,13846.153846153848,13846.153846153848,0.0,240000.0,0.0,100000.0,0.0,285000.0,0.0,240000.0,0.0,10000.0,13846.153846153848,888846.1538461539,0.0,0.0,0.0,0.0,0.0,0.0,0.0,0.0,0.0,0.0,0.0,0.0,0.0,13846.153846153848,13846.153846153848,888846.1538461539,0.5,300.0,600.0,0.6,False
630121646,mukono,69230.76923076923,69230.76923076923,100000.0,100000.0,0.0,200000.0,0.0,199500.0,0.0,480000.0,0.0,20000.0,169230.76923076925,1068730.7692307692,0.0,0.0,0.0,0.0,0.0,0.0,0.0,0.0,0.0,0.0,0.0,0.0,0.0,169230.76923076925,169230.76923076925,1068730.7692307692,1.0,210.0,210.0,0.21,False
560425493,nakaseke,0.0,360000.0,60000.0,60000.0,90000.0,90000.0,30000.0,30000.0,120000.0,120000.0,60000.0,60000.0,360000.0,720000.0,0.0,0.0,0.0,0.0,120000.0,60000.0,180000.0,90000.0,300000.0,150000.0,100000.0,0.0,0.0,760000.0,610000.0,1120000.0,1.0,15.0,15.0,0.015,False
560424556,nakaseke,124615.38461538462,124615.38461538462,120000.0,120000.0,80000.0,80000.0,45000.0,45000.0,50000.0,50000.0,50000.0,50000.0,469615.3846153846,469615.3846153846,0.0,0.0,180000.0,90000.0,160000.0,80000.0,120000.0,60000.0,460000.0,230000.0,40000.0,0.0,0.0,969615.3846153846,739615.3846153846,969615.3846153846,1.0,17.5,17.5,0.0175,False
561200542,nakaseke,0.0,360000.0,166153.84615384619,166153.84615384619,90000.0,90000.0,0.0,14250.0,0.0,480000.0,0.0,20000.0,256153.84615384619,1130403.8461538462,0.0,0.0,0.0,0.0,160000.0,80000.0,180000.0,90000.0,340000.0,170000.0,0.0,0.0,0.0,596153.8461538462,426153.8461538462,1470403.8461538462,1.0,15.0,15.0,0.015,False
561202398,nakaseke,0.0,360000.0,0.0,480000.0,0.0,200000.0,0.0,10450.0,0.0,480000.0,0.0,20000.0,0.0,1550450.0,0.0,0.0,140000.0,70000.0,160000.0,80000.0,160000.0,80000.0,460000.0,230000.0,0.0,0.0,0.0,460000.0,230000.0,2010450.0,1.0,11.0,11.0,0.011,False
560425197,nakaseke,70000.0,70000.0,180000.0,180000.0,90000.0,90000.0,50000.0,50000.0,0.0,480000.0,90000.0,90000.0,480000.0,960000.0,0.0,0.0,178000.0,89000.0,0.0,0.0,150000.0,75000.0,328000.0,164000.0,120000.0,0.0,60000.0,988000.0,824000.0,1468000.0,1.0,18.0,18.0,0.018,False
628088416,mukono,0.0,144000.0,0.0,192000.00000000003,0.0,80000.0,0.0,42750.0,0.0,192000.00000000003,0.0,8000.0,0.0,658750.0,0.0,0.0,0.0,0.0,0.0,0.0,0.0,0.0,0.0,0.0,0.0,0.0,0.0,0.0,0.0,658750.0,0.4,45.0,112.5,0.1125,False
628089405,mukono,0.0,180000.0,100000.0,100000.0,0.0,100000.0,0.0,90250.0,0.0,240000.0,0.0,10000.0,100000.0,720250.0,0.0,0.0,0.0,0.0,0.0,0.0,0.0,0.0,0.0,0.0,0.0,0.0,0.0,100000.0,100000.0,720250.0,0.5,95.0,190.0,0.19,False
628774965,mukono,69230.76923076923,69230.76923076923,0.0,480000.0,30000.0,30000.0,0.0,166250.0,0.0,480000.0,0.0,20000.0,99230.76923076923,1245480.7692307692,60000.0,30000.0,0.0,0.0,0.0,0.0,0.0,0.0,60000.0,30000.0,0.0,0.0,0.0,159230.76923076925,129230.76923076923,1305480.7692307692,1.0,175.0,175.0,0.175,False
632530379,mukono,0.0,360000.0,0.0,480000.0,0.0,200000.0,0.0,190000.0,0.0,480000.0,0.0,20000.0,0.0,1730000.0,0.0,0.0,0.0,0.0,0.0,0.0,0.0,0.0,0.0,0.0,0.0,0.0,0.0,0.0,0.0,1730000.0,1.0,200.0,200.0,0.2,False
636135085,mukono,124615.38461538461,124615.38461538461,0.0,1440000.0,250000.0,250000.0,0.0,1520000.0,0.0,1440000.0,0.0,60000.0,374615.3846153846,4834615.384615384,0.0,0.0,0.0,0.0,500000.0,250000.0,0.0,0.0,500000.0,250000.0,0.0,0.0,0.0,874615.3846153846,624615.3846153846,5334615.384615384,3.0,1600.0,533.3333333333334,0.5333333333333333,False
556039009,nakaseke,0.0,324000.0,0.0,432000.0,0.0,180000.0,35000.0,35000.0,0.0,432000.0,15000.0,15000.0,50000.0,1418000.0,0.0,0.0,0.0,0.0,0.0,0.0,0.0,0.0,0.0,0.0,0.0,0.0,0.0,50000.0,50000.0,1418000.0,0.9,10.0,11.11111111111111,0.011111111111111112,False
553316712,nakaseke,20000.0,20000.0,0.0,48000.00000000001,0.0,20000.0,30000.0,30000.0,5538.461538461539,5538.461538461539,0.0,2000.0,55538.46153846154,125538.46153846153,0.0,0.0,0.0,0.0,0.0,0.0,0.0,0.0,0.0,0.0,0.0,0.0,0.0,55538.46153846154,55538.46153846154,125538.46153846153,0.1,5.0,50.0,0.05,False
621496649,mukono,96923.07692307692,96923.07692307692,0.0,480000.0,0.0,200000.0,0.0,166250.0,0.0,480000.0,0.0,20000.0,96923.07692307692,1443173.076923077,0.0,0.0,0.0,0.0,0.0,0.0,0.0,0.0,0.0,0.0,0.0,0.0,0.0,96923.07692307692,96923.07692307692,1443173.076923077,1.0,175.0,175.0,0.175,False
629845932,mukono,290769.23076923075,290769.23076923075,200000.0,200000.0,600000.0,600000.0,0.0,356250.0,0.0,1440000.0,0.0,60000.0,1090769.2307692308,2947019.230769231,600000.0,300000.0,0.0,0.0,0.0,0.0,0.0,0.0,600000.0,300000.0,0.0,0.0,0.0,1690769.2307692308,1390769.2307692308,3547019.230769231,3.0,375.0,125.0,0.125,False
632528316,mukono,96923.07692307692,96923.07692307692,0.0,480000.0,0.0,200000.0,0.0,570000.0,0.0,480000.0,0.0,20000.0,96923.07692307692,1846923.076923077,0.0,0.0,0.0,0.0,0.0,0.0,0.0,0.0,0.0,0.0,0.0,0.0,0.0,96923.07692307692,96923.07692307692,1846923.076923077,1.0,600.0,600.0,0.6,False
633861263,mukono,0.0,360000.0,0.0,480000.0,0.0,200000.0,0.0,475000.0,0.0,480000.0,0.0,20000.0,0.0,2015000.0,0.0,0.0,0.0,0.0,0.0,0.0,0.0,0.0,0.0,0.0,0.0,0.0,0.0,0.0,0.0,2015000.0,1.0,500.0,500.0,0.5,False
635102642,mukono,0.0,360000.0,20000.0,20000.0,0.0,200000.0,0.0,475000.0,0.0,480000.0,0.0,20000.0,20000.0,1555000.0,0.0,0.0,0.0,0.0,0.0,0.0,0.0,0.0,0.0,0.0,60000.0,0.0,0.0,80000.0,80000.0,1615000.0,1.0,500.0,500.0,0.5,False
560423470,nakaseke,0.0,360000.0,147692.3076923077,147692.3076923077,79000.0,79000.0,100000.0,100000.0,150000.0,150000.0,30000.0,30000.0,506692.3076923077,866692.3076923077,0.0,0.0,180000.0,90000.0,140000.0,70000.0,0.0,0.0,320000.0,160000.0,120000.0,0.0,200000.0,1146692.3076923077,986692.3076923077,1506692.3076923077,1.0,26.0,26.0,0.026,False
551439101,nakaseke,55384.61538461539,55384.61538461539,332307.69230769237,332307.69230769237,153846.15384615384,153846.15384615384,1096.1538461538462,1096.1538461538462,0.0,960000.0,30000.0,30000.0,572634.6153846155,1532634.6153846155,0.0,0.0,0.0,0.0,0.0,0.0,0.0,0.0,0.0,0.0,0.0,0.0,75000.0,647634.6153846155,647634.6153846155,1607634.6153846155,2.0,15.0,7.5,0.0075,False
553316111,nakaseke,0.0,72000.0,0.0,96000.00000000001,0.0,40000.0,20000.0,20000.0,0.0,96000.00000000001,0.0,4000.0,20000.0,328000.0,0.0,0.0,0.0,0.0,0.0,0.0,0.0,0.0,0.0,0.0,0.0,0.0,0.0,20000.0,20000.0,328000.0,0.2,10.0,50.0,0.05,False
554407800,nakaseke,0.0,72000.0,0.0,96000.00000000001,0.0,40000.0,50000.0,50000.0,0.0,96000.00000000001,0.0,4000.0,50000.0,358000.0,0.0,0.0,0.0,0.0,0.0,0.0,0.0,0.0,0.0,0.0,40000.0,0.0,0.0,90000.0,90000.0,398000.0,0.2,25.0,125.0,0.125,False
558374654,nakaseke,0.0,360000.0,70000.0,70000.0,90000.0,90000.0,30000.0,30000.0,0.0,480000.0,90000.0,90000.0,280000.0,1120000.0,0.0,0.0,190000.0,95000.0,196000.0,98000.0,150000.0,75000.0,536000.0,268000.0,120000.0,0.0,0.0,936000.0,668000.0,1776000.0,1.0,15.0,15.0,0.015,False
558375246,nakaseke,37384.61538461538,37384.61538461538,120000.0,120000.0,41538.46153846154,41538.46153846154,60000.0,60000.0,0.0,432000.0,25000.0,25000.0,283923.0769230769,715923.0769230769,0.0,0.0,180000.0,90000.0,0.0,0.0,0.0,0.0,180000.0,90000.0,0.0,0.0,0.0,463923.0769230769,373923.0769230769,895923.0769230769,0.9,15.0,16.666666666666668,0.016666666666666666,False
581569323,nakaseke,124615.38461538461,124615.38461538461,90000.0,90000.0,0.0,600000.0,90000.0,90000.0,0.0,1440000.0,50000.0,50000.0,354615.3846153846,2394615.3846153845,0.0,0.0,0.0,0.0,0.0,0.0,0.0,0.0,0.0,0.0,0.0,0.0,0.0,354615.3846153846,354615.3846153846,2394615.3846153845,3.0,21.0,7.0,0.007,False
581571879,nakaseke,41538.46153846154,41538.46153846154,0.0,480000.0,60000.0,60000.0,30000.0,30000.0,90000.0,90000.0,60000.0,60000.0,281538.4615384615,761538.4615384615,0.0,0.0,0.0,0.0,0.0,0.0,0.0,0.0,0.0,0.0,166000.0,0.0,0.0,447538.4615384615,447538.4615384615,927538.4615384615,1.0,14.0,14.0,0.014,False
564861263,nakaseke,0.0,720000.0,90000.0,90000.0,150000.0,150000.0,35000.0,35000.0,0.0,960000.0,60000.0,60000.0,335000.0,2015000.0,0.0,0.0,300000.0,150000.0,180000.0,90000.0,136000.0,68000.0,616000.0,308000.0,0.0,0.0,0.0,951000.0,643000.0,2631000.0,2.0,25.0,12.5,0.0125,False
559615143,nakaseke,0.0,324000.0,15000.0,15000.0,0.0,180000.0,0.0,9500.0,0.0,432000.0,20000.0,20000.0,35000.0,980500.0,0.0,0.0,0.0,0.0,0.0,0.0,0.0,0.0,0.0,0.0,0.0,0.0,0.0,35000.0,35000.0,980500.0,0.9,10.0,11.11111111111111,0.011111111111111112,False
564864365,nakaseke,30000.0,30000.0,30000.0,30000.0,90000.0,90000.0,45000.0,45000.0,35000.0,35000.0,25000.0,25000.0,255000.0,255000.0,0.0,0.0,200000.0,100000.0,60000.0,30000.0,120000.0,60000.0,380000.0,190000.0,0.0,0.0,0.0,635000.0,445000.0,635000.0,2.0,29.0,14.5,0.0145,False
553315619,nakaseke,74769.23076923077,74769.23076923077,180000.0,180000.0,200000.0,200000.0,50000.0,50000.0,0.0,432000.0,45000.0,45000.0,549769.2307692308,981769.2307692308,0.0,0.0,8000.0,4000.0,14000.0,7000.0,0.0,0.0,22000.0,11000.0,0.0,0.0,0.0,571769.2307692308,560769.2307692308,1003769.2307692308,0.9,10.0,11.11111111111111,0.011111111111111112,False
556039301,nakaseke,15000.0,15000.0,0.0,480000.0,0.0,200000.0,20000.0,20000.0,0.0,480000.0,20000.0,20000.0,55000.0,1215000.0,0.0,0.0,160000.0,80000.0,180000.0,90000.0,0.0,0.0,340000.0,170000.0,100000.0,0.0,0.0,495000.0,325000.0,1655000.0,1.0,12.5,12.5,0.0125,False
615757479,mukono,0.0,1800000.0,0.0,2400000.0,0.0,1000000.0,0.0,190000.0,0.0,2400000.0,40000.0,40000.0,40000.0,7830000.0,0.0,0.0,0.0,0.0,0.0,0.0,0.0,0.0,0.0,0.0,70000.0,0.0,0.0,110000.0,110000.0,7900000.0,5.0,200.0,40.0,0.04,False
615773011,mukono,270000.0,270000.0,0.0,720000.0,0.0,300000.0,142500.0,142500.0,0.0,720000.0,30000.0,30000.0,442500.0,2182500.0,0.0,0.0,0.0,0.0,0.0,0.0,0.0,0.0,0.0,0.0,20000.0,0.0,0.0,462500.0,462500.0,2202500.0,1.5,300.0,200.0,0.2,False
619554974,mukono,0.0,180000.0,0.0,240000.0,0.0,100000.0,0.0,142500.0,0.0,240000.0,0.0,10000.0,0.0,912500.0,0.0,0.0,0.0,0.0,0.0,0.0,0.0,0.0,0.0,0.0,0.0,0.0,0.0,0.0,0.0,912500.0,0.5,150.0,300.0,0.3,False
620416772,mukono,0.0,180000.0,0.0,240000.0,0.0,100000.0,0.0,95000.0,0.0,240000.0,0.0,10000.0,0.0,865000.0,0.0,0.0,0.0,0.0,0.0,0.0,0.0,0.0,0.0,0.0,0.0,0.0,0.0,0.0,0.0,865000.0,0.5,100.0,200.0,0.2,False
620419799,mukono,138461.53846153847,138461.53846153847,0.0,480000.0,200000.0,200000.0,0.0,902500.0,0.0,480000.0,0.0,20000.0,338461.5384615385,2220961.5384615385,200000.0,200000.0,0.0,0.0,0.0,0.0,0.0,0.0,200000.0,200000.0,0.0,0.0,0.0,538461.5384615385,538461.5384615385,2420961.5384615385,1.0,950.0,950.0,0.95,False
621494958,mukono,0.0,360000.0,0.0,480000.0,0.0,200000.0,0.0,190000.0,0.0,480000.0,0.0,20000.0,0.0,1730000.0,0.0,0.0,0.0,0.0,0.0,0.0,0.0,0.0,0.0,0.0,0.0,0.0,0.0,0.0,0.0,1730000.0,1.0,200.0,200.0,0.2,False
621496210,mukono,276923.07692307694,276923.07692307694,100000.0,100000.0,500000.0,500000.0,0.0,427500.0,50000.0,50000.0,0.0,40000.0,926923.076923077,1394423.076923077,0.0,0.0,0.0,0.0,400000.0,200000.0,100000.0,50000.0,500000.0,250000.0,0.0,0.0,0.0,1426923.076923077,1176923.076923077,1894423.076923077,2.0,450.0,225.0,0.225,False
621498584,mukono,0.0,0.0,0.0,0.0,0.0,0.0,0.0,0.0,0.0,0.0,0.0,0.0,0.0,0.0,0.0,0.0,0.0,0.0,0.0,0.0,0.0,0.0,0.0,0.0,0.0,0.0,0.0,0.0,0.0,0.0,0.0,1250.0,,0.18,False
621639094,mukono,1080000.0,1080000.0,1440000.0,1440000.0,600000.0,600000.0,46549.99999999999,46549.99999999999,1440000.0,1440000.0,60000.0,60000.0,4666550.0,4666550.0,0.0,0.0,0.0,0.0,400000.0,200000.0,0.0,0.0,400000.0,200000.0,0.0,0.0,0.0,5066550.0,4866550.0,5066550.0,3.0,49.0,16.333333333333332,0.01633333333333333,False
623187149,mukono,69230.76923076923,69230.76923076923,0.0,480000.0,65000.0,65000.0,0.0,133000.0,0.0,480000.0,0.0,20000.0,134230.76923076925,1247230.7692307692,260000.0,65000.0,0.0,0.0,0.0,0.0,0.0,0.0,260000.0,65000.0,0.0,0.0,0.0,394230.76923076925,199230.76923076925,1507230.7692307692,1.0,140.0,140.0,0.14,False
623270536,mukono,1329230.7692307692,1329230.7692307692,0.0,1920000.0,1500000.0,1500000.0,0.0,1045000.0000000001,0.0,1920000.0,0.0,80000.0,2829230.769230769,7794230.769230769,0.0,0.0,0.0,0.0,1500000.0,750000.0,0.0,0.0,1500000.0,750000.0,0.0,0.0,0.0,4329230.769230769,3579230.769230769,9294230.769230768,4.0,1100.0,275.0,0.275,False
624711692,mukono,0.0,360000.0,0.0,480000.0,0.0,200000.0,0.0,266000.0,0.0,480000.0,0.0,20000.0,0.0,1806000.0,0.0,0.0,0.0,0.0,0.0,0.0,0.0,0.0,0.0,0.0,0.0,0.0,0.0,0.0,0.0,1806000.0,1.0,280.0,280.0,0.28,False
624712163,mukono,0.0,360000.0,0.0,480000.0,0.0,200000.0,0.0,570000.0,0.0,480000.0,0.0,20000.0,0.0,2110000.0,0.0,0.0,0.0,0.0,0.0,0.0,0.0,0.0,0.0,0.0,0.0,0.0,0.0,0.0,0.0,2110000.0,1.0,600.0,600.0,0.6,False
625315993,mukono,0.0,180000.0,10000.0,10000.0,0.0,100000.0,0.0,251750.0,0.0,240000.0,0.0,10000.0,10000.0,791750.0,0.0,0.0,0.0,0.0,0.0,0.0,0.0,0.0,0.0,0.0,0.0,0.0,0.0,10000.0,10000.0,791750.0,0.5,265.0,530.0,0.53,False
628080096,mukono,69230.76923076923,69230.76923076923,0.0,480000.0,0.0,200000.0,0.0,232750.0,0.0,480000.0,0.0,20000.0,69230.76923076923,1481980.7692307692,0.0,0.0,40000.0,20000.0,0.0,0.0,0.0,0.0,40000.0,20000.0,0.0,0.0,0.0,109230.76923076923,89230.76923076923,1521980.7692307692,1.0,245.0,245.0,0.245,False
628775775,mukono,830769.2307692308,830769.2307692308,50000.0,50000.0,0.0,200000.0,0.0,475000.0,0.0,480000.0,0.0,20000.0,880769.2307692308,2055769.2307692308,0.0,0.0,0.0,0.0,0.0,0.0,0.0,0.0,0.0,0.0,0.0,0.0,0.0,880769.2307692308,880769.2307692308,2055769.2307692308,1.0,500.0,500.0,0.5,False
630120684,mukono,69230.76923076923,69230.76923076923,60000.0,60000.0,280000.0,280000.0,0.0,380000.0,0.0,480000.0,0.0,20000.0,409230.76923076925,1289230.7692307692,0.0,0.0,90000.0,90000.0,140000.0,140000.0,50000.0,50000.0,280000.0,280000.0,0.0,0.0,0.0,689230.7692307692,689230.7692307692,1569230.7692307692,1.0,400.0,400.0,0.4,False
632531024,mukono,0.0,180000.0,0.0,240000.0,0.0,100000.0,0.0,475000.0,0.0,240000.0,0.0,10000.0,0.0,1245000.0,0.0,0.0,0.0,0.0,0.0,0.0,0.0,0.0,0.0,0.0,0.0,0.0,0.0,0.0,0.0,1245000.0,0.5,1450.0,2900.0,1.0,False
632870785,mukono,180000.0,180000.0,288000.0,288000.0,250000.0,250000.0,209000.0,209000.0,240000.0,240000.0,10000.0,10000.0,1177000.0,1177000.0,100000.0,100000.0,0.0,0.0,0.0,0.0,0.0,0.0,100000.0,100000.0,0.0,0.0,0.0,1277000.0,1277000.0,1277000.0,0.5,220.0,440.0,0.44,False
634322563,mukono,720000.0,720000.0,1920000.0,1920000.0,600000.0,600000.0,109250.0,109250.0,960000.0,960000.0,40000.0,40000.0,4349250.0,4349250.0,0.0,0.0,0.0,0.0,200000.0,100000.0,200000.0,100000.0,400000.0,200000.0,0.0,0.0,0.0,4749250.0,4549250.0,4749250.0,2.0,115.0,57.5,0.0575,False
634951268,mukono,0.0,360000.0,0.0,480000.0,0.0,200000.0,0.0,190000.0,0.0,480000.0,0.0,20000.0,0.0,1730000.0,0.0,0.0,0.0,0.0,0.0,0.0,0.0,0.0,0.0,0.0,0.0,0.0,0.0,0.0,0.0,1730000.0,1.0,200.0,200.0,0.2,False
619307991,mukono,2880000.0,2880000.0,7680000.0,7680000.0,3200000.0,3200000.0,1140000.0,1140000.0,3840000.0,3840000.0,320000.0,320000.0,19060000.0,19060000.0,100000.0,100000.0,60000.0,30000.0,60000.0,30000.0,60000.0,30000.0,280000.0,190000.0,3150000.0,0.0,10000.0,22500000.0,22410000.0,22500000.0,8.0,600.0,75.0,0.075,False
634929055,mukono,900000.0,900000.0,1800000.0,1800000.0,500000.0,500000.0,199500.00000000003,199500.00000000003,1200000.0,1200000.0,50000.0,50000.0,4649500.0,4649500.0,0.0,0.0,0.0,0.0,0.0,0.0,0.0,0.0,0.0,0.0,0.0,0.0,0.0,4649500.0,4649500.0,4649500.0,2.5,210.0,84.0,0.084,False
635625431,mukono,720000.0,720000.0,1440000.0,1440000.0,600000.0,600000.0,204250.0,204250.0,960000.0,960000.0,40000.0,40000.0,3964250.0,3964250.0,0.0,0.0,0.0,0.0,0.0,0.0,40000.0,20000.0,40000.0,20000.0,0.0,0.0,0.0,4004250.0,3984250.0,4004250.0,2.0,215.0,107.5,0.1075,False
625318562,mukono,0.0,360000.0,0.0,480000.0,0.0,200000.0,0.0,95000.0,0.0,480000.0,0.0,20000.0,0.0,1635000.0,0.0,0.0,0.0,0.0,0.0,0.0,0.0,0.0,0.0,0.0,0.0,0.0,0.0,0.0,0.0,1635000.0,1.0,100.0,100.0,0.1,False
628776109,mukono,415384.6153846154,415384.6153846154,0.0,480000.0,500000.0,500000.0,180000.0,180000.0,0.0,480000.0,0.0,20000.0,1095384.6153846155,2075384.6153846155,1000000.0,500000.0,0.0,0.0,0.0,0.0,0.0,0.0,1000000.0,500000.0,20000.0,0.0,0.0,2115384.6153846155,1615384.6153846155,3095384.6153846155,1.0,310.0,310.0,0.31,False
633860413,mukono,830769.2307692308,830769.2307692308,0.0,1440000.0,999999.9999999999,999999.9999999999,50000.0,50000.0,0.0,1440000.0,0.0,60000.0,1880769.2307692305,4820769.230769231,400000.0,100000.0,0.0,0.0,0.0,0.0,0.0,0.0,400000.0,100000.0,50000.0,0.0,0.0,2330769.2307692305,2030769.2307692305,5270769.230769231,3.0,4000.0,1333.3333333333333,1.0,False
557694292,nakaseke,30000.0,30000.0,90000.0,90000.0,70000.0,70000.0,25000.0,25000.0,0.0,432000.0,20000.0,20000.0,235000.0,667000.0,0.0,0.0,0.0,0.0,160000.0,80000.0,130000.0,65000.0,290000.0,145000.0,120000.0,0.0,0.0,645000.0,500000.0,1077000.0,0.9,7.5,8.333333333333334,0.008333333333333333,False
582450581,nakaseke,27692.307692307695,27692.307692307695,0.0,480000.0,69230.76923076923,69230.76923076923,0.0,14250.0,0.0,480000.0,0.0,20000.0,96923.07692307694,1091173.076923077,0.0,0.0,140000.0,70000.0,180000.0,90000.0,160000.0,80000.0,480000.0,240000.0,0.0,0.0,0.0,576923.076923077,336923.07692307694,1571173.076923077,1.0,15.0,15.0,0.015,False
613185259,nakaseke,0.0,720000.0,90000.0,90000.0,0.0,400000.0,0.0,28500.0,0.0,960000.0,0.0,40000.0,90000.0,2238500.0,0.0,0.0,0.0,0.0,190000.0,95000.0,0.0,0.0,190000.0,95000.0,170000.0,0.0,0.0,450000.0,355000.0,2598500.0,2.0,30.0,15.0,0.015,False
614810845,mukono,0.0,180000.0,0.0,240000.0,0.0,100000.0,0.0,152000.0,0.0,240000.0,0.0,10000.0,0.0,922000.0,0.0,0.0,0.0,0.0,0.0,0.0,0.0,0.0,0.0,0.0,30000.0,0.0,0.0,30000.0,30000.0,952000.0,0.5,160.0,320.0,0.32,False
617648764,mukono,1440000.0,1440000.0,1920000.0,1920000.0,800000.0,800000.0,2850.0000000000005,2850.0000000000005,1920000.0,1920000.0,80000.0,80000.0,6162850.0,6162850.0,0.0,0.0,0.0,0.0,0.0,0.0,0.0,0.0,0.0,0.0,0.0,0.0,0.0,6162850.0,6162850.0,6162850.0,2.0,1.5,0.75,0.00075,False
551438934,nakaseke,0.0,1080000.0,50000.0,50000.0,60000.0,60000.0,0.0,26125.0,0.0,1440000.0,20000.0,20000.0,130000.0,2676125.0,0.0,0.0,0.0,0.0,0.0,0.0,0.0,0.0,0.0,0.0,0.0,0.0,0.0,130000.0,130000.0,2676125.0,3.0,27.5,9.166666666666666,0.009166666666666667,False
589548879,nakaseke,130000.0,130000.0,0.0,960000.0,0.0,400000.0,20000.0,20000.0,0.0,960000.0,50000.0,50000.0,200000.0,2520000.0,0.0,0.0,0.0,0.0,180000.0,90000.0,0.0,0.0,180000.0,90000.0,0.0,0.0,0.0,380000.0,290000.0,2700000.0,2.0,20.0,10.0,0.01,False
554402613,nakaseke,0.0,180000.0,0.0,240000.0,0.0,100000.0,20000.0,20000.0,0.0,240000.0,20000.0,20000.0,40000.0,800000.0,0.0,0.0,0.0,0.0,0.0,0.0,0.0,0.0,0.0,0.0,0.0,0.0,0.0,40000.0,40000.0,800000.0,0.5,45.0,90.0,0.09,False
589547568,nakaseke,0.0,720000.0,90000.0,90000.0,120000.0,120000.0,190000.0,190000.0,0.0,960000.0,160000.0,160000.0,560000.0,2240000.0,520000.0,130000.0,0.0,0.0,480000.0,120000.0,300000.0,150000.0,1300000.0,400000.0,0.0,0.0,75000.0,1935000.0,1035000.0,3615000.0,2.0,,,0.0625,True
592180125,nakaseke,0.0,360000.0,90000.0,90000.0,120000.0,120000.0,0.0,28500.0,0.0,480000.0,0.0,20000.0,210000.0,1098500.0,0.0,0.0,240000.0,120000.0,60000.0,30000.0,0.0,0.0,300000.0,150000.0,0.0,0.0,0.0,510000.0,360000.0,1398500.0,1.0,30.0,30.0,0.03,False
613184766,nakaseke,0.0,720000.0,120000.0,120000.0,160000.0,160000.0,0.0,95000.0,0.0,960000.0,0.0,40000.0,280000.0,2095000.0,0.0,0.0,180000.0,90000.0,340000.0,170000.0,180000.0,90000.0,700000.0,350000.0,120000.0,0.0,0.0,1100000.0,750000.0,2915000.0,2.0,100.0,50.0,0.05,False
613185864,nakaseke,0.0,720000.0,0.0,960000.0,90000.0,90000.0,0.0,23750.0,0.0,960000.0,70000.0,70000.0,160000.0,2823750.0,0.0,0.0,0.0,0.0,220000.0,110000.0,0.0,0.0,220000.0,110000.0,190000.0,14180000.0,50000.0,14800000.0,14690000.0,17463750.0,2.0,25.0,12.5,0.0125,False
593216040,nakaseke,0.0,360000.0,150000.0,150000.0,90000.0,90000.0,0.0,59375.0,0.0,480000.0,0.0,20000.0,240000.0,1159375.0,50000.0,25000.0,0.0,0.0,0.0,0.0,0.0,0.0,50000.0,25000.0,120000.0,0.0,0.0,410000.0,385000.0,1329375.0,1.0,,,0.0625,True
552806578,nakaseke,0.0,720000.0,0.0,960000.0,0.0,400000.0,0.0,118750.0,0.0,960000.0,20000.0,20000.0,20000.0,3178750.0,0.0,0.0,0.0,0.0,0.0,0.0,0.0,0.0,0.0,0.0,0.0,0.0,0.0,20000.0,20000.0,3178750.0,2.0,,,0.0625,True
554403180,,60000.0,60000.0,0.0,0.0,50000.0,50000.0,60000.0,60000.0,0.0,0.0,30000.0,30000.0,200000.0,200000.0,100000.0,50000.0,0.0,0.0,20000.0,20000.0,160000.0,80000.0,280000.0,150000.0,0.0,0.0,0.0,480000.0,350000.0,480000.0,2.0,60.0,30.0,0.03,False
554997531,nakaseke,20000.0,20000.0,80000.0,80000.0,90000.0,90000.0,50000.0,50000.0,0.0,480000.0,30000.0,30000.0,270000.0,750000.0,0.0,0.0,0.0,0.0,0.0,0.0,0.0,0.0,0.0,0.0,50000.0,0.0,0.0,320000.0,320000.0,800000.0,1.0,30.0,30.0,0.03,False
581568916,nakaseke,27692.307692307695,27692.307692307695,60000.0,60000.0,69230.76923076923,69230.76923076923,65000.0,65000.0,30000.0,30000.0,60000.0,60000.0,311923.07692307694,311923.07692307694,0.0,0.0,60000.0,30000.0,104000.0,52000.0,120000.0,60000.0,284000.0,142000.0,100000.0,0.0,0.0,695923.076923077,553923.076923077,695923.076923077,1.0,15.0,15.0,0.015,False
582449149,nakaseke,62307.692307692305,62307.692307692305,0.0,1440000.0,0.0,600000.0,80000.0,80000.0,0.0,1440000.0,60000.0,60000.0,202307.6923076923,3682307.692307692,0.0,0.0,0.0,0.0,0.0,0.0,0.0,0.0,0.0,0.0,250000.0,0.0,25000.0,477307.6923076923,477307.6923076923,3957307.692307692,3.0,25.0,8.333333333333334,0.008333333333333333,False
583384059,nakaseke,0.0,1080000.0,120000.0,120000.0,60000.0,60000.0,90000.0,90000.0,0.0,1440000.0,25000.0,25000.0,295000.0,2815000.0,0.0,0.0,0.0,0.0,360000.0,90000.0,140000.0,70000.0,500000.0,160000.0,120000.0,0.0,0.0,915000.0,575000.0,3435000.0,3.0,15.0,5.0,0.005,False
584465855,nakaseke,34615.38461538462,34615.38461538462,90000.0,90000.0,70000.0,70000.0,0.0,23750.0,0.0,480000.0,0.0,20000.0,194615.38461538462,718365.3846153846,0.0,0.0,0.0,0.0,0.0,0.0,180000.0,90000.0,180000.0,90000.0,150000.0,0.0,0.0,524615.3846153846,434615.3846153846,1048365.3846153846,1.0,25.0,25.0,0.025,False
585291611,nakaseke,60000.0,60000.0,1753846.153846154,1753846.153846154,70000.0,70000.0,90000.0,90000.0,0.0,2400000.0,150000.0,150000.0,2123846.153846154,4523846.153846154,0.0,0.0,320000.0,80000.0,180000.0,90000.0,140000.0,70000.0,640000.0,240000.0,200000.0,0.0,175000.0,3138846.153846154,2738846.153846154,5538846.153846154,5.0,25.0,5.0,0.005,False
588618114,nakaseke,720000.0,720000.0,0.0,960000.0,0.0,400000.0,11637.5,11637.5,0.0,960000.0,98000.0,98000.0,829637.5,3149637.5,0.0,0.0,0.0,0.0,180000.0,90000.0,160000.0,80000.0,340000.0,170000.0,240000.0,0.0,0.0,1409637.5,1239637.5,3729637.5,2.0,17.5,8.75,0.00875,False
589549118,nakaseke,0.0,720000.0,0.0,960000.0,0.0,400000.0,0.0,17100.0,0.0,960000.0,160000.0,160000.0,160000.0,3217100.0,0.0,0.0,0.0,0.0,200000.0,100000.0,180000.0,90000.0,380000.0,190000.0,0.0,0.0,75000.0,615000.0,425000.0,3672100.0,2.0,18.0,9.0,0.009,False
592179551,nakaseke,0.0,720000.0,90000.0,90000.0,60000.0,60000.0,0.0,9500.0,0.0,960000.0,0.0,40000.0,150000.0,1879500.0,0.0,0.0,300000.0,150000.0,0.0,0.0,220000.0,110000.0,520000.0,260000.0,180000.0,300000.0,4000.0,1154000.0,894000.0,2883500.0,2.0,10.0,5.0,0.005,False
613185857,nakaseke,0.0,720000.0,0.0,960000.0,0.0,400000.0,150000.0,150000.0,0.0,960000.0,120000.0,120000.0,270000.0,3310000.0,0.0,0.0,0.0,0.0,0.0,0.0,0.0,0.0,0.0,0.0,0.0,0.0,0.0,270000.0,270000.0,3310000.0,2.0,14.5,7.25,0.00725,False
613185868,nakaseke,0.0,324000.0,150000.0,150000.0,170000.0,170000.0,0.0,33249.99999999999,0.0,432000.0,0.0,18000.0,320000.0,1127250.0,180000.0,90000.0,170000.0,85000.0,240000.0,120000.0,180000.0,90000.0,770000.0,385000.0,260000.0,0.0,0.0,1350000.0,965000.0,2157250.0,0.9,35.0,38.888888888888886,0.03888888888888888,False
618737230,mukono,360000.0,360000.0,0.0,480000.0,0.0,200000.0,123500.0,123500.0,480000.0,480000.0,20000.0,20000.0,983500.0,1663500.0,0.0,0.0,0.0,0.0,0.0,0.0,0.0,0.0,0.0,0.0,0.0,0.0,0.0,983500.0,983500.0,1663500.0,1.0,130.0,130.0,0.13,False
625321534,mukono,1246153.8461538462,1246153.8461538462,166153.84615384616,166153.84615384616,1000000.0,1000000.0,0.0,370500.00000000006,0.0,1440000.0,0.0,60000.0,2412307.6923076925,4282807.692307692,1000000.0,1000000.0,400000.0,200000.0,0.0,0.0,0.0,0.0,1400000.0,1200000.0,0.0,0.0,0.0,3812307.6923076925,3612307.6923076925,5682807.692307692,3.0,390.0,130.0,0.13,False
613185262,nakaseke,0.0,720000.0,0.0,960000.0,0.0,400000.0,0.0,28500.0,0.0,960000.0,0.0,40000.0,0.0,3108500.0,240000.0,120000.0,140000.0,70000.0,192000.0,96000.0,178000.0,89000.0,750000.0,375000.0,136000.0,0.0,0.0,886000.0,511000.0,3994500.0,2.0,30.0,15.0,0.015,False
586823072,nakaseke,0.0,720000.0,0.0,960000.0,0.0,400000.0,4750.0,4750.0,0.0,960000.0,40000.0,40000.0,44750.0,3084750.0,0.0,0.0,0.0,0.0,180000.0,90000.0,0.0,0.0,180000.0,90000.0,0.0,0.0,50000.0,274750.0,184750.0,3314750.0,2.0,25.0,12.5,0.0125,False
586821078,nakaseke,1728000.0,1728000.0,150000.0,150000.0,190000.0,190000.0,0.0,9500.0,216000.0,216000.0,0.0,60000.0,2284000.0,2353500.0,0.0,0.0,0.0,0.0,180000.0,90000.0,160000.0,80000.0,340000.0,170000.0,180000.0,0.0,80000.0,2884000.0,2714000.0,2953500.0,3.0,10.0,3.3333333333333335,0.0033333333333333335,False
586823179,nakaseke,20000.0,20000.0,90000.0,90000.0,0.0,400000.0,30400.000000000004,30400.000000000004,67200.0,67200.0,32000.0,32000.0,239600.0,639600.0,0.0,0.0,0.0,0.0,0.0,0.0,0.0,0.0,0.0,0.0,300000.0,0.0,25000.0,564600.0,564600.0,964600.0,2.0,20.0,10.0,0.01,False
588618032,nakaseke,0.0,720000.0,90000.0,90000.0,90000.0,90000.0,7600.000000000001,7600.000000000001,0.0,960000.0,0.0,40000.0,187600.0,1907600.0,0.0,0.0,0.0,0.0,160000.0,80000.0,140000.0,70000.0,300000.0,150000.0,420000.0,0.0,50000.0,957600.0,807600.0,2677600.0,2.0,40.0,20.0,0.02,False
592179319,nakaseke,0.0,1080000.0,0.0,1440000.0,0.0,600000.0,0.0,28500.0,0.0,1440000.0,90000.0,90000.0,90000.0,4678500.0,0.0,0.0,0.0,0.0,0.0,0.0,0.0,0.0,0.0,0.0,0.0,0.0,0.0,90000.0,90000.0,4678500.0,3.0,30.0,10.0,0.01,False
613185254,nakaseke,0.0,72000.0,120000.0,120000.0,90000.0,90000.0,0.0,28500.0,0.0,96000.00000000001,90000.0,90000.0,300000.0,496500.0,0.0,0.0,0.0,0.0,300000.0,150000.0,0.0,0.0,300000.0,150000.0,320000.0,0.0,0.0,920000.0,770000.0,1116500.0,0.2,30.0,150.0,0.15,False
613184756,nakaseke,70000.0,70000.0,180000.0,180000.0,150000.0,150000.0,100000.0,100000.0,0.0,1920000.0,90000.0,90000.0,590000.0,2510000.0,0.0,0.0,440000.0,110000.0,136000.0,68000.0,196000.0,98000.0,772000.0,276000.0,140000.0,0.0,100000.0,1602000.0,1106000.0,3522000.0,4.0,200000.0,50000.0,1.0,False
613184762,nakaseke,200000.0,200000.0,0.0,960000.0,0.0,400000.0,0.0,23750.0,0.0,960000.0,0.0,40000.0,200000.0,2583750.0,0.0,0.0,0.0,0.0,2200000.0,1100000.0,0.0,0.0,2200000.0,1100000.0,0.0,0.0,0.0,2400000.0,1300000.0,4783750.0,2.0,25.0,12.5,0.0125,False
593216705,nakaseke,0.0,683999.9999999999,11000.0,11000.0,160000.0,160000.0,70000.0,70000.0,0.0,911999.9999999999,120000.0,120000.0,361000.0,1956999.9999999998,0.0,0.0,0.0,0.0,0.0,0.0,0.0,0.0,0.0,0.0,0.0,0.0,0.0,361000.0,361000.0,1956999.9999999998,1.9,300000.0,157894.73684210528,1.0,False
582448458,nakaseke,498461.5384615385,498461.5384615385,590769.2307692308,590769.2307692308,160000.0,160000.0,150000.0,150000.0,0.0,1920000.0,90000.0,90000.0,1489230.7692307692,3409230.769230769,0.0,0.0,0.0,0.0,120000.0,60000.0,300000.0,150000.0,420000.0,210000.0,240000.0,0.0,0.0,2149230.769230769,1939230.7692307692,4069230.769230769,4.0,50.0,12.5,0.0125,False
583383308,nakaseke,83076.92307692308,83076.92307692308,0.0,1920000.0,0.0,800000.0,20000.0,20000.0,0.0,1920000.0,0.0,80000.0,103076.92307692308,4823076.923076923,0.0,0.0,0.0,0.0,120000.0,60000.0,100000.0,50000.0,220000.0,110000.0,112000.0,0.0,0.0,435076.92307692306,325076.92307692306,5155076.923076923,4.0,15.0,3.75,0.00375,False
584457728,nakaseke,0.0,360000.0,0.0,480000.0,0.0,200000.0,0.0,9500.0,0.0,480000.0,0.0,20000.0,0.0,1549500.0,0.0,0.0,0.0,0.0,0.0,0.0,180000.0,90000.0,180000.0,90000.0,120000.0,0.0,0.0,300000.0,210000.0,1849500.0,1.0,10.0,10.0,0.01,False
584460556,nakaseke,41538.46153846154,41538.46153846154,80000.0,80000.0,90000.0,90000.0,50000.0,50000.0,0.0,480000.0,30000.0,30000.0,291538.4615384615,771538.4615384615,0.0,0.0,0.0,0.0,100000.0,50000.0,100000.0,50000.0,200000.0,100000.0,0.0,0.0,0.0,491538.4615384615,391538.4615384615,971538.4615384615,1.0,15.0,15.0,0.015,False
586822745,nakaseke,0.0,720000.0,90000.0,90000.0,120000.0,120000.0,0.0,16625.0,0.0,960000.0,0.0,40000.0,210000.0,1946625.0,0.0,0.0,140000.0,70000.0,240000.0,60000.0,180000.0,90000.0,560000.0,220000.0,0.0,0.0,75000.0,845000.0,505000.0,2581625.0,2.0,17.5,8.75,0.00875,False
588618956,nakaseke,90000.0,90000.0,0.0,480000.0,90000.0,90000.0,0.0,11875.0,0.0,480000.0,0.0,20000.0,180000.0,1171875.0,0.0,0.0,0.0,0.0,0.0,0.0,0.0,0.0,0.0,0.0,200000.0,240000.0,0.0,620000.0,620000.0,1611875.0,1.0,12.5,12.5,0.0125,False
588619984,nakaseke,54000.0,54000.0,90000.0,90000.0,190000.0,190000.0,0.0,26600.0,0.0,480000.0,200000.0,200000.0,534000.0,1040600.0,0.0,0.0,0.0,0.0,160000.0,80000.0,0.0,0.0,160000.0,80000.0,0.0,0.0,40000.0,734000.0,654000.0,1240600.0,1.0,28.0,28.0,0.028,False
589548430,nakaseke,0.0,720000.0,0.0,960000.0,0.0,400000.0,0.0,9500.0,0.0,960000.0,0.0,40000.0,0.0,3089500.0,0.0,0.0,0.0,0.0,0.0,0.0,0.0,0.0,0.0,0.0,40000.0,0.0,50000.0,90000.0,90000.0,3179500.0,2.0,10.0,5.0,0.005,False
613184214,nakaseke,0.0,720000.0,0.0,960000.0,0.0,400000.0,120000.0,120000.0,0.0,960000.0,0.0,40000.0,120000.0,3200000.0,120000.0,60000.0,0.0,0.0,0.0,0.0,0.0,0.0,120000.0,60000.0,0.0,0.0,0.0,240000.0,180000.0,3320000.0,2.0,130.0,65.0,0.065,False
551438775,nakaseke,138461.53846153847,138461.53846153847,0.0,2400000.0,0.0,1000000.0,3288.461538461538,3288.461538461538,0.0,2400000.0,12000.0,12000.0,153750.0,5953750.0,0.0,0.0,0.0,0.0,0.0,0.0,0.0,0.0,0.0,0.0,60000.0,0.0,0.0,213750.0,213750.0,6013750.0,5.0,45.0,9.0,0.009,False
552805506,nakaseke,27692.307692307695,27692.307692307695,0.0,960000.0,0.0,400000.0,20000.0,20000.0,0.0,960000.0,20000.0,20000.0,67692.30769230769,2387692.307692308,0.0,0.0,0.0,0.0,0.0,0.0,0.0,0.0,0.0,0.0,0.0,0.0,0.0,67692.30769230769,67692.30769230769,2387692.307692308,2.0,15.0,7.5,0.0075,False
582449815,nakaseke,221538.46153846156,221538.46153846156,90000.0,90000.0,107692.30769230769,107692.30769230769,60000.0,60000.0,100000.0,100000.0,30000.0,30000.0,609230.7692307692,609230.7692307692,0.0,0.0,112000.0,56000.0,180000.0,90000.0,160000.0,80000.0,452000.0,226000.0,50000.0,0.0,30000.0,1141230.7692307692,915230.7692307692,1141230.7692307692,4.0,25.0,6.25,0.00625,False
583383783,nakaseke,0.0,720000.0,0.0,960000.0,90000.0,90000.0,0.0,24699.999999999996,0.0,960000.0,20000.0,20000.0,110000.0,2774700.0,0.0,0.0,0.0,0.0,180000.0,90000.0,120000.0,60000.0,300000.0,150000.0,50000.0,0.0,0.0,460000.0,310000.0,3124700.0,2.0,26.0,13.0,0.013,False
583384470,nakaseke,10000.0,10000.0,60000.0,60000.0,0.0,400000.0,35000.0,35000.0,0.0,960000.0,0.0,40000.0,105000.0,1505000.0,0.0,0.0,0.0,0.0,0.0,0.0,0.0,0.0,0.0,0.0,0.0,0.0,0.0,105000.0,105000.0,1505000.0,2.0,,,0.0625,True
585919910,nakaseke,623076.9230769231,623076.9230769231,120000.0,120000.0,269230.76923076925,269230.76923076925,120000.0,120000.0,300000.0,300000.0,150000.0,150000.0,1582307.6923076925,1582307.6923076925,0.0,0.0,720000.0,180000.0,180000.0,90000.0,160000.0,80000.0,1060000.0,350000.0,180000.0,0.0,0.0,2822307.6923076925,2112307.6923076925,2822307.6923076925,5.0,450000.0,90000.0,1.0,False
585937638,nakaseke,0.0,1440000.0,190000.0,190000.0,90000.0,90000.0,90000.0,90000.0,0.0,1920000.0,190000.0,190000.0,560000.0,3920000.0,0.0,0.0,0.0,0.0,156000.0,78000.0,0.0,0.0,156000.0,78000.0,500000.0,0.0,0.0,1216000.0,1138000.0,4576000.0,4.0,15.0,3.75,0.00375,False
592179023,nakaseke,0.0,1800000.0,0.0,2400000.0,0.0,1000000.0,0.0,95000.0,0.0,2400000.0,0.0,100000.0,0.0,7795000.0,0.0,0.0,180000.0,90000.0,240000.0,120000.0,260000.0,130000.0,680000.0,340000.0,200000.0,640000.0,100000.0,1620000.0,1280000.0,9415000.0,5.0,100.0,20.0,0.02,False
551439238,nakaseke,249230.76923076922,249230.76923076922,0.0,2880000.0,0.0,1200000.0,1826.9230769230771,1826.9230769230771,0.0,2880000.0,0.0,120000.0,251057.69230769228,7331057.692307692,0.0,0.0,0.0,0.0,0.0,0.0,0.0,0.0,0.0,0.0,0.0,0.0,0.0,251057.69230769228,251057.69230769228,7331057.692307692,6.0,25.0,4.166666666666667,0.004166666666666667,False
555070994,nakaseke,193846.15384615384,193846.15384615384,0.0,960000.0,90000.0,90000.0,30000.0,30000.0,0.0,960000.0,6153.846153846154,6153.846153846154,320000.0,2240000.0,0.0,0.0,0.0,0.0,0.0,0.0,0.0,0.0,0.0,0.0,90000.0,0.0,0.0,410000.0,410000.0,2330000.0,2.0,30.0,15.0,0.015,False
555112218,nakaseke,0.0,720000.0,0.0,960000.0,0.0,400000.0,0.0,118750.0,0.0,960000.0,90000.0,90000.0,90000.0,3248750.0,0.0,0.0,0.0,0.0,0.0,0.0,0.0,0.0,0.0,0.0,0.0,0.0,0.0,90000.0,90000.0,3248750.0,2.0,,,0.0625,True
555148547,nakaseke,0.0,72000.0,0.0,96000.00000000001,0.0,40000.0,0.0,17100.0,0.0,96000.00000000001,0.0,4000.0,0.0,325100.0,0.0,0.0,0.0,0.0,0.0,0.0,0.0,0.0,0.0,0.0,0.0,0.0,0.0,0.0,0.0,325100.0,0.2,18.0,90.0,0.09,False
584458624,nakaseke,0.0,1080000.0,90000.0,90000.0,80000.0,80000.0,0.0,28500.0,60000.0,60000.0,30000.0,30000.0,260000.0,1368500.0,0.0,0.0,120000.0,60000.0,120000.0,60000.0,180000.0,90000.0,420000.0,210000.0,120000.0,0.0,60000.0,860000.0,650000.0,1968500.0,3.0,30.0,10.0,0.01,False
585290674,nakaseke,100000.0,100000.0,90000.0,90000.0,80000.0,80000.0,90000.0,90000.0,0.0,960000.0,0.0,40000.0,360000.0,1360000.0,0.0,0.0,180000.0,90000.0,120000.0,60000.0,0.0,0.0,300000.0,150000.0,280000.0,0.0,0.0,940000.0,790000.0,1940000.0,2.0,25.0,12.5,0.0125,False
585290890,nakaseke,0.0,1080000.0,90000.0,90000.0,100000.0,100000.0,0.0,23750.0,0.0,1440000.0,0.0,60000.0,190000.0,2793750.0,0.0,0.0,180000.0,90000.0,180000.0,90000.0,200000.0,100000.0,560000.0,280000.0,120000.0,0.0,50000.0,920000.0,640000.0,3523750.0,3.0,25.0,8.333333333333334,0.008333333333333333,False
585309665,nakaseke,0.0,720000.0,60000.0,60000.0,0.0,400000.0,0.0,1900000.0,0.0,960000.0,0.0,40000.0,60000.0,4080000.0,0.0,0.0,0.0,0.0,0.0,0.0,0.0,0.0,0.0,0.0,0.0,260000.0,0.0,320000.0,320000.0,4340000.0,2.0,225000.0,112500.0,1.0,False
585924133,nakaseke,498461.5384615385,498461.5384615385,150000.0,150000.0,615384.6153846154,615384.6153846154,150000.0,150000.0,0.0,1920000.0,0.0,80000.0,1413846.153846154,3413846.153846154,0.0,0.0,0.0,0.0,480000.0,120000.0,0.0,0.0,480000.0,120000.0,180000.0,0.0,60000.0,2133846.153846154,1773846.153846154,4133846.153846154,4.0,30.0,7.5,0.0075,False
585929887,nakaseke,0.0,720000.0,0.0,960000.0,0.0,400000.0,0.0,1900000.0,0.0,960000.0,0.0,40000.0,0.0,4980000.0,0.0,0.0,0.0,0.0,0.0,0.0,0.0,0.0,0.0,0.0,0.0,240000.0,50000.0,290000.0,290000.0,5270000.0,2.0,200000.0,100000.0,1.0,False
613834815,nakaseke,553846.1538461539,553846.1538461539,960000.0,960000.0,0.0,400000.0,332500.0,332500.0,0.0,960000.0,40000.0,40000.0,1886346.153846154,3246346.153846154,140000.0,140000.0,0.0,0.0,500000.0,500000.0,0.0,0.0,640000.0,640000.0,0.0,0.0,0.0,2526346.153846154,2526346.153846154,3886346.153846154,2.0,350.0,175.0,0.175,False
613836978,nakaseke,0.0,180000.0,0.0,240000.0,0.0,100000.0,0.0,475000.0,0.0,240000.0,0.0,10000.0,0.0,1245000.0,0.0,0.0,0.0,0.0,0.0,0.0,0.0,0.0,0.0,0.0,0.0,0.0,0.0,0.0,0.0,1245000.0,0.5,350000.0,700000.0,1.0,False
617656696,mukono,0.0,0.0,0.0,0.0,0.0,0.0,0.0,0.0,0.0,0.0,0.0,0.0,0.0,0.0,0.0,0.0,0.0,0.0,0.0,0.0,0.0,0.0,0.0,0.0,0.0,0.0,0.0,0.0,0.0,0.0,0.0,,,0.18,False
633860938,mukono,0.0,360000.0,5000.0,5000.0,0.0,200000.0,0.0,475000.0,0.0,480000.0,0.0,20000.0,5000.0,1540000.0,0.0,0.0,0.0,0.0,0.0,0.0,0.0,0.0,0.0,0.0,0.0,0.0,0.0,5000.0,5000.0,1540000.0,1.0,500.0,500.0,0.5,False
