_id,District,imputation,inc_coffee,inc_livestock,inc_offfarm,inc_remittances,inc_othercrops,inc_trade,inc_professional,inc_other,income_total
616677841,mukono,1,70000.0,0.0,6000000.0,0.0,0.0,0.0,0.0,0.0,6070000.0
551440657,nakaseke,1,280000.0,0.0,0.0,0.0,0.0,0.0,0.0,0.0,280000.0
592191523,nakaseke,1,312000.0,0.0,0.0,0.0,500000.0,0.0,0.0,0.0,812000.0
552803559,nakaseke,1,3440000.0,3000000.0000000023,0.0,0.0,230000.0000000002,0.0,0.0,0.0,6670000.000000002
613177526,nakaseke,1,50000000.0,0.0,0.0,0.0,0.0,0.0,0.0,0.0,50000000.0
613831899,nakaseke,1,203000.0,0.0,0.0,0.0,0.0,0.0,0.0,0.0,203000.0
614880484,mukono,1,120000.0,0.0,0.0,0.0,0.0,0.0,0.0,0.0,120000.0
550714067,nakaseke,1,800000.0,0.0,0.0,0.0,499999.9999999997,0.0,0.0,0.0,1299999.9999999998
550714208,nakaseke,1,1000000.0,0.0,0.0,0.0,299999.9999999999,0.0,0.0,0.0,1300000.0
556045414,nakaseke,1,1000000.0,0.0,0.0,0.0,500000.0,0.0,0.0,0.0,1500000.0
556046788,nakaseke,1,800000.0,0.0,0.0,300000.0,0.0,0.0,0.0,0.0,1100000.0
557695958,nakaseke,1,1000000.0,500000.0,0.0,0.0,200000.0,0.0,0.0,0.0,1700000.0
560461977,nakaseke,1,3000000.0,500000.0,0.0,0.0,0.0,0.0,0.0,0.0,3500000.0
592361767,nakaseke,1,5000000.0,0.0,0.0,0.0,250000.0,0.0,0.0,0.0,5250000.0
592363240,nakaseke,1,3000000.0,200000.0,0.0,0.0,500000.0,0.0,0.0,0.0,3700000.0
616701192,mukono,1,520000.0,0.0,0.0,0.0,0.0,0.0,0.0,0.0,520000.0
624293019,mukono,1,900000.0,500000.0,200000.0,300000.0,300000.0,0.0,0.0,0.0,2200000.0
550715350,nakaseke,1,800000.0,0.0,0.0,0.0,0.0,0.0,0.0,0.0,800000.0
552803832,nakaseke,1,2300000.0,0.0,0.0,0.0,1049999.9999999998,0.0,0.0,0.0,3350000.0
553311655,nakaseke,1,950000.0,0.0,0.0,0.0,0.0,0.0,0.0,0.0,950000.0
554396495,nakaseke,1,900000.0,0.0,0.0,0.0,0.0,0.0,0.0,0.0,900000.0
555218845,nakaseke,1,4500000.0,0.0,0.0,400000.0,0.0,0.0,0.0,0.0,4900000.0
556047384,nakaseke,1,1500000.0,0.0,0.0,300000.0,0.0,500000.0,0.0,0.0,2300000.0
557713875,nakaseke,1,700000.0,0.0,0.0,0.0,0.0,0.0,0.0,0.0,700000.0
558376731,nakaseke,1,800000.0,0.0,0.0,0.0,0.0,0.0,0.0,0.0,800000.0
558377788,nakaseke,1,1250000.0,0.0,0.0,350000.0,40000.0,0.0,0.0,0.0,1640000.0
558378029,nakaseke,1,1000000.0,0.0,0.0,0.0,250000.0,0.0,0.0,0.0,1250000.0
559605691,nakaseke,1,4000000.0,300000.0,0.0,0.0,250000.0,0.0,0.0,0.0,4550000.0
560460598,nakaseke,1,4000000.0,0.0,0.0,0.0,0.0,0.0,0.0,0.0,4000000.0
560460842,nakaseke,1,2000000.0,0.0,0.0,0.0,400000.0,0.0,0.0,0.0,2400000.0
561199081,nakaseke,1,2500000.0,400000.0,0.0,0.0,200000.0,0.0,0.0,0.0,3100000.0
561203340,nakaseke,1,2500000.0,0.0,0.0,0.0,0.0,0.0,0.0,0.0,2500000.0
561250862,nakaseke,1,399600.0,0.0,0.0,300000.0,0.0,0.0,0.0,0.0,699600.0
582704845,nakaseke,1,7000000.0,400000.0,0.0,0.0,0.0,0.0,0.0,0.0,7400000.0
585217011,nakaseke,1,8000000.0,0.0,200000.0,0.0,0.0,0.0,0.0,0.0,8200000.0
588626659,nakaseke,1,156000.0,500000.0,300000.0,0.0,0.0,0.0,0.0,0.0,956000.0
588783193,nakaseke,1,7000000.0,0.0,0.0,0.0,0.0,0.0,0.0,0.0,7000000.0
613810847,nakaseke,1,360000.0,0.0,0.0,0.0,0.0,0.0,0.0,0.0,360000.0
614880582,mukono,1,400000.0,0.0,0.0,0.0,0.0,0.0,0.0,0.0,400000.0
616579050,mukono,1,500000.0,0.0,0.0,0.0,0.0,0.0,0.0,90000.0,590000.0
616701381,mukono,1,400000.0,0.0,0.0,0.0,0.0,0.0,0.0,180000.0,580000.0
623704503,mukono,1,300000.0,0.0,0.0,100000.0,0.0,0.0,0.0,100000.0,500000.0
550714829,nakaseke,1,600000.0,499999.99999999977,0.0,0.0,0.0,0.0,0.0,0.0,1099999.9999999998
551432268,nakaseke,1,650000.0,0.0,3600000.0000000014,0.0,0.0,0.0,0.0,0.0,4250000.000000002
551438359,nakaseke,1,3800000.0,9999999.999999996,0.0,299999.99999999977,0.0,0.0,0.0,0.0,14099999.999999996
551438847,nakaseke,1,750000.0,0.0,0.0,0.0,161999.99999999988,0.0,0.0,0.0,911999.9999999999
552834713,nakaseke,1,2500000.0,0.0,0.0,0.0,0.0,0.0,0.0,0.0,2500000.0
553313606,nakaseke,1,1100000.0,0.0,0.0,0.0,149999.99999999994,0.0,0.0,0.0,1250000.0
553314110,nakaseke,1,6500000.0,0.0,0.0,0.0,200000.00000000006,0.0,0.0,0.0,6700000.0
553314852,nakaseke,1,6380000.0,0.0,0.0,0.0,200000.00000000006,0.0,0.0,0.0,6580000.0
554382238,nakaseke,1,5500000.0,0.0,1999999.9999999993,0.0,39999.99999999997,0.0,0.0,0.0,7539999.999999999
554383042,nakaseke,1,5500000.0,0.0,0.0,0.0,200000.00000000006,0.0,0.0,0.0,5700000.0
554388188,nakaseke,1,7500000.0,0.0,200000.00000000006,0.0,499999.9999999997,0.0,0.0,0.0,8200000.0
555219221,nakaseke,1,4000000.0,0.0,0.0,0.0,1000000.0,0.0,6000000.0,0.0,11000000.0
555219441,nakaseke,1,8000000.0,0.0,0.0,0.0,1000000.0,0.0,0.0,0.0,9000000.0
555219813,nakaseke,1,800000.0,0.0,0.0,0.0,150000.0,0.0,0.0,0.0,950000.0
556046148,nakaseke,1,500000.0,0.0,0.0,200000.0,150000.0,0.0,0.0,0.0,850000.0
557695618,nakaseke,1,800000.0,0.0,0.0,0.0,300000.0,0.0,0.0,0.0,1100000.0
557695779,nakaseke,1,5000000.0,0.0,200000.0,0.0,0.0,0.0,0.0,0.0,5200000.0
557696080,nakaseke,1,2000000.0,800000.0,0.0,250000.0,0.0,0.0,0.0,0.0,3050000.0
559607285,nakaseke,1,1000000.0,0.0,150000.0,300000.0,0.0,0.0,0.0,0.0,1450000.0
559607680,nakaseke,1,3500000.0,0.0,0.0,350000.0,0.0,0.0,0.0,0.0,3850000.0
559615651,nakaseke,1,2000000.0,0.0,0.0,0.0,0.0,0.0,0.0,0.0,2000000.0
560459965,nakaseke,1,3000000.0,0.0,0.0,0.0,0.0,0.0,1500000.0,0.0,4500000.0
561202301,nakaseke,1,3500000.0,0.0,150000.0,0.0,0.0,0.0,0.0,0.0,3650000.0
567488224,nakaseke,1,3000000.0,0.0,0.0,0.0,300000.0,0.0,0.0,0.0,3300000.0
581728335,nakaseke,1,6000000.0,400000.0,0.0,0.0,0.0,0.0,0.0,0.0,6400000.0
581800534,nakaseke,1,5000000.0,0.0,0.0,0.0,400000.0,0.0,0.0,0.0,5400000.0
581801301,nakaseke,1,4000000.0,0.0,0.0,0.0,0.0,0.0,0.0,0.0,4000000.0
582682579,nakaseke,1,3000000.0,0.0,0.0,0.0,400000.0,0.0,0.0,0.0,3400000.0
582684638,nakaseke,1,2000000.0,0.0,0.0,0.0,0.0,0.0,0.0,0.0,2000000.0
583582238,nakaseke,1,15000000.0,500000.0,0.0,0.0,0.0,0.0,0.0,0.0,15500000.0
584447265,nakaseke,1,8000000.0,0.0,0.0,0.0,500000.0,0.0,0.0,0.0,8500000.0
585215638,nakaseke,1,15000000.0,0.0,0.0,0.0,0.0,0.0,0.0,0.0,15000000.0
585216305,nakaseke,1,3000000.0,0.0,0.0,0.0,0.0,0.0,0.0,0.0,3000000.0
587012670,nakaseke,1,15000000.0,0.0,0.0,0.0,0.0,0.0,0.0,0.0,15000000.0
587012983,nakaseke,1,8000000.0,0.0,0.0,0.0,200000.0,0.0,0.0,0.0,8200000.0
587013280,nakaseke,1,25000000.0,0.0,0.0,0.0,0.0,2000000.0,0.0,0.0,27000000.0
588781706,nakaseke,1,14000000.0,300000.0,0.0,0.0,0.0,0.0,0.0,0.0,14300000.0
589705500,nakaseke,1,5000000.0,0.0,0.0,0.0,400000.0,0.0,0.0,0.0,5400000.0
589705733,nakaseke,1,12000000.0,450000.0,0.0,0.0,0.0,0.0,0.0,0.0,12450000.0
592193539,nakaseke,1,7998000.0,0.0,0.0,0.0,0.0,0.0,0.0,0.0,7998000.0
593223241,nakaseke,1,3000000.0,3000000.0,0.0,0.0,5000000.0,0.0,0.0,0.0,11000000.0
593223559,nakaseke,1,5000000.0,450000.0,0.0,0.0,0.0,0.0,0.0,0.0,5450000.0
613174996,nakaseke,1,3500000.0,0.0,0.0,0.0,300000.0,0.0,0.0,0.0,3800000.0
613177861,nakaseke,1,2000000.0,0.0,0.0,0.0,500000.0,0.0,0.0,0.0,2500000.0
613177864,nakaseke,1,5000000.0,0.0,0.0,0.0,0.0,0.0,0.0,0.0,5000000.0
613178463,nakaseke,1,8000000.0,0.0,0.0,0.0,0.0,5000000.0,0.0,0.0,13000000.0
613178868,nakaseke,1,500000.0,0.0,0.0,0.0,300000.0,0.0,0.0,0.0,800000.0
613180603,nakaseke,1,2000000.0,0.0,0.0,0.0,0.0,0.0,0.0,0.0,2000000.0
613822490,nakaseke,1,180000.0,150000.0,250000.0,0.0,0.0,0.0,0.0,0.0,580000.0
613825443,nakaseke,1,754000.0,250000.0,0.0,100000.0,0.0,0.0,0.0,0.0,1104000.0
618055484,mukono,1,750000.0,0.0,0.0,0.0,0.0,0.0,0.0,500000.0,1250000.0
619558400,mukono,1,350000.0,0.0,0.0,200000.0,100000.0,0.0,0.0,0.0,650000.0
621499875,mukono,1,800000.0,0.0,3600000.0,0.0,0.0,0.0,0.0,0.0,4400000.0
623176650,mukono,1,500000.0,0.0,12000000.0,1000000.0,0.0,0.0,0.0,0.0,13500000.0
623183149,mukono,1,288000.0,0.0,0.0,0.0,0.0,1000000.0,0.0,5000000.0,6288000.0
623185581,mukono,1,500000.0,0.0,0.0,1000000.0,0.0,2400000.0,0.0,0.0,3900000.0
633165095,mukono,1,500000.0,0.0,0.0,3000000.0,20000000.0,0.0,0.0,0.0,23500000.0
633861862,mukono,1,2000000.0,0.0,1000000.0,20000000.0,0.0,0.0,0.0,0.0,23000000.0
634022320,mukono,1,300000.0,0.0,0.0,300000.0,0.0,0.0,0.0,0.0,600000.0
634322498,mukono,1,120000.0,0.0,0.0,0.0,0.0,0.0,0.0,0.0,120000.0
634928993,mukono,1,60000.0,0.0,0.0,0.0,0.0,0.0,0.0,0.0,60000.0
634952733,mukono,1,1400000.0,0.0,0.0,0.0,500000.0,10000000.0,0.0,0.0,11900000.0
634953204,mukono,1,1200000.0,720000.0,0.0,0.0,500000.0,0.0,0.0,0.0,2420000.0
635102101,mukono,1,500000.0,0.0,0.0,0.0,0.0,20000000.0,12000000.0,0.0,32500000.0
635102513,mukono,1,800000.0,0.0,0.0,10000000.0,1000000.0,0.0,0.0,0.0,11800000.0
644159914,mukono,1,15000000.0,0.0,0.0,0.0,2800000.0,0.0,0.0,0.0,17800000.0
644420047,mukono,1,800000.0,0.0,0.0,0.0,0.0,2000000.0,0.0,0.0,2800000.0
551439754,nakaseke,1,4000000.0,0.0,0.0,0.0,499999.99999999977,0.0,0.0,0.0,4500000.0
552968706,nakaseke,1,8000000.0,0.0,0.0,0.0,100000.00000000001,0.0,0.0,0.0,8100000.0
552969446,nakaseke,1,2500000.0,0.0,0.0,0.0,230000.0000000002,0.0,0.0,0.0,2730000.0
552970239,nakaseke,1,3500000.0,0.0,0.0,240000.00000000003,0.0,0.0,0.0,0.0,3740000.0
554387935,nakaseke,1,5500000.0,0.0,0.0,0.0,60000.00000000002,0.0,0.0,0.0,5560000.0
558377096,nakaseke,1,2500000.0,500000.0,0.0,0.0,0.0,1000000.0,0.0,0.0,4000000.0
559607458,nakaseke,1,4000000.0,500000.0,0.0,0.0,200000.0,0.0,0.0,0.0,4700000.0
567493335,nakaseke,1,2000000.0,0.0,0.0,400000.0,800000.0,0.0,0.0,0.0,3200000.0
581802079,nakaseke,1,7000000.0,0.0,150000.0,0.0,300000.0,0.0,0.0,0.0,7450000.0
582619340,nakaseke,1,2000000.0,0.0,0.0,0.0,0.0,0.0,0.0,0.0,2000000.0
583580839,nakaseke,1,25000000.0,0.0,0.0,0.0,0.0,10000000.0,0.0,0.0,35000000.0
584444811,nakaseke,1,4000000.0,0.0,0.0,300000.0,0.0,0.0,0.0,0.0,4300000.0
585215286,nakaseke,1,6500000.0,500000.0,0.0,500000.0,0.0,0.0,0.0,0.0,7500000.0
587013182,nakaseke,1,6000000.0,0.0,150000.0,0.0,450000.0,0.0,0.0,0.0,6600000.0
588782700,nakaseke,1,12000000.0,0.0,0.0,500000.0,0.0,0.0,0.0,0.0,12500000.0
589705993,nakaseke,1,10000000.0,0.0,0.0,0.0,0.0,0.0,0.0,0.0,10000000.0
613178458,nakaseke,1,30000000.0,500000.0,0.0,0.0,0.0,0.0,0.0,0.0,30500000.0
613178880,nakaseke,1,3000000.0,800000.0,300000.0,0.0,0.0,0.0,0.0,0.0,4100000.0
613179574,nakaseke,1,4000000.0,0.0,0.0,0.0,400000.0,0.0,0.0,0.0,4400000.0
615825416,mukono,1,50000.0,0.0,0.0,0.0,0.0,0.0,0.0,0.0,50000.0
619544793,mukono,1,1000000.0,0.0,0.0,0.0,0.0,1000000.0,0.0,0.0,2000000.0
623479229,mukono,1,120000.0,0.0,0.0,0.0,0.0,0.0,0.0,0.0,120000.0
633706398,mukono,1,600000.0,0.0,0.0,0.0,0.0,0.0,0.0,0.0,600000.0
633706854,mukono,1,150000.0,0.0,0.0,0.0,80000.0,0.0,0.0,0.0,230000.0
553314312,nakaseke,1,11000000.0,0.0,0.0,0.0,800000.0000000003,0.0,0.0,0.0,11800000.0
555219512,nakaseke,1,1200000.0,2000000.0,0.0,0.0,0.0,0.0,0.0,0.0,3200000.0
561200684,nakaseke,1,4000000.0,0.0,0.0,200000.0,0.0,0.0,0.0,0.0,4200000.0
583583184,nakaseke,1,20000000.0,0.0,0.0,0.0,500000.0,0.0,0.0,0.0,20500000.0
584444125,nakaseke,1,8000000.0,0.0,0.0,0.0,0.0,1000000.0,0.0,0.0,9000000.0
584446459,nakaseke,1,4000000.0,0.0,200000.0,0.0,0.0,0.0,0.0,0.0,4200000.0
586786507,nakaseke,1,551800.0,160000.0,0.0,0.0,0.0,0.0,0.0,0.0,711800.0
586805028,nakaseke,1,384400.0,180000.0,0.0,0.0,100800.0,0.0,0.0,0.0,665200.0
588783732,nakaseke,1,8000000.0,0.0,0.0,300000.0,0.0,0.0,0.0,0.0,8300000.0
589705256,nakaseke,1,10000000.0,0.0,0.0,0.0,0.0,8000000.0,0.0,0.0,18000000.0
592362627,nakaseke,1,4000000.0,500000.0,0.0,0.0,0.0,0.0,0.0,0.0,4500000.0
592363516,nakaseke,1,9900000.0,0.0,0.0,0.0,0.0,0.0,0.0,0.0,9900000.0
615755561,mukono,1,24000000.0,2000000.0,0.0,0.0,1000000.0,5000000.0,0.0,0.0,32000000.0
616699698,mukono,1,600000.0,0.0,0.0,0.0,0.0,0.0,0.0,0.0,600000.0
618056804,mukono,1,1400000.0,0.0,0.0,200000.0,50000.0,0.0,0.0,0.0,1650000.0
623479343,mukono,1,150000.0,0.0,0.0,0.0,70000.0,0.0,0.0,0.0,220000.0
631647706,mukono,1,230000.0,0.0,0.0,0.0,0.0,0.0,0.0,0.0,230000.0
632871446,mukono,1,800000.0,0.0,0.0,0.0,0.0,0.0,0.0,0.0,800000.0
644420087,mukono,1,600000.0,0.0,0.0,1500000.0,0.0,0.0,0.0,0.0,2100000.0
583581711,nakaseke,1,8000000.0,0.0,200000.0,0.0,0.0,0.0,0.0,0.0,8200000.0
592192218,nakaseke,1,2400000.0,0.0,0.0,0.0,250000.0,0.0,0.0,0.0,2650000.0
614880682,mukono,1,1400000.0,0.0,0.0,0.0,0.0,0.0,0.0,0.0,1400000.0
618739011,mukono,1,6400000.0,0.0,0.0,0.0,0.0,0.0,0.0,0.0,6400000.0
618739107,mukono,1,1800000.0,0.0,0.0,0.0,0.0,0.0,0.0,0.0,1800000.0
622484850,mukono,1,600000.0,0.0,0.0,0.0,0.0,0.0,0.0,0.0,600000.0
623479274,mukono,1,150000.0,0.0,0.0,0.0,0.0,0.0,0.0,0.0,150000.0
623981062,mukono,1,400000.0,0.0,0.0,0.0,180000.0,0.0,0.0,0.0,580000.0
634929144,mukono,1,40000.0,0.0,0.0,0.0,75000.0,0.0,0.0,0.0,115000.0
635625391,mukono,1,120000.0,0.0,0.0,0.0,0.0,0.0,0.0,0.0,120000.0
635625490,mukono,1,80000.0,0.0,0.0,0.0,0.0,0.0,0.0,0.0,80000.0
556031317,nakaseke,1,450000.0,0.0,0.0,0.0,0.0,0.0,0.0,0.0,450000.0
556037719,nakaseke,1,400000.0,0.0,0.0,0.0,0.0,0.0,0.0,0.0,400000.0
560449324,nakaseke,1,2666000.0,0.0,0.0,0.0,1425600.0,0.0,0.0,0.0,4091600.0
586026956,nakaseke,1,354000.0,0.0,300000.0,0.0,0.0,0.0,0.0,0.0,654000.0
616680304,mukono,1,400000.0,0.0,800000.0,0.0,0.0,3600000.0,0.0,0.0,4800000.0
616700114,mukono,1,360000.0,0.0,0.0,0.0,0.0,0.0,0.0,0.0,360000.0
623980936,mukono,1,180000.0,0.0,0.0,0.0,0.0,0.0,0.0,0.0,180000.0
632872132,mukono,1,590000.0,0.0,0.0,0.0,0.0,0.0,0.0,0.0,590000.0
550732883,nakaseke,1,2800000.0,0.0,0.0,0.0,0.0,0.0,0.0,0.0,2800000.0
582502735,nakaseke,1,450000.0,0.0,0.0,0.0,0.0,0.0,0.0,0.0,450000.0
586030936,nakaseke,1,195000.0,0.0,150000.0,0.0,0.0,0.0,0.0,0.0,345000.0
614807290,mukono,1,900000.0,0.0,0.0,0.0,0.0,0.0,0.0,600000.0,1500000.0
614850521,mukono,1,200000.0,0.0,150000.0,0.0,300000.0,0.0,0.0,0.0,650000.0
614880379,mukono,1,2600000.0,0.0,0.0,20000.0,499999.9999999997,0.0,0.0,0.0,3119999.9999999995
615759274,mukono,1,1000000.0,0.0,0.0,0.0,0.0,0.0,500000.0,0.0,1500000.0
615825361,mukono,1,2600000.0,0.0,0.0,0.0,0.0,0.0,0.0,0.0,2600000.0
616578776,mukono,1,1200000.0,300000.0,200000.0,0.0,0.0,1500000.0,0.0,0.0,3200000.0
616579437,mukono,1,1500000.0,0.0,0.0,500000.0,0.0,0.0,0.0,0.0,2000000.0
616580090,mukono,1,300000.0,100000.0,100000.0,100000.0,300000.0,0.0,0.0,0.0,900000.0
616699119,mukono,1,90000.0,0.0,0.0,0.0,0.0,0.0,0.0,0.0,90000.0
617648886,mukono,1,320000.0,0.0,0.0,0.0,0.0,0.0,0.0,0.0,320000.0
618056277,mukono,1,900000.0,0.0,0.0,100000.0,0.0,0.0,0.0,0.0,1000000.0
618502771,mukono,1,500000.0,0.0,200000.0,0.0,0.0,0.0,0.0,0.0,700000.0
618503624,mukono,1,1100000.0,0.0,0.0,1000000.0,0.0,0.0,0.0,0.0,2100000.0
619549456,mukono,1,1600000.0,0.0,0.0,0.0,0.0,1200000.0,0.0,1400000.0,4200000.0
619551006,mukono,1,480000.0,0.0,0.0,500000.0,0.0,0.0,0.0,0.0,980000.0
619552154,mukono,1,1200000.0,0.0,0.0,0.0,1000000.0,0.0,0.0,0.0,2200000.0
619559855,mukono,1,1800000.0,0.0,0.0,0.0,2000000.0,1350000.0,0.0,0.0,5150000.0
622292961,mukono,1,500000.0,0.0,0.0,400000.0,0.0,0.0,0.0,0.0,900000.0
623188000,mukono,1,600000.0,0.0,0.0,0.0,15000000.0,6000000.0,0.0,0.0,21600000.0
623704256,mukono,1,3500000.0,0.0,0.0,600000.0,500000.0,0.0,0.0,0.0,4600000.0
624717557,mukono,1,400000.0,0.0,2000000.0,0.0,0.0,0.0,0.0,0.0,2400000.0
628775538,mukono,1,1000000.0,0.0,0.0,1000000.0,0.0,0.0,0.0,0.0,2000000.0
632457381,mukono,1,1200000.0,0.0,0.0,600000.0,300000.0,0.0,0.0,0.0,2100000.0
632479613,mukono,1,800000.0,100000.0,0.0,200000.0,100000.0,0.0,0.0,0.0,1200000.0
632526756,mukono,1,17500000.0,0.0,0.0,2000000.0,0.0,0.0,0.0,0.0,19500000.0
632870245,mukono,1,120000.0,0.0,0.0,0.0,15000.0,0.0,0.0,0.0,135000.0
633860192,mukono,1,15000000.0,0.0,0.0,1000000.0,600000.0,0.0,0.0,0.0,16600000.0
633861646,mukono,1,3000000.0,0.0,0.0,0.0,2800000.0,0.0,0.0,0.0,5800000.0
634322667,mukono,1,160000.0,0.0,0.0,0.0,0.0,0.0,0.0,0.0,160000.0
634322758,mukono,1,800000.0,0.0,0.0,0.0,0.0,0.0,0.0,0.0,800000.0
635625535,mukono,1,900000.0,0.0,0.0,0.0,40000.0,0.0,0.0,0.0,940000.0
635860119,mukono,1,1200000.0,200000.0,0.0,300000.0,300000.0,0.0,0.0,0.0,2000000.0
636602799,mukono,1,1500000.0,200000.0,0.0,0.0,200000.0,0.0,0.0,0.0,1900000.0
558422222,nakaseke,1,1180000.0,240000.0,0.0,0.0,0.0,0.0,0.0,0.0,1420000.0
559666954,nakaseke,1,494000.0,0.0,0.0,0.0,0.0,0.0,0.0,0.0,494000.0
560448617,nakaseke,1,560000.0,0.0,0.0,0.0,0.0,0.0,0.0,0.0,560000.0
583505993,nakaseke,1,450000.0,0.0,180000.0,0.0,0.0,0.0,0.0,0.0,630000.0
584452976,nakaseke,1,286000.0,1500000.0,250000.0,0.0,0.0,0.0,0.0,0.0,2036000.0
586809899,nakaseke,1,298900.0,250000.0,150000.0,0.0,0.0,0.0,0.0,0.0,698900.0
618738329,mukono,1,1200000.0,0.0,0.0,0.0,0.0,0.0,0.0,0.0,1200000.0
623981362,mukono,1,800000.0,0.0,0.0,0.0,0.0,0.0,0.0,0.0,800000.0
633706233,mukono,1,180000.0,0.0,0.0,0.0,0.0,0.0,0.0,0.0,180000.0
555219650,nakaseke,1,700000.0,0.0,0.0,0.0,0.0,0.0,0.0,0.0,700000.0
581666974,nakaseke,1,663600.0,0.0,0.0,250000.0,162000.0,0.0,0.0,0.0,1075600.0
589566940,nakaseke,1,420000.0,0.0,0.0,0.0,0.0,0.0,0.0,0.0,420000.0
615760019,mukono,1,600000.0,300000.0,0.0,0.0,0.0,0.0,0.0,0.0,900000.0
615825276,mukono,1,1200000.0,0.0,0.0,0.0,0.0,0.0,0.0,0.0,1200000.0
616698945,mukono,1,6000000.0,0.0,0.0,0.0,1500000.0,0.0,0.0,0.0,7500000.0
616699320,mukono,1,1800000.0,0.0,0.0,0.0,0.0,0.0,0.0,0.0,1800000.0
619769782,mukono,1,1800000.0,0.0,0.0,0.0,0.0,0.0,0.0,0.0,1800000.0
621639263,mukono,1,100000.0,0.0,0.0,0.0,0.0,0.0,0.0,0.0,100000.0
622484708,mukono,1,1600000.0,0.0,0.0,0.0,0.0,0.0,0.0,0.0,1600000.0
623981163,mukono,1,1800000.0,0.0,0.0,0.0,2200000.0,0.0,0.0,0.0,4000000.0
550732746,nakaseke,1,1200000.0,0.0,0.0,0.0,399999.9999999999,0.0,0.0,0.0,1600000.0
615825485,mukono,1,2400000.0,0.0,0.0,0.0,0.0,0.0,0.0,0.0,2400000.0
551438282,nakaseke,1,1250000.0,0.0,0.0,0.0,0.0,0.0,0.0,0.0,1250000.0
585181910,nakaseke,1,468000.0,230000.0,0.0,250000.0,0.0,0.0,0.0,0.0,948000.0
553313598,nakaseke,1,14010000.0,0.0,0.0,0.0,999999.9999999995,0.0,0.0,0.0,15010000.0
555219886,nakaseke,1,1900000.0,420000.0,0.0,0.0,0.0,0.0,0.0,0.0,2320000.0
561236657,nakaseke,1,1296000.0,0.0,0.0,500000.0,221000.0,0.0,0.0,0.0,2017000.0
583502844,nakaseke,1,510000.0,0.0,0.0,0.0,0.0,0.0,0.0,0.0,510000.0
584472197,nakaseke,1,702000.0,0.0,300000.0,0.0,466200.0,0.0,0.0,0.0,1468200.0
588619360,nakaseke,1,492000.0,0.0,0.0,0.0,0.0,0.0,0.0,0.0,492000.0
613814407,nakaseke,1,2560000.0,0.0,0.0,0.0,0.0,0.0,0.0,0.0,2560000.0
614850687,mukono,1,200000.0,0.0,0.0,200000.0,0.0,0.0,0.0,0.0,400000.0
615773237,mukono,1,700000.0,0.0,300000.0,200000.0,120000.0,200000.0,0.0,0.0,1520000.0
616679140,mukono,1,3000000.0,1000000.0,0.0,0.0,6000000.0,10000000.0,0.0,0.0,20000000.0
618056509,mukono,1,3000000.0,0.0,0.0,100000.0,0.0,0.0,0.0,0.0,3100000.0
618502947,mukono,1,1000000.0,0.0,0.0,300000.0,200000.0,0.0,0.0,0.0,1500000.0
618503261,mukono,1,900000.0,0.0,0.0,0.0,0.0,0.0,0.0,1000000.0,1900000.0
618738549,mukono,1,900000.0,0.0,0.0,0.0,0.0,0.0,0.0,0.0,900000.0
619307564,mukono,1,1300000.0,0.0,0.0,200000.0,500000.0,0.0,0.0,0.0,2000000.0
619543012,mukono,1,400000.0,360000.0,0.0,0.0,0.0,5100000.0,0.0,0.0,5860000.0
620136574,mukono,1,900000.0,300000.0,200000.0,0.0,300000.0,0.0,0.0,0.0,1700000.0
620155076,mukono,1,500000.0,500000.0,0.0,0.0,300000.0,0.0,0.0,0.0,1300000.0
621076849,mukono,1,1500000.0,0.0,0.0,0.0,2000000.0,0.0,0.0,2000000.0,5500000.0
622287746,mukono,1,700000.0,0.0,0.0,100000.0,70000.0,0.0,0.0,0.0,870000.0
622484987,mukono,1,2400000.0,0.0,0.0,0.0,0.0,0.0,0.0,0.0,2400000.0
631647870,mukono,1,1800000.0,0.0,0.0,0.0,0.0,0.0,0.0,0.0,1800000.0
632483673,mukono,1,2000000.0,200000.0,0.0,300000.0,300000.0,0.0,0.0,0.0,2800000.0
632532023,mukono,1,4800000.0,0.0,0.0,0.0,1000000.0,0.0,0.0,0.0,5800000.0
633706958,mukono,1,320000.0,0.0,0.0,0.0,150000.0,0.0,0.0,0.0,470000.0
634023370,mukono,1,2000000.0,0.0,0.0,200000.0,0.0,0.0,0.0,100000.0,2300000.0
634718078,mukono,1,3000000.0,300000.0,0.0,0.0,300000.0,0.0,0.0,100000.0,3700000.0
634718387,mukono,1,1000000.0,100000.0,100000.0,100000.0,200000.0,0.0,0.0,0.0,1500000.0
635238203,mukono,1,700000.0,100000.0,300000.0,0.0,100000.0,0.0,0.0,0.0,1200000.0
635859907,mukono,1,1800000.0,200000.0,0.0,300000.0,30000.0,0.0,0.0,0.0,2330000.0
636603192,mukono,1,7000000.0,0.0,0.0,0.0,500000.0,2000000.0,0.0,0.0,9500000.0
551433371,nakaseke,1,930000.0,299999.9999999999,0.0,0.0,0.0,0.0,0.0,0.0,1230000.0
581719428,nakaseke,1,554400.0,0.0,0.0,0.0,0.0,0.0,0.0,0.0,554400.0
584453809,nakaseke,1,1008000.0,0.0,0.0,300000.0,0.0,0.0,0.0,0.0,1308000.0
588629366,nakaseke,1,552000.0,350000.0,0.0,0.0,0.0,0.0,0.0,0.0,902000.0
593198085,nakaseke,1,456000.0,0.0,0.0,0.0,0.0,0.0,0.0,0.0,456000.0
614850630,mukono,1,500000.0,0.0,100000.0,0.0,100000.0,0.0,0.0,0.0,700000.0
558415060,nakaseke,1,694400.0,0.0,0.0,250000.0,0.0,0.0,0.0,0.0,944400.0
561237697,nakaseke,1,499200.0,450000.0,0.0,0.0,500000.0,0.0,0.0,0.0,1449200.0
582502398,nakaseke,1,480000.0,0.0,0.0,0.0,225000.0,0.0,0.0,0.0,705000.0
586028388,nakaseke,1,617400.0,0.0,300000.0,0.0,200000.0,0.0,0.0,0.0,1117400.0
613819661,nakaseke,1,336000.0,0.0,0.0,0.0,0.0,0.0,0.0,0.0,336000.0
619770045,mukono,1,900000.0,0.0,0.0,0.0,0.0,0.0,0.0,0.0,900000.0
553313800,nakaseke,1,14000000.0,0.0,0.0,0.0,6000000.000000005,0.0,0.0,0.0,20000000.000000004
560449000,nakaseke,1,680400.0,0.0,0.0,0.0,150000.0,0.0,0.0,0.0,830400.0
560449862,nakaseke,1,610000.0,0.0,0.0,300000.0,0.0,0.0,0.0,0.0,910000.0
583505325,nakaseke,1,1500000.0,0.0,0.0,0.0,0.0,0.0,0.0,0.0,1500000.0
613821415,nakaseke,1,2232000.0,0.0,0.0,0.0,0.0,0.0,0.0,0.0,2232000.0
561257600,nakaseke,1,325000.0,0.0,0.0,0.0,0.0,0.0,0.0,0.0,325000.0
585193571,nakaseke,1,545200.0,0.0,200000.0,0.0,640800.0,0.0,0.0,0.0,1386000.0
621639988,mukono,1,600000.0,0.0,0.0,0.0,1200000.0,0.0,0.0,0.0,1800000.0
550731204,nakaseke,1,600000.0,0.0,0.0,0.0,0.0,0.0,0.0,0.0,600000.0
550739292,nakaseke,1,500000.0,0.0,0.0,0.0,0.0,0.0,0.0,0.0,500000.0
550740686,nakaseke,1,1000000.0,0.0,0.0,0.0,0.0,0.0,0.0,0.0,1000000.0
551433006,nakaseke,1,1210000.0,299999.9999999999,0.0,0.0,0.0,0.0,0.0,0.0,1510000.0
552803009,nakaseke,1,7950000.0,0.0,0.0,0.0,0.0,0.0,0.0,0.0,7950000.0
554395712,nakaseke,1,2360000.0,0.0,0.0,0.0,200000.00000000006,0.0,0.0,0.0,2560000.0
554399870,,1,8800000.0,0.0,0.0,0.0,499999.9999999997,0.0,0.0,0.0,9300000.0
555219447,nakaseke,1,1050000.0,0.0,0.0,0.0,0.0,0.0,0.0,0.0,1050000.0
559669939,nakaseke,1,2697500.0,0.0,0.0,0.0,520000.0,0.0,0.0,0.0,3217500.0
581666409,nakaseke,1,680400.0,0.0,100000.0,0.0,180000.0,0.0,0.0,0.0,960400.0
585208171,nakaseke,1,975000.0,0.0,300000.0,0.0,0.0,0.0,0.0,0.0,1275000.0
613829595,nakaseke,1,1003400.0,0.0,0.0,0.0,0.0,0.0,0.0,0.0,1003400.0
614807717,mukono,1,800000.0,0.0,0.0,500000.0,0.0,0.0,0.0,0.0,1300000.0
615773415,mukono,1,900000.0,200000.0,0.0,300000.0,300000.0,500000.0,0.0,0.0,2200000.0
616587562,mukono,1,1500000.0,20000.0,0.0,0.0,200000.0,0.0,0.0,0.0,1720000.0
617648818,mukono,1,1200000.0,0.0,0.0,0.0,0.0,0.0,0.0,0.0,1200000.0
617656724,mukono,1,3200000.0,0.0,0.0,0.0,0.0,0.0,0.0,0.0,3200000.0
618738718,mukono,1,2400000.0,0.0,0.0,0.0,0.0,0.0,0.0,0.0,2400000.0
618740822,mukono,1,2400000.0,0.0,0.0,0.0,0.0,0.0,0.0,0.0,2400000.0
619306835,mukono,1,1200000.0,300000.0,0.0,200000.0,0.0,300000.0,0.0,0.0,2000000.0
619559199,mukono,1,6000000.0,0.0,0.0,0.0,12000000.0,0.0,0.0,0.0,18000000.0
619769613,mukono,1,4500000.0,0.0,0.0,0.0,0.0,0.0,0.0,0.0,4500000.0
620129760,mukono,1,3500000.0,500000.0,0.0,0.0,500000.0,0.0,0.0,0.0,4500000.0
620157158,mukono,1,2500000.0,0.0,0.0,2000000.0,1000000.0,300000.0,0.0,0.0,5800000.0
620418682,mukono,1,12000000.0,1800000.0,0.0,0.0,1000000.0,0.0,0.0,0.0,14800000.0
620699865,mukono,1,2400000.0,0.0,0.0,0.0,0.0,0.0,0.0,0.0,2400000.0
620699988,mukono,1,36000000.0,0.0,0.0,0.0,0.0,0.0,0.0,0.0,36000000.0
621075678,mukono,1,1200000.0,0.0,0.0,0.0,0.0,0.0,0.0,100000.0,1300000.0
621078199,mukono,1,1200000.0,0.0,0.0,0.0,500000.0,0.0,0.0,1000000.0,2700000.0
621497521,mukono,1,750000.0,0.0,0.0,500000.0,200000.0,0.0,0.0,0.0,1450000.0
622288485,mukono,1,2000000.0,2500000.0,0.0,0.0,1000000.0,500000.0,0.0,0.0,6000000.0
622289226,mukono,1,900000.0,200000.0,100000.0,0.0,500000.0,0.0,0.0,300000.0,2000000.0
622950844,mukono,1,2600000.0,400000.0,0.0,0.0,1500000.0,0.0,0.0,0.0,4500000.0
622950959,mukono,1,700000.0,100000.0,0.0,200000.0,0.0,0.0,0.0,0.0,1000000.0
622951178,mukono,1,2100000.0,0.0,0.0,0.0,2000000.0,0.0,0.0,0.0,4100000.0
623479319,mukono,1,400000.0,0.0,0.0,0.0,2800000.0,0.0,0.0,0.0,3200000.0
623704150,mukono,1,1000000.0,500000.0,0.0,500000.0,300000.0,0.0,0.0,0.0,2300000.0
623704380,mukono,1,300000.0,0.0,200000.0,0.0,200000.0,0.0,0.0,0.0,700000.0
624715344,mukono,1,200000.0,0.0,0.0,0.0,200000.0,0.0,0.0,1000000.0,1400000.0
631647480,mukono,1,3200000.0,0.0,0.0,0.0,700000.0,0.0,0.0,0.0,3900000.0
632449589,mukono,1,3000000.0,0.0,0.0,500000.0,0.0,0.0,0.0,0.0,3500000.0
632465838,mukono,1,2500000.0,200000.0,0.0,300000.0,300000.0,0.0,0.0,0.0,3300000.0
633165465,mukono,1,2000000.0,400000.0,0.0,500000.0,500000.0,0.0,0.0,0.0,3400000.0
633165662,mukono,1,2000000.0,300000.0,0.0,0.0,300000.0,200000.0,0.0,0.0,2800000.0
634022615,mukono,1,4000000.0,1000000.0,0.0,1000000.0,300000.0,0.0,0.0,0.0,6300000.0
634718321,mukono,1,1000000.0,0.0,0.0,0.0,300000.0,500000.0,0.0,0.0,1800000.0
634929270,mukono,1,80000.0,0.0,0.0,0.0,0.0,0.0,0.0,0.0,80000.0
635102819,mukono,1,1000000.0,0.0,500000.0,0.0,500000.0,0.0,0.0,0.0,2000000.0
635238371,mukono,1,2000000.0,1000000.0,0.0,500000.0,500000.0,0.0,0.0,0.0,4000000.0
635238449,mukono,1,2500000.0,100000.0,0.0,300000.0,300000.0,0.0,0.0,0.0,3200000.0
635238630,mukono,1,1500000.0,500000.0,0.0,300000.0,300000.0,0.0,0.0,0.0,2600000.0
635625333,mukono,1,400000.0,0.0,0.0,0.0,0.0,0.0,0.0,0.0,400000.0
635859825,mukono,1,1500000.0,0.0,0.0,500000.0,0.0,0.0,0.0,0.0,2000000.0
635860002,mukono,1,3000000.0,200000.0,0.0,0.0,0.0,0.0,0.0,0.0,3200000.0
635860179,mukono,1,3000000.0,1000000.0,0.0,500000.0,500000.0,0.0,0.0,0.0,5000000.0
636134719,mukono,1,24000000.0,0.0,0.0,1000000.0,1950000.0,0.0,0.0,0.0,26950000.0
636135880,mukono,1,1400000.0,0.0,1500000.0,0.0,500000.0,0.0,0.0,0.0,3400000.0
636603058,mukono,1,900000.0,0.0,0.0,0.0,200000.0,0.0,0.0,0.0,1100000.0
636603136,mukono,1,700000.0,0.0,0.0,300000.0,500000.0,0.0,0.0,0.0,1500000.0
644152753,mukono,1,2000000.0,200000.0,0.0,300000.0,300000.0,0.0,0.0,300000.0,3100000.0
644152847,mukono,1,700000.0,100000.0,0.0,200000.0,200000.0,0.0,0.0,0.0,1200000.0
644159669,mukono,1,3200000.0,0.0,0.0,0.0,420000.0,0.0,0.0,0.0,3620000.0
554400498,nakaseke,1,7000000.0,0.0,0.0,0.0,50000.00000000001,0.0,0.0,0.0,7050000.0
559666632,nakaseke,1,990000.0,0.0,0.0,150000.0,0.0,0.0,0.0,0.0,1140000.0
619306547,mukono,1,2000000.0,500000.0,0.0,0.0,0.0,0.0,0.0,320000.0,2820000.0
622485261,mukono,1,800000.0,0.0,0.0,0.0,0.0,0.0,0.0,0.0,800000.0
631647195,mukono,1,600000.0,0.0,0.0,0.0,150000.0,0.0,0.0,0.0,750000.0
565368592,nakaseke,1,571200.0,0.0,0.0,0.0,127000.0,0.0,0.0,0.0,698200.0
584454693,nakaseke,1,250000.0,0.0,250000.0,0.0,0.0,0.0,0.0,0.0,500000.0
618738814,mukono,1,2600000.0,0.0,0.0,0.0,0.0,0.0,0.0,0.0,2600000.0
582503421,nakaseke,1,690000.0,0.0,0.0,0.0,0.0,0.0,0.0,0.0,690000.0
589565846,nakaseke,1,720000.0,0.0,0.0,0.0,850000.0,0.0,0.0,0.0,1570000.0
614850459,mukono,1,1100000.0,0.0,0.0,0.0,550000.0,0.0,0.0,0.0,1650000.0
556032422,nakaseke,1,2500000.0,1800000.0,0.0,300000.0,0.0,0.0,0.0,0.0,4600000.0
558422563,nakaseke,1,1750000.0,0.0,0.0,0.0,950000.0,0.0,0.0,0.0,2700000.0
585223034,nakaseke,1,342000.0,0.0,0.0,0.0,0.0,0.0,0.0,0.0,342000.0
623704362,mukono,1,700000.0,500000.0,0.0,0.0,500000.0,0.0,0.0,0.0,1700000.0
633165535,mukono,1,1800000.0,0.0,0.0,500000.0,500000.0,0.0,0.0,0.0,2800000.0
634929225,mukono,1,4000000.0,0.0,0.0,0.0,100000.0,0.0,0.0,0.0,4100000.0
636602878,mukono,1,3500000.0,200000.0,0.0,200000.0,300000.0,0.0,0.0,0.0,4200000.0
558418973,nakaseke,1,1664000.0,0.0,0.0,0.0,1800000.0,2500000.0,0.0,0.0,5964000.0
613827164,nakaseke,1,1560200.0,0.0,450000.0,0.0,950000.0,0.0,0.0,0.0,2960200.0
632876809,mukono,1,320000.0,0.0,0.0,0.0,0.0,0.0,0.0,0.0,320000.0
559670838,nakaseke,1,2073500.0,0.0,0.0,200000.0,0.0,0.0,0.0,0.0,2273500.0
588625655,nakaseke,1,2496000.0,0.0,300000.0,0.0,1050000.0,0.0,0.0,0.0,3846000.0
550732633,nakaseke,1,1050000.0,0.0,0.0,159999.99999999997,399999.9999999999,0.0,0.0,0.0,1610000.0
550740078,nakaseke,1,1100000.0,599999.9999999998,0.0,0.0,0.0,0.0,0.0,0.0,1699999.9999999998
552802393,nakaseke,1,8800000.0,499999.9999999997,0.0,0.0,400000.0000000001,0.0,0.0,0.0,9700000.0
553314788,nakaseke,1,7500000.0,0.0,0.0,0.0,299999.9999999999,0.0,0.0,0.0,7800000.0
556033462,nakaseke,1,4032000.0,0.0,0.0,0.0,1755000.0,0.0,0.0,0.0,5787000.0
557694485,nakaseke,1,90000.0,0.0,0.0,50000.0,0.0,0.0,0.0,0.0,140000.0
557694682,nakaseke,1,90000.0,0.0,0.0,25000.0,0.0,0.0,0.0,0.0,115000.0
557711753,nakaseke,1,1750000.0,0.0,0.0,0.0,0.0,0.0,0.0,0.0,1750000.0
557713215,nakaseke,1,1100000.0000000002,0.0,0.0,0.0,0.0,0.0,0.0,0.0,1100000.0000000002
558375556,nakaseke,1,300000.0,0.0,0.0,50000.0,60000.0,0.0,0.0,0.0,410000.0
565368815,nakaseke,1,1150000.0,0.0,0.0,300000.0,0.0,0.0,0.0,0.0,1450000.0
583503314,nakaseke,1,3060000.0,0.0,0.0,0.0,639000.0,0.0,0.0,0.0,3699000.0
592192864,nakaseke,1,2400000.0,0.0,0.0,0.0,0.0,0.0,0.0,0.0,2400000.0
614807974,mukono,1,700000.0,0.0,0.0,400000.0,0.0,0.0,0.0,0.0,1100000.0
614850566,mukono,1,3200000.0,0.0,0.0,0.0,3000000.0,0.0,0.0,0.0,6200000.0
615761193,mukono,1,7000000.0,1000000.0,0.0,0.0,1000000.0,0.0,500000.0,0.0,9500000.0
615773611,mukono,1,1000000.0,200000.0,100000.0,0.0,100000.0,0.0,0.0,0.0,1400000.0
616675567,mukono,1,300000.0,0.0,0.0,0.0,0.0,1000000.0,600000.0,0.0,1900000.0
617462488,mukono,1,650000.0,0.0,0.0,0.0,0.0,4000000.0,0.0,0.0,4650000.0
617463415,mukono,1,300000.0,0.0,0.0,0.0,300000.0,2400000.0,0.0,0.0,3000000.0
617648934,mukono,1,2400000.0,0.0,0.0,0.0,0.0,0.0,0.0,0.0,2400000.0
619547863,mukono,1,1000000.0,0.0,0.0,0.0,250000.0,1000000.0,0.0,0.0,2250000.0
619769827,mukono,1,560000.0,0.0,0.0,0.0,0.0,0.0,0.0,250000.0,810000.0
619769984,mukono,1,1800000.0,0.0,0.0,0.0,0.0,0.0,0.0,0.0,1800000.0
620417365,mukono,1,600000.0,0.0,0.0,0.0,0.0,5000000.0,1000000.0,0.0,6600000.0
620699936,mukono,1,3200000.0,0.0,0.0,0.0,0.0,0.0,0.0,0.0,3200000.0
620700057,mukono,1,1200000.0,0.0,0.0,0.0,1600000.0,0.0,0.0,0.0,2800000.0
621078668,mukono,1,1100000.0,200000.0,0.0,0.0,800000.0,0.0,4800000.0,500000.0,7400000.0
621640204,mukono,1,130000.0,0.0,0.0,0.0,0.0,0.0,0.0,0.0,130000.0
621642449,mukono,1,200000.0,0.0,0.0,0.0,0.0,0.0,0.0,0.0,200000.0
622289483,mukono,1,400000.0,200000.0,100000.0,0.0,200000.0,0.0,0.0,0.0,900000.0
622485078,mukono,1,8000000.0,0.0,0.0,0.0,4500000.0,0.0,0.0,0.0,12500000.0
623981243,mukono,1,100000.0,0.0,0.0,0.0,250000.0,0.0,0.0,0.0,350000.0
624290457,mukono,1,1800000.0,500000.0,0.0,1000000.0,500000.0,600000.0,0.0,0.0,4400000.0
624291333,mukono,1,700000.0,600000.0,0.0,600000.0,500000.0,0.0,0.0,0.0,2400000.0
624292438,mukono,1,700000.0,700000.0,200000.0,200000.0,200000.0,0.0,0.0,0.0,2000000.0
631647010,mukono,1,1200000.0,0.0,0.0,0.0,75000.0,0.0,0.0,0.0,1275000.0
633165312,mukono,1,1200000.0,0.0,0.0,200000.0,0.0,0.0,0.0,0.0,1400000.0
633706793,mukono,1,300000.0,0.0,0.0,0.0,500000.0,0.0,0.0,0.0,800000.0
634022985,mukono,1,900000.0,0.0,0.0,300000.0,0.0,0.0,0.0,100000.0,1300000.0
634718242,mukono,1,5000000.0,1000000.0,0.0,1000000.0,1000000.0,0.0,0.0,0.0,8000000.0
635238561,mukono,1,1200000.0,0.0,0.0,500000.0,300000.0,0.0,0.0,0.0,2000000.0
636135365,mukono,1,3000000.0,0.0,500000.0,300000.0,100000.0,0.0,0.0,0.0,3900000.0
636136285,mukono,1,2400000.0,0.0,0.0,1000000.0,0.0,0.0,0.0,3000000.0,6400000.0
616674531,mukono,1,5100000.0,0.0,0.0,0.0,0.0,0.0,2000000.0,0.0,7100000.0
557715625,nakaseke,1,1650000.0,0.0,0.0,0.0,0.0,0.0,0.0,0.0,1650000.0
582503133,nakaseke,1,1260000.0,0.0,0.0,500000.0,0.0,0.0,0.0,0.0,1760000.0
586804272,nakaseke,1,3217800.0,300000.0,1000000.0,0.0,560000.0,0.0,0.0,0.0,5077800.0
620699783,mukono,1,2800000.0,0.0,0.0,0.0,0.0,0.0,0.0,0.0,2800000.0
550738751,nakaseke,1,400000.0,0.0,0.0,0.0,0.0,0.0,0.0,0.0,400000.0
589566299,nakaseke,1,540000.0,0.0,0.0,0.0,0.0,0.0,0.0,0.0,540000.0
556042851,nakaseke,1,700000.0,0.0,0.0,300000.0,250000.0,0.0,0.0,0.0,1250000.0
581667076,nakaseke,1,831600.0,0.0,300000.0,150000.0,0.0,0.0,0.0,0.0,1281600.0
561201812,nakaseke,1,600000.0,0.0,250000.0,90000.0,90000.0,0.0,0.0,0.0,1030000.0
561202655,nakaseke,1,300000.0,60000.0,55000.0,150000.0,70000.0,0.0,0.0,0.0,635000.0
622951271,mukono,1,1800000.0,1000000.0,0.0,0.0,1200000.0,0.0,0.0,0.0,4000000.0
623479194,mukono,1,2400000.0,0.0,0.0,0.0,1200000.0,0.0,0.0,0.0,3600000.0
633859954,mukono,1,1200000.0,0.0,1000000.0,0.0,500000.0,0.0,0.0,0.0,2700000.0
634322609,mukono,1,1800000.0,0.0,0.0,0.0,0.0,0.0,0.0,0.0,1800000.0
634718422,mukono,1,1000000.0,0.0,0.0,0.0,0.0,0.0,0.0,0.0,1000000.0
618738459,mukono,1,5400000.0,0.0,0.0,0.0,0.0,0.0,0.0,0.0,5400000.0
552806909,nakaseke,1,1120000.0,0.0,0.0,0.0,400000.0000000001,0.0,0.0,0.0,1520000.0
557694859,nakaseke,1,90000.0,0.0,0.0,0.0,0.0,0.0,0.0,0.0,90000.0
589566059,nakaseke,1,6300000.0,1000000.0,0.0,300000.0,0.0,0.0,0.0,0.0,7600000.0
593200247,nakaseke,1,31200005.0,1000000.0,0.0,0.0,1080000.0,0.0,0.0,0.0,33280005.0
613820537,nakaseke,1,5040000.0,500000.0,0.0,0.0,0.0,0.0,0.0,0.0,5540000.0
614808240,mukono,1,1000000.0,0.0,0.0,600000.0,0.0,200000.0,0.0,0.0,1800000.0
615773753,mukono,1,1500000.0,1000000.0,0.0,200000.0,0.0,0.0,0.0,0.0,2700000.0
617460629,mukono,1,800000.0,0.0,0.0,0.0,0.0,20000000.0,0.0,500000.0,21300000.0
617461111,mukono,1,400000.0,0.0,0.0,300000.0,0.0,0.0,0.0,0.0,700000.0
617461597,mukono,1,120000.0,0.0,0.0,0.0,0.0,0.0,0.0,0.0,120000.0
618056660,mukono,1,1200000.0,0.0,0.0,200000.0,0.0,500000.0,0.0,0.0,1900000.0
618502638,mukono,1,2000000.0,0.0,0.0,0.0,300000.0,0.0,0.0,5000000.000000003,7300000.000000003
618738618,mukono,1,3400000.0,0.0,0.0,0.0,0.0,0.0,0.0,0.0,3400000.0
619308856,mukono,1,3000000.0,500000.0,0.0,0.0,500000.0,0.0,0.0,9000000.0,13000000.0
620131758,mukono,1,700000.0,500000.0,0.0,0.0,500000.0,0.0,0.0,0.0,1700000.0
621077765,mukono,1,2500000.0,0.0,0.0,0.0,0.0,0.0,0.0,1000000.0,3500000.0
622950517,mukono,1,8000000.0,300000.0,0.0,500000.0,4000000.0,0.0,0.0,0.0,12800000.0
623178431,mukono,1,1600000.0,0.0,1000000.0,240000.0,0.0,0.0,0.0,0.0,2840000.0
623271316,mukono,1,750000.0,0.0,0.0,0.0,10000000.0,2000000.0,0.0,0.0,12750000.0
623272577,mukono,1,1000000.0,0.0,0.0,0.0,20000000.0,0.0,0.0,0.0,21000000.0
624293459,mukono,1,1100000.0,1000000.0,0.0,0.0,0.0,0.0,0.0,0.0,2100000.0
624713073,mukono,1,400000.0,0.0,0.0,5000000.0,0.0,0.0,0.0,0.0,5400000.0
624713879,mukono,1,685000.0,0.0,0.0,0.0,0.0,2000000.0,0.0,0.0,2685000.0
625320144,mukono,1,800000.0,360000.0,0.0,0.0,6000000.0,0.0,0.0,0.0,7160000.0
628089142,mukono,1,840000.0,0.0,0.0,0.0,0.0,0.0,5000000.0,0.0,5840000.0
628089849,mukono,1,1400000.0,0.0,0.0,0.0,0.0,3000000.0,0.0,0.0,4400000.0
628775275,mukono,1,45000000.0,0.0,0.0,1000000.0,0.0,10000000.0,0.0,0.0,56000000.0
630120893,mukono,1,2400000.0,0.0,0.0,500000.0,0.0,1000000.0,0.0,0.0,3900000.0
632524617,mukono,1,6500000.0,0.0,0.0,0.0,240000.0,2000000.0,0.0,0.0,8740000.0
633860632,mukono,1,2400000.0,0.0,0.0,0.0,1200000.0,0.0,4800000.0,0.0,8400000.0
633861486,mukono,1,1410000.0,0.0,0.0,0.0,0.0,0.0,6000000.0,0.0,7410000.0
634021883,mukono,1,5000000.0,1000000.0,0.0,0.0,600000.0,0.0,0.0,0.0,6600000.0
634952329,mukono,1,49000000.0,0.0,0.0,0.0,2000000.0,0.0,6000000.0,0.0,57000000.0
635102211,mukono,1,4000000.0,10000000.0,0.0,0.0,5000000.0,0.0,0.0,2000000.0,21000000.0
635102285,mukono,1,1200000.0,0.0,2000000.0,0.0,500000.0,0.0,0.0,0.0,3700000.0
623184098,mukono,1,1500000.0,0.0,0.0,0.0,500000.0,0.0,1000000.0,0.0,3000000.0
554408234,nakaseke,1,550000.0,0.0,0.0,0.0,0.0,0.0,0.0,0.0,550000.0
556042141,nakaseke,1,300000.0,0.0,0.0,0.0,120000.0,0.0,0.0,0.0,420000.0
559614978,nakaseke,1,600000.0,0.0,500000.0,0.0,400000.0,0.0,0.0,0.0,1500000.0
581570782,nakaseke,1,1000000.0,0.0,0.0,500000.0,50000.00000000001,0.0,0.0,0.0,1550000.0
552806065,,1,500000.0,0.0,0.0,0.0,0.0,0.0,0.0,0.0,500000.0
553316435,nakaseke,1,1700000.0,180000.00000000003,0.0,0.0,0.0,0.0,0.0,0.0,1880000.0
558375760,nakaseke,1,150000.0,0.0,0.0,0.0,0.0,0.0,0.0,0.0,150000.0
559615316,nakaseke,1,500000.0,0.0,400000.0,250000.0,50000.0,0.0,0.0,0.0,1200000.0
630121155,mukono,1,4200000.0,1000000.0,0.0,0.0,200000.0,0.0,0.0,0.0,5400000.0
630121646,mukono,1,2800000.0,0.0,0.0,700000.0,120000.0,0.0,0.0,0.0,3620000.0
560425493,nakaseke,1,250000.0,0.0,0.0,100000.0,50000.0,0.0,0.0,0.0,400000.0
560424556,nakaseke,1,600000.0,0.0,500000.0,90000.0,200000.0,0.0,0.0,0.0,1390000.0
561200542,nakaseke,1,600000.0,450000.0,0.0,90000.0,50000.0,0.0,0.0,0.0,1190000.0
561202398,nakaseke,1,350000.0,0.0,200000.0,100000.0,60000.0,0.0,0.0,0.0,710000.0
560425197,nakaseke,1,500000.0,0.0,350000.0,160000.0,90000.0,0.0,0.0,0.0,1100000.0
628088416,mukono,1,1300000.0,3000000.0,0.0,500000.0,0.0,2000000.0,0.0,0.0,6800000.0
628089405,mukono,1,1400000.0,0.0,0.0,0.0,0.0,6000000.0,0.0,0.0,7400000.0
628774965,mukono,1,1000000.0,0.0,2000000.0,500000.0,0.0,0.0,0.0,0.0,3500000.0
632530379,mukono,1,1000000.0,0.0,0.0,5000000.0,500000.0,0.0,0.0,0.0,6500000.0
636135085,mukono,1,20800000.0,1000000.0,0.0,0.0,500000.0,0.0,0.0,0.0,22300000.0
556039009,nakaseke,1,20000.0,0.0,0.0,50000.0,120000.0,0.0,0.0,0.0,190000.0
553316712,nakaseke,1,370000.0,0.0,0.0,0.0,400000.0000000001,0.0,0.0,0.0,770000.0000000001
621496649,mukono,1,2400000.0,0.0,0.0,2400000.0,100000.0,0.0,0.0,0.0,4900000.0
629845932,mukono,1,2000000.0,0.0,0.0,3000000.0,360000.0,0.0,0.0,0.0,5360000.0
632528316,mukono,1,5000000.0,0.0,0.0,1500000.0,0.0,0.0,0.0,0.0,6500000.0
633861263,mukono,1,8400000.0,10000000.0,0.0,0.0,6000000.0,0.0,0.0,0.0,24400000.0
635102642,mukono,1,7000000.0,0.0,0.0,0.0,10000000.0,0.0,0.0,0.0,17000000.0
560423470,nakaseke,1,450000.0,0.0,240000.0,0.0,300000.0,0.0,0.0,0.0,990000.0
551439101,nakaseke,1,1100000.0,0.0,0.0,0.0,0.0,0.0,0.0,0.0,1100000.0
553316111,nakaseke,1,380000.0,0.0,0.0,0.0,499999.9999999997,0.0,0.0,0.0,879999.9999999998
554407800,nakaseke,1,900000.0,0.0,0.0,0.0,0.0,3600000.0000000014,0.0,0.0,4500000.000000002
558374654,nakaseke,1,450000.0,249999.99999999983,250000.0,100000.0,0.0,0.0,0.0,0.0,1049999.9999999998
558375246,nakaseke,1,220000.0,0.0,50000.0,150000.0,0.0,0.0,0.0,0.0,420000.0
581569323,nakaseke,1,1350000.0,399999.9999999999,0.0,0.0,249999.9999999998,0.0,0.0,0.0,1999999.9999999998
581571879,nakaseke,1,500000.0,0.0,200000.0,150000.0,60000.0,0.0,0.0,0.0,910000.0
564861263,nakaseke,1,500000.0,150000.0,50000.0,100000.0,60000.0,0.0,0.0,0.0,860000.0
559615143,nakaseke,1,300000.0,0.0,50000.0,60000.0,100000.0,0.0,0.0,0.0,510000.0
564864365,nakaseke,1,300000.0,60000.0,58000.0,100000.0,60000.0,0.0,0.0,0.0,578000.0
553315619,nakaseke,1,350000.0,0.0,0.0,0.0,0.0,0.0,0.0,0.0,350000.0
556039301,nakaseke,1,500000.0,0.0,0.0,90000.0,150000.0,0.0,0.0,0.0,740000.0
615757479,mukono,1,800000.0,0.0,0.0,0.0,100000.0,0.0,0.0,0.0,900000.0
615773011,mukono,1,1500000.0,0.0,0.0,0.0,0.0,0.0,0.0,200000.0,1700000.0
619554974,mukono,1,3600000.0,2000000.0,0.0,0.0,1000000.0,0.0,0.0,0.0,6600000.0
620416772,mukono,1,500000.0,0.0,0.0,600000.0,0.0,180000.0,0.0,0.0,1280000.0
620419799,mukono,1,4000000.0,0.0,0.0,0.0,125000.0,0.0,0.0,0.0,4125000.0
621494958,mukono,1,500000.0,0.0,0.0,0.0,0.0,0.0,0.0,5000000.0,5500000.0
621496210,mukono,1,6000000.0,1000000.0,0.0,500000.0,0.0,0.0,0.0,0.0,7500000.0
621498584,mukono,1,16800000.0,0.0,0.0,0.0,500000.0,1000000.0,0.0,0.0,18300000.0
621639094,mukono,1,400000.0,0.0,0.0,0.0,300000.0,0.0,12000000.000000011,0.0,12700000.000000011
623187149,mukono,1,560000.0,0.0,0.0,240000.0,0.0,1000000.0,0.0,0.0,1800000.0
623270536,mukono,1,13500000.0,0.0,0.0,0.0,1900000.0,0.0,0.0,0.0,15400000.0
624711692,mukono,1,1200000.0,1000000.0,0.0,0.0,2000000.0,0.0,0.0,0.0,4200000.0
624712163,mukono,1,2400000.0,1080000.0,0.0,0.0,0.0,5000000.0,0.0,0.0,8480000.0
625315993,mukono,1,1200000.0,0.0,0.0,500000.0,100000.0,0.0,0.0,0.0,1800000.0
628080096,mukono,1,7000000.0,0.0,0.0,0.0,2000000.0,0.0,0.0,0.0,9000000.0
628775775,mukono,1,36000000.0,3000000.0,0.0,0.0,0.0,1000000.0,0.0,0.0,40000000.0
630120684,mukono,1,7000000.0,2000000.0,0.0,0.0,0.0,3000000.0,0.0,0.0,12000000.0
632531024,mukono,1,3500000.0,0.0,0.0,1000000.0,0.0,0.0,5000000.0,0.0,9500000.0
632870785,mukono,1,3200000.0,0.0,0.0,0.0,70000.0,0.0,0.0,0.0,3270000.0
634322563,mukono,1,1200000.0,0.0,0.0,0.0,2000000.0,0.0,0.0,0.0,3200000.0
634951268,mukono,1,1000000.0,0.0,0.0,1300000.0,0.0,0.0,0.0,0.0,2300000.0
619307991,mukono,1,6000000.0,1000000.0,0.0,500000.0,15000000.0,0.0,6000000.0,0.0,28500000.0
634929055,mukono,1,2400000.0,0.0,0.0,0.0,500000.0,0.0,0.0,0.0,2900000.0
635625431,mukono,1,1200000.0,0.0,0.0,0.0,800000.0,0.0,0.0,0.0,2000000.0
625318562,mukono,1,400000.0,0.0,2000000.0,1000000.0,0.0,0.0,0.0,0.0,3400000.0
628776109,mukono,1,4900000.0,0.0,0.0,450000.0,0.0,2000000.0,0.0,0.0,7350000.0
633860413,mukono,1,42000000.0,0.0,0.0,1000000.0,500000.0,0.0,0.0,12000000.0,55500000.0
557694292,nakaseke,1,300000.0,0.0,0.0,50000.0,60000.0,0.0,0.0,0.0,410000.0
582450581,nakaseke,1,350000.0,50000.0,90000.0,0.0,0.0,0.0,0.0,0.0,490000.0
613185259,nakaseke,1,390000.0,0.0,0.0,0.0,400000.0,0.0,0.0,0.0,790000.0
614810845,mukono,1,800000.0,0.0,0.0,0.0,0.0,0.0,0.0,0.0,800000.0
617648764,mukono,1,1200000.0,0.0,0.0,0.0,0.0,0.0,0.0,0.0,1200000.0
551438934,nakaseke,1,1700000.0,0.0,0.0,0.0,0.0,0.0,0.0,0.0,1700000.0
589548879,nakaseke,1,20000.0,0.0,100000.0,0.0,250000.0,0.0,0.0,0.0,370000.0
554402613,nakaseke,1,0.0,0.0,0.0,0.0,161999.99999999988,0.0,0.0,0.0,161999.99999999988
589547568,nakaseke,1,350000.0,0.0,0.0,50000.00000000001,0.0,5000000.000000003,0.0,0.0,5400000.000000003
592180125,nakaseke,1,350000.0,0.0,0.0,0.0,200000.0,0.0,0.0,0.0,550000.0
613184766,nakaseke,1,600000.0,0.0,0.0,100000.0,250000.0,0.0,0.0,0.0,950000.0
613185864,nakaseke,1,600000.0,20000.0,0.0,149999.99999999994,500000.0,0.0,0.0,0.0,1270000.0
593216040,nakaseke,1,400000.0,250000.0,69000.0,0.0,200000.0,0.0,0.0,0.0,919000.0
552806578,nakaseke,1,1300000.0,0.0,0.0,0.0,0.0,0.0,0.0,0.0,1300000.0
554403180,,1,1100000.0,0.0,0.0,25000.000000000004,0.0,0.0,0.0,499999.99999999977,1624999.9999999998
554997531,nakaseke,1,400000.0,0.0,0.0,60000.0,250000.0,0.0,0.0,0.0,710000.0
581568916,nakaseke,1,500000.0,0.0,90000.0,60000.0,170000.0,0.0,0.0,0.0,820000.0
582449149,nakaseke,1,600000.0,250000.0,0.0,150000.0,50000.0,0.0,0.0,0.0,1050000.0
583384059,nakaseke,1,9000000.0,350000.0,0.0,0.0,250000.0,0.0,0.0,0.0,9600000.0
584465855,nakaseke,1,400000.0,150000.0,0.0,0.0,0.0,0.0,0.0,0.0,550000.0
585291611,nakaseke,1,9000000.0,30000.0,0.0,60000.0,350000.0,0.0,0.0,0.0,9440000.0
588618114,nakaseke,1,600000.0,0.0,0.0,120000.0,30000.0,0.0,0.0,0.0,750000.0
589549118,nakaseke,1,600000.0,0.0,90000.0,0.0,250000.0,0.0,0.0,0.0,940000.0
592179551,nakaseke,1,200000.0,0.0,0.0,150000.0,150000.0,0.0,0.0,0.0,500000.0
613185857,nakaseke,1,600000.0,300000.0,0.0,120000.0,350000.0,0.0,0.0,0.0,1370000.0
613185868,nakaseke,1,500000.0,350000.0,0.0,0.0,400000.0,0.0,0.0,0.0,1250000.0
618737230,mukono,1,1800000.0,0.0,0.0,0.0,0.0,0.0,0.0,0.0,1800000.0
625321534,mukono,1,5600000.0,0.0,0.0,0.0,2000000.0,10000000.0,0.0,0.0,17600000.0
613185262,nakaseke,1,260000.0,0.0,300000.0,100000.0,250000.0,0.0,0.0,0.0,910000.0
586823072,nakaseke,1,600000.0,0.0,0.0,100000.00000000001,600000.0,0.0,0.0,0.0,1300000.0
586821078,nakaseke,1,800000.0,0.0,0.0,20000.0,96000.0,0.0,0.0,0.0,916000.0
586823179,nakaseke,1,600000.0,0.0,0.0,100000.0,600000.0,0.0,0.0,0.0,1300000.0
588618032,nakaseke,1,1000000.0,200000.0,0.0,150000.0,350000.0,0.0,0.0,0.0,1700000.0
592179319,nakaseke,1,300000.0,0.0,0.0,0.0,200000.0,0.0,0.0,0.0,500000.0
613185254,nakaseke,1,350000.0,400000.0,149999.99999999994,0.0,230000.0,0.0,0.0,0.0,1130000.0
613184756,nakaseke,1,380000.0,0.0,200000.00000000006,0.0,350000.0,0.0,0.0,0.0,930000.0
613184762,nakaseke,1,5000000.0,0.0,1999999.9999999993,700000.0,250000.0,100000.0,0.0,0.0,8049999.999999999
593216705,nakaseke,1,350000.0,109.0,0.0,0.0,200000.0,0.0,0.0,0.0,550109.0
582448458,nakaseke,1,600000.0,300000.0,0.0,150000.0,200000.0,0.0,0.0,0.0,1250000.0
583383308,nakaseke,1,560000.0,30000.0,90000.0,3.0,20000.0,0.0,0.0,0.0,700003.0
584457728,nakaseke,1,350000.0,0.0,0.0,0.0,0.0,0.0,0.0,0.0,350000.0
584460556,nakaseke,1,250000.0,100000.0,0.0,150000.0,179999.99999999997,0.0,0.0,0.0,680000.0
586822745,nakaseke,1,600000.0,300000.0,0.0,0.0,200000.0,0.0,0.0,0.0,1100000.0
588618956,nakaseke,1,600000.0,0.0,150000.0,0.0,250000.0,0.0,0.0,0.0,1000000.0
588619984,nakaseke,1,500000.0,0.0,0.0,0.0,250000.0,0.0,0.0,0.0,750000.0
589548430,nakaseke,1,300000.0,0.0,25000.0,0.0,500000.0,0.0,0.0,0.0,825000.0
613184214,nakaseke,1,200000.0,0.0,50000.0,0.0,130000.0,0.0,0.0,0.0,380000.0
551438775,nakaseke,1,1200000.0,0.0,0.0,0.0,0.0,0.0,0.0,0.0,1200000.0
552805506,nakaseke,1,9700000.0,0.0,0.0,0.0,0.0,0.0,0.0,0.0,9700000.0
582449815,nakaseke,1,500000.0,200000.0,0.0,0.0,60000.0,5000000.000000003,0.0,0.0,5760000.000000003
583383783,nakaseke,1,500000.0,200000.0,0.0,0.0,300000.0,0.0,0.0,0.0,1000000.0
583384470,nakaseke,1,500000.0,250000.0,0.0,100000.00000000001,200000.0,0.0,0.0,0.0,1050000.0
585919910,nakaseke,1,2000000.0,500000.0,1999999.9999999993,500000.0,600000.0,0.0,0.0,0.0,5599999.999999999
585937638,nakaseke,1,600000.0,250000.0,100000.00000000001,60000.0,260000.0,0.0,0.0,0.0,1270000.0
592179023,nakaseke,1,1000000.0,200000.0,0.0,100000.0,0.0,0.0,0.0,0.0,1300000.0
551439238,nakaseke,1,1500000.0,0.0,0.0,0.0,0.0,0.0,0.0,0.0,1500000.0
555070994,nakaseke,1,600000.0,250000.0,0.0,100000.0,60000.0,0.0,0.0,0.0,1010000.0
555112218,nakaseke,1,1050000.0,2000000.0000000016,0.0,0.0,0.0,0.0,0.0,0.0,3050000.000000002
555148547,nakaseke,1,400000.0,250000.0,0.0,90000.0,400000.0,0.0,0.0,0.0,1140000.0
584458624,nakaseke,1,600000.0,250000.0,400000.0,100000.0,0.0,0.0,0.0,0.0,1350000.0
585290674,nakaseke,1,500000.0,250000.0,0.0,100000.0,900000.0,0.0,0.0,0.0,1750000.0
585290890,nakaseke,1,700000.0,300000.0,50000.0,120000.0,350000.0,0.0,0.0,0.0,1520000.0
585309665,nakaseke,1,500000.0,0.0,0.0,0.0,200000.0,0.0,0.0,0.0,700000.0
585924133,nakaseke,1,600000.0,200000.0,0.0,150000.0,300000.0,0.0,0.0,0.0,1250000.0
585929887,nakaseke,1,500000.0,0.0,0.0,0.0,0.0,0.0,0.0,0.0,500000.0
613834815,nakaseke,1,2100000.0,0.0,0.0,0.0,0.0,0.0,0.0,1999999.9999999993,4099999.999999999
613836978,nakaseke,1,700000.0,0.0,0.0,0.0,0.0,0.0,0.0,0.0,700000.0
617656696,mukono,1,1099999.9999999998,0.0,0.0,0.0,999999.9999999997,0.0,0.0,0.0,2099999.9999999995
633860938,mukono,1,3000000.0,1000000.0,0.0,0.0,5000000.0,0.0,0.0,0.0,9000000.0
616677841,mukono,2,70000.0,0.0,6000000.0,0.0,0.0,0.0,0.0,0.0,6070000.0
551440657,nakaseke,2,280000.0,0.0,0.0,0.0,0.0,0.0,0.0,0.0,280000.0
592191523,nakaseke,2,312000.0,0.0,0.0,0.0,500000.0,0.0,0.0,0.0,812000.0
552803559,nakaseke,2,3440000.0,499999.9999999997,0.0,0.0,19999.99999999998,0.0,0.0,0.0,3959999.9999999995
613177526,nakaseke,2,50000000.0,0.0,0.0,0.0,0.0,0.0,0.0,0.0,50000000.0
613831899,nakaseke,2,203000.0,0.0,0.0,0.0,0.0,0.0,0.0,0.0,203000.0
614880484,mukono,2,120000.0,0.0,0.0,0.0,0.0,0.0,0.0,0.0,120000.0
550714067,nakaseke,2,800000.0,0.0,0.0,0.0,60000.00000000002,0.0,0.0,0.0,860000.0
550714208,nakaseke,2,1000000.0,0.0,0.0,0.0,50000.00000000001,0.0,0.0,0.0,1050000.0
556045414,nakaseke,2,1000000.0,0.0,0.0,0.0,500000.0,0.0,0.0,0.0,1500000.0
556046788,nakaseke,2,800000.0,0.0,0.0,300000.0,0.0,0.0,0.0,0.0,1100000.0
557695958,nakaseke,2,1000000.0,500000.0,0.0,0.0,200000.0,0.0,0.0,0.0,1700000.0
560461977,nakaseke,2,3000000.0,500000.0,0.0,0.0,0.0,0.0,0.0,0.0,3500000.0
592361767,nakaseke,2,5000000.0,0.0,0.0,0.0,250000.0,0.0,0.0,0.0,5250000.0
592363240,nakaseke,2,3000000.0,200000.0,0.0,0.0,500000.0,0.0,0.0,0.0,3700000.0
616701192,mukono,2,520000.0,0.0,0.0,0.0,0.0,0.0,0.0,0.0,520000.0
624293019,mukono,2,900000.0,500000.0,200000.0,300000.0,300000.0,0.0,0.0,0.0,2200000.0
550715350,nakaseke,2,800000.0,0.0,0.0,0.0,0.0,0.0,0.0,0.0,800000.0
552803832,nakaseke,2,2300000.0,0.0,0.0,0.0,15000000.0,0.0,0.0,0.0,17300000.0
553311655,nakaseke,2,950000.0,0.0,0.0,349999.9999999997,0.0,0.0,0.0,0.0,1299999.9999999998
554396495,nakaseke,2,900000.0,0.0,0.0,0.0,0.0,0.0,0.0,0.0,900000.0
555218845,nakaseke,2,4500000.0,0.0,0.0,400000.0,0.0,0.0,0.0,0.0,4900000.0
556047384,nakaseke,2,1500000.0,0.0,0.0,300000.0,0.0,500000.0,0.0,0.0,2300000.0
557713875,nakaseke,2,700000.0,0.0,0.0,0.0,0.0,0.0,0.0,0.0,700000.0
558376731,nakaseke,2,800000.0,0.0,0.0,0.0,0.0,0.0,0.0,0.0,800000.0
558377788,nakaseke,2,1250000.0,0.0,0.0,350000.0,40000.0,0.0,0.0,0.0,1640000.0
558378029,nakaseke,2,1000000.0,0.0,0.0,0.0,250000.0,0.0,0.0,0.0,1250000.0
559605691,nakaseke,2,4000000.0,300000.0,0.0,0.0,250000.0,0.0,0.0,0.0,4550000.0
560460598,nakaseke,2,4000000.0,0.0,0.0,0.0,0.0,0.0,0.0,0.0,4000000.0
560460842,nakaseke,2,2000000.0,0.0,0.0,0.0,400000.0,0.0,0.0,0.0,2400000.0
561199081,nakaseke,2,2500000.0,400000.0,0.0,0.0,200000.0,0.0,0.0,0.0,3100000.0
561203340,nakaseke,2,2500000.0,0.0,0.0,0.0,0.0,0.0,0.0,0.0,2500000.0
561250862,nakaseke,2,399600.0,0.0,0.0,300000.0,0.0,0.0,0.0,0.0,699600.0
582704845,nakaseke,2,7000000.0,400000.0,0.0,0.0,0.0,0.0,0.0,0.0,7400000.0
585217011,nakaseke,2,8000000.0,0.0,200000.0,0.0,0.0,0.0,0.0,0.0,8200000.0
588626659,nakaseke,2,156000.0,500000.0,300000.0,0.0,0.0,0.0,0.0,0.0,956000.0
588783193,nakaseke,2,7000000.0,0.0,0.0,0.0,0.0,0.0,0.0,0.0,7000000.0
613810847,nakaseke,2,360000.0,0.0,0.0,0.0,0.0,0.0,0.0,0.0,360000.0
614880582,mukono,2,400000.0,0.0,0.0,0.0,0.0,0.0,0.0,0.0,400000.0
616579050,mukono,2,500000.0,0.0,0.0,0.0,0.0,0.0,0.0,90000.0,590000.0
616701381,mukono,2,400000.0,0.0,0.0,0.0,0.0,0.0,0.0,180000.0,580000.0
623704503,mukono,2,300000.0,0.0,0.0,100000.0,0.0,0.0,0.0,100000.0,500000.0
550714829,nakaseke,2,600000.0,0.0,0.0,0.0,0.0,0.0,0.0,0.0,600000.0
551432268,nakaseke,2,650000.0,0.0,0.0,0.0,0.0,0.0,0.0,0.0,650000.0
551438359,nakaseke,2,3800000.0,199999.99999999997,2000000.0000000016,0.0,950000.0000000008,0.0,0.0,0.0,6950000.000000003
551438847,nakaseke,2,750000.0,0.0,0.0,0.0,249999.99999999983,0.0,0.0,0.0,999999.9999999998
552834713,nakaseke,2,2500000.0,0.0,0.0,0.0,0.0,0.0,0.0,0.0,2500000.0
553313606,nakaseke,2,1100000.0,0.0,0.0,0.0,400000.0000000001,0.0,0.0,0.0,1500000.0
553314110,nakaseke,2,6500000.0,0.0,0.0,0.0,299999.9999999999,0.0,0.0,0.0,6800000.0
553314852,nakaseke,2,6380000.0,0.0,0.0,0.0,1199999.9999999998,0.0,0.0,0.0,7580000.0
554382238,nakaseke,2,5500000.0,0.0,58000.00000000002,0.0,299999.9999999999,0.0,0.0,0.0,5858000.0
554383042,nakaseke,2,5500000.0,0.0,0.0,0.0,50000.00000000001,0.0,0.0,0.0,5550000.0
554388188,nakaseke,2,7500000.0,0.0,499999.9999999997,0.0,638999.9999999997,0.0,0.0,0.0,8639000.0
555219221,nakaseke,2,4000000.0,0.0,0.0,0.0,1000000.0,0.0,6000000.0,0.0,11000000.0
555219441,nakaseke,2,8000000.0,0.0,0.0,0.0,1000000.0,0.0,0.0,0.0,9000000.0
555219813,nakaseke,2,800000.0,0.0,0.0,0.0,150000.0,0.0,0.0,0.0,950000.0
556046148,nakaseke,2,500000.0,0.0,0.0,200000.0,150000.0,0.0,0.0,0.0,850000.0
557695618,nakaseke,2,800000.0,0.0,0.0,0.0,300000.0,0.0,0.0,0.0,1100000.0
557695779,nakaseke,2,5000000.0,0.0,200000.0,0.0,0.0,0.0,0.0,0.0,5200000.0
557696080,nakaseke,2,2000000.0,800000.0,0.0,250000.0,0.0,0.0,0.0,0.0,3050000.0
559607285,nakaseke,2,1000000.0,0.0,150000.0,300000.0,0.0,0.0,0.0,0.0,1450000.0
559607680,nakaseke,2,3500000.0,0.0,0.0,350000.0,0.0,0.0,0.0,0.0,3850000.0
559615651,nakaseke,2,2000000.0,0.0,0.0,0.0,0.0,0.0,0.0,0.0,2000000.0
560459965,nakaseke,2,3000000.0,0.0,0.0,0.0,0.0,0.0,1500000.0,0.0,4500000.0
561202301,nakaseke,2,3500000.0,0.0,150000.0,0.0,0.0,0.0,0.0,0.0,3650000.0
567488224,nakaseke,2,3000000.0,0.0,0.0,0.0,300000.0,0.0,0.0,0.0,3300000.0
581728335,nakaseke,2,6000000.0,400000.0,0.0,0.0,0.0,0.0,0.0,0.0,6400000.0
581800534,nakaseke,2,5000000.0,0.0,0.0,0.0,400000.0,0.0,0.0,0.0,5400000.0
581801301,nakaseke,2,4000000.0,0.0,0.0,0.0,0.0,0.0,0.0,0.0,4000000.0
582682579,nakaseke,2,3000000.0,0.0,0.0,0.0,400000.0,0.0,0.0,0.0,3400000.0
582684638,nakaseke,2,2000000.0,0.0,0.0,0.0,0.0,0.0,0.0,0.0,2000000.0
583582238,nakaseke,2,15000000.0,500000.0,0.0,0.0,0.0,0.0,0.0,0.0,15500000.0
584447265,nakaseke,2,8000000.0,0.0,0.0,0.0,500000.0,0.0,0.0,0.0,8500000.0
585215638,nakaseke,2,15000000.0,0.0,0.0,0.0,0.0,0.0,0.0,0.0,15000000.0
585216305,nakaseke,2,3000000.0,0.0,0.0,0.0,0.0,0.0,0.0,0.0,3000000.0
587012670,nakaseke,2,15000000.0,0.0,0.0,0.0,0.0,0.0,0.0,0.0,15000000.0
587012983,nakaseke,2,8000000.0,0.0,0.0,0.0,200000.0,0.0,0.0,0.0,8200000.0
587013280,nakaseke,2,25000000.0,0.0,0.0,0.0,0.0,2000000.0,0.0,0.0,27000000.0
588781706,nakaseke,2,14000000.0,300000.0,0.0,0.0,0.0,0.0,0.0,0.0,14300000.0
589705500,nakaseke,2,5000000.0,0.0,0.0,0.0,400000.0,0.0,0.0,0.0,5400000.0
589705733,nakaseke,2,12000000.0,450000.0,0.0,0.0,0.0,0.0,0.0,0.0,12450000.0
592193539,nakaseke,2,7998000.0,0.0,0.0,0.0,0.0,0.0,0.0,0.0,7998000.0
593223241,nakaseke,2,3000000.0,3000000.0,0.0,0.0,5000000.0,0.0,0.0,0.0,11000000.0
593223559,nakaseke,2,5000000.0,450000.0,0.0,0.0,0.0,0.0,0.0,0.0,5450000.0
613174996,nakaseke,2,3500000.0,0.0,0.0,0.0,300000.0,0.0,0.0,0.0,3800000.0
613177861,nakaseke,2,2000000.0,0.0,0.0,0.0,500000.0,0.0,0.0,0.0,2500000.0
613177864,nakaseke,2,5000000.0,0.0,0.0,0.0,0.0,0.0,0.0,0.0,5000000.0
613178463,nakaseke,2,8000000.0,0.0,0.0,0.0,0.0,5000000.0,0.0,0.0,13000000.0
613178868,nakaseke,2,500000.0,0.0,0.0,0.0,300000.0,0.0,0.0,0.0,800000.0
613180603,nakaseke,2,2000000.0,0.0,0.0,0.0,0.0,0.0,0.0,0.0,2000000.0
613822490,nakaseke,2,180000.0,150000.0,250000.0,0.0,0.0,0.0,0.0,0.0,580000.0
613825443,nakaseke,2,754000.0,250000.0,0.0,100000.0,0.0,0.0,0.0,0.0,1104000.0
618055484,mukono,2,750000.0,0.0,0.0,0.0,0.0,0.0,0.0,500000.0,1250000.0
619558400,mukono,2,350000.0,0.0,0.0,200000.0,100000.0,0.0,0.0,0.0,650000.0
621499875,mukono,2,800000.0,0.0,3600000.0,0.0,0.0,0.0,0.0,0.0,4400000.0
623176650,mukono,2,500000.0,0.0,12000000.0,1000000.0,0.0,0.0,0.0,0.0,13500000.0
623183149,mukono,2,288000.0,0.0,0.0,0.0,0.0,1000000.0,0.0,5000000.0,6288000.0
623185581,mukono,2,500000.0,0.0,0.0,1000000.0,0.0,2400000.0,0.0,0.0,3900000.0
633165095,mukono,2,500000.0,0.0,0.0,3000000.0,20000000.0,0.0,0.0,0.0,23500000.0
633861862,mukono,2,2000000.0,0.0,1000000.0,20000000.0,0.0,0.0,0.0,0.0,23000000.0
634022320,mukono,2,300000.0,0.0,0.0,300000.0,0.0,0.0,0.0,0.0,600000.0
634322498,mukono,2,120000.0,0.0,0.0,0.0,0.0,0.0,0.0,0.0,120000.0
634928993,mukono,2,60000.0,0.0,0.0,0.0,0.0,0.0,0.0,0.0,60000.0
634952733,mukono,2,1400000.0,0.0,0.0,0.0,500000.0,10000000.0,0.0,0.0,11900000.0
634953204,mukono,2,1200000.0,720000.0,0.0,0.0,500000.0,0.0,0.0,0.0,2420000.0
635102101,mukono,2,500000.0,0.0,0.0,0.0,0.0,20000000.0,12000000.0,0.0,32500000.0
635102513,mukono,2,800000.0,0.0,0.0,10000000.0,1000000.0,0.0,0.0,0.0,11800000.0
644159914,mukono,2,15000000.0,0.0,0.0,0.0,2800000.0,0.0,0.0,0.0,17800000.0
644420047,mukono,2,800000.0,0.0,0.0,0.0,0.0,2000000.0,0.0,0.0,2800000.0
551439754,nakaseke,2,4000000.0,0.0,0.0,0.0,29999.99999999999,0.0,0.0,0.0,4030000.0
552968706,nakaseke,2,8000000.0,0.0,0.0,0.0,499999.9999999997,0.0,0.0,0.0,8500000.0
552969446,nakaseke,2,2500000.0,0.0,0.0,0.0,800000.0000000003,0.0,0.0,0.0,3300000.0000000005
552970239,nakaseke,2,3500000.0,0.0,0.0,150000.00000000006,0.0,0.0,0.0,0.0,3650000.0
554387935,nakaseke,2,5500000.0,0.0,0.0,0.0,499999.9999999997,0.0,0.0,0.0,6000000.0
558377096,nakaseke,2,2500000.0,500000.0,0.0,0.0,0.0,1000000.0,0.0,0.0,4000000.0
559607458,nakaseke,2,4000000.0,500000.0,0.0,0.0,200000.0,0.0,0.0,0.0,4700000.0
567493335,nakaseke,2,2000000.0,0.0,0.0,400000.0,800000.0,0.0,0.0,0.0,3200000.0
581802079,nakaseke,2,7000000.0,0.0,150000.0,0.0,300000.0,0.0,0.0,0.0,7450000.0
582619340,nakaseke,2,2000000.0,0.0,0.0,0.0,0.0,0.0,0.0,0.0,2000000.0
583580839,nakaseke,2,25000000.0,0.0,0.0,0.0,0.0,10000000.0,0.0,0.0,35000000.0
584444811,nakaseke,2,4000000.0,0.0,0.0,300000.0,0.0,0.0,0.0,0.0,4300000.0
585215286,nakaseke,2,6500000.0,500000.0,0.0,500000.0,0.0,0.0,0.0,0.0,7500000.0
587013182,nakaseke,2,6000000.0,0.0,150000.0,0.0,450000.0,0.0,0.0,0.0,6600000.0
588782700,nakaseke,2,12000000.0,0.0,0.0,500000.0,0.0,0.0,0.0,0.0,12500000.0
589705993,nakaseke,2,10000000.0,0.0,0.0,0.0,0.0,0.0,0.0,0.0,10000000.0
613178458,nakaseke,2,30000000.0,500000.0,0.0,0.0,0.0,0.0,0.0,0.0,30500000.0
613178880,nakaseke,2,3000000.0,800000.0,300000.0,0.0,0.0,0.0,0.0,0.0,4100000.0
613179574,nakaseke,2,4000000.0,0.0,0.0,0.0,400000.0,0.0,0.0,0.0,4400000.0
615825416,mukono,2,50000.0,0.0,0.0,0.0,0.0,0.0,0.0,0.0,50000.0
619544793,mukono,2,1000000.0,0.0,0.0,0.0,0.0,1000000.0,0.0,0.0,2000000.0
623479229,mukono,2,120000.0,0.0,0.0,0.0,0.0,0.0,0.0,0.0,120000.0
633706398,mukono,2,600000.0,0.0,0.0,0.0,0.0,0.0,0.0,0.0,600000.0
633706854,mukono,2,150000.0,0.0,0.0,0.0,80000.0,0.0,0.0,0.0,230000.0
553314312,nakaseke,2,11000000.0,0.0,0.0,0.0,6000000.000000005,0.0,0.0,0.0,17000000.000000004
555219512,nakaseke,2,1200000.0,2000000.0,0.0,0.0,0.0,0.0,0.0,0.0,3200000.0
561200684,nakaseke,2,4000000.0,0.0,0.0,200000.0,0.0,0.0,0.0,0.0,4200000.0
583583184,nakaseke,2,20000000.0,0.0,0.0,0.0,500000.0,0.0,0.0,0.0,20500000.0
584444125,nakaseke,2,8000000.0,0.0,0.0,0.0,0.0,1000000.0,0.0,0.0,9000000.0
584446459,nakaseke,2,4000000.0,0.0,200000.0,0.0,0.0,0.0,0.0,0.0,4200000.0
586786507,nakaseke,2,551800.0,160000.0,0.0,0.0,0.0,0.0,0.0,0.0,711800.0
586805028,nakaseke,2,384400.0,180000.0,0.0,0.0,100800.0,0.0,0.0,0.0,665200.0
588783732,nakaseke,2,8000000.0,0.0,0.0,300000.0,0.0,0.0,0.0,0.0,8300000.0
589705256,nakaseke,2,10000000.0,0.0,0.0,0.0,0.0,8000000.0,0.0,0.0,18000000.0
592362627,nakaseke,2,4000000.0,500000.0,0.0,0.0,0.0,0.0,0.0,0.0,4500000.0
592363516,nakaseke,2,9900000.0,0.0,0.0,0.0,0.0,0.0,0.0,0.0,9900000.0
615755561,mukono,2,24000000.0,2000000.0,0.0,0.0,1000000.0,5000000.0,0.0,0.0,32000000.0
616699698,mukono,2,600000.0,0.0,0.0,0.0,0.0,0.0,0.0,0.0,600000.0
618056804,mukono,2,1400000.0,0.0,0.0,200000.0,50000.0,0.0,0.0,0.0,1650000.0
623479343,mukono,2,150000.0,0.0,0.0,0.0,70000.0,0.0,0.0,0.0,220000.0
631647706,mukono,2,230000.0,0.0,0.0,0.0,0.0,0.0,0.0,0.0,230000.0
632871446,mukono,2,800000.0,0.0,0.0,0.0,0.0,0.0,0.0,0.0,800000.0
644420087,mukono,2,600000.0,0.0,0.0,1500000.0,0.0,0.0,0.0,0.0,2100000.0
583581711,nakaseke,2,8000000.0,0.0,200000.0,0.0,0.0,0.0,0.0,0.0,8200000.0
592192218,nakaseke,2,2400000.0,0.0,0.0,0.0,250000.0,0.0,0.0,0.0,2650000.0
614880682,mukono,2,1400000.0,0.0,0.0,0.0,0.0,0.0,0.0,0.0,1400000.0
618739011,mukono,2,6400000.0,0.0,0.0,0.0,0.0,0.0,0.0,0.0,6400000.0
618739107,mukono,2,1800000.0,0.0,0.0,0.0,0.0,0.0,0.0,0.0,1800000.0
622484850,mukono,2,600000.0,0.0,0.0,0.0,0.0,0.0,0.0,0.0,600000.0
623479274,mukono,2,150000.0,0.0,0.0,0.0,0.0,0.0,0.0,0.0,150000.0
623981062,mukono,2,400000.0,0.0,0.0,0.0,180000.0,0.0,0.0,0.0,580000.0
634929144,mukono,2,40000.0,0.0,0.0,0.0,75000.0,0.0,0.0,0.0,115000.0
635625391,mukono,2,120000.0,0.0,0.0,0.0,0.0,0.0,0.0,0.0,120000.0
635625490,mukono,2,80000.0,0.0,0.0,0.0,0.0,0.0,0.0,0.0,80000.0
556031317,nakaseke,2,450000.0,0.0,0.0,0.0,0.0,0.0,0.0,0.0,450000.0
556037719,nakaseke,2,400000.0,0.0,0.0,0.0,0.0,0.0,0.0,0.0,400000.0
560449324,nakaseke,2,2666000.0,0.0,0.0,0.0,1425600.0,0.0,0.0,0.0,4091600.0
586026956,nakaseke,2,354000.0,0.0,300000.0,0.0,0.0,0.0,0.0,0.0,654000.0
616680304,mukono,2,400000.0,0.0,800000.0,0.0,0.0,3600000.0,0.0,0.0,4800000.0
616700114,mukono,2,360000.0,0.0,0.0,0.0,0.0,0.0,0.0,0.0,360000.0
623980936,mukono,2,180000.0,0.0,0.0,0.0,0.0,0.0,0.0,0.0,180000.0
632872132,mukono,2,590000.0,0.0,0.0,0.0,0.0,0.0,0.0,0.0,590000.0
550732883,nakaseke,2,2800000.0,0.0,0.0,0.0,0.0,0.0,0.0,0.0,2800000.0
582502735,nakaseke,2,450000.0,0.0,0.0,0.0,0.0,0.0,0.0,0.0,450000.0
586030936,nakaseke,2,195000.0,0.0,150000.0,0.0,0.0,0.0,0.0,0.0,345000.0
614807290,mukono,2,900000.0,0.0,0.0,0.0,0.0,0.0,0.0,600000.0,1500000.0
614850521,mukono,2,200000.0,0.0,150000.0,0.0,300000.0,0.0,0.0,0.0,650000.0
614880379,mukono,2,2600000.0,0.0,0.0,20000.0,100000.00000000001,0.0,0.0,0.0,2720000.0
615759274,mukono,2,1000000.0,0.0,0.0,0.0,0.0,0.0,500000.0,0.0,1500000.0
615825361,mukono,2,2600000.0,0.0,0.0,0.0,0.0,0.0,0.0,0.0,2600000.0
616578776,mukono,2,1200000.0,300000.0,200000.0,0.0,0.0,1500000.0,0.0,0.0,3200000.0
616579437,mukono,2,1500000.0,0.0,0.0,500000.0,0.0,0.0,0.0,0.0,2000000.0
616580090,mukono,2,300000.0,100000.0,100000.0,100000.0,300000.0,0.0,0.0,0.0,900000.0
616699119,mukono,2,90000.0,0.0,0.0,0.0,0.0,0.0,0.0,0.0,90000.0
617648886,mukono,2,320000.0,0.0,0.0,0.0,0.0,0.0,0.0,0.0,320000.0
618056277,mukono,2,900000.0,0.0,0.0,100000.0,0.0,0.0,0.0,0.0,1000000.0
618502771,mukono,2,500000.0,0.0,200000.0,0.0,0.0,0.0,0.0,0.0,700000.0
618503624,mukono,2,1100000.0,0.0,0.0,1000000.0,0.0,0.0,0.0,0.0,2100000.0
619549456,mukono,2,1600000.0,0.0,0.0,0.0,0.0,1200000.0,0.0,1400000.0,4200000.0
619551006,mukono,2,480000.0,0.0,0.0,500000.0,0.0,0.0,0.0,0.0,980000.0
619552154,mukono,2,1200000.0,0.0,0.0,0.0,1000000.0,0.0,0.0,0.0,2200000.0
619559855,mukono,2,1800000.0,0.0,0.0,0.0,2000000.0,1350000.0,0.0,0.0,5150000.0
622292961,mukono,2,500000.0,0.0,0.0,400000.0,0.0,0.0,0.0,0.0,900000.0
623188000,mukono,2,600000.0,0.0,0.0,0.0,15000000.0,6000000.0,0.0,0.0,21600000.0
623704256,mukono,2,3500000.0,0.0,0.0,600000.0,500000.0,0.0,0.0,0.0,4600000.0
624717557,mukono,2,400000.0,0.0,2000000.0,0.0,0.0,0.0,0.0,0.0,2400000.0
628775538,mukono,2,1000000.0,0.0,0.0,1000000.0,0.0,0.0,0.0,0.0,2000000.0
632457381,mukono,2,1200000.0,0.0,0.0,600000.0,300000.0,0.0,0.0,0.0,2100000.0
632479613,mukono,2,800000.0,100000.0,0.0,200000.0,100000.0,0.0,0.0,0.0,1200000.0
632526756,mukono,2,17500000.0,0.0,0.0,2000000.0,0.0,0.0,0.0,0.0,19500000.0
632870245,mukono,2,120000.0,0.0,0.0,0.0,15000.0,0.0,0.0,0.0,135000.0
633860192,mukono,2,15000000.0,0.0,0.0,1000000.0,600000.0,0.0,0.0,0.0,16600000.0
633861646,mukono,2,3000000.0,0.0,0.0,0.0,2800000.0,0.0,0.0,0.0,5800000.0
634322667,mukono,2,160000.0,0.0,0.0,0.0,0.0,0.0,0.0,0.0,160000.0
634322758,mukono,2,800000.0,0.0,0.0,0.0,0.0,0.0,0.0,0.0,800000.0
635625535,mukono,2,900000.0,0.0,0.0,0.0,40000.0,0.0,0.0,0.0,940000.0
635860119,mukono,2,1200000.0,200000.0,0.0,300000.0,300000.0,0.0,0.0,0.0,2000000.0
636602799,mukono,2,1500000.0,200000.0,0.0,0.0,200000.0,0.0,0.0,0.0,1900000.0
558422222,nakaseke,2,1180000.0,240000.0,0.0,0.0,0.0,0.0,0.0,0.0,1420000.0
559666954,nakaseke,2,494000.0,0.0,0.0,0.0,0.0,0.0,0.0,0.0,494000.0
560448617,nakaseke,2,560000.0,0.0,0.0,0.0,0.0,0.0,0.0,0.0,560000.0
583505993,nakaseke,2,450000.0,0.0,180000.0,0.0,0.0,0.0,0.0,0.0,630000.0
584452976,nakaseke,2,286000.0,1500000.0,250000.0,0.0,0.0,0.0,0.0,0.0,2036000.0
586809899,nakaseke,2,298900.0,250000.0,150000.0,0.0,0.0,0.0,0.0,0.0,698900.0
618738329,mukono,2,1200000.0,0.0,0.0,0.0,0.0,0.0,0.0,0.0,1200000.0
623981362,mukono,2,800000.0,0.0,0.0,0.0,0.0,0.0,0.0,0.0,800000.0
633706233,mukono,2,180000.0,0.0,0.0,0.0,0.0,0.0,0.0,0.0,180000.0
555219650,nakaseke,2,700000.0,0.0,0.0,0.0,0.0,0.0,0.0,0.0,700000.0
581666974,nakaseke,2,663600.0,0.0,0.0,250000.0,162000.0,0.0,0.0,0.0,1075600.0
589566940,nakaseke,2,420000.0,0.0,0.0,0.0,0.0,0.0,0.0,0.0,420000.0
615760019,mukono,2,600000.0,300000.0,0.0,0.0,0.0,0.0,0.0,0.0,900000.0
615825276,mukono,2,1200000.0,0.0,0.0,0.0,0.0,0.0,0.0,0.0,1200000.0
616698945,mukono,2,6000000.0,0.0,0.0,0.0,1500000.0,0.0,0.0,0.0,7500000.0
616699320,mukono,2,1800000.0,0.0,0.0,0.0,0.0,0.0,0.0,0.0,1800000.0
619769782,mukono,2,1800000.0,0.0,0.0,0.0,0.0,0.0,0.0,0.0,1800000.0
621639263,mukono,2,100000.0,0.0,0.0,0.0,0.0,0.0,0.0,0.0,100000.0
622484708,mukono,2,1600000.0,0.0,0.0,0.0,0.0,0.0,0.0,0.0,1600000.0
623981163,mukono,2,1800000.0,0.0,0.0,0.0,2200000.0,0.0,0.0,0.0,4000000.0
550732746,nakaseke,2,1200000.0,0.0,0.0,0.0,399999.9999999999,0.0,0.0,0.0,1600000.0
615825485,mukono,2,2400000.0,0.0,0.0,0.0,0.0,0.0,0.0,0.0,2400000.0
551438282,nakaseke,2,1250000.0,0.0,0.0,0.0,0.0,0.0,0.0,0.0,1250000.0
585181910,nakaseke,2,468000.0,230000.0,0.0,250000.0,0.0,0.0,0.0,0.0,948000.0
553313598,nakaseke,2,14010000.0,0.0,0.0,0.0,1500000.000000001,0.0,0.0,0.0,15510000.0
555219886,nakaseke,2,1900000.0,420000.0,0.0,0.0,0.0,0.0,0.0,0.0,2320000.0
561236657,nakaseke,2,1296000.0,0.0,0.0,500000.0,221000.0,0.0,0.0,0.0,2017000.0
583502844,nakaseke,2,510000.0,0.0,0.0,0.0,0.0,0.0,0.0,0.0,510000.0
584472197,nakaseke,2,702000.0,0.0,300000.0,0.0,466200.0,0.0,0.0,0.0,1468200.0
588619360,nakaseke,2,492000.0,0.0,0.0,0.0,0.0,0.0,0.0,0.0,492000.0
613814407,nakaseke,2,2560000.0,0.0,0.0,0.0,0.0,0.0,0.0,0.0,2560000.0
614850687,mukono,2,200000.0,0.0,0.0,200000.0,0.0,0.0,0.0,0.0,400000.0
615773237,mukono,2,700000.0,0.0,300000.0,200000.0,120000.0,200000.0,0.0,0.0,1520000.0
616679140,mukono,2,3000000.0,1000000.0,0.0,0.0,6000000.0,10000000.0,0.0,0.0,20000000.0
618056509,mukono,2,3000000.0,0.0,0.0,100000.0,0.0,0.0,0.0,0.0,3100000.0
618502947,mukono,2,1000000.0,0.0,0.0,300000.0,200000.0,0.0,0.0,0.0,1500000.0
618503261,mukono,2,900000.0,0.0,0.0,0.0,0.0,0.0,0.0,1000000.0,1900000.0
618738549,mukono,2,900000.0,0.0,0.0,0.0,0.0,0.0,0.0,0.0,900000.0
619307564,mukono,2,1300000.0,0.0,0.0,200000.0,500000.0,0.0,0.0,0.0,2000000.0
619543012,mukono,2,400000.0,360000.0,0.0,0.0,0.0,5100000.0,0.0,0.0,5860000.0
620136574,mukono,2,900000.0,300000.0,200000.0,0.0,300000.0,0.0,0.0,0.0,1700000.0
620155076,mukono,2,500000.0,500000.0,0.0,0.0,300000.0,0.0,0.0,0.0,1300000.0
621076849,mukono,2,1500000.0,0.0,0.0,0.0,2000000.0,0.0,0.0,2000000.0,5500000.0
622287746,mukono,2,700000.0,0.0,0.0,100000.0,70000.0,0.0,0.0,0.0,870000.0
622484987,mukono,2,2400000.0,0.0,0.0,0.0,0.0,0.0,0.0,0.0,2400000.0
631647870,mukono,2,1800000.0,0.0,0.0,0.0,0.0,0.0,0.0,0.0,1800000.0
632483673,mukono,2,2000000.0,200000.0,0.0,300000.0,300000.0,0.0,0.0,0.0,2800000.0
632532023,mukono,2,4800000.0,0.0,0.0,0.0,1000000.0,0.0,0.0,0.0,5800000.0
633706958,mukono,2,320000.0,0.0,0.0,0.0,150000.0,0.0,0.0,0.0,470000.0
634023370,mukono,2,2000000.0,0.0,0.0,200000.0,0.0,0.0,0.0,100000.0,2300000.0
634718078,mukono,2,3000000.0,300000.0,0.0,0.0,300000.0,0.0,0.0,100000.0,3700000.0
634718387,mukono,2,1000000.0,100000.0,100000.0,100000.0,200000.0,0.0,0.0,0.0,1500000.0
635238203,mukono,2,700000.0,100000.0,300000.0,0.0,100000.0,0.0,0.0,0.0,1200000.0
635859907,mukono,2,1800000.0,200000.0,0.0,300000.0,30000.0,0.0,0.0,0.0,2330000.0
636603192,mukono,2,7000000.0,0.0,0.0,0.0,500000.0,2000000.0,0.0,0.0,9500000.0
551433371,nakaseke,2,930000.0,499999.9999999997,0.0,0.0,0.0,0.0,0.0,0.0,1429999.9999999998
581719428,nakaseke,2,554400.0,0.0,0.0,0.0,0.0,0.0,0.0,0.0,554400.0
584453809,nakaseke,2,1008000.0,0.0,0.0,300000.0,0.0,0.0,0.0,0.0,1308000.0
588629366,nakaseke,2,552000.0,350000.0,0.0,0.0,0.0,0.0,0.0,0.0,902000.0
593198085,nakaseke,2,456000.0,0.0,0.0,0.0,0.0,0.0,0.0,0.0,456000.0
614850630,mukono,2,500000.0,0.0,100000.0,0.0,100000.0,0.0,0.0,0.0,700000.0
558415060,nakaseke,2,694400.0,0.0,0.0,250000.0,0.0,0.0,0.0,0.0,944400.0
561237697,nakaseke,2,499200.0,450000.0,0.0,0.0,500000.0,0.0,0.0,0.0,1449200.0
582502398,nakaseke,2,480000.0,0.0,0.0,0.0,225000.0,0.0,0.0,0.0,705000.0
586028388,nakaseke,2,617400.0,0.0,300000.0,0.0,200000.0,0.0,0.0,0.0,1117400.0
613819661,nakaseke,2,336000.0,0.0,0.0,0.0,0.0,0.0,0.0,0.0,336000.0
619770045,mukono,2,900000.0,0.0,0.0,0.0,0.0,0.0,0.0,0.0,900000.0
553313800,nakaseke,2,14000000.0,0.0,0.0,0.0,1500000.000000001,0.0,0.0,0.0,15500000.0
560449000,nakaseke,2,680400.0,0.0,0.0,0.0,150000.0,0.0,0.0,0.0,830400.0
560449862,nakaseke,2,610000.0,0.0,0.0,300000.0,0.0,0.0,0.0,0.0,910000.0
583505325,nakaseke,2,1500000.0,0.0,0.0,0.0,0.0,0.0,0.0,0.0,1500000.0
613821415,nakaseke,2,2232000.0,0.0,0.0,0.0,0.0,0.0,0.0,0.0,2232000.0
561257600,nakaseke,2,325000.0,0.0,0.0,0.0,0.0,0.0,0.0,0.0,325000.0
585193571,nakaseke,2,545200.0,0.0,200000.0,0.0,640800.0,0.0,0.0,0.0,1386000.0
621639988,mukono,2,600000.0,0.0,0.0,0.0,1200000.0,0.0,0.0,0.0,1800000.0
550731204,nakaseke,2,600000.0,0.0,0.0,0.0,0.0,0.0,0.0,0.0,600000.0
550739292,nakaseke,2,500000.0,0.0,0.0,0.0,0.0,0.0,0.0,0.0,500000.0
550740686,nakaseke,2,1000000.0,0.0,0.0,0.0,0.0,0.0,0.0,0.0,1000000.0
551433006,nakaseke,2,1210000.0,350000.0000000001,0.0,0.0,0.0,0.0,0.0,0.0,1560000.0
552803009,nakaseke,2,7950000.0,0.0,0.0,0.0,0.0,0.0,0.0,0.0,7950000.0
554395712,nakaseke,2,2360000.0,0.0,0.0,0.0,50000.00000000001,0.0,0.0,0.0,2410000.0
554399870,,2,8800000.0,0.0,0.0,0.0,499999.9999999997,0.0,0.0,0.0,9300000.0
555219447,nakaseke,2,1050000.0,0.0,0.0,0.0,0.0,0.0,0.0,0.0,1050000.0
559669939,nakaseke,2,2697500.0,0.0,0.0,0.0,520000.0,0.0,0.0,0.0,3217500.0
581666409,nakaseke,2,680400.0,0.0,100000.0,0.0,180000.0,0.0,0.0,0.0,960400.0
585208171,nakaseke,2,975000.0,0.0,300000.0,0.0,0.0,0.0,0.0,0.0,1275000.0
613829595,nakaseke,2,1003400.0,0.0,0.0,0.0,0.0,0.0,0.0,0.0,1003400.0
614807717,mukono,2,800000.0,0.0,0.0,500000.0,0.0,0.0,0.0,0.0,1300000.0
615773415,mukono,2,900000.0,200000.0,0.0,300000.0,300000.0,500000.0,0.0,0.0,2200000.0
616587562,mukono,2,1500000.0,20000.0,0.0,0.0,200000.0,0.0,0.0,0.0,1720000.0
617648818,mukono,2,1200000.0,0.0,0.0,0.0,0.0,0.0,0.0,0.0,1200000.0
617656724,mukono,2,3200000.0,0.0,0.0,0.0,0.0,0.0,0.0,0.0,3200000.0
618738718,mukono,2,2400000.0,0.0,0.0,0.0,0.0,0.0,0.0,0.0,2400000.0
618740822,mukono,2,2400000.0,0.0,0.0,0.0,0.0,0.0,0.0,0.0,2400000.0
619306835,mukono,2,1200000.0,300000.0,0.0,200000.0,0.0,300000.0,0.0,0.0,2000000.0
619559199,mukono,2,6000000.0,0.0,0.0,0.0,12000000.0,0.0,0.0,0.0,18000000.0
619769613,mukono,2,4500000.0,0.0,0.0,0.0,0.0,0.0,0.0,0.0,4500000.0
620129760,mukono,2,3500000.0,500000.0,0.0,0.0,500000.0,0.0,0.0,0.0,4500000.0
620157158,mukono,2,2500000.0,0.0,0.0,2000000.0,1000000.0,300000.0,0.0,0.0,5800000.0
620418682,mukono,2,12000000.0,1800000.0,0.0,0.0,1000000.0,0.0,0.0,0.0,14800000.0
620699865,mukono,2,2400000.0,0.0,0.0,0.0,0.0,0.0,0.0,0.0,2400000.0
620699988,mukono,2,36000000.0,0.0,0.0,0.0,0.0,0.0,0.0,0.0,36000000.0
621075678,mukono,2,1200000.0,0.0,0.0,0.0,0.0,0.0,0.0,100000.0,1300000.0
621078199,mukono,2,1200000.0,0.0,0.0,0.0,500000.0,0.0,0.0,1000000.0,2700000.0
621497521,mukono,2,750000.0,0.0,0.0,500000.0,200000.0,0.0,0.0,0.0,1450000.0
622288485,mukono,2,2000000.0,2500000.0,0.0,0.0,1000000.0,500000.0,0.0,0.0,6000000.0
622289226,mukono,2,900000.0,200000.0,100000.0,0.0,500000.0,0.0,0.0,300000.0,2000000.0
622950844,mukono,2,2600000.0,400000.0,0.0,0.0,1500000.0,0.0,0.0,0.0,4500000.0
622950959,mukono,2,700000.0,100000.0,0.0,200000.0,0.0,0.0,0.0,0.0,1000000.0
622951178,mukono,2,2100000.0,0.0,0.0,0.0,2000000.0,0.0,0.0,0.0,4100000.0
623479319,mukono,2,400000.0,0.0,0.0,0.0,2800000.0,0.0,0.0,0.0,3200000.0
623704150,mukono,2,1000000.0,500000.0,0.0,500000.0,300000.0,0.0,0.0,0.0,2300000.0
623704380,mukono,2,300000.0,0.0,200000.0,0.0,200000.0,0.0,0.0,0.0,700000.0
624715344,mukono,2,200000.0,0.0,0.0,0.0,200000.0,0.0,0.0,1000000.0,1400000.0
631647480,mukono,2,3200000.0,0.0,0.0,0.0,700000.0,0.0,0.0,0.0,3900000.0
632449589,mukono,2,3000000.0,0.0,0.0,500000.0,0.0,0.0,0.0,0.0,3500000.0
632465838,mukono,2,2500000.0,200000.0,0.0,300000.0,300000.0,0.0,0.0,0.0,3300000.0
633165465,mukono,2,2000000.0,400000.0,0.0,500000.0,500000.0,0.0,0.0,0.0,3400000.0
633165662,mukono,2,2000000.0,300000.0,0.0,0.0,300000.0,200000.0,0.0,0.0,2800000.0
634022615,mukono,2,4000000.0,1000000.0,0.0,1000000.0,300000.0,0.0,0.0,0.0,6300000.0
634718321,mukono,2,1000000.0,0.0,0.0,0.0,300000.0,500000.0,0.0,0.0,1800000.0
634929270,mukono,2,80000.0,0.0,0.0,0.0,0.0,0.0,0.0,0.0,80000.0
635102819,mukono,2,1000000.0,0.0,500000.0,0.0,500000.0,0.0,0.0,0.0,2000000.0
635238371,mukono,2,2000000.0,1000000.0,0.0,500000.0,500000.0,0.0,0.0,0.0,4000000.0
635238449,mukono,2,2500000.0,100000.0,0.0,300000.0,300000.0,0.0,0.0,0.0,3200000.0
635238630,mukono,2,1500000.0,500000.0,0.0,300000.0,300000.0,0.0,0.0,0.0,2600000.0
635625333,mukono,2,400000.0,0.0,0.0,0.0,0.0,0.0,0.0,0.0,400000.0
635859825,mukono,2,1500000.0,0.0,0.0,500000.0,0.0,0.0,0.0,0.0,2000000.0
635860002,mukono,2,3000000.0,200000.0,0.0,0.0,0.0,0.0,0.0,0.0,3200000.0
635860179,mukono,2,3000000.0,1000000.0,0.0,500000.0,500000.0,0.0,0.0,0.0,5000000.0
636134719,mukono,2,24000000.0,0.0,0.0,1000000.0,1950000.0,0.0,0.0,0.0,26950000.0
636135880,mukono,2,1400000.0,0.0,1500000.0,0.0,500000.0,0.0,0.0,0.0,3400000.0
636603058,mukono,2,900000.0,0.0,0.0,0.0,200000.0,0.0,0.0,0.0,1100000.0
636603136,mukono,2,700000.0,0.0,0.0,300000.0,500000.0,0.0,0.0,0.0,1500000.0
644152753,mukono,2,2000000.0,200000.0,0.0,300000.0,300000.0,0.0,0.0,300000.0,3100000.0
644152847,mukono,2,700000.0,100000.0,0.0,200000.0,200000.0,0.0,0.0,0.0,1200000.0
644159669,mukono,2,3200000.0,0.0,0.0,0.0,420000.0,0.0,0.0,0.0,3620000.0
554400498,nakaseke,2,7000000.0,0.0,0.0,0.0,100000.00000000001,0.0,0.0,0.0,7100000.0
559666632,nakaseke,2,990000.0,0.0,0.0,150000.0,0.0,0.0,0.0,0.0,1140000.0
619306547,mukono,2,2000000.0,500000.0,0.0,0.0,0.0,0.0,0.0,320000.0,2820000.0
622485261,mukono,2,800000.0,0.0,0.0,0.0,0.0,0.0,0.0,0.0,800000.0
631647195,mukono,2,600000.0,0.0,0.0,0.0,150000.0,0.0,0.0,0.0,750000.0
565368592,nakaseke,2,571200.0,0.0,0.0,0.0,127000.0,0.0,0.0,0.0,698200.0
584454693,nakaseke,2,250000.0,0.0,250000.0,0.0,0.0,0.0,0.0,0.0,500000.0
618738814,mukono,2,2600000.0,0.0,0.0,0.0,0.0,0.0,0.0,0.0,2600000.0
582503421,nakaseke,2,690000.0,0.0,0.0,0.0,0.0,0.0,0.0,0.0,690000.0
589565846,nakaseke,2,720000.0,0.0,0.0,0.0,850000.0,0.0,0.0,0.0,1570000.0
614850459,mukono,2,1100000.0,0.0,0.0,0.0,550000.0,0.0,0.0,0.0,1650000.0
556032422,nakaseke,2,2500000.0,1800000.0,0.0,300000.0,0.0,0.0,0.0,0.0,4600000.0
558422563,nakaseke,2,1750000.0,0.0,0.0,0.0,950000.0,0.0,0.0,0.0,2700000.0
585223034,nakaseke,2,342000.0,0.0,0.0,0.0,0.0,0.0,0.0,0.0,342000.0
623704362,mukono,2,700000.0,500000.0,0.0,0.0,500000.0,0.0,0.0,0.0,1700000.0
633165535,mukono,2,1800000.0,0.0,0.0,500000.0,500000.0,0.0,0.0,0.0,2800000.0
634929225,mukono,2,4000000.0,0.0,0.0,0.0,100000.0,0.0,0.0,0.0,4100000.0
636602878,mukono,2,3500000.0,200000.0,0.0,200000.0,300000.0,0.0,0.0,0.0,4200000.0
558418973,nakaseke,2,1664000.0,0.0,0.0,0.0,1800000.0,2500000.0,0.0,0.0,5964000.0
613827164,nakaseke,2,1560200.0,0.0,450000.0,0.0,950000.0,0.0,0.0,0.0,2960200.0
632876809,mukono,2,320000.0,0.0,0.0,0.0,0.0,0.0,0.0,0.0,320000.0
559670838,nakaseke,2,2073500.0,0.0,0.0,200000.0,0.0,0.0,0.0,0.0,2273500.0
588625655,nakaseke,2,2496000.0,0.0,300000.0,0.0,1050000.0,0.0,0.0,0.0,3846000.0
550732633,nakaseke,2,1050000.0,0.0,0.0,0.0,0.0,0.0,0.0,0.0,1050000.0
550740078,nakaseke,2,1100000.0,149999.99999999994,0.0,0.0,0.0,0.0,0.0,0.0,1250000.0
552802393,nakaseke,2,8800000.0,30000.000000000007,0.0,0.0,1049999.9999999998,0.0,0.0,0.0,9880000.0
553314788,nakaseke,2,7500000.0,0.0,0.0,0.0,559999.9999999998,0.0,0.0,0.0,8060000.0
556033462,nakaseke,2,4032000.0,0.0,0.0,0.0,1755000.0,0.0,0.0,0.0,5787000.0
557694485,nakaseke,2,90000.0,0.0,0.0,50000.0,0.0,0.0,0.0,0.0,140000.0
557694682,nakaseke,2,90000.0,0.0,0.0,25000.0,0.0,0.0,0.0,0.0,115000.0
557711753,nakaseke,2,1750000.0,0.0,0.0,0.0,0.0,0.0,0.0,0.0,1750000.0
557713215,nakaseke,2,1100000.0000000002,0.0,0.0,0.0,0.0,0.0,0.0,0.0,1100000.0000000002
558375556,nakaseke,2,300000.0,0.0,0.0,50000.0,60000.0,0.0,0.0,0.0,410000.0
565368815,nakaseke,2,1150000.0,0.0,0.0,300000.0,0.0,0.0,0.0,0.0,1450000.0
583503314,nakaseke,2,3060000.0,0.0,0.0,0.0,639000.0,0.0,0.0,0.0,3699000.0
592192864,nakaseke,2,2400000.0,0.0,0.0,0.0,0.0,0.0,0.0,0.0,2400000.0
614807974,mukono,2,700000.0,0.0,0.0,400000.0,0.0,0.0,0.0,0.0,1100000.0
614850566,mukono,2,3200000.0,0.0,0.0,0.0,3000000.0,0.0,0.0,0.0,6200000.0
615761193,mukono,2,7000000.0,1000000.0,0.0,0.0,1000000.0,0.0,500000.0,0.0,9500000.0
615773611,mukono,2,1000000.0,200000.0,100000.0,0.0,100000.0,0.0,0.0,0.0,1400000.0
616675567,mukono,2,300000.0,0.0,0.0,0.0,0.0,1000000.0,600000.0,0.0,1900000.0
617462488,mukono,2,650000.0,0.0,0.0,0.0,0.0,4000000.0,0.0,0.0,4650000.0
617463415,mukono,2,300000.0,0.0,0.0,0.0,300000.0,2400000.0,0.0,0.0,3000000.0
617648934,mukono,2,2400000.0,0.0,0.0,0.0,0.0,0.0,0.0,0.0,2400000.0
619547863,mukono,2,1000000.0,0.0,0.0,0.0,250000.0,1000000.0,0.0,0.0,2250000.0
619769827,mukono,2,560000.0,0.0,0.0,0.0,0.0,0.0,0.0,250000.0,810000.0
619769984,mukono,2,1800000.0,0.0,0.0,0.0,0.0,0.0,0.0,0.0,1800000.0
620417365,mukono,2,600000.0,0.0,0.0,0.0,0.0,5000000.0,1000000.0,0.0,6600000.0
620699936,mukono,2,3200000.0,0.0,0.0,0.0,0.0,0.0,0.0,0.0,3200000.0
620700057,mukono,2,1200000.0,0.0,0.0,0.0,1600000.0,0.0,0.0,0.0,2800000.0
621078668,mukono,2,1100000.0,200000.0,0.0,0.0,800000.0,0.0,4800000.0,500000.0,7400000.0
621640204,mukono,2,130000.0,0.0,0.0,0.0,0.0,0.0,0.0,0.0,130000.0
621642449,mukono,2,200000.0,0.0,0.0,0.0,0.0,0.0,0.0,0.0,200000.0
622289483,mukono,2,400000.0,200000.0,100000.0,0.0,200000.0,0.0,0.0,0.0,900000.0
622485078,mukono,2,8000000.0,0.0,0.0,0.0,4500000.0,0.0,0.0,0.0,12500000.0
623981243,mukono,2,100000.0,0.0,0.0,0.0,250000.0,0.0,0.0,0.0,350000.0
624290457,mukono,2,1800000.0,500000.0,0.0,1000000.0,500000.0,600000.0,0.0,0.0,4400000.0
624291333,mukono,2,700000.0,600000.0,0.0,600000.0,500000.0,0.0,0.0,0.0,2400000.0
624292438,mukono,2,700000.0,700000.0,200000.0,200000.0,200000.0,0.0,0.0,0.0,2000000.0
631647010,mukono,2,1200000.0,0.0,0.0,0.0,75000.0,0.0,0.0,0.0,1275000.0
633165312,mukono,2,1200000.0,0.0,0.0,200000.0,0.0,0.0,0.0,0.0,1400000.0
633706793,mukono,2,300000.0,0.0,0.0,0.0,500000.0,0.0,0.0,0.0,800000.0
634022985,mukono,2,900000.0,0.0,0.0,300000.0,0.0,0.0,0.0,100000.0,1300000.0
634718242,mukono,2,5000000.0,1000000.0,0.0,1000000.0,1000000.0,0.0,0.0,0.0,8000000.0
635238561,mukono,2,1200000.0,0.0,0.0,500000.0,300000.0,0.0,0.0,0.0,2000000.0
636135365,mukono,2,3000000.0,0.0,500000.0,300000.0,100000.0,0.0,0.0,0.0,3900000.0
636136285,mukono,2,2400000.0,0.0,0.0,1000000.0,0.0,0.0,0.0,3000000.0,6400000.0
616674531,mukono,2,5100000.0,0.0,0.0,0.0,0.0,0.0,2000000.0,0.0,7100000.0
557715625,nakaseke,2,1650000.0,0.0,0.0,0.0,0.0,0.0,0.0,0.0,1650000.0
582503133,nakaseke,2,1260000.0,0.0,0.0,500000.0,0.0,0.0,0.0,0.0,1760000.0
586804272,nakaseke,2,3217800.0,300000.0,1000000.0,0.0,560000.0,0.0,0.0,0.0,5077800.0
620699783,mukono,2,2800000.0,0.0,0.0,0.0,0.0,0.0,0.0,0.0,2800000.0
550738751,nakaseke,2,400000.0,0.0,0.0,0.0,0.0,0.0,0.0,0.0,400000.0
589566299,nakaseke,2,540000.0,0.0,0.0,0.0,0.0,0.0,0.0,0.0,540000.0
556042851,nakaseke,2,700000.0,0.0,0.0,300000.0,250000.0,0.0,0.0,0.0,1250000.0
581667076,nakaseke,2,831600.0,0.0,300000.0,150000.0,0.0,0.0,0.0,0.0,1281600.0
561201812,nakaseke,2,600000.0,0.0,250000.0,90000.0,90000.0,0.0,0.0,0.0,1030000.0
561202655,nakaseke,2,300000.0,60000.0,55000.0,150000.0,70000.0,0.0,0.0,0.0,635000.0
622951271,mukono,2,1800000.0,1000000.0,0.0,0.0,1200000.0,0.0,0.0,0.0,4000000.0
623479194,mukono,2,2400000.0,0.0,0.0,0.0,1200000.0,0.0,0.0,0.0,3600000.0
633859954,mukono,2,1200000.0,0.0,1000000.0,0.0,500000.0,0.0,0.0,0.0,2700000.0
634322609,mukono,2,1800000.0,0.0,0.0,0.0,0.0,0.0,0.0,0.0,1800000.0
634718422,mukono,2,1000000.0,299999.99999999977,0.0,0.0,0.0,0.0,0.0,0.0,1299999.9999999998
618738459,mukono,2,5400000.0,0.0,0.0,0.0,0.0,0.0,0.0,0.0,5400000.0
552806909,nakaseke,2,1120000.0,0.0,0.0,0.0,466200.00000000035,0.0,0.0,0.0,1586200.0000000005
557694859,nakaseke,2,90000.0,0.0,0.0,0.0,0.0,0.0,0.0,0.0,90000.0
589566059,nakaseke,2,6300000.0,1000000.0,0.0,300000.0,0.0,0.0,0.0,0.0,7600000.0
593200247,nakaseke,2,31200005.0,1000000.0,0.0,0.0,1080000.0,0.0,0.0,0.0,33280005.0
613820537,nakaseke,2,5040000.0,500000.0,0.0,0.0,0.0,0.0,0.0,0.0,5540000.0
614808240,mukono,2,1000000.0,0.0,0.0,600000.0,0.0,200000.0,0.0,0.0,1800000.0
615773753,mukono,2,1500000.0,1000000.0,0.0,200000.0,0.0,0.0,0.0,0.0,2700000.0
617460629,mukono,2,800000.0,0.0,0.0,0.0,0.0,20000000.0,0.0,500000.0,21300000.0
617461111,mukono,2,400000.0,0.0,0.0,300000.0,0.0,0.0,0.0,0.0,700000.0
617461597,mukono,2,120000.0,0.0,0.0,0.0,0.0,0.0,0.0,0.0,120000.0
618056660,mukono,2,1200000.0,0.0,0.0,200000.0,0.0,500000.0,0.0,0.0,1900000.0
618502638,mukono,2,2000000.0,0.0,0.0,0.0,300000.0,0.0,0.0,8999999.999999985,11299999.999999985
618738618,mukono,2,3400000.0,0.0,0.0,0.0,0.0,0.0,0.0,0.0,3400000.0
619308856,mukono,2,3000000.0,500000.0,0.0,0.0,500000.0,0.0,0.0,9000000.0,13000000.0
620131758,mukono,2,700000.0,500000.0,0.0,0.0,500000.0,0.0,0.0,0.0,1700000.0
621077765,mukono,2,2500000.0,0.0,0.0,0.0,0.0,0.0,0.0,1000000.0,3500000.0
622950517,mukono,2,8000000.0,300000.0,0.0,500000.0,4000000.0,0.0,0.0,0.0,12800000.0
623178431,mukono,2,1600000.0,0.0,1000000.0,240000.0,0.0,0.0,0.0,0.0,2840000.0
623271316,mukono,2,750000.0,0.0,0.0,0.0,10000000.0,2000000.0,0.0,0.0,12750000.0
623272577,mukono,2,1000000.0,0.0,0.0,0.0,20000000.0,0.0,0.0,0.0,21000000.0
624293459,mukono,2,1100000.0,1000000.0,0.0,0.0,0.0,0.0,0.0,0.0,2100000.0
624713073,mukono,2,400000.0,0.0,0.0,5000000.0,0.0,0.0,0.0,0.0,5400000.0
624713879,mukono,2,685000.0,0.0,0.0,0.0,0.0,2000000.0,0.0,0.0,2685000.0
625320144,mukono,2,800000.0,360000.0,0.0,0.0,6000000.0,0.0,0.0,0.0,7160000.0
628089142,mukono,2,840000.0,0.0,0.0,0.0,0.0,0.0,5000000.0,0.0,5840000.0
628089849,mukono,2,1400000.0,0.0,0.0,0.0,0.0,3000000.0,0.0,0.0,4400000.0
628775275,mukono,2,45000000.0,0.0,0.0,1000000.0,0.0,10000000.0,0.0,0.0,56000000.0
630120893,mukono,2,2400000.0,0.0,0.0,500000.0,0.0,1000000.0,0.0,0.0,3900000.0
632524617,mukono,2,6500000.0,0.0,0.0,0.0,240000.0,2000000.0,0.0,0.0,8740000.0
633860632,mukono,2,2400000.0,0.0,0.0,0.0,1200000.0,0.0,4800000.0,0.0,8400000.0
633861486,mukono,2,1410000.0,0.0,0.0,0.0,0.0,0.0,6000000.0,0.0,7410000.0
634021883,mukono,2,5000000.0,1000000.0,0.0,0.0,600000.0,0.0,0.0,0.0,6600000.0
634952329,mukono,2,49000000.0,0.0,0.0,0.0,2000000.0,0.0,6000000.0,0.0,57000000.0
635102211,mukono,2,4000000.0,10000000.0,0.0,0.0,5000000.0,0.0,0.0,2000000.0,21000000.0
635102285,mukono,2,1200000.0,0.0,2000000.0,0.0,500000.0,0.0,0.0,0.0,3700000.0
623184098,mukono,2,1500000.0,0.0,0.0,0.0,500000.0,0.0,1000000.0,0.0,3000000.0
554408234,nakaseke,2,550000.0,0.0,0.0,0.0,0.0,0.0,0.0,0.0,550000.0
556042141,nakaseke,2,300000.0,0.0,0.0,0.0,120000.0,0.0,0.0,0.0,420000.0
559614978,nakaseke,2,600000.0,0.0,500000.0,0.0,400000.0,0.0,0.0,0.0,1500000.0
581570782,nakaseke,2,1000000.0,0.0,0.0,500000.0,200000.00000000006,0.0,0.0,0.0,1700000.0
552806065,,2,500000.0,0.0,0.0,0.0,0.0,0.0,0.0,0.0,500000.0
553316435,nakaseke,2,1700000.0,0.0,0.0,299999.99999999977,0.0,0.0,0.0,0.0,1999999.9999999998
558375760,nakaseke,2,150000.0,0.0,0.0,0.0,0.0,0.0,0.0,0.0,150000.0
559615316,nakaseke,2,500000.0,0.0,400000.0,250000.0,50000.0,0.0,0.0,0.0,1200000.0
630121155,mukono,2,4200000.0,1000000.0,0.0,0.0,200000.0,0.0,0.0,0.0,5400000.0
630121646,mukono,2,2800000.0,0.0,0.0,700000.0,120000.0,0.0,0.0,0.0,3620000.0
560425493,nakaseke,2,250000.0,0.0,0.0,100000.0,50000.0,0.0,0.0,0.0,400000.0
560424556,nakaseke,2,600000.0,0.0,500000.0,90000.0,200000.0,0.0,0.0,0.0,1390000.0
561200542,nakaseke,2,600000.0,450000.0,0.0,90000.0,50000.0,0.0,0.0,0.0,1190000.0
561202398,nakaseke,2,350000.0,0.0,200000.0,100000.0,60000.0,0.0,0.0,0.0,710000.0
560425197,nakaseke,2,500000.0,0.0,350000.0,160000.0,90000.0,0.0,0.0,0.0,1100000.0
628088416,mukono,2,1300000.0,3000000.0,0.0,500000.0,0.0,2000000.0,0.0,0.0,6800000.0
628089405,mukono,2,1400000.0,0.0,0.0,0.0,0.0,6000000.0,0.0,0.0,7400000.0
628774965,mukono,2,1000000.0,0.0,2000000.0,500000.0,0.0,0.0,0.0,0.0,3500000.0
632530379,mukono,2,1000000.0,0.0,0.0,5000000.0,500000.0,0.0,0.0,0.0,6500000.0
636135085,mukono,2,20800000.0,1000000.0,0.0,0.0,500000.0,0.0,0.0,0.0,22300000.0
556039009,nakaseke,2,20000.0,0.0,0.0,50000.0,120000.0,0.0,0.0,0.0,190000.0
553316712,nakaseke,2,370000.0,0.0,0.0,0.0,249999.99999999983,0.0,0.0,0.0,619999.9999999998
621496649,mukono,2,2400000.0,0.0,0.0,2400000.0,100000.0,0.0,0.0,0.0,4900000.0
629845932,mukono,2,2000000.0,0.0,0.0,3000000.0,360000.0,0.0,0.0,0.0,5360000.0
632528316,mukono,2,5000000.0,0.0,0.0,1500000.0,0.0,0.0,0.0,0.0,6500000.0
633861263,mukono,2,8400000.0,10000000.0,0.0,0.0,6000000.0,0.0,0.0,0.0,24400000.0
635102642,mukono,2,7000000.0,0.0,0.0,0.0,10000000.0,0.0,0.0,0.0,17000000.0
560423470,nakaseke,2,450000.0,0.0,240000.0,0.0,300000.0,0.0,0.0,0.0,990000.0
551439101,nakaseke,2,1100000.0,0.0,0.0,0.0,0.0,0.0,0.0,0.0,1100000.0
553316111,nakaseke,2,380000.0,0.0,0.0,0.0,60000.00000000002,0.0,0.0,0.0,440000.0
554407800,nakaseke,2,900000.0,0.0,199999.99999999997,0.0,230000.0000000001,0.0,0.0,0.0,1330000.0
558374654,nakaseke,2,450000.0,249999.99999999983,250000.0,100000.0,0.0,0.0,0.0,0.0,1049999.9999999998
558375246,nakaseke,2,220000.0,0.0,50000.0,150000.0,0.0,0.0,0.0,0.0,420000.0
581569323,nakaseke,2,1350000.0,0.0,0.0,999999.9999999997,249999.9999999998,0.0,0.0,0.0,2599999.9999999995
581571879,nakaseke,2,500000.0,0.0,200000.0,150000.0,60000.0,0.0,0.0,0.0,910000.0
564861263,nakaseke,2,500000.0,150000.0,50000.0,100000.0,60000.0,0.0,0.0,0.0,860000.0
559615143,nakaseke,2,300000.0,0.0,50000.0,60000.0,100000.0,0.0,0.0,0.0,510000.0
564864365,nakaseke,2,300000.0,60000.0,58000.0,100000.0,60000.0,0.0,0.0,0.0,578000.0
553315619,nakaseke,2,350000.0,0.0,0.0,0.0,0.0,0.0,0.0,0.0,350000.0
556039301,nakaseke,2,500000.0,0.0,0.0,90000.0,150000.0,0.0,0.0,0.0,740000.0
615757479,mukono,2,800000.0,0.0,0.0,0.0,100000.0,0.0,0.0,0.0,900000.0
615773011,mukono,2,1500000.0,0.0,0.0,0.0,0.0,0.0,0.0,200000.0,1700000.0
619554974,mukono,2,3600000.0,2000000.0,0.0,0.0,1000000.0,0.0,0.0,0.0,6600000.0
620416772,mukono,2,500000.0,0.0,0.0,600000.0,0.0,180000.0,0.0,0.0,1280000.0
620419799,mukono,2,4000000.0,0.0,0.0,0.0,125000.0,0.0,0.0,0.0,4125000.0
621494958,mukono,2,500000.0,0.0,0.0,0.0,0.0,0.0,0.0,5000000.0,5500000.0
621496210,mukono,2,6000000.0,1000000.0,0.0,500000.0,0.0,0.0,0.0,0.0,7500000.0
621498584,mukono,2,16800000.0,0.0,0.0,0.0,500000.0,1000000.0,0.0,0.0,18300000.0
621639094,mukono,2,400000.0,0.0,0.0,0.0,300000.0,0.0,6000000.000000005,0.0,6700000.000000005
623187149,mukono,2,560000.0,0.0,0.0,240000.0,0.0,1000000.0,0.0,0.0,1800000.0
623270536,mukono,2,13500000.0,0.0,0.0,0.0,1900000.0,0.0,0.0,0.0,15400000.0
624711692,mukono,2,1200000.0,1000000.0,0.0,0.0,2000000.0,0.0,0.0,0.0,4200000.0
624712163,mukono,2,2400000.0,1080000.0,0.0,0.0,0.0,5000000.0,0.0,0.0,8480000.0
625315993,mukono,2,1200000.0,0.0,0.0,500000.0,100000.0,0.0,0.0,0.0,1800000.0
628080096,mukono,2,7000000.0,0.0,0.0,0.0,2000000.0,0.0,0.0,0.0,9000000.0
628775775,mukono,2,36000000.0,3000000.0,0.0,0.0,0.0,1000000.0,0.0,0.0,40000000.0
630120684,mukono,2,7000000.0,2000000.0,0.0,0.0,0.0,3000000.0,0.0,0.0,12000000.0
632531024,mukono,2,3500000.0,0.0,0.0,1000000.0,0.0,0.0,5000000.0,0.0,9500000.0
632870785,mukono,2,3200000.0,0.0,0.0,0.0,70000.0,0.0,0.0,0.0,3270000.0
634322563,mukono,2,1200000.0,0.0,0.0,0.0,2000000.0,0.0,0.0,0.0,3200000.0
634951268,mukono,2,1000000.0,0.0,0.0,1300000.0,0.0,0.0,0.0,0.0,2300000.0
619307991,mukono,2,6000000.0,1000000.0,0.0,500000.0,15000000.0,0.0,6000000.0,0.0,28500000.0
634929055,mukono,2,2400000.0,0.0,0.0,0.0,500000.0,0.0,0.0,0.0,2900000.0
635625431,mukono,2,1200000.0,0.0,0.0,0.0,800000.0,0.0,0.0,0.0,2000000.0
625318562,mukono,2,400000.0,0.0,2000000.0,1000000.0,0.0,0.0,0.0,0.0,3400000.0
628776109,mukono,2,4900000.0,0.0,0.0,450000.0,0.0,2000000.0,0.0,0.0,7350000.0
633860413,mukono,2,42000000.0,0.0,0.0,1000000.0,500000.0,0.0,0.0,12000000.0,55500000.0
557694292,nakaseke,2,300000.0,0.0,0.0,50000.0,60000.0,0.0,0.0,0.0,410000.0
582450581,nakaseke,2,350000.0,50000.0,90000.0,0.0,0.0,0.0,0.0,0.0,490000.0
613185259,nakaseke,2,390000.0,0.0,0.0,0.0,400000.0,0.0,0.0,0.0,790000.0
614810845,mukono,2,800000.0,0.0,0.0,0.0,0.0,0.0,0.0,0.0,800000.0
617648764,mukono,2,1200000.0,0.0,0.0,0.0,0.0,0.0,0.0,0.0,1200000.0
551438934,nakaseke,2,1700000.0,0.0,0.0,0.0,0.0,0.0,0.0,0.0,1700000.0
589548879,nakaseke,2,20000.0,0.0,100000.0,0.0,250000.0,0.0,0.0,0.0,370000.0
554402613,nakaseke,2,0.0,0.0,0.0,0.0,60000.00000000002,0.0,0.0,0.0,60000.00000000002
589547568,nakaseke,2,350000.0,0.0,0.0,25000.0,0.0,5000000.000000003,0.0,0.0,5375000.000000003
592180125,nakaseke,2,350000.0,0.0,0.0,0.0,200000.0,0.0,0.0,0.0,550000.0
613184766,nakaseke,2,600000.0,0.0,0.0,100000.0,250000.0,0.0,0.0,0.0,950000.0
613185864,nakaseke,2,600000.0,20000.0,0.0,100000.00000000001,500000.0,0.0,0.0,0.0,1220000.0
593216040,nakaseke,2,400000.0,250000.0,69000.0,0.0,200000.0,0.0,0.0,0.0,919000.0
552806578,nakaseke,2,1300000.0,0.0,0.0,0.0,0.0,0.0,0.0,0.0,1300000.0
554403180,,2,1100000.0,0.0,0.0,0.0,499999.99999999977,4999999.999999999,0.0,0.0,6599999.999999999
554997531,nakaseke,2,400000.0,0.0,0.0,60000.0,250000.0,0.0,0.0,0.0,710000.0
581568916,nakaseke,2,500000.0,0.0,90000.0,60000.0,170000.0,0.0,0.0,0.0,820000.0
582449149,nakaseke,2,600000.0,250000.0,0.0,150000.0,50000.0,0.0,0.0,0.0,1050000.0
583384059,nakaseke,2,9000000.0,350000.0,0.0,0.0,250000.0,0.0,0.0,0.0,9600000.0
584465855,nakaseke,2,400000.0,150000.0,0.0,0.0,0.0,0.0,0.0,0.0,550000.0
585291611,nakaseke,2,9000000.0,30000.0,0.0,60000.0,350000.0,0.0,0.0,0.0,9440000.0
588618114,nakaseke,2,600000.0,0.0,0.0,120000.0,30000.0,0.0,0.0,0.0,750000.0
589549118,nakaseke,2,600000.0,0.0,90000.0,0.0,250000.0,0.0,0.0,0.0,940000.0
592179551,nakaseke,2,200000.0,0.0,0.0,150000.0,150000.0,0.0,0.0,0.0,500000.0
613185857,nakaseke,2,600000.0,300000.0,0.0,120000.0,350000.0,0.0,0.0,0.0,1370000.0
613185868,nakaseke,2,500000.0,350000.0,0.0,0.0,400000.0,0.0,0.0,0.0,1250000.0
618737230,mukono,2,1800000.0,0.0,0.0,0.0,0.0,0.0,0.0,0.0,1800000.0
625321534,mukono,2,5600000.0,0.0,0.0,0.0,2000000.0,10000000.0,0.0,0.0,17600000.0
613185262,nakaseke,2,260000.0,0.0,300000.0,100000.0,250000.0,0.0,0.0,0.0,910000.0
586823072,nakaseke,2,600000.0,0.0,0.0,100000.00000000001,600000.0,0.0,0.0,0.0,1300000.0
586821078,nakaseke,2,800000.0,0.0,0.0,20000.0,96000.0,0.0,0.0,0.0,916000.0
586823179,nakaseke,2,600000.0,0.0,0.0,100000.0,600000.0,0.0,0.0,0.0,1300000.0
588618032,nakaseke,2,1000000.0,200000.0,0.0,150000.0,350000.0,0.0,0.0,0.0,1700000.0
592179319,nakaseke,2,300000.0,0.0,0.0,0.0,200000.0,0.0,0.0,0.0,500000.0
613185254,nakaseke,2,350000.0,400000.0,299999.9999999999,0.0,230000.0,0.0,0.0,0.0,1280000.0
613184756,nakaseke,2,380000.0,0.0,50000.00000000001,0.0,350000.0,0.0,0.0,0.0,780000.0
613184762,nakaseke,2,5000000.0,0.0,89999.99999999997,700000.0,250000.0,100000.0,0.0,0.0,6140000.0
593216705,nakaseke,2,350000.0,109.0,0.0,0.0,200000.0,0.0,0.0,0.0,550109.0
582448458,nakaseke,2,600000.0,300000.0,0.0,150000.0,200000.0,0.0,0.0,0.0,1250000.0
583383308,nakaseke,2,560000.0,30000.0,90000.0,3.0,20000.0,0.0,0.0,0.0,700003.0
584457728,nakaseke,2,350000.0,0.0,0.0,0.0,0.0,0.0,0.0,0.0,350000.0
584460556,nakaseke,2,250000.0,100000.0,0.0,150000.0,400000.0000000001,0.0,0.0,0.0,900000.0000000001
586822745,nakaseke,2,600000.0,300000.0,0.0,0.0,200000.0,0.0,0.0,0.0,1100000.0
588618956,nakaseke,2,600000.0,0.0,150000.0,0.0,250000.0,0.0,0.0,0.0,1000000.0
588619984,nakaseke,2,500000.0,0.0,0.0,0.0,250000.0,0.0,0.0,0.0,750000.0
589548430,nakaseke,2,300000.0,0.0,25000.0,0.0,500000.0,0.0,0.0,0.0,825000.0
613184214,nakaseke,2,200000.0,0.0,50000.0,0.0,130000.0,0.0,0.0,0.0,380000.0
551438775,nakaseke,2,1200000.0,0.0,0.0,0.0,0.0,0.0,0.0,0.0,1200000.0
552805506,nakaseke,2,9700000.0,0.0,0.0,0.0,0.0,0.0,0.0,0.0,9700000.0
582449815,nakaseke,2,500000.0,200000.0,0.0,0.0,60000.0,1350000.0000000002,0.0,0.0,2110000.0
583383783,nakaseke,2,500000.0,200000.0,0.0,0.0,300000.0,0.0,0.0,0.0,1000000.0
583384470,nakaseke,2,500000.0,250000.0,0.0,100000.00000000001,200000.0,0.0,0.0,0.0,1050000.0
585919910,nakaseke,2,2000000.0,500000.0,89999.99999999997,500000.0,600000.0,0.0,0.0,0.0,3690000.0
585937638,nakaseke,2,600000.0,250000.0,50000.00000000001,60000.0,260000.0,0.0,0.0,0.0,1220000.0
592179023,nakaseke,2,1000000.0,200000.0,0.0,100000.0,0.0,0.0,0.0,0.0,1300000.0
551439238,nakaseke,2,1500000.0,0.0,0.0,0.0,0.0,0.0,0.0,0.0,1500000.0
555070994,nakaseke,2,600000.0,250000.0,0.0,100000.0,60000.0,0.0,0.0,0.0,1010000.0
555112218,nakaseke,2,1050000.0,0.0,0.0,999999.9999999997,0.0,0.0,0.0,0.0,2049999.9999999995
555148547,nakaseke,2,400000.0,250000.0,0.0,90000.0,400000.0,0.0,0.0,0.0,1140000.0
584458624,nakaseke,2,600000.0,250000.0,400000.0,100000.0,0.0,0.0,0.0,0.0,1350000.0
585290674,nakaseke,2,500000.0,250000.0,0.0,100000.0,900000.0,0.0,0.0,0.0,1750000.0
585290890,nakaseke,2,700000.0,300000.0,50000.0,120000.0,350000.0,0.0,0.0,0.0,1520000.0
585309665,nakaseke,2,500000.0,0.0,0.0,0.0,200000.0,0.0,0.0,0.0,700000.0
585924133,nakaseke,2,600000.0,200000.0,0.0,150000.0,300000.0,0.0,0.0,0.0,1250000.0
585929887,nakaseke,2,500000.0,0.0,0.0,0.0,0.0,0.0,0.0,0.0,500000.0
613834815,nakaseke,2,2100000.0,0.0,0.0,0.0,0.0,0.0,0.0,100000.00000000001,2200000.0
613836978,nakaseke,2,700000.0,0.0,0.0,0.0,0.0,0.0,0.0,0.0,700000.0
617656696,mukono,2,1099999.9999999998,0.0,0.0,199999.99999999997,199999.99999999997,0.0,0.0,0.0,1499999.9999999998
633860938,mukono,2,3000000.0,1000000.0,0.0,0.0,5000000.0,0.0,0.0,0.0,9000000.0
616677841,mukono,3,70000.0,0.0,6000000.0,0.0,0.0,0.0,0.0,0.0,6070000.0
551440657,nakaseke,3,280000.0,0.0,299999.99999999977,0.0,0.0,0.0,0.0,0.0,579999.9999999998
592191523,nakaseke,3,312000.0,0.0,0.0,0.0,500000.0,0.0,0.0,0.0,812000.0
552803559,nakaseke,3,3440000.0,499999.9999999997,0.0,0.0,299999.9999999999,0.0,0.0,0.0,4239999.999999999
613177526,nakaseke,3,50000000.0,0.0,0.0,0.0,0.0,0.0,0.0,0.0,50000000.0
613831899,nakaseke,3,203000.0,0.0,0.0,0.0,0.0,0.0,0.0,0.0,203000.0
614880484,mukono,3,120000.0,0.0,0.0,0.0,0.0,0.0,0.0,0.0,120000.0
550714067,nakaseke,3,800000.0,0.0,0.0,0.0,89999.99999999997,0.0,0.0,0.0,890000.0
550714208,nakaseke,3,1000000.0,0.0,0.0,0.0,466200.00000000035,0.0,0.0,0.0,1466200.0000000005
556045414,nakaseke,3,1000000.0,0.0,0.0,0.0,500000.0,0.0,0.0,0.0,1500000.0
556046788,nakaseke,3,800000.0,0.0,0.0,300000.0,0.0,0.0,0.0,0.0,1100000.0
557695958,nakaseke,3,1000000.0,500000.0,0.0,0.0,200000.0,0.0,0.0,0.0,1700000.0
560461977,nakaseke,3,3000000.0,500000.0,0.0,0.0,0.0,0.0,0.0,0.0,3500000.0
592361767,nakaseke,3,5000000.0,0.0,0.0,0.0,250000.0,0.0,0.0,0.0,5250000.0
592363240,nakaseke,3,3000000.0,200000.0,0.0,0.0,500000.0,0.0,0.0,0.0,3700000.0
616701192,mukono,3,520000.0,0.0,0.0,0.0,0.0,0.0,0.0,0.0,520000.0
624293019,mukono,3,900000.0,500000.0,200000.0,300000.0,300000.0,0.0,0.0,0.0,2200000.0
550715350,nakaseke,3,800000.0,0.0,0.0,0.0,0.0,0.0,0.0,0.0,800000.0
552803832,nakaseke,3,2300000.0,0.0,0.0,0.0,949999.9999999999,0.0,0.0,0.0,3250000.0
553311655,nakaseke,3,950000.0,499999.99999999977,0.0,0.0,126999.99999999991,0.0,0.0,0.0,1576999.9999999998
554396495,nakaseke,3,900000.0,0.0,0.0,0.0,0.0,0.0,0.0,0.0,900000.0
555218845,nakaseke,3,4500000.0,0.0,0.0,400000.0,0.0,0.0,0.0,0.0,4900000.0
556047384,nakaseke,3,1500000.0,0.0,0.0,300000.0,0.0,500000.0,0.0,0.0,2300000.0
557713875,nakaseke,3,700000.0,0.0,0.0,0.0,0.0,0.0,0.0,0.0,700000.0
558376731,nakaseke,3,800000.0,0.0,0.0,0.0,0.0,0.0,0.0,0.0,800000.0
558377788,nakaseke,3,1250000.0,0.0,0.0,350000.0,40000.0,0.0,0.0,0.0,1640000.0
558378029,nakaseke,3,1000000.0,0.0,0.0,0.0,250000.0,0.0,0.0,0.0,1250000.0
559605691,nakaseke,3,4000000.0,300000.0,0.0,0.0,250000.0,0.0,0.0,0.0,4550000.0
560460598,nakaseke,3,4000000.0,0.0,0.0,0.0,0.0,0.0,0.0,0.0,4000000.0
560460842,nakaseke,3,2000000.0,0.0,0.0,0.0,400000.0,0.0,0.0,0.0,2400000.0
561199081,nakaseke,3,2500000.0,400000.0,0.0,0.0,200000.0,0.0,0.0,0.0,3100000.0
561203340,nakaseke,3,2500000.0,0.0,0.0,0.0,0.0,0.0,0.0,0.0,2500000.0
561250862,nakaseke,3,399600.0,0.0,0.0,300000.0,0.0,0.0,0.0,0.0,699600.0
582704845,nakaseke,3,7000000.0,400000.0,0.0,0.0,0.0,0.0,0.0,0.0,7400000.0
585217011,nakaseke,3,8000000.0,0.0,200000.0,0.0,0.0,0.0,0.0,0.0,8200000.0
588626659,nakaseke,3,156000.0,500000.0,300000.0,0.0,0.0,0.0,0.0,0.0,956000.0
588783193,nakaseke,3,7000000.0,0.0,0.0,0.0,0.0,0.0,0.0,0.0,7000000.0
613810847,nakaseke,3,360000.0,0.0,0.0,0.0,0.0,0.0,0.0,0.0,360000.0
614880582,mukono,3,400000.0,0.0,0.0,0.0,0.0,0.0,0.0,0.0,400000.0
616579050,mukono,3,500000.0,0.0,0.0,0.0,0.0,0.0,0.0,90000.0,590000.0
616701381,mukono,3,400000.0,0.0,0.0,0.0,0.0,0.0,0.0,180000.0,580000.0
623704503,mukono,3,300000.0,0.0,0.0,100000.0,0.0,0.0,0.0,100000.0,500000.0
550714829,nakaseke,3,600000.0,0.0,0.0,0.0,0.0,0.0,0.0,0.0,600000.0
551432268,nakaseke,3,650000.0,0.0,0.0,0.0,0.0,0.0,0.0,0.0,650000.0
551438359,nakaseke,3,3800000.0,399999.9999999999,100000.00000000004,0.0,0.0,0.0,0.0,0.0,4300000.0
551438847,nakaseke,3,750000.0,0.0,0.0,0.0,69999.99999999994,0.0,0.0,0.0,820000.0
552834713,nakaseke,3,2500000.0,0.0,0.0,0.0,499999.99999999977,0.0,0.0,0.0,3000000.0
553313606,nakaseke,3,1100000.0,0.0,0.0,0.0,225000.00000000015,0.0,0.0,0.0,1325000.0000000002
553314110,nakaseke,3,6500000.0,0.0,0.0,0.0,100000.00000000001,0.0,0.0,0.0,6600000.0
553314852,nakaseke,3,6380000.0,0.0,0.0,0.0,249999.99999999983,0.0,0.0,0.0,6630000.0
554382238,nakaseke,3,5500000.0,0.0,200000.00000000006,0.0,200000.00000000006,0.0,0.0,0.0,5900000.0
554383042,nakaseke,3,5500000.0,0.0,0.0,0.0,359999.99999999994,0.0,0.0,0.0,5860000.0
554388188,nakaseke,3,7500000.0,0.0,200000.00000000006,0.0,120000.00000000006,0.0,0.0,0.0,7820000.0
555219221,nakaseke,3,4000000.0,0.0,0.0,0.0,1000000.0,0.0,6000000.0,0.0,11000000.0
555219441,nakaseke,3,8000000.0,0.0,0.0,0.0,1000000.0,0.0,0.0,0.0,9000000.0
555219813,nakaseke,3,800000.0,0.0,0.0,0.0,150000.0,0.0,0.0,0.0,950000.0
556046148,nakaseke,3,500000.0,0.0,0.0,200000.0,150000.0,0.0,0.0,0.0,850000.0
557695618,nakaseke,3,800000.0,0.0,0.0,0.0,300000.0,0.0,0.0,0.0,1100000.0
557695779,nakaseke,3,5000000.0,0.0,200000.0,0.0,0.0,0.0,0.0,0.0,5200000.0
557696080,nakaseke,3,2000000.0,800000.0,0.0,250000.0,0.0,0.0,0.0,0.0,3050000.0
559607285,nakaseke,3,1000000.0,0.0,150000.0,300000.0,0.0,0.0,0.0,0.0,1450000.0
559607680,nakaseke,3,3500000.0,0.0,0.0,350000.0,0.0,0.0,0.0,0.0,3850000.0
559615651,nakaseke,3,2000000.0,0.0,0.0,0.0,0.0,0.0,0.0,0.0,2000000.0
560459965,nakaseke,3,3000000.0,0.0,0.0,0.0,0.0,0.0,1500000.0,0.0,4500000.0
561202301,nakaseke,3,3500000.0,0.0,150000.0,0.0,0.0,0.0,0.0,0.0,3650000.0
567488224,nakaseke,3,3000000.0,0.0,0.0,0.0,300000.0,0.0,0.0,0.0,3300000.0
581728335,nakaseke,3,6000000.0,400000.0,0.0,0.0,0.0,0.0,0.0,0.0,6400000.0
581800534,nakaseke,3,5000000.0,0.0,0.0,0.0,400000.0,0.0,0.0,0.0,5400000.0
581801301,nakaseke,3,4000000.0,0.0,0.0,0.0,0.0,0.0,0.0,0.0,4000000.0
582682579,nakaseke,3,3000000.0,0.0,0.0,0.0,400000.0,0.0,0.0,0.0,3400000.0
582684638,nakaseke,3,2000000.0,0.0,0.0,0.0,0.0,0.0,0.0,0.0,2000000.0
583582238,nakaseke,3,15000000.0,500000.0,0.0,0.0,0.0,0.0,0.0,0.0,15500000.0
584447265,nakaseke,3,8000000.0,0.0,0.0,0.0,500000.0,0.0,0.0,0.0,8500000.0
585215638,nakaseke,3,15000000.0,0.0,0.0,0.0,0.0,0.0,0.0,0.0,15000000.0
585216305,nakaseke,3,3000000.0,0.0,0.0,0.0,0.0,0.0,0.0,0.0,3000000.0
587012670,nakaseke,3,15000000.0,0.0,0.0,0.0,0.0,0.0,0.0,0.0,15000000.0
587012983,nakaseke,3,8000000.0,0.0,0.0,0.0,200000.0,0.0,0.0,0.0,8200000.0
587013280,nakaseke,3,25000000.0,0.0,0.0,0.0,0.0,2000000.0,0.0,0.0,27000000.0
588781706,nakaseke,3,14000000.0,300000.0,0.0,0.0,0.0,0.0,0.0,0.0,14300000.0
589705500,nakaseke,3,5000000.0,0.0,0.0,0.0,400000.0,0.0,0.0,0.0,5400000.0
589705733,nakaseke,3,12000000.0,450000.0,0.0,0.0,0.0,0.0,0.0,0.0,12450000.0
592193539,nakaseke,3,7998000.0,0.0,0.0,0.0,0.0,0.0,0.0,0.0,7998000.0
593223241,nakaseke,3,3000000.0,3000000.0,0.0,0.0,5000000.0,0.0,0.0,0.0,11000000.0
593223559,nakaseke,3,5000000.0,450000.0,0.0,0.0,0.0,0.0,0.0,0.0,5450000.0
613174996,nakaseke,3,3500000.0,0.0,0.0,0.0,300000.0,0.0,0.0,0.0,3800000.0
613177861,nakaseke,3,2000000.0,0.0,0.0,0.0,500000.0,0.0,0.0,0.0,2500000.0
613177864,nakaseke,3,5000000.0,0.0,0.0,0.0,0.0,0.0,0.0,0.0,5000000.0
613178463,nakaseke,3,8000000.0,0.0,0.0,0.0,0.0,5000000.0,0.0,0.0,13000000.0
613178868,nakaseke,3,500000.0,0.0,0.0,0.0,300000.0,0.0,0.0,0.0,800000.0
613180603,nakaseke,3,2000000.0,0.0,0.0,0.0,0.0,0.0,0.0,0.0,2000000.0
613822490,nakaseke,3,180000.0,150000.0,250000.0,0.0,0.0,0.0,0.0,0.0,580000.0
613825443,nakaseke,3,754000.0,250000.0,0.0,100000.0,0.0,0.0,0.0,0.0,1104000.0
618055484,mukono,3,750000.0,0.0,0.0,0.0,0.0,0.0,0.0,500000.0,1250000.0
619558400,mukono,3,350000.0,0.0,0.0,200000.0,100000.0,0.0,0.0,0.0,650000.0
621499875,mukono,3,800000.0,0.0,3600000.0,0.0,0.0,0.0,0.0,0.0,4400000.0
623176650,mukono,3,500000.0,0.0,12000000.0,1000000.0,0.0,0.0,0.0,0.0,13500000.0
623183149,mukono,3,288000.0,0.0,0.0,0.0,0.0,1000000.0,0.0,5000000.0,6288000.0
623185581,mukono,3,500000.0,0.0,0.0,1000000.0,0.0,2400000.0,0.0,0.0,3900000.0
633165095,mukono,3,500000.0,0.0,0.0,3000000.0,20000000.0,0.0,0.0,0.0,23500000.0
633861862,mukono,3,2000000.0,0.0,1000000.0,20000000.0,0.0,0.0,0.0,0.0,23000000.0
634022320,mukono,3,300000.0,0.0,0.0,300000.0,0.0,0.0,0.0,0.0,600000.0
634322498,mukono,3,120000.0,0.0,0.0,0.0,0.0,0.0,0.0,0.0,120000.0
634928993,mukono,3,60000.0,0.0,0.0,0.0,0.0,0.0,0.0,0.0,60000.0
634952733,mukono,3,1400000.0,0.0,0.0,0.0,500000.0,10000000.0,0.0,0.0,11900000.0
634953204,mukono,3,1200000.0,720000.0,0.0,0.0,500000.0,0.0,0.0,0.0,2420000.0
635102101,mukono,3,500000.0,0.0,0.0,0.0,0.0,20000000.0,12000000.0,0.0,32500000.0
635102513,mukono,3,800000.0,0.0,0.0,10000000.0,1000000.0,0.0,0.0,0.0,11800000.0
644159914,mukono,3,15000000.0,0.0,0.0,0.0,2800000.0,0.0,0.0,0.0,17800000.0
644420047,mukono,3,800000.0,0.0,0.0,0.0,0.0,2000000.0,0.0,0.0,2800000.0
551439754,nakaseke,3,4000000.0,349999.9999999997,0.0,0.0,0.0,0.0,0.0,0.0,4350000.0
552968706,nakaseke,3,8000000.0,0.0,0.0,0.0,999999.9999999995,0.0,0.0,0.0,9000000.0
552969446,nakaseke,3,2500000.0,0.0,0.0,0.0,1049999.9999999998,0.0,0.0,0.0,3550000.0
552970239,nakaseke,3,3500000.0,0.0,0.0,0.0,0.0,0.0,0.0,0.0,3500000.0
554387935,nakaseke,3,5500000.0,0.0,0.0,0.0,420000.00000000023,0.0,0.0,0.0,5920000.0
558377096,nakaseke,3,2500000.0,500000.0,0.0,0.0,0.0,1000000.0,0.0,0.0,4000000.0
559607458,nakaseke,3,4000000.0,500000.0,0.0,0.0,200000.0,0.0,0.0,0.0,4700000.0
567493335,nakaseke,3,2000000.0,0.0,0.0,400000.0,800000.0,0.0,0.0,0.0,3200000.0
581802079,nakaseke,3,7000000.0,0.0,150000.0,0.0,300000.0,0.0,0.0,0.0,7450000.0
582619340,nakaseke,3,2000000.0,0.0,0.0,0.0,0.0,0.0,0.0,0.0,2000000.0
583580839,nakaseke,3,25000000.0,0.0,0.0,0.0,0.0,10000000.0,0.0,0.0,35000000.0
584444811,nakaseke,3,4000000.0,0.0,0.0,300000.0,0.0,0.0,0.0,0.0,4300000.0
585215286,nakaseke,3,6500000.0,500000.0,0.0,500000.0,0.0,0.0,0.0,0.0,7500000.0
587013182,nakaseke,3,6000000.0,0.0,150000.0,0.0,450000.0,0.0,0.0,0.0,6600000.0
588782700,nakaseke,3,12000000.0,0.0,0.0,500000.0,0.0,0.0,0.0,0.0,12500000.0
589705993,nakaseke,3,10000000.0,0.0,0.0,0.0,0.0,0.0,0.0,0.0,10000000.0
613178458,nakaseke,3,30000000.0,500000.0,0.0,0.0,0.0,0.0,0.0,0.0,30500000.0
613178880,nakaseke,3,3000000.0,800000.0,300000.0,0.0,0.0,0.0,0.0,0.0,4100000.0
613179574,nakaseke,3,4000000.0,0.0,0.0,0.0,400000.0,0.0,0.0,0.0,4400000.0
615825416,mukono,3,50000.0,0.0,0.0,0.0,0.0,0.0,0.0,0.0,50000.0
619544793,mukono,3,1000000.0,0.0,0.0,0.0,0.0,1000000.0,0.0,0.0,2000000.0
623479229,mukono,3,120000.0,0.0,0.0,0.0,0.0,0.0,0.0,0.0,120000.0
633706398,mukono,3,600000.0,0.0,0.0,0.0,0.0,0.0,0.0,0.0,600000.0
633706854,mukono,3,150000.0,0.0,0.0,0.0,80000.0,0.0,0.0,0.0,230000.0
553314312,nakaseke,3,11000000.0,0.0,0.0,0.0,999999.9999999995,0.0,0.0,0.0,12000000.0
555219512,nakaseke,3,1200000.0,2000000.0,0.0,0.0,0.0,0.0,0.0,0.0,3200000.0
561200684,nakaseke,3,4000000.0,0.0,0.0,200000.0,0.0,0.0,0.0,0.0,4200000.0
583583184,nakaseke,3,20000000.0,0.0,0.0,0.0,500000.0,0.0,0.0,0.0,20500000.0
584444125,nakaseke,3,8000000.0,0.0,0.0,0.0,0.0,1000000.0,0.0,0.0,9000000.0
584446459,nakaseke,3,4000000.0,0.0,200000.0,0.0,0.0,0.0,0.0,0.0,4200000.0
586786507,nakaseke,3,551800.0,160000.0,0.0,0.0,0.0,0.0,0.0,0.0,711800.0
586805028,nakaseke,3,384400.0,180000.0,0.0,0.0,100800.0,0.0,0.0,0.0,665200.0
588783732,nakaseke,3,8000000.0,0.0,0.0,300000.0,0.0,0.0,0.0,0.0,8300000.0
589705256,nakaseke,3,10000000.0,0.0,0.0,0.0,0.0,8000000.0,0.0,0.0,18000000.0
592362627,nakaseke,3,4000000.0,500000.0,0.0,0.0,0.0,0.0,0.0,0.0,4500000.0
592363516,nakaseke,3,9900000.0,0.0,0.0,0.0,0.0,0.0,0.0,0.0,9900000.0
615755561,mukono,3,24000000.0,2000000.0,0.0,0.0,1000000.0,5000000.0,0.0,0.0,32000000.0
616699698,mukono,3,600000.0,0.0,0.0,0.0,0.0,0.0,0.0,0.0,600000.0
618056804,mukono,3,1400000.0,0.0,0.0,200000.0,50000.0,0.0,0.0,0.0,1650000.0
623479343,mukono,3,150000.0,0.0,0.0,0.0,70000.0,0.0,0.0,0.0,220000.0
631647706,mukono,3,230000.0,0.0,0.0,0.0,0.0,0.0,0.0,0.0,230000.0
632871446,mukono,3,800000.0,0.0,0.0,0.0,0.0,0.0,0.0,0.0,800000.0
644420087,mukono,3,600000.0,0.0,0.0,1500000.0,0.0,0.0,0.0,0.0,2100000.0
583581711,nakaseke,3,8000000.0,0.0,200000.0,0.0,0.0,0.0,0.0,0.0,8200000.0
592192218,nakaseke,3,2400000.0,0.0,0.0,0.0,250000.0,0.0,0.0,0.0,2650000.0
614880682,mukono,3,1400000.0,0.0,0.0,0.0,0.0,0.0,0.0,0.0,1400000.0
618739011,mukono,3,6400000.0,0.0,0.0,0.0,0.0,0.0,0.0,0.0,6400000.0
618739107,mukono,3,1800000.0,0.0,0.0,0.0,0.0,0.0,0.0,0.0,1800000.0
622484850,mukono,3,600000.0,0.0,0.0,0.0,0.0,0.0,0.0,0.0,600000.0
623479274,mukono,3,150000.0,0.0,0.0,0.0,0.0,0.0,0.0,0.0,150000.0
623981062,mukono,3,400000.0,0.0,0.0,0.0,180000.0,0.0,0.0,0.0,580000.0
634929144,mukono,3,40000.0,0.0,0.0,0.0,75000.0,0.0,0.0,0.0,115000.0
635625391,mukono,3,120000.0,0.0,0.0,0.0,0.0,0.0,0.0,0.0,120000.0
635625490,mukono,3,80000.0,0.0,0.0,0.0,0.0,0.0,0.0,0.0,80000.0
556031317,nakaseke,3,450000.0,0.0,0.0,0.0,0.0,0.0,0.0,0.0,450000.0
556037719,nakaseke,3,400000.0,0.0,0.0,0.0,0.0,0.0,0.0,0.0,400000.0
560449324,nakaseke,3,2666000.0,0.0,0.0,0.0,1425600.0,0.0,0.0,0.0,4091600.0
586026956,nakaseke,3,354000.0,0.0,300000.0,0.0,0.0,0.0,0.0,0.0,654000.0
616680304,mukono,3,400000.0,0.0,800000.0,0.0,0.0,3600000.0,0.0,0.0,4800000.0
616700114,mukono,3,360000.0,0.0,0.0,0.0,0.0,0.0,0.0,0.0,360000.0
623980936,mukono,3,180000.0,0.0,0.0,0.0,0.0,0.0,0.0,0.0,180000.0
632872132,mukono,3,590000.0,0.0,0.0,0.0,0.0,0.0,0.0,0.0,590000.0
550732883,nakaseke,3,2800000.0,0.0,0.0,0.0,0.0,0.0,0.0,0.0,2800000.0
582502735,nakaseke,3,450000.0,0.0,0.0,0.0,0.0,0.0,0.0,0.0,450000.0
586030936,nakaseke,3,195000.0,0.0,150000.0,0.0,0.0,0.0,0.0,0.0,345000.0
614807290,mukono,3,900000.0,0.0,0.0,0.0,0.0,0.0,0.0,600000.0,1500000.0
614850521,mukono,3,200000.0,0.0,150000.0,0.0,300000.0,0.0,0.0,0.0,650000.0
614880379,mukono,3,2600000.0,0.0,0.0,20000.0,499999.9999999997,0.0,0.0,0.0,3119999.9999999995
615759274,mukono,3,1000000.0,0.0,0.0,0.0,0.0,0.0,500000.0,0.0,1500000.0
615825361,mukono,3,2600000.0,0.0,0.0,0.0,0.0,0.0,0.0,0.0,2600000.0
616578776,mukono,3,1200000.0,300000.0,200000.0,0.0,0.0,1500000.0,0.0,0.0,3200000.0
616579437,mukono,3,1500000.0,0.0,0.0,500000.0,0.0,0.0,0.0,0.0,2000000.0
616580090,mukono,3,300000.0,100000.0,100000.0,100000.0,300000.0,0.0,0.0,0.0,900000.0
616699119,mukono,3,90000.0,0.0,0.0,0.0,0.0,0.0,0.0,0.0,90000.0
617648886,mukono,3,320000.0,0.0,0.0,0.0,0.0,0.0,0.0,0.0,320000.0
618056277,mukono,3,900000.0,0.0,0.0,100000.0,0.0,0.0,0.0,0.0,1000000.0
618502771,mukono,3,500000.0,0.0,200000.0,0.0,0.0,0.0,0.0,0.0,700000.0
618503624,mukono,3,1100000.0,0.0,0.0,1000000.0,0.0,0.0,0.0,0.0,2100000.0
619549456,mukono,3,1600000.0,0.0,0.0,0.0,0.0,1200000.0,0.0,1400000.0,4200000.0
619551006,mukono,3,480000.0,0.0,0.0,500000.0,0.0,0.0,0.0,0.0,980000.0
619552154,mukono,3,1200000.0,0.0,0.0,0.0,1000000.0,0.0,0.0,0.0,2200000.0
619559855,mukono,3,1800000.0,0.0,0.0,0.0,2000000.0,1350000.0,0.0,0.0,5150000.0
622292961,mukono,3,500000.0,0.0,0.0,400000.0,0.0,0.0,0.0,0.0,900000.0
623188000,mukono,3,600000.0,0.0,0.0,0.0,15000000.0,6000000.0,0.0,0.0,21600000.0
623704256,mukono,3,3500000.0,0.0,0.0,600000.0,500000.0,0.0,0.0,0.0,4600000.0
624717557,mukono,3,400000.0,0.0,2000000.0,0.0,0.0,0.0,0.0,0.0,2400000.0
628775538,mukono,3,1000000.0,0.0,0.0,1000000.0,0.0,0.0,0.0,0.0,2000000.0
632457381,mukono,3,1200000.0,0.0,0.0,600000.0,300000.0,0.0,0.0,0.0,2100000.0
632479613,mukono,3,800000.0,100000.0,0.0,200000.0,100000.0,0.0,0.0,0.0,1200000.0
632526756,mukono,3,17500000.0,0.0,0.0,2000000.0,0.0,0.0,0.0,0.0,19500000.0
632870245,mukono,3,120000.0,0.0,0.0,0.0,15000.0,0.0,0.0,0.0,135000.0
633860192,mukono,3,15000000.0,0.0,0.0,1000000.0,600000.0,0.0,0.0,0.0,16600000.0
633861646,mukono,3,3000000.0,0.0,0.0,0.0,2800000.0,0.0,0.0,0.0,5800000.0
634322667,mukono,3,160000.0,0.0,0.0,0.0,0.0,0.0,0.0,0.0,160000.0
634322758,mukono,3,800000.0,0.0,0.0,0.0,0.0,0.0,0.0,0.0,800000.0
635625535,mukono,3,900000.0,0.0,0.0,0.0,40000.0,0.0,0.0,0.0,940000.0
635860119,mukono,3,1200000.0,200000.0,0.0,300000.0,300000.0,0.0,0.0,0.0,2000000.0
636602799,mukono,3,1500000.0,200000.0,0.0,0.0,200000.0,0.0,0.0,0.0,1900000.0
558422222,nakaseke,3,1180000.0,240000.0,0.0,0.0,0.0,0.0,0.0,0.0,1420000.0
559666954,nakaseke,3,494000.0,0.0,0.0,0.0,0.0,0.0,0.0,0.0,494000.0
560448617,nakaseke,3,560000.0,0.0,0.0,0.0,0.0,0.0,0.0,0.0,560000.0
583505993,nakaseke,3,450000.0,0.0,180000.0,0.0,0.0,0.0,0.0,0.0,630000.0
584452976,nakaseke,3,286000.0,1500000.0,250000.0,0.0,0.0,0.0,0.0,0.0,2036000.0
586809899,nakaseke,3,298900.0,250000.0,150000.0,0.0,0.0,0.0,0.0,0.0,698900.0
618738329,mukono,3,1200000.0,0.0,0.0,0.0,0.0,0.0,0.0,0.0,1200000.0
623981362,mukono,3,800000.0,0.0,0.0,0.0,0.0,0.0,0.0,0.0,800000.0
633706233,mukono,3,180000.0,0.0,0.0,0.0,0.0,0.0,0.0,0.0,180000.0
555219650,nakaseke,3,700000.0,0.0,0.0,0.0,0.0,0.0,0.0,0.0,700000.0
581666974,nakaseke,3,663600.0,0.0,0.0,250000.0,162000.0,0.0,0.0,0.0,1075600.0
589566940,nakaseke,3,420000.0,0.0,0.0,0.0,0.0,0.0,0.0,0.0,420000.0
615760019,mukono,3,600000.0,300000.0,0.0,0.0,0.0,0.0,0.0,0.0,900000.0
615825276,mukono,3,1200000.0,0.0,0.0,0.0,0.0,0.0,0.0,0.0,1200000.0
616698945,mukono,3,6000000.0,0.0,0.0,0.0,1500000.0,0.0,0.0,0.0,7500000.0
616699320,mukono,3,1800000.0,0.0,0.0,0.0,0.0,0.0,0.0,0.0,1800000.0
619769782,mukono,3,1800000.0,0.0,0.0,0.0,0.0,0.0,0.0,0.0,1800000.0
621639263,mukono,3,100000.0,0.0,0.0,0.0,0.0,0.0,0.0,0.0,100000.0
622484708,mukono,3,1600000.0,0.0,0.0,0.0,0.0,0.0,0.0,0.0,1600000.0
623981163,mukono,3,1800000.0,0.0,0.0,0.0,2200000.0,0.0,0.0,0.0,4000000.0
550732746,nakaseke,3,1200000.0,0.0,0.0,0.0,499999.99999999977,0.0,0.0,0.0,1699999.9999999998
615825485,mukono,3,2400000.0,0.0,0.0,0.0,0.0,0.0,0.0,0.0,2400000.0
551438282,nakaseke,3,1250000.0,0.0,0.0,0.0,0.0,0.0,0.0,0.0,1250000.0
585181910,nakaseke,3,468000.0,230000.0,0.0,250000.0,0.0,0.0,0.0,0.0,948000.0
553313598,nakaseke,3,14010000.0,0.0,0.0,0.0,599999.9999999998,0.0,0.0,0.0,14610000.0
555219886,nakaseke,3,1900000.0,420000.0,0.0,0.0,0.0,0.0,0.0,0.0,2320000.0
561236657,nakaseke,3,1296000.0,0.0,0.0,500000.0,221000.0,0.0,0.0,0.0,2017000.0
583502844,nakaseke,3,510000.0,0.0,0.0,0.0,0.0,0.0,0.0,0.0,510000.0
584472197,nakaseke,3,702000.0,0.0,300000.0,0.0,466200.0,0.0,0.0,0.0,1468200.0
588619360,nakaseke,3,492000.0,0.0,0.0,0.0,0.0,0.0,0.0,0.0,492000.0
613814407,nakaseke,3,2560000.0,0.0,0.0,0.0,0.0,0.0,0.0,0.0,2560000.0
614850687,mukono,3,200000.0,0.0,0.0,200000.0,0.0,0.0,0.0,0.0,400000.0
615773237,mukono,3,700000.0,0.0,300000.0,200000.0,120000.0,200000.0,0.0,0.0,1520000.0
616679140,mukono,3,3000000.0,1000000.0,0.0,0.0,6000000.0,10000000.0,0.0,0.0,20000000.0
618056509,mukono,3,3000000.0,0.0,0.0,100000.0,0.0,0.0,0.0,0.0,3100000.0
618502947,mukono,3,1000000.0,0.0,0.0,300000.0,200000.0,0.0,0.0,0.0,1500000.0
618503261,mukono,3,900000.0,0.0,0.0,0.0,0.0,0.0,0.0,1000000.0,1900000.0
618738549,mukono,3,900000.0,0.0,0.0,0.0,0.0,0.0,0.0,0.0,900000.0
619307564,mukono,3,1300000.0,0.0,0.0,200000.0,500000.0,0.0,0.0,0.0,2000000.0
619543012,mukono,3,400000.0,360000.0,0.0,0.0,0.0,5100000.0,0.0,0.0,5860000.0
620136574,mukono,3,900000.0,300000.0,200000.0,0.0,300000.0,0.0,0.0,0.0,1700000.0
620155076,mukono,3,500000.0,500000.0,0.0,0.0,300000.0,0.0,0.0,0.0,1300000.0
621076849,mukono,3,1500000.0,0.0,0.0,0.0,2000000.0,0.0,0.0,2000000.0,5500000.0
622287746,mukono,3,700000.0,0.0,0.0,100000.0,70000.0,0.0,0.0,0.0,870000.0
622484987,mukono,3,2400000.0,0.0,0.0,0.0,0.0,0.0,0.0,0.0,2400000.0
631647870,mukono,3,1800000.0,0.0,0.0,0.0,0.0,0.0,0.0,0.0,1800000.0
632483673,mukono,3,2000000.0,200000.0,0.0,300000.0,300000.0,0.0,0.0,0.0,2800000.0
632532023,mukono,3,4800000.0,0.0,0.0,0.0,1000000.0,0.0,0.0,0.0,5800000.0
633706958,mukono,3,320000.0,0.0,0.0,0.0,150000.0,0.0,0.0,0.0,470000.0
634023370,mukono,3,2000000.0,0.0,0.0,200000.0,0.0,0.0,0.0,100000.0,2300000.0
634718078,mukono,3,3000000.0,300000.0,0.0,0.0,300000.0,0.0,0.0,100000.0,3700000.0
634718387,mukono,3,1000000.0,100000.0,100000.0,100000.0,200000.0,0.0,0.0,0.0,1500000.0
635238203,mukono,3,700000.0,100000.0,300000.0,0.0,100000.0,0.0,0.0,0.0,1200000.0
635859907,mukono,3,1800000.0,200000.0,0.0,300000.0,30000.0,0.0,0.0,0.0,2330000.0
636603192,mukono,3,7000000.0,0.0,0.0,0.0,500000.0,2000000.0,0.0,0.0,9500000.0
551433371,nakaseke,3,930000.0,700000.0000000002,0.0,0.0,0.0,0.0,0.0,0.0,1630000.0000000002
581719428,nakaseke,3,554400.0,0.0,0.0,0.0,0.0,0.0,0.0,0.0,554400.0
584453809,nakaseke,3,1008000.0,0.0,0.0,300000.0,0.0,0.0,0.0,0.0,1308000.0
588629366,nakaseke,3,552000.0,350000.0,0.0,0.0,0.0,0.0,0.0,0.0,902000.0
593198085,nakaseke,3,456000.0,0.0,0.0,0.0,0.0,0.0,0.0,0.0,456000.0
614850630,mukono,3,500000.0,0.0,100000.0,0.0,100000.0,0.0,0.0,0.0,700000.0
558415060,nakaseke,3,694400.0,0.0,0.0,250000.0,0.0,0.0,0.0,0.0,944400.0
561237697,nakaseke,3,499200.0,450000.0,0.0,0.0,500000.0,0.0,0.0,0.0,1449200.0
582502398,nakaseke,3,480000.0,0.0,0.0,0.0,225000.0,0.0,0.0,0.0,705000.0
586028388,nakaseke,3,617400.0,0.0,300000.0,0.0,200000.0,0.0,0.0,0.0,1117400.0
613819661,nakaseke,3,336000.0,0.0,0.0,0.0,0.0,0.0,0.0,0.0,336000.0
619770045,mukono,3,900000.0,0.0,0.0,0.0,0.0,0.0,0.0,0.0,900000.0
553313800,nakaseke,3,14000000.0,0.0,0.0,0.0,599999.9999999998,0.0,0.0,0.0,14600000.0
560449000,nakaseke,3,680400.0,0.0,0.0,0.0,150000.0,0.0,0.0,0.0,830400.0
560449862,nakaseke,3,610000.0,0.0,0.0,300000.0,0.0,0.0,0.0,0.0,910000.0
583505325,nakaseke,3,1500000.0,0.0,0.0,0.0,0.0,0.0,0.0,0.0,1500000.0
613821415,nakaseke,3,2232000.0,0.0,0.0,0.0,0.0,0.0,0.0,0.0,2232000.0
561257600,nakaseke,3,325000.0,0.0,0.0,0.0,0.0,0.0,0.0,0.0,325000.0
585193571,nakaseke,3,545200.0,0.0,200000.0,0.0,640800.0,0.0,0.0,0.0,1386000.0
621639988,mukono,3,600000.0,0.0,0.0,0.0,1200000.0,0.0,0.0,0.0,1800000.0
550731204,nakaseke,3,600000.0,0.0,0.0,0.0,0.0,0.0,0.0,0.0,600000.0
550739292,nakaseke,3,500000.0,0.0,0.0,0.0,0.0,0.0,0.0,0.0,500000.0
550740686,nakaseke,3,1000000.0,0.0,0.0,0.0,0.0,0.0,0.0,0.0,1000000.0
551433006,nakaseke,3,1210000.0,499999.9999999997,0.0,0.0,0.0,0.0,0.0,0.0,1709999.9999999998
552803009,nakaseke,3,7950000.0,0.0,0.0,0.0,0.0,0.0,0.0,0.0,7950000.0
554395712,nakaseke,3,2360000.0,0.0,0.0,0.0,499999.9999999997,0.0,0.0,0.0,2859999.9999999995
554399870,,3,8800000.0,0.0,0.0,0.0,499999.9999999997,0.0,0.0,0.0,9300000.0
555219447,nakaseke,3,1050000.0,0.0,0.0,0.0,0.0,0.0,0.0,0.0,1050000.0
559669939,nakaseke,3,2697500.0,0.0,0.0,0.0,520000.0,0.0,0.0,0.0,3217500.0
581666409,nakaseke,3,680400.0,0.0,100000.0,0.0,180000.0,0.0,0.0,0.0,960400.0
585208171,nakaseke,3,975000.0,0.0,300000.0,0.0,0.0,0.0,0.0,0.0,1275000.0
613829595,nakaseke,3,1003400.0,0.0,0.0,0.0,0.0,0.0,0.0,0.0,1003400.0
614807717,mukono,3,800000.0,0.0,0.0,500000.0,0.0,0.0,0.0,0.0,1300000.0
615773415,mukono,3,900000.0,200000.0,0.0,300000.0,300000.0,500000.0,0.0,0.0,2200000.0
616587562,mukono,3,1500000.0,20000.0,0.0,0.0,200000.0,0.0,0.0,0.0,1720000.0
617648818,mukono,3,1200000.0,0.0,0.0,0.0,0.0,0.0,0.0,0.0,1200000.0
617656724,mukono,3,3200000.0,0.0,0.0,0.0,0.0,0.0,0.0,0.0,3200000.0
618738718,mukono,3,2400000.0,0.0,0.0,0.0,0.0,0.0,0.0,0.0,2400000.0
618740822,mukono,3,2400000.0,0.0,0.0,0.0,0.0,0.0,0.0,0.0,2400000.0
619306835,mukono,3,1200000.0,300000.0,0.0,200000.0,0.0,300000.0,0.0,0.0,2000000.0
619559199,mukono,3,6000000.0,0.0,0.0,0.0,12000000.0,0.0,0.0,0.0,18000000.0
619769613,mukono,3,4500000.0,0.0,0.0,0.0,0.0,0.0,0.0,0.0,4500000.0
620129760,mukono,3,3500000.0,500000.0,0.0,0.0,500000.0,0.0,0.0,0.0,4500000.0
620157158,mukono,3,2500000.0,0.0,0.0,2000000.0,1000000.0,300000.0,0.0,0.0,5800000.0
620418682,mukono,3,12000000.0,1800000.0,0.0,0.0,1000000.0,0.0,0.0,0.0,14800000.0
620699865,mukono,3,2400000.0,0.0,0.0,0.0,0.0,0.0,0.0,0.0,2400000.0
620699988,mukono,3,36000000.0,0.0,0.0,0.0,0.0,0.0,0.0,0.0,36000000.0
621075678,mukono,3,1200000.0,0.0,0.0,0.0,0.0,0.0,0.0,100000.0,1300000.0
621078199,mukono,3,1200000.0,0.0,0.0,0.0,500000.0,0.0,0.0,1000000.0,2700000.0
621497521,mukono,3,750000.0,0.0,0.0,500000.0,200000.0,0.0,0.0,0.0,1450000.0
622288485,mukono,3,2000000.0,2500000.0,0.0,0.0,1000000.0,500000.0,0.0,0.0,6000000.0
622289226,mukono,3,900000.0,200000.0,100000.0,0.0,500000.0,0.0,0.0,300000.0,2000000.0
622950844,mukono,3,2600000.0,400000.0,0.0,0.0,1500000.0,0.0,0.0,0.0,4500000.0
622950959,mukono,3,700000.0,100000.0,0.0,200000.0,0.0,0.0,0.0,0.0,1000000.0
622951178,mukono,3,2100000.0,0.0,0.0,0.0,2000000.0,0.0,0.0,0.0,4100000.0
623479319,mukono,3,400000.0,0.0,0.0,0.0,2800000.0,0.0,0.0,0.0,3200000.0
623704150,mukono,3,1000000.0,500000.0,0.0,500000.0,300000.0,0.0,0.0,0.0,2300000.0
623704380,mukono,3,300000.0,0.0,200000.0,0.0,200000.0,0.0,0.0,0.0,700000.0
624715344,mukono,3,200000.0,0.0,0.0,0.0,200000.0,0.0,0.0,1000000.0,1400000.0
631647480,mukono,3,3200000.0,0.0,0.0,0.0,700000.0,0.0,0.0,0.0,3900000.0
632449589,mukono,3,3000000.0,0.0,0.0,500000.0,0.0,0.0,0.0,0.0,3500000.0
632465838,mukono,3,2500000.0,200000.0,0.0,300000.0,300000.0,0.0,0.0,0.0,3300000.0
633165465,mukono,3,2000000.0,400000.0,0.0,500000.0,500000.0,0.0,0.0,0.0,3400000.0
633165662,mukono,3,2000000.0,300000.0,0.0,0.0,300000.0,200000.0,0.0,0.0,2800000.0
634022615,mukono,3,4000000.0,1000000.0,0.0,1000000.0,300000.0,0.0,0.0,0.0,6300000.0
634718321,mukono,3,1000000.0,0.0,0.0,0.0,300000.0,500000.0,0.0,0.0,1800000.0
634929270,mukono,3,80000.0,0.0,0.0,0.0,0.0,0.0,0.0,0.0,80000.0
635102819,mukono,3,1000000.0,0.0,500000.0,0.0,500000.0,0.0,0.0,0.0,2000000.0
635238371,mukono,3,2000000.0,1000000.0,0.0,500000.0,500000.0,0.0,0.0,0.0,4000000.0
635238449,mukono,3,2500000.0,100000.0,0.0,300000.0,300000.0,0.0,0.0,0.0,3200000.0
635238630,mukono,3,1500000.0,500000.0,0.0,300000.0,300000.0,0.0,0.0,0.0,2600000.0
635625333,mukono,3,400000.0,0.0,0.0,0.0,0.0,0.0,0.0,0.0,400000.0
635859825,mukono,3,1500000.0,0.0,0.0,500000.0,0.0,0.0,0.0,0.0,2000000.0
635860002,mukono,3,3000000.0,200000.0,0.0,0.0,0.0,0.0,0.0,0.0,3200000.0
635860179,mukono,3,3000000.0,1000000.0,0.0,500000.0,500000.0,0.0,0.0,0.0,5000000.0
636134719,mukono,3,24000000.0,0.0,0.0,1000000.0,1950000.0,0.0,0.0,0.0,26950000.0
636135880,mukono,3,1400000.0,0.0,1500000.0,0.0,500000.0,0.0,0.0,0.0,3400000.0
636603058,mukono,3,900000.0,0.0,0.0,0.0,200000.0,0.0,0.0,0.0,1100000.0
636603136,mukono,3,700000.0,0.0,0.0,300000.0,500000.0,0.0,0.0,0.0,1500000.0
644152753,mukono,3,2000000.0,200000.0,0.0,300000.0,300000.0,0.0,0.0,300000.0,3100000.0
644152847,mukono,3,700000.0,100000.0,0.0,200000.0,200000.0,0.0,0.0,0.0,1200000.0
644159669,mukono,3,3200000.0,0.0,0.0,0.0,420000.0,0.0,0.0,0.0,3620000.0
554400498,nakaseke,3,7000000.0,0.0,0.0,0.0,1199999.9999999998,0.0,0.0,0.0,8200000.0
559666632,nakaseke,3,990000.0,0.0,0.0,150000.0,0.0,0.0,0.0,0.0,1140000.0
619306547,mukono,3,2000000.0,500000.0,0.0,0.0,0.0,0.0,0.0,320000.0,2820000.0
622485261,mukono,3,800000.0,0.0,0.0,0.0,0.0,0.0,0.0,0.0,800000.0
631647195,mukono,3,600000.0,0.0,0.0,0.0,150000.0,0.0,0.0,0.0,750000.0
565368592,nakaseke,3,571200.0,0.0,0.0,0.0,127000.0,0.0,0.0,0.0,698200.0
584454693,nakaseke,3,250000.0,0.0,250000.0,0.0,0.0,0.0,0.0,0.0,500000.0
618738814,mukono,3,2600000.0,0.0,0.0,0.0,0.0,0.0,0.0,0.0,2600000.0
582503421,nakaseke,3,690000.0,0.0,0.0,0.0,0.0,0.0,0.0,0.0,690000.0
589565846,nakaseke,3,720000.0,0.0,0.0,0.0,850000.0,0.0,0.0,0.0,1570000.0
614850459,mukono,3,1100000.0,0.0,0.0,0.0,550000.0,0.0,0.0,0.0,1650000.0
556032422,nakaseke,3,2500000.0,1800000.0,0.0,300000.0,0.0,0.0,0.0,0.0,4600000.0
558422563,nakaseke,3,1750000.0,0.0,0.0,0.0,950000.0,0.0,0.0,0.0,2700000.0
585223034,nakaseke,3,342000.0,0.0,0.0,0.0,0.0,0.0,0.0,0.0,342000.0
623704362,mukono,3,700000.0,500000.0,0.0,0.0,500000.0,0.0,0.0,0.0,1700000.0
633165535,mukono,3,1800000.0,0.0,0.0,500000.0,500000.0,0.0,0.0,0.0,2800000.0
634929225,mukono,3,4000000.0,0.0,0.0,0.0,100000.0,0.0,0.0,0.0,4100000.0
636602878,mukono,3,3500000.0,200000.0,0.0,200000.0,300000.0,0.0,0.0,0.0,4200000.0
558418973,nakaseke,3,1664000.0,0.0,0.0,0.0,1800000.0,2500000.0,0.0,0.0,5964000.0
613827164,nakaseke,3,1560200.0,0.0,450000.0,0.0,950000.0,0.0,0.0,0.0,2960200.0
632876809,mukono,3,320000.0,0.0,0.0,0.0,0.0,0.0,0.0,0.0,320000.0
559670838,nakaseke,3,2073500.0,0.0,0.0,200000.0,0.0,0.0,0.0,0.0,2273500.0
588625655,nakaseke,3,2496000.0,0.0,300000.0,0.0,1050000.0,0.0,0.0,0.0,3846000.0
550732633,nakaseke,3,1050000.0,249999.9999999998,0.0,0.0,0.0,0.0,0.0,0.0,1299999.9999999998
550740078,nakaseke,3,1100000.0,359999.99999999994,0.0,0.0,0.0,0.0,0.0,0.0,1460000.0
552802393,nakaseke,3,8800000.0,299999.9999999999,0.0,0.0,1999999.9999999993,0.0,0.0,0.0,11100000.0
553314788,nakaseke,3,7500000.0,0.0,0.0,0.0,120000.00000000006,0.0,0.0,0.0,7620000.0
556033462,nakaseke,3,4032000.0,0.0,0.0,0.0,1755000.0,0.0,0.0,0.0,5787000.0
557694485,nakaseke,3,90000.0,0.0,0.0,50000.0,0.0,0.0,0.0,0.0,140000.0
557694682,nakaseke,3,90000.0,0.0,0.0,25000.0,0.0,0.0,0.0,0.0,115000.0
557711753,nakaseke,3,1750000.0,0.0,0.0,0.0,0.0,0.0,0.0,0.0,1750000.0
557713215,nakaseke,3,1100000.0000000002,0.0,0.0,0.0,0.0,0.0,0.0,0.0,1100000.0000000002
558375556,nakaseke,3,300000.0,0.0,0.0,50000.0,60000.0,0.0,0.0,0.0,410000.0
565368815,nakaseke,3,1150000.0,0.0,0.0,300000.0,0.0,0.0,0.0,0.0,1450000.0
583503314,nakaseke,3,3060000.0,0.0,0.0,0.0,639000.0,0.0,0.0,0.0,3699000.0
592192864,nakaseke,3,2400000.0,0.0,0.0,0.0,0.0,0.0,0.0,0.0,2400000.0
614807974,mukono,3,700000.0,0.0,0.0,400000.0,0.0,0.0,0.0,0.0,1100000.0
614850566,mukono,3,3200000.0,0.0,0.0,0.0,3000000.0,0.0,0.0,0.0,6200000.0
615761193,mukono,3,7000000.0,1000000.0,0.0,0.0,1000000.0,0.0,500000.0,0.0,9500000.0
615773611,mukono,3,1000000.0,200000.0,100000.0,0.0,100000.0,0.0,0.0,0.0,1400000.0
616675567,mukono,3,300000.0,0.0,0.0,0.0,0.0,1000000.0,600000.0,0.0,1900000.0
617462488,mukono,3,650000.0,0.0,0.0,0.0,0.0,4000000.0,0.0,0.0,4650000.0
617463415,mukono,3,300000.0,0.0,0.0,0.0,300000.0,2400000.0,0.0,0.0,3000000.0
617648934,mukono,3,2400000.0,0.0,0.0,0.0,0.0,0.0,0.0,0.0,2400000.0
619547863,mukono,3,1000000.0,0.0,0.0,0.0,250000.0,1000000.0,0.0,0.0,2250000.0
619769827,mukono,3,560000.0,0.0,0.0,0.0,0.0,0.0,0.0,250000.0,810000.0
619769984,mukono,3,1800000.0,0.0,0.0,0.0,0.0,0.0,0.0,0.0,1800000.0
620417365,mukono,3,600000.0,0.0,0.0,0.0,0.0,5000000.0,1000000.0,0.0,6600000.0
620699936,mukono,3,3200000.0,0.0,0.0,0.0,0.0,0.0,0.0,0.0,3200000.0
620700057,mukono,3,1200000.0,0.0,0.0,0.0,1600000.0,0.0,0.0,0.0,2800000.0
621078668,mukono,3,1100000.0,200000.0,0.0,0.0,800000.0,0.0,4800000.0,500000.0,7400000.0
621640204,mukono,3,130000.0,0.0,0.0,0.0,0.0,0.0,0.0,0.0,130000.0
621642449,mukono,3,200000.0,0.0,0.0,0.0,0.0,0.0,0.0,0.0,200000.0
622289483,mukono,3,400000.0,200000.0,100000.0,0.0,200000.0,0.0,0.0,0.0,900000.0
622485078,mukono,3,8000000.0,0.0,0.0,0.0,4500000.0,0.0,0.0,0.0,12500000.0
623981243,mukono,3,100000.0,0.0,0.0,0.0,250000.0,0.0,0.0,0.0,350000.0
624290457,mukono,3,1800000.0,500000.0,0.0,1000000.0,500000.0,600000.0,0.0,0.0,4400000.0
624291333,mukono,3,700000.0,600000.0,0.0,600000.0,500000.0,0.0,0.0,0.0,2400000.0
624292438,mukono,3,700000.0,700000.0,200000.0,200000.0,200000.0,0.0,0.0,0.0,2000000.0
631647010,mukono,3,1200000.0,0.0,0.0,0.0,75000.0,0.0,0.0,0.0,1275000.0
633165312,mukono,3,1200000.0,0.0,0.0,200000.0,0.0,0.0,0.0,0.0,1400000.0
633706793,mukono,3,300000.0,0.0,0.0,0.0,500000.0,0.0,0.0,0.0,800000.0
634022985,mukono,3,900000.0,0.0,0.0,300000.0,0.0,0.0,0.0,100000.0,1300000.0
634718242,mukono,3,5000000.0,1000000.0,0.0,1000000.0,1000000.0,0.0,0.0,0.0,8000000.0
635238561,mukono,3,1200000.0,0.0,0.0,500000.0,300000.0,0.0,0.0,0.0,2000000.0
636135365,mukono,3,3000000.0,0.0,500000.0,300000.0,100000.0,0.0,0.0,0.0,3900000.0
636136285,mukono,3,2400000.0,0.0,0.0,1000000.0,0.0,0.0,0.0,3000000.0,6400000.0
616674531,mukono,3,5100000.0,0.0,0.0,0.0,0.0,0.0,2000000.0,0.0,7100000.0
557715625,nakaseke,3,1650000.0,0.0,0.0,0.0,0.0,0.0,0.0,0.0,1650000.0
582503133,nakaseke,3,1260000.0,0.0,0.0,500000.0,0.0,0.0,0.0,0.0,1760000.0
586804272,nakaseke,3,3217800.0,300000.0,1000000.0,0.0,560000.0,0.0,0.0,0.0,5077800.0
620699783,mukono,3,2800000.0,0.0,0.0,0.0,0.0,0.0,0.0,0.0,2800000.0
550738751,nakaseke,3,400000.0,0.0,0.0,0.0,0.0,0.0,0.0,0.0,400000.0
589566299,nakaseke,3,540000.0,0.0,0.0,0.0,0.0,0.0,0.0,0.0,540000.0
556042851,nakaseke,3,700000.0,0.0,0.0,300000.0,250000.0,0.0,0.0,0.0,1250000.0
581667076,nakaseke,3,831600.0,0.0,300000.0,150000.0,0.0,0.0,0.0,0.0,1281600.0
561201812,nakaseke,3,600000.0,0.0,250000.0,90000.0,90000.0,0.0,0.0,0.0,1030000.0
561202655,nakaseke,3,300000.0,60000.0,55000.0,150000.0,70000.0,0.0,0.0,0.0,635000.0
622951271,mukono,3,1800000.0,1000000.0,0.0,0.0,1200000.0,0.0,0.0,0.0,4000000.0
623479194,mukono,3,2400000.0,0.0,0.0,0.0,1200000.0,0.0,0.0,0.0,3600000.0
633859954,mukono,3,1200000.0,0.0,1000000.0,0.0,500000.0,0.0,0.0,0.0,2700000.0
634322609,mukono,3,1800000.0,0.0,0.0,0.0,0.0,0.0,0.0,0.0,1800000.0
634718422,mukono,3,1000000.0,0.0,0.0,299999.99999999977,999999.9999999997,0.0,0.0,0.0,2299999.9999999995
618738459,mukono,3,5400000.0,0.0,0.0,0.0,0.0,0.0,0.0,0.0,5400000.0
552806909,nakaseke,3,1120000.0,0.0,0.0,0.0,30000.000000000007,0.0,0.0,0.0,1150000.0
557694859,nakaseke,3,90000.0,0.0,0.0,0.0,0.0,0.0,0.0,0.0,90000.0
589566059,nakaseke,3,6300000.0,1000000.0,0.0,300000.0,0.0,0.0,0.0,0.0,7600000.0
593200247,nakaseke,3,31200005.0,1000000.0,0.0,0.0,1080000.0,0.0,0.0,0.0,33280005.0
613820537,nakaseke,3,5040000.0,500000.0,0.0,0.0,0.0,0.0,0.0,0.0,5540000.0
614808240,mukono,3,1000000.0,0.0,0.0,600000.0,0.0,200000.0,0.0,0.0,1800000.0
615773753,mukono,3,1500000.0,1000000.0,0.0,200000.0,0.0,0.0,0.0,0.0,2700000.0
617460629,mukono,3,800000.0,0.0,0.0,0.0,0.0,20000000.0,0.0,500000.0,21300000.0
617461111,mukono,3,400000.0,0.0,0.0,300000.0,0.0,0.0,0.0,0.0,700000.0
617461597,mukono,3,120000.0,0.0,0.0,0.0,0.0,0.0,0.0,0.0,120000.0
618056660,mukono,3,1200000.0,0.0,0.0,200000.0,0.0,500000.0,0.0,0.0,1900000.0
618502638,mukono,3,2000000.0,0.0,0.0,0.0,300000.0,0.0,0.0,999999.9999999995,3299999.9999999995
618738618,mukono,3,3400000.0,0.0,0.0,0.0,0.0,0.0,0.0,0.0,3400000.0
619308856,mukono,3,3000000.0,500000.0,0.0,0.0,500000.0,0.0,0.0,9000000.0,13000000.0
620131758,mukono,3,700000.0,500000.0,0.0,0.0,500000.0,0.0,0.0,0.0,1700000.0
621077765,mukono,3,2500000.0,0.0,0.0,0.0,0.0,0.0,0.0,1000000.0,3500000.0
622950517,mukono,3,8000000.0,300000.0,0.0,500000.0,4000000.0,0.0,0.0,0.0,12800000.0
623178431,mukono,3,1600000.0,0.0,1000000.0,240000.0,0.0,0.0,0.0,0.0,2840000.0
623271316,mukono,3,750000.0,0.0,0.0,0.0,10000000.0,2000000.0,0.0,0.0,12750000.0
623272577,mukono,3,1000000.0,0.0,0.0,0.0,20000000.0,0.0,0.0,0.0,21000000.0
624293459,mukono,3,1100000.0,1000000.0,0.0,0.0,0.0,0.0,0.0,0.0,2100000.0
624713073,mukono,3,400000.0,0.0,0.0,5000000.0,0.0,0.0,0.0,0.0,5400000.0
624713879,mukono,3,685000.0,0.0,0.0,0.0,0.0,2000000.0,0.0,0.0,2685000.0
625320144,mukono,3,800000.0,360000.0,0.0,0.0,6000000.0,0.0,0.0,0.0,7160000.0
628089142,mukono,3,840000.0,0.0,0.0,0.0,0.0,0.0,5000000.0,0.0,5840000.0
628089849,mukono,3,1400000.0,0.0,0.0,0.0,0.0,3000000.0,0.0,0.0,4400000.0
628775275,mukono,3,45000000.0,0.0,0.0,1000000.0,0.0,10000000.0,0.0,0.0,56000000.0
630120893,mukono,3,2400000.0,0.0,0.0,500000.0,0.0,1000000.0,0.0,0.0,3900000.0
632524617,mukono,3,6500000.0,0.0,0.0,0.0,240000.0,2000000.0,0.0,0.0,8740000.0
633860632,mukono,3,2400000.0,0.0,0.0,0.0,1200000.0,0.0,4800000.0,0.0,8400000.0
633861486,mukono,3,1410000.0,0.0,0.0,0.0,0.0,0.0,6000000.0,0.0,7410000.0
634021883,mukono,3,5000000.0,1000000.0,0.0,0.0,600000.0,0.0,0.0,0.0,6600000.0
634952329,mukono,3,49000000.0,0.0,0.0,0.0,2000000.0,0.0,6000000.0,0.0,57000000.0
635102211,mukono,3,4000000.0,10000000.0,0.0,0.0,5000000.0,0.0,0.0,2000000.0,21000000.0
635102285,mukono,3,1200000.0,0.0,2000000.0,0.0,500000.0,0.0,0.0,0.0,3700000.0
623184098,mukono,3,1500000.0,0.0,0.0,0.0,500000.0,0.0,1000000.0,0.0,3000000.0
554408234,nakaseke,3,550000.0,0.0,0.0,0.0,0.0,0.0,0.0,0.0,550000.0
556042141,nakaseke,3,300000.0,0.0,0.0,0.0,120000.0,0.0,0.0,0.0,420000.0
559614978,nakaseke,3,600000.0,0.0,500000.0,0.0,400000.0,0.0,0.0,0.0,1500000.0
581570782,nakaseke,3,1000000.0,0.0,0.0,500000.0,249999.99999999983,0.0,0.0,0.0,1749999.9999999998
552806065,,3,500000.0,0.0,0.0,0.0,0.0,0.0,0.0,0.0,500000.0
553316435,nakaseke,3,1700000.0,0.0,299999.99999999977,0.0,0.0,0.0,0.0,0.0,1999999.9999999998
558375760,nakaseke,3,150000.0,0.0,0.0,0.0,0.0,0.0,0.0,0.0,150000.0
559615316,nakaseke,3,500000.0,0.0,400000.0,250000.0,50000.0,0.0,0.0,0.0,1200000.0
630121155,mukono,3,4200000.0,1000000.0,0.0,0.0,200000.0,0.0,0.0,0.0,5400000.0
630121646,mukono,3,2800000.0,0.0,0.0,700000.0,120000.0,0.0,0.0,0.0,3620000.0
560425493,nakaseke,3,250000.0,0.0,0.0,100000.0,50000.0,0.0,0.0,0.0,400000.0
560424556,nakaseke,3,600000.0,0.0,500000.0,90000.0,200000.0,0.0,0.0,0.0,1390000.0
561200542,nakaseke,3,600000.0,450000.0,0.0,90000.0,50000.0,0.0,0.0,0.0,1190000.0
561202398,nakaseke,3,350000.0,0.0,200000.0,100000.0,60000.0,0.0,0.0,0.0,710000.0
560425197,nakaseke,3,500000.0,0.0,350000.0,160000.0,90000.0,0.0,0.0,0.0,1100000.0
628088416,mukono,3,1300000.0,3000000.0,0.0,500000.0,0.0,2000000.0,0.0,0.0,6800000.0
628089405,mukono,3,1400000.0,0.0,0.0,0.0,0.0,6000000.0,0.0,0.0,7400000.0
628774965,mukono,3,1000000.0,0.0,2000000.0,500000.0,0.0,0.0,0.0,0.0,3500000.0
632530379,mukono,3,1000000.0,0.0,0.0,5000000.0,500000.0,0.0,0.0,0.0,6500000.0
636135085,mukono,3,20800000.0,1000000.0,0.0,0.0,500000.0,0.0,0.0,0.0,22300000.0
556039009,nakaseke,3,20000.0,0.0,0.0,50000.0,120000.0,0.0,0.0,0.0,190000.0
553316712,nakaseke,3,370000.0,0.0,0.0,0.0,299999.9999999999,0.0,0.0,0.0,669999.9999999999
621496649,mukono,3,2400000.0,0.0,0.0,2400000.0,100000.0,0.0,0.0,0.0,4900000.0
629845932,mukono,3,2000000.0,0.0,0.0,3000000.0,360000.0,0.0,0.0,0.0,5360000.0
632528316,mukono,3,5000000.0,0.0,0.0,1500000.0,0.0,0.0,0.0,0.0,6500000.0
633861263,mukono,3,8400000.0,10000000.0,0.0,0.0,6000000.0,0.0,0.0,0.0,24400000.0
635102642,mukono,3,7000000.0,0.0,0.0,0.0,10000000.0,0.0,0.0,0.0,17000000.0
560423470,nakaseke,3,450000.0,0.0,240000.0,0.0,300000.0,0.0,0.0,0.0,990000.0
551439101,nakaseke,3,1100000.0,0.0,0.0,0.0,0.0,0.0,0.0,0.0,1100000.0
553316111,nakaseke,3,380000.0,0.0,0.0,0.0,60000.00000000002,0.0,0.0,0.0,440000.0
554407800,nakaseke,3,900000.0,0.0,0.0,0.0,180000.00000000003,0.0,0.0,0.0,1080000.0
558374654,nakaseke,3,450000.0,200000.00000000006,250000.0,100000.0,0.0,0.0,0.0,0.0,1000000.0
558375246,nakaseke,3,220000.0,0.0,50000.0,150000.0,0.0,0.0,0.0,0.0,420000.0
581569323,nakaseke,3,1350000.0,0.0,0.0,600000.0000000003,800000.0000000005,0.0,0.0,0.0,2750000.000000001
581571879,nakaseke,3,500000.0,0.0,200000.0,150000.0,60000.0,0.0,0.0,0.0,910000.0
564861263,nakaseke,3,500000.0,150000.0,50000.0,100000.0,60000.0,0.0,0.0,0.0,860000.0
559615143,nakaseke,3,300000.0,0.0,50000.0,60000.0,100000.0,0.0,0.0,0.0,510000.0
564864365,nakaseke,3,300000.0,60000.0,58000.0,100000.0,60000.0,0.0,0.0,0.0,578000.0
553315619,nakaseke,3,350000.0,0.0,0.0,0.0,0.0,0.0,0.0,0.0,350000.0
556039301,nakaseke,3,500000.0,0.0,0.0,90000.0,150000.0,0.0,0.0,0.0,740000.0
615757479,mukono,3,800000.0,0.0,0.0,0.0,100000.0,0.0,0.0,0.0,900000.0
615773011,mukono,3,1500000.0,0.0,0.0,0.0,0.0,0.0,0.0,200000.0,1700000.0
619554974,mukono,3,3600000.0,2000000.0,0.0,0.0,1000000.0,0.0,0.0,0.0,6600000.0
620416772,mukono,3,500000.0,0.0,0.0,600000.0,0.0,180000.0,0.0,0.0,1280000.0
620419799,mukono,3,4000000.0,0.0,0.0,0.0,125000.0,0.0,0.0,0.0,4125000.0
621494958,mukono,3,500000.0,0.0,0.0,0.0,0.0,0.0,0.0,5000000.0,5500000.0
621496210,mukono,3,6000000.0,1000000.0,0.0,500000.0,0.0,0.0,0.0,0.0,7500000.0
621498584,mukono,3,16800000.0,0.0,0.0,0.0,500000.0,1000000.0,0.0,0.0,18300000.0
621639094,mukono,3,400000.0,0.0,0.0,0.0,300000.0,0.0,499999.9999999997,0.0,1199999.9999999998
623187149,mukono,3,560000.0,0.0,0.0,240000.0,0.0,1000000.0,0.0,0.0,1800000.0
623270536,mukono,3,13500000.0,0.0,0.0,0.0,1900000.0,0.0,0.0,0.0,15400000.0
624711692,mukono,3,1200000.0,1000000.0,0.0,0.0,2000000.0,0.0,0.0,0.0,4200000.0
624712163,mukono,3,2400000.0,1080000.0,0.0,0.0,0.0,5000000.0,0.0,0.0,8480000.0
625315993,mukono,3,1200000.0,0.0,0.0,500000.0,100000.0,0.0,0.0,0.0,1800000.0
628080096,mukono,3,7000000.0,0.0,0.0,0.0,2000000.0,0.0,0.0,0.0,9000000.0
628775775,mukono,3,36000000.0,3000000.0,0.0,0.0,0.0,1000000.0,0.0,0.0,40000000.0
630120684,mukono,3,7000000.0,2000000.0,0.0,0.0,0.0,3000000.0,0.0,0.0,12000000.0
632531024,mukono,3,3500000.0,0.0,0.0,1000000.0,0.0,0.0,5000000.0,0.0,9500000.0
632870785,mukono,3,3200000.0,0.0,0.0,0.0,70000.0,0.0,0.0,0.0,3270000.0
634322563,mukono,3,1200000.0,0.0,0.0,0.0,2000000.0,0.0,0.0,0.0,3200000.0
634951268,mukono,3,1000000.0,0.0,0.0,1300000.0,0.0,0.0,0.0,0.0,2300000.0
619307991,mukono,3,6000000.0,1000000.0,0.0,500000.0,15000000.0,0.0,6000000.0,0.0,28500000.0
634929055,mukono,3,2400000.0,0.0,0.0,0.0,500000.0,0.0,0.0,0.0,2900000.0
635625431,mukono,3,1200000.0,0.0,0.0,0.0,800000.0,0.0,0.0,0.0,2000000.0
625318562,mukono,3,400000.0,0.0,2000000.0,1000000.0,0.0,0.0,0.0,0.0,3400000.0
628776109,mukono,3,4900000.0,0.0,0.0,450000.0,0.0,2000000.0,0.0,0.0,7350000.0
633860413,mukono,3,42000000.0,0.0,0.0,1000000.0,500000.0,0.0,0.0,12000000.0,55500000.0
557694292,nakaseke,3,300000.0,0.0,0.0,50000.0,60000.0,0.0,0.0,0.0,410000.0
582450581,nakaseke,3,350000.0,50000.0,90000.0,0.0,0.0,0.0,0.0,0.0,490000.0
613185259,nakaseke,3,390000.0,0.0,0.0,0.0,400000.0,0.0,0.0,0.0,790000.0
614810845,mukono,3,800000.0,0.0,0.0,0.0,0.0,0.0,0.0,0.0,800000.0
617648764,mukono,3,1200000.0,0.0,0.0,0.0,0.0,0.0,0.0,0.0,1200000.0
551438934,nakaseke,3,1700000.0,0.0,0.0,0.0,0.0,0.0,0.0,0.0,1700000.0
589548879,nakaseke,3,20000.0,0.0,100000.0,0.0,250000.0,0.0,0.0,0.0,370000.0
554402613,nakaseke,3,0.0,0.0,0.0,0.0,60000.00000000002,0.0,0.0,0.0,60000.00000000002
589547568,nakaseke,3,350000.0,0.0,0.0,60000.00000000002,0.0,19999999.999999978,0.0,0.0,20409999.999999978
592180125,nakaseke,3,350000.0,0.0,0.0,0.0,200000.0,0.0,0.0,0.0,550000.0
613184766,nakaseke,3,600000.0,0.0,0.0,100000.0,250000.0,0.0,0.0,0.0,950000.0
613185864,nakaseke,3,600000.0,20000.0,0.0,499999.9999999997,500000.0,0.0,0.0,0.0,1619999.9999999998
593216040,nakaseke,3,400000.0,250000.0,69000.0,0.0,200000.0,0.0,0.0,0.0,919000.0
552806578,nakaseke,3,1300000.0,0.0,0.0,0.0,0.0,0.0,0.0,0.0,1300000.0
554403180,,3,1100000.0,999999.9999999997,0.0,0.0,0.0,999999.9999999997,0.0,0.0,3099999.999999999
554997531,nakaseke,3,400000.0,0.0,0.0,60000.0,250000.0,0.0,0.0,0.0,710000.0
581568916,nakaseke,3,500000.0,0.0,90000.0,60000.0,170000.0,0.0,0.0,0.0,820000.0
582449149,nakaseke,3,600000.0,250000.0,0.0,150000.0,50000.0,0.0,0.0,0.0,1050000.0
583384059,nakaseke,3,9000000.0,350000.0,0.0,0.0,250000.0,0.0,0.0,0.0,9600000.0
584465855,nakaseke,3,400000.0,150000.0,0.0,0.0,0.0,0.0,0.0,0.0,550000.0
585291611,nakaseke,3,9000000.0,30000.0,0.0,60000.0,350000.0,0.0,0.0,0.0,9440000.0
588618114,nakaseke,3,600000.0,0.0,0.0,120000.0,30000.0,0.0,0.0,0.0,750000.0
589549118,nakaseke,3,600000.0,0.0,90000.0,0.0,250000.0,0.0,0.0,0.0,940000.0
592179551,nakaseke,3,200000.0,0.0,0.0,150000.0,150000.0,0.0,0.0,0.0,500000.0
613185857,nakaseke,3,600000.0,300000.0,0.0,120000.0,350000.0,0.0,0.0,0.0,1370000.0
613185868,nakaseke,3,500000.0,350000.0,0.0,0.0,400000.0,0.0,0.0,0.0,1250000.0
618737230,mukono,3,1800000.0,0.0,0.0,0.0,0.0,0.0,0.0,0.0,1800000.0
625321534,mukono,3,5600000.0,0.0,0.0,0.0,2000000.0,10000000.0,0.0,0.0,17600000.0
613185262,nakaseke,3,260000.0,0.0,300000.0,100000.0,250000.0,0.0,0.0,0.0,910000.0
586823072,nakaseke,3,600000.0,0.0,0.0,50000.00000000001,600000.0,0.0,0.0,0.0,1250000.0
586821078,nakaseke,3,800000.0,0.0,0.0,20000.0,96000.0,0.0,0.0,0.0,916000.0
586823179,nakaseke,3,600000.0,0.0,0.0,100000.0,600000.0,0.0,0.0,0.0,1300000.0
588618032,nakaseke,3,1000000.0,200000.0,0.0,150000.0,350000.0,0.0,0.0,0.0,1700000.0
592179319,nakaseke,3,300000.0,0.0,0.0,0.0,200000.0,0.0,0.0,0.0,500000.0
613185254,nakaseke,3,350000.0,400000.0,400000.0000000001,0.0,230000.0,0.0,0.0,0.0,1380000.0
613184756,nakaseke,3,380000.0,0.0,50000.00000000001,0.0,350000.0,0.0,0.0,0.0,780000.0
613184762,nakaseke,3,5000000.0,0.0,200000.00000000006,700000.0,250000.0,100000.0,0.0,0.0,6250000.0
593216705,nakaseke,3,350000.0,109.0,0.0,0.0,200000.0,0.0,0.0,0.0,550109.0
582448458,nakaseke,3,600000.0,300000.0,0.0,150000.0,200000.0,0.0,0.0,0.0,1250000.0
583383308,nakaseke,3,560000.0,30000.0,90000.0,3.0,20000.0,0.0,0.0,0.0,700003.0
584457728,nakaseke,3,350000.0,0.0,0.0,0.0,0.0,0.0,0.0,0.0,350000.0
584460556,nakaseke,3,250000.0,100000.0,0.0,150000.0,249999.99999999983,0.0,0.0,0.0,749999.9999999998
586822745,nakaseke,3,600000.0,300000.0,0.0,0.0,200000.0,0.0,0.0,0.0,1100000.0
588618956,nakaseke,3,600000.0,0.0,150000.0,0.0,250000.0,0.0,0.0,0.0,1000000.0
588619984,nakaseke,3,500000.0,0.0,0.0,0.0,250000.0,0.0,0.0,0.0,750000.0
589548430,nakaseke,3,300000.0,0.0,25000.0,0.0,500000.0,0.0,0.0,0.0,825000.0
613184214,nakaseke,3,200000.0,0.0,50000.0,0.0,130000.0,0.0,0.0,0.0,380000.0
551438775,nakaseke,3,1200000.0,0.0,0.0,0.0,0.0,0.0,0.0,0.0,1200000.0
552805506,nakaseke,3,9700000.0,0.0,0.0,0.0,0.0,0.0,0.0,0.0,9700000.0
582449815,nakaseke,3,500000.0,200000.0,0.0,0.0,60000.0,299999.9999999999,0.0,0.0,1060000.0
583383783,nakaseke,3,500000.0,200000.0,0.0,0.0,300000.0,0.0,0.0,0.0,1000000.0
583384470,nakaseke,3,500000.0,250000.0,0.0,100000.00000000001,200000.0,0.0,0.0,0.0,1050000.0
585919910,nakaseke,3,2000000.0,500000.0,249999.99999999983,500000.0,600000.0,0.0,0.0,0.0,3850000.0
585937638,nakaseke,3,600000.0,250000.0,50000.00000000001,60000.0,260000.0,0.0,0.0,0.0,1220000.0
592179023,nakaseke,3,1000000.0,200000.0,0.0,100000.0,0.0,0.0,0.0,0.0,1300000.0
551439238,nakaseke,3,1500000.0,0.0,0.0,0.0,0.0,0.0,0.0,0.0,1500000.0
555070994,nakaseke,3,600000.0,250000.0,0.0,100000.0,60000.0,0.0,0.0,0.0,1010000.0
555112218,nakaseke,3,1050000.0,0.0,0.0,999999.9999999997,70000.00000000001,0.0,0.0,0.0,2119999.9999999995
555148547,nakaseke,3,400000.0,250000.0,0.0,90000.0,400000.0,0.0,0.0,0.0,1140000.0
584458624,nakaseke,3,600000.0,250000.0,400000.0,100000.0,0.0,0.0,0.0,0.0,1350000.0
585290674,nakaseke,3,500000.0,250000.0,0.0,100000.0,900000.0,0.0,0.0,0.0,1750000.0
585290890,nakaseke,3,700000.0,300000.0,50000.0,120000.0,350000.0,0.0,0.0,0.0,1520000.0
585309665,nakaseke,3,500000.0,0.0,0.0,0.0,200000.0,0.0,0.0,0.0,700000.0
585924133,nakaseke,3,600000.0,200000.0,0.0,150000.0,300000.0,0.0,0.0,0.0,1250000.0
585929887,nakaseke,3,500000.0,0.0,0.0,0.0,0.0,0.0,0.0,0.0,500000.0
613834815,nakaseke,3,2100000.0,0.0,0.0,0.0,0.0,0.0,0.0,1999999.9999999993,4099999.999999999
613836978,nakaseke,3,700000.0,0.0,0.0,0.0,0.0,0.0,0.0,0.0,700000.0
617656696,mukono,3,1099999.9999999998,0.0,0.0,0.0,299999.99999999977,0.0,0.0,0.0,1399999.9999999995
633860938,mukono,3,3000000.0,1000000.0,0.0,0.0,5000000.0,0.0,0.0,0.0,9000000.0
616677841,mukono,4,70000.0,0.0,6000000.0,0.0,0.0,0.0,0.0,0.0,6070000.0
551440657,nakaseke,4,280000.0,199999.99999999997,240000.00000000003,0.0,0.0,0.0,0.0,0.0,720000.0
592191523,nakaseke,4,312000.0,0.0,0.0,0.0,500000.0,0.0,0.0,0.0,812000.0
552803559,nakaseke,4,3440000.0,200000.00000000006,0.0,0.0,249999.99999999983,0.0,0.0,0.0,3890000.0
613177526,nakaseke,4,50000000.0,0.0,0.0,0.0,0.0,0.0,0.0,0.0,50000000.0
613831899,nakaseke,4,203000.0,0.0,0.0,0.0,0.0,0.0,0.0,0.0,203000.0
614880484,mukono,4,120000.0,0.0,0.0,0.0,0.0,0.0,0.0,0.0,120000.0
550714067,nakaseke,4,800000.0,0.0,0.0,0.0,149999.99999999994,0.0,0.0,0.0,950000.0
550714208,nakaseke,4,1000000.0,0.0,0.0,0.0,200000.00000000006,0.0,0.0,0.0,1200000.0
556045414,nakaseke,4,1000000.0,0.0,0.0,0.0,500000.0,0.0,0.0,0.0,1500000.0
556046788,nakaseke,4,800000.0,0.0,0.0,300000.0,0.0,0.0,0.0,0.0,1100000.0
557695958,nakaseke,4,1000000.0,500000.0,0.0,0.0,200000.0,0.0,0.0,0.0,1700000.0
560461977,nakaseke,4,3000000.0,500000.0,0.0,0.0,0.0,0.0,0.0,0.0,3500000.0
592361767,nakaseke,4,5000000.0,0.0,0.0,0.0,250000.0,0.0,0.0,0.0,5250000.0
592363240,nakaseke,4,3000000.0,200000.0,0.0,0.0,500000.0,0.0,0.0,0.0,3700000.0
616701192,mukono,4,520000.0,0.0,0.0,0.0,0.0,0.0,0.0,0.0,520000.0
624293019,mukono,4,900000.0,500000.0,200000.0,300000.0,300000.0,0.0,0.0,0.0,2200000.0
550715350,nakaseke,4,800000.0,0.0,0.0,0.0,0.0,0.0,0.0,0.0,800000.0
552803832,nakaseke,4,2300000.0,0.0,0.0,0.0,350000.0000000001,0.0,0.0,0.0,2650000.0
553311655,nakaseke,4,950000.0,0.0,0.0,0.0,0.0,0.0,0.0,0.0,950000.0
554396495,nakaseke,4,900000.0,0.0,0.0,0.0,0.0,0.0,0.0,0.0,900000.0
555218845,nakaseke,4,4500000.0,0.0,0.0,400000.0,0.0,0.0,0.0,0.0,4900000.0
556047384,nakaseke,4,1500000.0,0.0,0.0,300000.0,0.0,500000.0,0.0,0.0,2300000.0
557713875,nakaseke,4,700000.0,0.0,0.0,0.0,0.0,0.0,0.0,0.0,700000.0
558376731,nakaseke,4,800000.0,0.0,0.0,0.0,0.0,0.0,0.0,0.0,800000.0
558377788,nakaseke,4,1250000.0,0.0,0.0,350000.0,40000.0,0.0,0.0,0.0,1640000.0
558378029,nakaseke,4,1000000.0,0.0,0.0,0.0,250000.0,0.0,0.0,0.0,1250000.0
559605691,nakaseke,4,4000000.0,300000.0,0.0,0.0,250000.0,0.0,0.0,0.0,4550000.0
560460598,nakaseke,4,4000000.0,0.0,0.0,0.0,0.0,0.0,0.0,0.0,4000000.0
560460842,nakaseke,4,2000000.0,0.0,0.0,0.0,400000.0,0.0,0.0,0.0,2400000.0
561199081,nakaseke,4,2500000.0,400000.0,0.0,0.0,200000.0,0.0,0.0,0.0,3100000.0
561203340,nakaseke,4,2500000.0,0.0,0.0,0.0,0.0,0.0,0.0,0.0,2500000.0
561250862,nakaseke,4,399600.0,0.0,0.0,300000.0,0.0,0.0,0.0,0.0,699600.0
582704845,nakaseke,4,7000000.0,400000.0,0.0,0.0,0.0,0.0,0.0,0.0,7400000.0
585217011,nakaseke,4,8000000.0,0.0,200000.0,0.0,0.0,0.0,0.0,0.0,8200000.0
588626659,nakaseke,4,156000.0,500000.0,300000.0,0.0,0.0,0.0,0.0,0.0,956000.0
588783193,nakaseke,4,7000000.0,0.0,0.0,0.0,0.0,0.0,0.0,0.0,7000000.0
613810847,nakaseke,4,360000.0,0.0,0.0,0.0,0.0,0.0,0.0,0.0,360000.0
614880582,mukono,4,400000.0,0.0,0.0,0.0,0.0,0.0,0.0,0.0,400000.0
616579050,mukono,4,500000.0,0.0,0.0,0.0,0.0,0.0,0.0,90000.0,590000.0
616701381,mukono,4,400000.0,0.0,0.0,0.0,0.0,0.0,0.0,180000.0,580000.0
623704503,mukono,4,300000.0,0.0,0.0,100000.0,0.0,0.0,0.0,100000.0,500000.0
550714829,nakaseke,4,600000.0,0.0,0.0,0.0,0.0,0.0,0.0,0.0,600000.0
551432268,nakaseke,4,650000.0,499999.99999999977,0.0,50000.000000000015,150000.00000000006,0.0,0.0,0.0,1349999.9999999998
551438359,nakaseke,4,3800000.0,0.0,0.0,0.0,199999.99999999997,0.0,0.0,0.0,4000000.0
551438847,nakaseke,4,750000.0,0.0,0.0,0.0,100000.00000000001,0.0,0.0,0.0,850000.0
552834713,nakaseke,4,2500000.0,0.0,0.0,100000.00000000004,0.0,0.0,0.0,0.0,2600000.0
553313606,nakaseke,4,1100000.0,0.0,0.0,0.0,149999.99999999994,0.0,0.0,0.0,1250000.0
553314110,nakaseke,4,6500000.0,0.0,0.0,0.0,400000.0000000001,0.0,0.0,0.0,6900000.0
553314852,nakaseke,4,6380000.0,0.0,0.0,0.0,499999.9999999997,0.0,0.0,0.0,6880000.0
554382238,nakaseke,4,5500000.0,0.0,249999.99999999983,0.0,299999.9999999999,0.0,0.0,0.0,6050000.0
554383042,nakaseke,4,5500000.0,0.0,0.0,0.0,299999.9999999999,0.0,0.0,0.0,5800000.0
554388188,nakaseke,4,7500000.0,0.0,249999.99999999983,0.0,499999.9999999997,0.0,0.0,0.0,8250000.0
555219221,nakaseke,4,4000000.0,0.0,0.0,0.0,1000000.0,0.0,6000000.0,0.0,11000000.0
555219441,nakaseke,4,8000000.0,0.0,0.0,0.0,1000000.0,0.0,0.0,0.0,9000000.0
555219813,nakaseke,4,800000.0,0.0,0.0,0.0,150000.0,0.0,0.0,0.0,950000.0
556046148,nakaseke,4,500000.0,0.0,0.0,200000.0,150000.0,0.0,0.0,0.0,850000.0
557695618,nakaseke,4,800000.0,0.0,0.0,0.0,300000.0,0.0,0.0,0.0,1100000.0
557695779,nakaseke,4,5000000.0,0.0,200000.0,0.0,0.0,0.0,0.0,0.0,5200000.0
557696080,nakaseke,4,2000000.0,800000.0,0.0,250000.0,0.0,0.0,0.0,0.0,3050000.0
559607285,nakaseke,4,1000000.0,0.0,150000.0,300000.0,0.0,0.0,0.0,0.0,1450000.0
559607680,nakaseke,4,3500000.0,0.0,0.0,350000.0,0.0,0.0,0.0,0.0,3850000.0
559615651,nakaseke,4,2000000.0,0.0,0.0,0.0,0.0,0.0,0.0,0.0,2000000.0
560459965,nakaseke,4,3000000.0,0.0,0.0,0.0,0.0,0.0,1500000.0,0.0,4500000.0
561202301,nakaseke,4,3500000.0,0.0,150000.0,0.0,0.0,0.0,0.0,0.0,3650000.0
567488224,nakaseke,4,3000000.0,0.0,0.0,0.0,300000.0,0.0,0.0,0.0,3300000.0
581728335,nakaseke,4,6000000.0,400000.0,0.0,0.0,0.0,0.0,0.0,0.0,6400000.0
581800534,nakaseke,4,5000000.0,0.0,0.0,0.0,400000.0,0.0,0.0,0.0,5400000.0
581801301,nakaseke,4,4000000.0,0.0,0.0,0.0,0.0,0.0,0.0,0.0,4000000.0
582682579,nakaseke,4,3000000.0,0.0,0.0,0.0,400000.0,0.0,0.0,0.0,3400000.0
582684638,nakaseke,4,2000000.0,0.0,0.0,0.0,0.0,0.0,0.0,0.0,2000000.0
583582238,nakaseke,4,15000000.0,500000.0,0.0,0.0,0.0,0.0,0.0,0.0,15500000.0
584447265,nakaseke,4,8000000.0,0.0,0.0,0.0,500000.0,0.0,0.0,0.0,8500000.0
585215638,nakaseke,4,15000000.0,0.0,0.0,0.0,0.0,0.0,0.0,0.0,15000000.0
585216305,nakaseke,4,3000000.0,0.0,0.0,0.0,0.0,0.0,0.0,0.0,3000000.0
587012670,nakaseke,4,15000000.0,0.0,0.0,0.0,0.0,0.0,0.0,0.0,15000000.0
587012983,nakaseke,4,8000000.0,0.0,0.0,0.0,200000.0,0.0,0.0,0.0,8200000.0
587013280,nakaseke,4,25000000.0,0.0,0.0,0.0,0.0,2000000.0,0.0,0.0,27000000.0
588781706,nakaseke,4,14000000.0,300000.0,0.0,0.0,0.0,0.0,0.0,0.0,14300000.0
589705500,nakaseke,4,5000000.0,0.0,0.0,0.0,400000.0,0.0,0.0,0.0,5400000.0
589705733,nakaseke,4,12000000.0,450000.0,0.0,0.0,0.0,0.0,0.0,0.0,12450000.0
592193539,nakaseke,4,7998000.0,0.0,0.0,0.0,0.0,0.0,0.0,0.0,7998000.0
593223241,nakaseke,4,3000000.0,3000000.0,0.0,0.0,5000000.0,0.0,0.0,0.0,11000000.0
593223559,nakaseke,4,5000000.0,450000.0,0.0,0.0,0.0,0.0,0.0,0.0,5450000.0
613174996,nakaseke,4,3500000.0,0.0,0.0,0.0,300000.0,0.0,0.0,0.0,3800000.0
613177861,nakaseke,4,2000000.0,0.0,0.0,0.0,500000.0,0.0,0.0,0.0,2500000.0
613177864,nakaseke,4,5000000.0,0.0,0.0,0.0,0.0,0.0,0.0,0.0,5000000.0
613178463,nakaseke,4,8000000.0,0.0,0.0,0.0,0.0,5000000.0,0.0,0.0,13000000.0
613178868,nakaseke,4,500000.0,0.0,0.0,0.0,300000.0,0.0,0.0,0.0,800000.0
613180603,nakaseke,4,2000000.0,0.0,0.0,0.0,0.0,0.0,0.0,0.0,2000000.0
613822490,nakaseke,4,180000.0,150000.0,250000.0,0.0,0.0,0.0,0.0,0.0,580000.0
613825443,nakaseke,4,754000.0,250000.0,0.0,100000.0,0.0,0.0,0.0,0.0,1104000.0
618055484,mukono,4,750000.0,0.0,0.0,0.0,0.0,0.0,0.0,500000.0,1250000.0
619558400,mukono,4,350000.0,0.0,0.0,200000.0,100000.0,0.0,0.0,0.0,650000.0
621499875,mukono,4,800000.0,0.0,3600000.0,0.0,0.0,0.0,0.0,0.0,4400000.0
623176650,mukono,4,500000.0,0.0,12000000.0,1000000.0,0.0,0.0,0.0,0.0,13500000.0
623183149,mukono,4,288000.0,0.0,0.0,0.0,0.0,1000000.0,0.0,5000000.0,6288000.0
623185581,mukono,4,500000.0,0.0,0.0,1000000.0,0.0,2400000.0,0.0,0.0,3900000.0
633165095,mukono,4,500000.0,0.0,0.0,3000000.0,20000000.0,0.0,0.0,0.0,23500000.0
633861862,mukono,4,2000000.0,0.0,1000000.0,20000000.0,0.0,0.0,0.0,0.0,23000000.0
634022320,mukono,4,300000.0,0.0,0.0,300000.0,0.0,0.0,0.0,0.0,600000.0
634322498,mukono,4,120000.0,0.0,0.0,0.0,0.0,0.0,0.0,0.0,120000.0
634928993,mukono,4,60000.0,0.0,0.0,0.0,0.0,0.0,0.0,0.0,60000.0
634952733,mukono,4,1400000.0,0.0,0.0,0.0,500000.0,10000000.0,0.0,0.0,11900000.0
634953204,mukono,4,1200000.0,720000.0,0.0,0.0,500000.0,0.0,0.0,0.0,2420000.0
635102101,mukono,4,500000.0,0.0,0.0,0.0,0.0,20000000.0,12000000.0,0.0,32500000.0
635102513,mukono,4,800000.0,0.0,0.0,10000000.0,1000000.0,0.0,0.0,0.0,11800000.0
644159914,mukono,4,15000000.0,0.0,0.0,0.0,2800000.0,0.0,0.0,0.0,17800000.0
644420047,mukono,4,800000.0,0.0,0.0,0.0,0.0,2000000.0,0.0,0.0,2800000.0
551439754,nakaseke,4,4000000.0,0.0,0.0,150000.00000000006,999999.9999999997,0.0,0.0,0.0,5150000.0
552968706,nakaseke,4,8000000.0,0.0,0.0,0.0,299999.9999999999,0.0,0.0,0.0,8300000.0
552969446,nakaseke,4,2500000.0,0.0,0.0,0.0,640799.9999999995,0.0,0.0,0.0,3140799.9999999995
552970239,nakaseke,4,3500000.0,0.0,0.0,0.0,299999.99999999977,0.0,0.0,0.0,3800000.0
554387935,nakaseke,4,5500000.0,0.0,0.0,0.0,200000.00000000006,0.0,0.0,0.0,5700000.0
558377096,nakaseke,4,2500000.0,500000.0,0.0,0.0,0.0,1000000.0,0.0,0.0,4000000.0
559607458,nakaseke,4,4000000.0,500000.0,0.0,0.0,200000.0,0.0,0.0,0.0,4700000.0
567493335,nakaseke,4,2000000.0,0.0,0.0,400000.0,800000.0,0.0,0.0,0.0,3200000.0
581802079,nakaseke,4,7000000.0,0.0,150000.0,0.0,300000.0,0.0,0.0,0.0,7450000.0
582619340,nakaseke,4,2000000.0,0.0,0.0,0.0,0.0,0.0,0.0,0.0,2000000.0
583580839,nakaseke,4,25000000.0,0.0,0.0,0.0,0.0,10000000.0,0.0,0.0,35000000.0
584444811,nakaseke,4,4000000.0,0.0,0.0,300000.0,0.0,0.0,0.0,0.0,4300000.0
585215286,nakaseke,4,6500000.0,500000.0,0.0,500000.0,0.0,0.0,0.0,0.0,7500000.0
587013182,nakaseke,4,6000000.0,0.0,150000.0,0.0,450000.0,0.0,0.0,0.0,6600000.0
588782700,nakaseke,4,12000000.0,0.0,0.0,500000.0,0.0,0.0,0.0,0.0,12500000.0
589705993,nakaseke,4,10000000.0,0.0,0.0,0.0,0.0,0.0,0.0,0.0,10000000.0
613178458,nakaseke,4,30000000.0,500000.0,0.0,0.0,0.0,0.0,0.0,0.0,30500000.0
613178880,nakaseke,4,3000000.0,800000.0,300000.0,0.0,0.0,0.0,0.0,0.0,4100000.0
613179574,nakaseke,4,4000000.0,0.0,0.0,0.0,400000.0,0.0,0.0,0.0,4400000.0
615825416,mukono,4,50000.0,0.0,0.0,0.0,0.0,0.0,0.0,0.0,50000.0
619544793,mukono,4,1000000.0,0.0,0.0,0.0,0.0,1000000.0,0.0,0.0,2000000.0
623479229,mukono,4,120000.0,0.0,0.0,0.0,0.0,0.0,0.0,0.0,120000.0
633706398,mukono,4,600000.0,0.0,0.0,0.0,0.0,0.0,0.0,0.0,600000.0
633706854,mukono,4,150000.0,0.0,0.0,0.0,80000.0,0.0,0.0,0.0,230000.0
553314312,nakaseke,4,11000000.0,0.0,0.0,0.0,100000.00000000001,0.0,0.0,0.0,11100000.0
555219512,nakaseke,4,1200000.0,2000000.0,0.0,0.0,0.0,0.0,0.0,0.0,3200000.0
561200684,nakaseke,4,4000000.0,0.0,0.0,200000.0,0.0,0.0,0.0,0.0,4200000.0
583583184,nakaseke,4,20000000.0,0.0,0.0,0.0,500000.0,0.0,0.0,0.0,20500000.0
584444125,nakaseke,4,8000000.0,0.0,0.0,0.0,0.0,1000000.0,0.0,0.0,9000000.0
584446459,nakaseke,4,4000000.0,0.0,200000.0,0.0,0.0,0.0,0.0,0.0,4200000.0
586786507,nakaseke,4,551800.0,160000.0,0.0,0.0,0.0,0.0,0.0,0.0,711800.0
586805028,nakaseke,4,384400.0,180000.0,0.0,0.0,100800.0,0.0,0.0,0.0,665200.0
588783732,nakaseke,4,8000000.0,0.0,0.0,300000.0,0.0,0.0,0.0,0.0,8300000.0
589705256,nakaseke,4,10000000.0,0.0,0.0,0.0,0.0,8000000.0,0.0,0.0,18000000.0
592362627,nakaseke,4,4000000.0,500000.0,0.0,0.0,0.0,0.0,0.0,0.0,4500000.0
592363516,nakaseke,4,9900000.0,0.0,0.0,0.0,0.0,0.0,0.0,0.0,9900000.0
615755561,mukono,4,24000000.0,2000000.0,0.0,0.0,1000000.0,5000000.0,0.0,0.0,32000000.0
616699698,mukono,4,600000.0,0.0,0.0,0.0,0.0,0.0,0.0,0.0,600000.0
618056804,mukono,4,1400000.0,0.0,0.0,200000.0,50000.0,0.0,0.0,0.0,1650000.0
623479343,mukono,4,150000.0,0.0,0.0,0.0,70000.0,0.0,0.0,0.0,220000.0
631647706,mukono,4,230000.0,0.0,0.0,0.0,0.0,0.0,0.0,0.0,230000.0
632871446,mukono,4,800000.0,0.0,0.0,0.0,0.0,0.0,0.0,0.0,800000.0
644420087,mukono,4,600000.0,0.0,0.0,1500000.0,0.0,0.0,0.0,0.0,2100000.0
583581711,nakaseke,4,8000000.0,0.0,200000.0,0.0,0.0,0.0,0.0,0.0,8200000.0
592192218,nakaseke,4,2400000.0,0.0,0.0,0.0,250000.0,0.0,0.0,0.0,2650000.0
614880682,mukono,4,1400000.0,0.0,0.0,0.0,0.0,0.0,0.0,0.0,1400000.0
618739011,mukono,4,6400000.0,0.0,0.0,0.0,0.0,0.0,0.0,0.0,6400000.0
618739107,mukono,4,1800000.0,0.0,0.0,0.0,0.0,0.0,0.0,0.0,1800000.0
622484850,mukono,4,600000.0,0.0,0.0,0.0,0.0,0.0,0.0,0.0,600000.0
623479274,mukono,4,150000.0,0.0,0.0,0.0,0.0,0.0,0.0,0.0,150000.0
623981062,mukono,4,400000.0,0.0,0.0,0.0,180000.0,0.0,0.0,0.0,580000.0
634929144,mukono,4,40000.0,0.0,0.0,0.0,75000.0,0.0,0.0,0.0,115000.0
635625391,mukono,4,120000.0,0.0,0.0,0.0,0.0,0.0,0.0,0.0,120000.0
635625490,mukono,4,80000.0,0.0,0.0,0.0,0.0,0.0,0.0,0.0,80000.0
556031317,nakaseke,4,450000.0,0.0,0.0,0.0,0.0,0.0,0.0,0.0,450000.0
556037719,nakaseke,4,400000.0,0.0,0.0,0.0,0.0,0.0,0.0,0.0,400000.0
560449324,nakaseke,4,2666000.0,0.0,0.0,0.0,1425600.0,0.0,0.0,0.0,4091600.0
586026956,nakaseke,4,354000.0,0.0,300000.0,0.0,0.0,0.0,0.0,0.0,654000.0
616680304,mukono,4,400000.0,0.0,800000.0,0.0,0.0,3600000.0,0.0,0.0,4800000.0
616700114,mukono,4,360000.0,0.0,0.0,0.0,0.0,0.0,0.0,0.0,360000.0
623980936,mukono,4,180000.0,0.0,0.0,0.0,0.0,0.0,0.0,0.0,180000.0
632872132,mukono,4,590000.0,0.0,0.0,0.0,0.0,0.0,0.0,0.0,590000.0
550732883,nakaseke,4,2800000.0,0.0,0.0,0.0,0.0,0.0,0.0,0.0,2800000.0
582502735,nakaseke,4,450000.0,0.0,0.0,0.0,0.0,0.0,0.0,0.0,450000.0
586030936,nakaseke,4,195000.0,0.0,150000.0,0.0,0.0,0.0,0.0,0.0,345000.0
614807290,mukono,4,900000.0,0.0,0.0,0.0,0.0,0.0,0.0,600000.0,1500000.0
614850521,mukono,4,200000.0,0.0,150000.0,0.0,300000.0,0.0,0.0,0.0,650000.0
614880379,mukono,4,2600000.0,0.0,0.0,20000.0,1199999.9999999998,0.0,0.0,0.0,3820000.0
615759274,mukono,4,1000000.0,0.0,0.0,0.0,0.0,0.0,500000.0,0.0,1500000.0
615825361,mukono,4,2600000.0,0.0,0.0,0.0,0.0,0.0,0.0,0.0,2600000.0
616578776,mukono,4,1200000.0,300000.0,200000.0,0.0,0.0,1500000.0,0.0,0.0,3200000.0
616579437,mukono,4,1500000.0,0.0,0.0,500000.0,0.0,0.0,0.0,0.0,2000000.0
616580090,mukono,4,300000.0,100000.0,100000.0,100000.0,300000.0,0.0,0.0,0.0,900000.0
616699119,mukono,4,90000.0,0.0,0.0,0.0,0.0,0.0,0.0,0.0,90000.0
617648886,mukono,4,320000.0,0.0,0.0,0.0,0.0,0.0,0.0,0.0,320000.0
618056277,mukono,4,900000.0,0.0,0.0,100000.0,0.0,0.0,0.0,0.0,1000000.0
618502771,mukono,4,500000.0,0.0,200000.0,0.0,0.0,0.0,0.0,0.0,700000.0
618503624,mukono,4,1100000.0,0.0,0.0,1000000.0,0.0,0.0,0.0,0.0,2100000.0
619549456,mukono,4,1600000.0,0.0,0.0,0.0,0.0,1200000.0,0.0,1400000.0,4200000.0
619551006,mukono,4,480000.0,0.0,0.0,500000.0,0.0,0.0,0.0,0.0,980000.0
619552154,mukono,4,1200000.0,0.0,0.0,0.0,1000000.0,0.0,0.0,0.0,2200000.0
619559855,mukono,4,1800000.0,0.0,0.0,0.0,2000000.0,1350000.0,0.0,0.0,5150000.0
622292961,mukono,4,500000.0,0.0,0.0,400000.0,0.0,0.0,0.0,0.0,900000.0
623188000,mukono,4,600000.0,0.0,0.0,0.0,15000000.0,6000000.0,0.0,0.0,21600000.0
623704256,mukono,4,3500000.0,0.0,0.0,600000.0,500000.0,0.0,0.0,0.0,4600000.0
624717557,mukono,4,400000.0,0.0,2000000.0,0.0,0.0,0.0,0.0,0.0,2400000.0
628775538,mukono,4,1000000.0,0.0,0.0,1000000.0,0.0,0.0,0.0,0.0,2000000.0
632457381,mukono,4,1200000.0,0.0,0.0,600000.0,300000.0,0.0,0.0,0.0,2100000.0
632479613,mukono,4,800000.0,100000.0,0.0,200000.0,100000.0,0.0,0.0,0.0,1200000.0
632526756,mukono,4,17500000.0,0.0,0.0,2000000.0,0.0,0.0,0.0,0.0,19500000.0
632870245,mukono,4,120000.0,0.0,0.0,0.0,15000.0,0.0,0.0,0.0,135000.0
633860192,mukono,4,15000000.0,0.0,0.0,1000000.0,600000.0,0.0,0.0,0.0,16600000.0
633861646,mukono,4,3000000.0,0.0,0.0,0.0,2800000.0,0.0,0.0,0.0,5800000.0
634322667,mukono,4,160000.0,0.0,0.0,0.0,0.0,0.0,0.0,0.0,160000.0
634322758,mukono,4,800000.0,0.0,0.0,0.0,0.0,0.0,0.0,0.0,800000.0
635625535,mukono,4,900000.0,0.0,0.0,0.0,40000.0,0.0,0.0,0.0,940000.0
635860119,mukono,4,1200000.0,200000.0,0.0,300000.0,300000.0,0.0,0.0,0.0,2000000.0
636602799,mukono,4,1500000.0,200000.0,0.0,0.0,200000.0,0.0,0.0,0.0,1900000.0
558422222,nakaseke,4,1180000.0,240000.0,0.0,0.0,0.0,0.0,0.0,0.0,1420000.0
559666954,nakaseke,4,494000.0,0.0,0.0,0.0,0.0,0.0,0.0,0.0,494000.0
560448617,nakaseke,4,560000.0,0.0,0.0,0.0,0.0,0.0,0.0,0.0,560000.0
583505993,nakaseke,4,450000.0,0.0,180000.0,0.0,0.0,0.0,0.0,0.0,630000.0
584452976,nakaseke,4,286000.0,1500000.0,250000.0,0.0,0.0,0.0,0.0,0.0,2036000.0
586809899,nakaseke,4,298900.0,250000.0,150000.0,0.0,0.0,0.0,0.0,0.0,698900.0
618738329,mukono,4,1200000.0,0.0,0.0,0.0,0.0,0.0,0.0,0.0,1200000.0
623981362,mukono,4,800000.0,0.0,0.0,0.0,0.0,0.0,0.0,0.0,800000.0
633706233,mukono,4,180000.0,0.0,0.0,0.0,0.0,0.0,0.0,0.0,180000.0
555219650,nakaseke,4,700000.0,0.0,0.0,0.0,0.0,0.0,0.0,0.0,700000.0
581666974,nakaseke,4,663600.0,0.0,0.0,250000.0,162000.0,0.0,0.0,0.0,1075600.0
589566940,nakaseke,4,420000.0,0.0,0.0,0.0,0.0,0.0,0.0,0.0,420000.0
615760019,mukono,4,600000.0,300000.0,0.0,0.0,0.0,0.0,0.0,0.0,900000.0
615825276,mukono,4,1200000.0,0.0,0.0,0.0,0.0,0.0,0.0,0.0,1200000.0
616698945,mukono,4,6000000.0,0.0,0.0,0.0,1500000.0,0.0,0.0,0.0,7500000.0
616699320,mukono,4,1800000.0,0.0,0.0,0.0,0.0,0.0,0.0,0.0,1800000.0
619769782,mukono,4,1800000.0,0.0,0.0,0.0,0.0,0.0,0.0,0.0,1800000.0
621639263,mukono,4,100000.0,0.0,0.0,0.0,0.0,0.0,0.0,0.0,100000.0
622484708,mukono,4,1600000.0,0.0,0.0,0.0,0.0,0.0,0.0,0.0,1600000.0
623981163,mukono,4,1800000.0,0.0,0.0,0.0,2200000.0,0.0,0.0,0.0,4000000.0
550732746,nakaseke,4,1200000.0,0.0,0.0,0.0,100000.00000000004,0.0,0.0,0.0,1300000.0
615825485,mukono,4,2400000.0,0.0,0.0,0.0,0.0,0.0,0.0,0.0,2400000.0
551438282,nakaseke,4,1250000.0,0.0,0.0,0.0,0.0,0.0,0.0,0.0,1250000.0
585181910,nakaseke,4,468000.0,230000.0,0.0,250000.0,0.0,0.0,0.0,0.0,948000.0
553313598,nakaseke,4,14010000.0,0.0,0.0,0.0,999999.9999999995,0.0,0.0,0.0,15010000.0
555219886,nakaseke,4,1900000.0,420000.0,0.0,0.0,0.0,0.0,0.0,0.0,2320000.0
561236657,nakaseke,4,1296000.0,0.0,0.0,500000.0,221000.0,0.0,0.0,0.0,2017000.0
583502844,nakaseke,4,510000.0,0.0,0.0,0.0,0.0,0.0,0.0,0.0,510000.0
584472197,nakaseke,4,702000.0,0.0,300000.0,0.0,466200.0,0.0,0.0,0.0,1468200.0
588619360,nakaseke,4,492000.0,0.0,0.0,0.0,0.0,0.0,0.0,0.0,492000.0
613814407,nakaseke,4,2560000.0,0.0,0.0,0.0,0.0,0.0,0.0,0.0,2560000.0
614850687,mukono,4,200000.0,0.0,0.0,200000.0,0.0,0.0,0.0,0.0,400000.0
615773237,mukono,4,700000.0,0.0,300000.0,200000.0,120000.0,200000.0,0.0,0.0,1520000.0
616679140,mukono,4,3000000.0,1000000.0,0.0,0.0,6000000.0,10000000.0,0.0,0.0,20000000.0
618056509,mukono,4,3000000.0,0.0,0.0,100000.0,0.0,0.0,0.0,0.0,3100000.0
618502947,mukono,4,1000000.0,0.0,0.0,300000.0,200000.0,0.0,0.0,0.0,1500000.0
618503261,mukono,4,900000.0,0.0,0.0,0.0,0.0,0.0,0.0,1000000.0,1900000.0
618738549,mukono,4,900000.0,0.0,0.0,0.0,0.0,0.0,0.0,0.0,900000.0
619307564,mukono,4,1300000.0,0.0,0.0,200000.0,500000.0,0.0,0.0,0.0,2000000.0
619543012,mukono,4,400000.0,360000.0,0.0,0.0,0.0,5100000.0,0.0,0.0,5860000.0
620136574,mukono,4,900000.0,300000.0,200000.0,0.0,300000.0,0.0,0.0,0.0,1700000.0
620155076,mukono,4,500000.0,500000.0,0.0,0.0,300000.0,0.0,0.0,0.0,1300000.0
621076849,mukono,4,1500000.0,0.0,0.0,0.0,2000000.0,0.0,0.0,2000000.0,5500000.0
622287746,mukono,4,700000.0,0.0,0.0,100000.0,70000.0,0.0,0.0,0.0,870000.0
622484987,mukono,4,2400000.0,0.0,0.0,0.0,0.0,0.0,0.0,0.0,2400000.0
631647870,mukono,4,1800000.0,0.0,0.0,0.0,0.0,0.0,0.0,0.0,1800000.0
632483673,mukono,4,2000000.0,200000.0,0.0,300000.0,300000.0,0.0,0.0,0.0,2800000.0
632532023,mukono,4,4800000.0,0.0,0.0,0.0,1000000.0,0.0,0.0,0.0,5800000.0
633706958,mukono,4,320000.0,0.0,0.0,0.0,150000.0,0.0,0.0,0.0,470000.0
634023370,mukono,4,2000000.0,0.0,0.0,200000.0,0.0,0.0,0.0,100000.0,2300000.0
634718078,mukono,4,3000000.0,300000.0,0.0,0.0,300000.0,0.0,0.0,100000.0,3700000.0
634718387,mukono,4,1000000.0,100000.0,100000.0,100000.0,200000.0,0.0,0.0,0.0,1500000.0
635238203,mukono,4,700000.0,100000.0,300000.0,0.0,100000.0,0.0,0.0,0.0,1200000.0
635859907,mukono,4,1800000.0,200000.0,0.0,300000.0,30000.0,0.0,0.0,0.0,2330000.0
636603192,mukono,4,7000000.0,0.0,0.0,0.0,500000.0,2000000.0,0.0,0.0,9500000.0
551433371,nakaseke,4,930000.0,299999.9999999999,0.0,0.0,0.0,0.0,0.0,0.0,1230000.0
581719428,nakaseke,4,554400.0,0.0,0.0,0.0,0.0,0.0,0.0,0.0,554400.0
584453809,nakaseke,4,1008000.0,0.0,0.0,300000.0,0.0,0.0,0.0,0.0,1308000.0
588629366,nakaseke,4,552000.0,350000.0,0.0,0.0,0.0,0.0,0.0,0.0,902000.0
593198085,nakaseke,4,456000.0,0.0,0.0,0.0,0.0,0.0,0.0,0.0,456000.0
614850630,mukono,4,500000.0,0.0,100000.0,0.0,100000.0,0.0,0.0,0.0,700000.0
558415060,nakaseke,4,694400.0,0.0,0.0,250000.0,0.0,0.0,0.0,0.0,944400.0
561237697,nakaseke,4,499200.0,450000.0,0.0,0.0,500000.0,0.0,0.0,0.0,1449200.0
582502398,nakaseke,4,480000.0,0.0,0.0,0.0,225000.0,0.0,0.0,0.0,705000.0
586028388,nakaseke,4,617400.0,0.0,300000.0,0.0,200000.0,0.0,0.0,0.0,1117400.0
613819661,nakaseke,4,336000.0,0.0,0.0,0.0,0.0,0.0,0.0,0.0,336000.0
619770045,mukono,4,900000.0,0.0,0.0,0.0,0.0,0.0,0.0,0.0,900000.0
553313800,nakaseke,4,14000000.0,0.0,0.0,0.0,999999.9999999995,0.0,0.0,0.0,15000000.0
560449000,nakaseke,4,680400.0,0.0,0.0,0.0,150000.0,0.0,0.0,0.0,830400.0
560449862,nakaseke,4,610000.0,0.0,0.0,300000.0,0.0,0.0,0.0,0.0,910000.0
583505325,nakaseke,4,1500000.0,0.0,0.0,0.0,0.0,0.0,0.0,0.0,1500000.0
613821415,nakaseke,4,2232000.0,0.0,0.0,0.0,0.0,0.0,0.0,0.0,2232000.0
561257600,nakaseke,4,325000.0,0.0,0.0,0.0,0.0,0.0,0.0,0.0,325000.0
585193571,nakaseke,4,545200.0,0.0,200000.0,0.0,640800.0,0.0,0.0,0.0,1386000.0
621639988,mukono,4,600000.0,0.0,0.0,0.0,1200000.0,0.0,0.0,0.0,1800000.0
550731204,nakaseke,4,600000.0,0.0,0.0,0.0,0.0,0.0,0.0,0.0,600000.0
550739292,nakaseke,4,500000.0,0.0,0.0,0.0,0.0,0.0,0.0,0.0,500000.0
550740686,nakaseke,4,1000000.0,0.0,0.0,0.0,0.0,0.0,0.0,0.0,1000000.0
551433006,nakaseke,4,1210000.0,700000.0000000002,0.0,0.0,0.0,0.0,0.0,0.0,1910000.0000000002
552803009,nakaseke,4,7950000.0,0.0,0.0,0.0,0.0,0.0,0.0,0.0,7950000.0
554395712,nakaseke,4,2360000.0,0.0,0.0,0.0,149999.99999999994,0.0,0.0,0.0,2510000.0
554399870,,4,8800000.0,0.0,0.0,0.0,499999.9999999997,0.0,0.0,0.0,9300000.0
555219447,nakaseke,4,1050000.0,0.0,0.0,0.0,0.0,0.0,0.0,0.0,1050000.0
559669939,nakaseke,4,2697500.0,0.0,0.0,0.0,520000.0,0.0,0.0,0.0,3217500.0
581666409,nakaseke,4,680400.0,0.0,100000.0,0.0,180000.0,0.0,0.0,0.0,960400.0
585208171,nakaseke,4,975000.0,0.0,300000.0,0.0,0.0,0.0,0.0,0.0,1275000.0
613829595,nakaseke,4,1003400.0,0.0,0.0,0.0,0.0,0.0,0.0,0.0,1003400.0
614807717,mukono,4,800000.0,0.0,0.0,500000.0,0.0,0.0,0.0,0.0,1300000.0
615773415,mukono,4,900000.0,200000.0,0.0,300000.0,300000.0,500000.0,0.0,0.0,2200000.0
616587562,mukono,4,1500000.0,20000.0,0.0,0.0,200000.0,0.0,0.0,0.0,1720000.0
617648818,mukono,4,1200000.0,0.0,0.0,0.0,0.0,0.0,0.0,0.0,1200000.0
617656724,mukono,4,3200000.0,0.0,0.0,0.0,0.0,0.0,0.0,0.0,3200000.0
618738718,mukono,4,2400000.0,0.0,0.0,0.0,0.0,0.0,0.0,0.0,2400000.0
618740822,mukono,4,2400000.0,0.0,0.0,0.0,0.0,0.0,0.0,0.0,2400000.0
619306835,mukono,4,1200000.0,300000.0,0.0,200000.0,0.0,300000.0,0.0,0.0,2000000.0
619559199,mukono,4,6000000.0,0.0,0.0,0.0,12000000.0,0.0,0.0,0.0,18000000.0
619769613,mukono,4,4500000.0,0.0,0.0,0.0,0.0,0.0,0.0,0.0,4500000.0
620129760,mukono,4,3500000.0,500000.0,0.0,0.0,500000.0,0.0,0.0,0.0,4500000.0
620157158,mukono,4,2500000.0,0.0,0.0,2000000.0,1000000.0,300000.0,0.0,0.0,5800000.0
620418682,mukono,4,12000000.0,1800000.0,0.0,0.0,1000000.0,0.0,0.0,0.0,14800000.0
620699865,mukono,4,2400000.0,0.0,0.0,0.0,0.0,0.0,0.0,0.0,2400000.0
620699988,mukono,4,36000000.0,0.0,0.0,0.0,0.0,0.0,0.0,0.0,36000000.0
621075678,mukono,4,1200000.0,0.0,0.0,0.0,0.0,0.0,0.0,100000.0,1300000.0
621078199,mukono,4,1200000.0,0.0,0.0,0.0,500000.0,0.0,0.0,1000000.0,2700000.0
621497521,mukono,4,750000.0,0.0,0.0,500000.0,200000.0,0.0,0.0,0.0,1450000.0
622288485,mukono,4,2000000.0,2500000.0,0.0,0.0,1000000.0,500000.0,0.0,0.0,6000000.0
622289226,mukono,4,900000.0,200000.0,100000.0,0.0,500000.0,0.0,0.0,300000.0,2000000.0
622950844,mukono,4,2600000.0,400000.0,0.0,0.0,1500000.0,0.0,0.0,0.0,4500000.0
622950959,mukono,4,700000.0,100000.0,0.0,200000.0,0.0,0.0,0.0,0.0,1000000.0
622951178,mukono,4,2100000.0,0.0,0.0,0.0,2000000.0,0.0,0.0,0.0,4100000.0
623479319,mukono,4,400000.0,0.0,0.0,0.0,2800000.0,0.0,0.0,0.0,3200000.0
623704150,mukono,4,1000000.0,500000.0,0.0,500000.0,300000.0,0.0,0.0,0.0,2300000.0
623704380,mukono,4,300000.0,0.0,200000.0,0.0,200000.0,0.0,0.0,0.0,700000.0
624715344,mukono,4,200000.0,0.0,0.0,0.0,200000.0,0.0,0.0,1000000.0,1400000.0
631647480,mukono,4,3200000.0,0.0,0.0,0.0,700000.0,0.0,0.0,0.0,3900000.0
632449589,mukono,4,3000000.0,0.0,0.0,500000.0,0.0,0.0,0.0,0.0,3500000.0
632465838,mukono,4,2500000.0,200000.0,0.0,300000.0,300000.0,0.0,0.0,0.0,3300000.0
633165465,mukono,4,2000000.0,400000.0,0.0,500000.0,500000.0,0.0,0.0,0.0,3400000.0
633165662,mukono,4,2000000.0,300000.0,0.0,0.0,300000.0,200000.0,0.0,0.0,2800000.0
634022615,mukono,4,4000000.0,1000000.0,0.0,1000000.0,300000.0,0.0,0.0,0.0,6300000.0
634718321,mukono,4,1000000.0,0.0,0.0,0.0,300000.0,500000.0,0.0,0.0,1800000.0
634929270,mukono,4,80000.0,0.0,0.0,0.0,0.0,0.0,0.0,0.0,80000.0
635102819,mukono,4,1000000.0,0.0,500000.0,0.0,500000.0,0.0,0.0,0.0,2000000.0
635238371,mukono,4,2000000.0,1000000.0,0.0,500000.0,500000.0,0.0,0.0,0.0,4000000.0
635238449,mukono,4,2500000.0,100000.0,0.0,300000.0,300000.0,0.0,0.0,0.0,3200000.0
635238630,mukono,4,1500000.0,500000.0,0.0,300000.0,300000.0,0.0,0.0,0.0,2600000.0
635625333,mukono,4,400000.0,0.0,0.0,0.0,0.0,0.0,0.0,0.0,400000.0
635859825,mukono,4,1500000.0,0.0,0.0,500000.0,0.0,0.0,0.0,0.0,2000000.0
635860002,mukono,4,3000000.0,200000.0,0.0,0.0,0.0,0.0,0.0,0.0,3200000.0
635860179,mukono,4,3000000.0,1000000.0,0.0,500000.0,500000.0,0.0,0.0,0.0,5000000.0
636134719,mukono,4,24000000.0,0.0,0.0,1000000.0,1950000.0,0.0,0.0,0.0,26950000.0
636135880,mukono,4,1400000.0,0.0,1500000.0,0.0,500000.0,0.0,0.0,0.0,3400000.0
636603058,mukono,4,900000.0,0.0,0.0,0.0,200000.0,0.0,0.0,0.0,1100000.0
636603136,mukono,4,700000.0,0.0,0.0,300000.0,500000.0,0.0,0.0,0.0,1500000.0
644152753,mukono,4,2000000.0,200000.0,0.0,300000.0,300000.0,0.0,0.0,300000.0,3100000.0
644152847,mukono,4,700000.0,100000.0,0.0,200000.0,200000.0,0.0,0.0,0.0,1200000.0
644159669,mukono,4,3200000.0,0.0,0.0,0.0,420000.0,0.0,0.0,0.0,3620000.0
554400498,nakaseke,4,7000000.0,0.0,0.0,0.0,100000.00000000001,0.0,0.0,0.0,7100000.0
559666632,nakaseke,4,990000.0,0.0,0.0,150000.0,0.0,0.0,0.0,0.0,1140000.0
619306547,mukono,4,2000000.0,500000.0,0.0,0.0,0.0,0.0,0.0,320000.0,2820000.0
622485261,mukono,4,800000.0,0.0,0.0,0.0,0.0,0.0,0.0,0.0,800000.0
631647195,mukono,4,600000.0,0.0,0.0,0.0,150000.0,0.0,0.0,0.0,750000.0
565368592,nakaseke,4,571200.0,0.0,0.0,0.0,127000.0,0.0,0.0,0.0,698200.0
584454693,nakaseke,4,250000.0,0.0,250000.0,0.0,0.0,0.0,0.0,0.0,500000.0
618738814,mukono,4,2600000.0,0.0,0.0,0.0,0.0,0.0,0.0,0.0,2600000.0
582503421,nakaseke,4,690000.0,0.0,0.0,0.0,0.0,0.0,0.0,0.0,690000.0
589565846,nakaseke,4,720000.0,0.0,0.0,0.0,850000.0,0.0,0.0,0.0,1570000.0
614850459,mukono,4,1100000.0,0.0,0.0,0.0,550000.0,0.0,0.0,0.0,1650000.0
556032422,nakaseke,4,2500000.0,1800000.0,0.0,300000.0,0.0,0.0,0.0,0.0,4600000.0
558422563,nakaseke,4,1750000.0,0.0,0.0,0.0,950000.0,0.0,0.0,0.0,2700000.0
585223034,nakaseke,4,342000.0,0.0,0.0,0.0,0.0,0.0,0.0,0.0,342000.0
623704362,mukono,4,700000.0,500000.0,0.0,0.0,500000.0,0.0,0.0,0.0,1700000.0
633165535,mukono,4,1800000.0,0.0,0.0,500000.0,500000.0,0.0,0.0,0.0,2800000.0
634929225,mukono,4,4000000.0,0.0,0.0,0.0,100000.0,0.0,0.0,0.0,4100000.0
636602878,mukono,4,3500000.0,200000.0,0.0,200000.0,300000.0,0.0,0.0,0.0,4200000.0
558418973,nakaseke,4,1664000.0,0.0,0.0,0.0,1800000.0,2500000.0,0.0,0.0,5964000.0
613827164,nakaseke,4,1560200.0,0.0,450000.0,0.0,950000.0,0.0,0.0,0.0,2960200.0
632876809,mukono,4,320000.0,0.0,0.0,0.0,0.0,0.0,0.0,0.0,320000.0
559670838,nakaseke,4,2073500.0,0.0,0.0,200000.0,0.0,0.0,0.0,0.0,2273500.0
588625655,nakaseke,4,2496000.0,0.0,300000.0,0.0,1050000.0,0.0,0.0,0.0,3846000.0
550732633,nakaseke,4,1050000.0,0.0,0.0,0.0,499999.99999999977,0.0,0.0,0.0,1549999.9999999998
550740078,nakaseke,4,1100000.0,299999.9999999999,0.0,0.0,0.0,0.0,0.0,0.0,1400000.0
552802393,nakaseke,4,8800000.0,200000.00000000006,0.0,0.0,599999.9999999998,0.0,0.0,0.0,9600000.0
553314788,nakaseke,4,7500000.0,0.0,0.0,0.0,499999.9999999997,0.0,0.0,0.0,8000000.0
556033462,nakaseke,4,4032000.0,0.0,0.0,0.0,1755000.0,0.0,0.0,0.0,5787000.0
557694485,nakaseke,4,90000.0,0.0,0.0,50000.0,0.0,0.0,0.0,0.0,140000.0
557694682,nakaseke,4,90000.0,0.0,0.0,25000.0,0.0,0.0,0.0,0.0,115000.0
557711753,nakaseke,4,1750000.0,0.0,0.0,0.0,0.0,0.0,0.0,0.0,1750000.0
557713215,nakaseke,4,1100000.0000000002,0.0,0.0,0.0,0.0,0.0,0.0,0.0,1100000.0000000002
558375556,nakaseke,4,300000.0,0.0,0.0,50000.0,60000.0,0.0,0.0,0.0,410000.0
565368815,nakaseke,4,1150000.0,0.0,0.0,300000.0,0.0,0.0,0.0,0.0,1450000.0
583503314,nakaseke,4,3060000.0,0.0,0.0,0.0,639000.0,0.0,0.0,0.0,3699000.0
592192864,nakaseke,4,2400000.0,0.0,0.0,0.0,0.0,0.0,0.0,0.0,2400000.0
614807974,mukono,4,700000.0,0.0,0.0,400000.0,0.0,0.0,0.0,0.0,1100000.0
614850566,mukono,4,3200000.0,0.0,0.0,0.0,3000000.0,0.0,0.0,0.0,6200000.0
615761193,mukono,4,7000000.0,1000000.0,0.0,0.0,1000000.0,0.0,500000.0,0.0,9500000.0
615773611,mukono,4,1000000.0,200000.0,100000.0,0.0,100000.0,0.0,0.0,0.0,1400000.0
616675567,mukono,4,300000.0,0.0,0.0,0.0,0.0,1000000.0,600000.0,0.0,1900000.0
617462488,mukono,4,650000.0,0.0,0.0,0.0,0.0,4000000.0,0.0,0.0,4650000.0
617463415,mukono,4,300000.0,0.0,0.0,0.0,300000.0,2400000.0,0.0,0.0,3000000.0
617648934,mukono,4,2400000.0,0.0,0.0,0.0,0.0,0.0,0.0,0.0,2400000.0
619547863,mukono,4,1000000.0,0.0,0.0,0.0,250000.0,1000000.0,0.0,0.0,2250000.0
619769827,mukono,4,560000.0,0.0,0.0,0.0,0.0,0.0,0.0,250000.0,810000.0
619769984,mukono,4,1800000.0,0.0,0.0,0.0,0.0,0.0,0.0,0.0,1800000.0
620417365,mukono,4,600000.0,0.0,0.0,0.0,0.0,5000000.0,1000000.0,0.0,6600000.0
620699936,mukono,4,3200000.0,0.0,0.0,0.0,0.0,0.0,0.0,0.0,3200000.0
620700057,mukono,4,1200000.0,0.0,0.0,0.0,1600000.0,0.0,0.0,0.0,2800000.0
621078668,mukono,4,1100000.0,200000.0,0.0,0.0,800000.0,0.0,4800000.0,500000.0,7400000.0
621640204,mukono,4,130000.0,0.0,0.0,0.0,0.0,0.0,0.0,0.0,130000.0
621642449,mukono,4,200000.0,0.0,0.0,0.0,0.0,0.0,0.0,0.0,200000.0
622289483,mukono,4,400000.0,200000.0,100000.0,0.0,200000.0,0.0,0.0,0.0,900000.0
622485078,mukono,4,8000000.0,0.0,0.0,0.0,4500000.0,0.0,0.0,0.0,12500000.0
623981243,mukono,4,100000.0,0.0,0.0,0.0,250000.0,0.0,0.0,0.0,350000.0
624290457,mukono,4,1800000.0,500000.0,0.0,1000000.0,500000.0,600000.0,0.0,0.0,4400000.0
624291333,mukono,4,700000.0,600000.0,0.0,600000.0,500000.0,0.0,0.0,0.0,2400000.0
624292438,mukono,4,700000.0,700000.0,200000.0,200000.0,200000.0,0.0,0.0,0.0,2000000.0
631647010,mukono,4,1200000.0,0.0,0.0,0.0,75000.0,0.0,0.0,0.0,1275000.0
633165312,mukono,4,1200000.0,0.0,0.0,200000.0,0.0,0.0,0.0,0.0,1400000.0
633706793,mukono,4,300000.0,0.0,0.0,0.0,500000.0,0.0,0.0,0.0,800000.0
634022985,mukono,4,900000.0,0.0,0.0,300000.0,0.0,0.0,0.0,100000.0,1300000.0
634718242,mukono,4,5000000.0,1000000.0,0.0,1000000.0,1000000.0,0.0,0.0,0.0,8000000.0
635238561,mukono,4,1200000.0,0.0,0.0,500000.0,300000.0,0.0,0.0,0.0,2000000.0
636135365,mukono,4,3000000.0,0.0,500000.0,300000.0,100000.0,0.0,0.0,0.0,3900000.0
636136285,mukono,4,2400000.0,0.0,0.0,1000000.0,0.0,0.0,0.0,3000000.0,6400000.0
616674531,mukono,4,5100000.0,0.0,0.0,0.0,0.0,0.0,2000000.0,0.0,7100000.0
557715625,nakaseke,4,1650000.0,0.0,0.0,0.0,0.0,0.0,0.0,0.0,1650000.0
582503133,nakaseke,4,1260000.0,0.0,0.0,500000.0,0.0,0.0,0.0,0.0,1760000.0
586804272,nakaseke,4,3217800.0,300000.0,1000000.0,0.0,560000.0,0.0,0.0,0.0,5077800.0
620699783,mukono,4,2800000.0,0.0,0.0,0.0,0.0,0.0,0.0,0.0,2800000.0
550738751,nakaseke,4,400000.0,0.0,0.0,0.0,0.0,0.0,0.0,0.0,400000.0
589566299,nakaseke,4,540000.0,0.0,0.0,0.0,0.0,0.0,0.0,0.0,540000.0
556042851,nakaseke,4,700000.0,0.0,0.0,300000.0,250000.0,0.0,0.0,0.0,1250000.0
581667076,nakaseke,4,831600.0,0.0,300000.0,150000.0,0.0,0.0,0.0,0.0,1281600.0
561201812,nakaseke,4,600000.0,0.0,250000.0,90000.0,90000.0,0.0,0.0,0.0,1030000.0
561202655,nakaseke,4,300000.0,60000.0,55000.0,150000.0,70000.0,0.0,0.0,0.0,635000.0
622951271,mukono,4,1800000.0,1000000.0,0.0,0.0,1200000.0,0.0,0.0,0.0,4000000.0
623479194,mukono,4,2400000.0,0.0,0.0,0.0,1200000.0,0.0,0.0,0.0,3600000.0
633859954,mukono,4,1200000.0,0.0,1000000.0,0.0,500000.0,0.0,0.0,0.0,2700000.0
634322609,mukono,4,1800000.0,0.0,0.0,0.0,0.0,0.0,0.0,0.0,1800000.0
634718422,mukono,4,1000000.0,0.0,0.0,0.0,0.0,0.0,0.0,0.0,1000000.0
618738459,mukono,4,5400000.0,0.0,0.0,0.0,0.0,0.0,0.0,0.0,5400000.0
552806909,nakaseke,4,1120000.0,0.0,0.0,0.0,100000.00000000001,0.0,0.0,0.0,1220000.0
557694859,nakaseke,4,90000.0,0.0,0.0,0.0,0.0,0.0,0.0,0.0,90000.0
589566059,nakaseke,4,6300000.0,1000000.0,0.0,300000.0,0.0,0.0,0.0,0.0,7600000.0
593200247,nakaseke,4,31200005.0,1000000.0,0.0,0.0,1080000.0,0.0,0.0,0.0,33280005.0
613820537,nakaseke,4,5040000.0,500000.0,0.0,0.0,0.0,0.0,0.0,0.0,5540000.0
614808240,mukono,4,1000000.0,0.0,0.0,600000.0,0.0,200000.0,0.0,0.0,1800000.0
615773753,mukono,4,1500000.0,1000000.0,0.0,200000.0,0.0,0.0,0.0,0.0,2700000.0
617460629,mukono,4,800000.0,0.0,0.0,0.0,0.0,20000000.0,0.0,500000.0,21300000.0
617461111,mukono,4,400000.0,0.0,0.0,300000.0,0.0,0.0,0.0,0.0,700000.0
617461597,mukono,4,120000.0,0.0,0.0,0.0,0.0,0.0,0.0,0.0,120000.0
618056660,mukono,4,1200000.0,0.0,0.0,200000.0,0.0,500000.0,0.0,0.0,1900000.0
618502638,mukono,4,2000000.0,0.0,0.0,0.0,300000.0,0.0,0.0,100000.00000000001,2400000.0
618738618,mukono,4,3400000.0,0.0,0.0,0.0,0.0,0.0,0.0,0.0,3400000.0
619308856,mukono,4,3000000.0,500000.0,0.0,0.0,500000.0,0.0,0.0,9000000.0,13000000.0
620131758,mukono,4,700000.0,500000.0,0.0,0.0,500000.0,0.0,0.0,0.0,1700000.0
621077765,mukono,4,2500000.0,0.0,0.0,0.0,0.0,0.0,0.0,1000000.0,3500000.0
622950517,mukono,4,8000000.0,300000.0,0.0,500000.0,4000000.0,0.0,0.0,0.0,12800000.0
623178431,mukono,4,1600000.0,0.0,1000000.0,240000.0,0.0,0.0,0.0,0.0,2840000.0
623271316,mukono,4,750000.0,0.0,0.0,0.0,10000000.0,2000000.0,0.0,0.0,12750000.0
623272577,mukono,4,1000000.0,0.0,0.0,0.0,20000000.0,0.0,0.0,0.0,21000000.0
624293459,mukono,4,1100000.0,1000000.0,0.0,0.0,0.0,0.0,0.0,0.0,2100000.0
624713073,mukono,4,400000.0,0.0,0.0,5000000.0,0.0,0.0,0.0,0.0,5400000.0
624713879,mukono,4,685000.0,0.0,0.0,0.0,0.0,2000000.0,0.0,0.0,2685000.0
625320144,mukono,4,800000.0,360000.0,0.0,0.0,6000000.0,0.0,0.0,0.0,7160000.0
628089142,mukono,4,840000.0,0.0,0.0,0.0,0.0,0.0,5000000.0,0.0,5840000.0
628089849,mukono,4,1400000.0,0.0,0.0,0.0,0.0,3000000.0,0.0,0.0,4400000.0
628775275,mukono,4,45000000.0,0.0,0.0,1000000.0,0.0,10000000.0,0.0,0.0,56000000.0
630120893,mukono,4,2400000.0,0.0,0.0,500000.0,0.0,1000000.0,0.0,0.0,3900000.0
632524617,mukono,4,6500000.0,0.0,0.0,0.0,240000.0,2000000.0,0.0,0.0,8740000.0
633860632,mukono,4,2400000.0,0.0,0.0,0.0,1200000.0,0.0,4800000.0,0.0,8400000.0
633861486,mukono,4,1410000.0,0.0,0.0,0.0,0.0,0.0,6000000.0,0.0,7410000.0
634021883,mukono,4,5000000.0,1000000.0,0.0,0.0,600000.0,0.0,0.0,0.0,6600000.0
634952329,mukono,4,49000000.0,0.0,0.0,0.0,2000000.0,0.0,6000000.0,0.0,57000000.0
635102211,mukono,4,4000000.0,10000000.0,0.0,0.0,5000000.0,0.0,0.0,2000000.0,21000000.0
635102285,mukono,4,1200000.0,0.0,2000000.0,0.0,500000.0,0.0,0.0,0.0,3700000.0
623184098,mukono,4,1500000.0,0.0,0.0,0.0,500000.0,0.0,1000000.0,0.0,3000000.0
554408234,nakaseke,4,550000.0,0.0,0.0,0.0,0.0,0.0,0.0,0.0,550000.0
556042141,nakaseke,4,300000.0,0.0,0.0,0.0,120000.0,0.0,0.0,0.0,420000.0
559614978,nakaseke,4,600000.0,0.0,500000.0,0.0,400000.0,0.0,0.0,0.0,1500000.0
581570782,nakaseke,4,1000000.0,0.0,0.0,500000.0,499999.9999999997,0.0,0.0,0.0,1999999.9999999998
552806065,,4,500000.0,0.0,0.0,0.0,0.0,0.0,0.0,0.0,500000.0
553316435,nakaseke,4,1700000.0,0.0,0.0,0.0,0.0,0.0,0.0,0.0,1700000.0
558375760,nakaseke,4,150000.0,0.0,0.0,0.0,0.0,0.0,0.0,0.0,150000.0
559615316,nakaseke,4,500000.0,0.0,400000.0,250000.0,50000.0,0.0,0.0,0.0,1200000.0
630121155,mukono,4,4200000.0,1000000.0,0.0,0.0,200000.0,0.0,0.0,0.0,5400000.0
630121646,mukono,4,2800000.0,0.0,0.0,700000.0,120000.0,0.0,0.0,0.0,3620000.0
560425493,nakaseke,4,250000.0,0.0,0.0,100000.0,50000.0,0.0,0.0,0.0,400000.0
560424556,nakaseke,4,600000.0,0.0,500000.0,90000.0,200000.0,0.0,0.0,0.0,1390000.0
561200542,nakaseke,4,600000.0,450000.0,0.0,90000.0,50000.0,0.0,0.0,0.0,1190000.0
561202398,nakaseke,4,350000.0,0.0,200000.0,100000.0,60000.0,0.0,0.0,0.0,710000.0
560425197,nakaseke,4,500000.0,0.0,350000.0,160000.0,90000.0,0.0,0.0,0.0,1100000.0
628088416,mukono,4,1300000.0,3000000.0,0.0,500000.0,0.0,2000000.0,0.0,0.0,6800000.0
628089405,mukono,4,1400000.0,0.0,0.0,0.0,0.0,6000000.0,0.0,0.0,7400000.0
628774965,mukono,4,1000000.0,0.0,2000000.0,500000.0,0.0,0.0,0.0,0.0,3500000.0
632530379,mukono,4,1000000.0,0.0,0.0,5000000.0,500000.0,0.0,0.0,0.0,6500000.0
636135085,mukono,4,20800000.0,1000000.0,0.0,0.0,500000.0,0.0,0.0,0.0,22300000.0
556039009,nakaseke,4,20000.0,0.0,0.0,50000.0,120000.0,0.0,0.0,0.0,190000.0
553316712,nakaseke,4,370000.0,0.0,0.0,0.0,15000.000000000004,0.0,0.0,0.0,385000.0
621496649,mukono,4,2400000.0,0.0,0.0,2400000.0,100000.0,0.0,0.0,0.0,4900000.0
629845932,mukono,4,2000000.0,0.0,0.0,3000000.0,360000.0,0.0,0.0,0.0,5360000.0
632528316,mukono,4,5000000.0,0.0,0.0,1500000.0,0.0,0.0,0.0,0.0,6500000.0
633861263,mukono,4,8400000.0,10000000.0,0.0,0.0,6000000.0,0.0,0.0,0.0,24400000.0
635102642,mukono,4,7000000.0,0.0,0.0,0.0,10000000.0,0.0,0.0,0.0,17000000.0
560423470,nakaseke,4,450000.0,0.0,240000.0,0.0,300000.0,0.0,0.0,0.0,990000.0
551439101,nakaseke,4,1100000.0,0.0,0.0,0.0,0.0,0.0,0.0,0.0,1100000.0
553316111,nakaseke,4,380000.0,0.0,0.0,0.0,499999.9999999997,0.0,0.0,0.0,879999.9999999998
554407800,nakaseke,4,900000.0,0.0,0.0,0.0,0.0,0.0,0.0,0.0,900000.0
558374654,nakaseke,4,450000.0,450000.00000000035,250000.0,100000.0,0.0,0.0,0.0,0.0,1250000.0000000005
558375246,nakaseke,4,220000.0,0.0,50000.0,150000.0,0.0,0.0,0.0,0.0,420000.0
581569323,nakaseke,4,1350000.0,399999.9999999999,299999.99999999977,999999.9999999997,299999.99999999977,0.0,0.0,0.0,3349999.999999999
581571879,nakaseke,4,500000.0,0.0,200000.0,150000.0,60000.0,0.0,0.0,0.0,910000.0
564861263,nakaseke,4,500000.0,150000.0,50000.0,100000.0,60000.0,0.0,0.0,0.0,860000.0
559615143,nakaseke,4,300000.0,0.0,50000.0,60000.0,100000.0,0.0,0.0,0.0,510000.0
564864365,nakaseke,4,300000.0,60000.0,58000.0,100000.0,60000.0,0.0,0.0,0.0,578000.0
553315619,nakaseke,4,350000.0,0.0,0.0,0.0,0.0,0.0,0.0,0.0,350000.0
556039301,nakaseke,4,500000.0,0.0,0.0,90000.0,150000.0,0.0,0.0,0.0,740000.0
615757479,mukono,4,800000.0,0.0,0.0,0.0,100000.0,0.0,0.0,0.0,900000.0
615773011,mukono,4,1500000.0,0.0,0.0,0.0,0.0,0.0,0.0,200000.0,1700000.0
619554974,mukono,4,3600000.0,2000000.0,0.0,0.0,1000000.0,0.0,0.0,0.0,6600000.0
620416772,mukono,4,500000.0,0.0,0.0,600000.0,0.0,180000.0,0.0,0.0,1280000.0
620419799,mukono,4,4000000.0,0.0,0.0,0.0,125000.0,0.0,0.0,0.0,4125000.0
621494958,mukono,4,500000.0,0.0,0.0,0.0,0.0,0.0,0.0,5000000.0,5500000.0
621496210,mukono,4,6000000.0,1000000.0,0.0,500000.0,0.0,0.0,0.0,0.0,7500000.0
621498584,mukono,4,16800000.0,0.0,0.0,0.0,500000.0,1000000.0,0.0,0.0,18300000.0
621639094,mukono,4,400000.0,0.0,0.0,0.0,300000.0,0.0,499999.9999999997,0.0,1199999.9999999998
623187149,mukono,4,560000.0,0.0,0.0,240000.0,0.0,1000000.0,0.0,0.0,1800000.0
623270536,mukono,4,13500000.0,0.0,0.0,0.0,1900000.0,0.0,0.0,0.0,15400000.0
624711692,mukono,4,1200000.0,1000000.0,0.0,0.0,2000000.0,0.0,0.0,0.0,4200000.0
624712163,mukono,4,2400000.0,1080000.0,0.0,0.0,0.0,5000000.0,0.0,0.0,8480000.0
625315993,mukono,4,1200000.0,0.0,0.0,500000.0,100000.0,0.0,0.0,0.0,1800000.0
628080096,mukono,4,7000000.0,0.0,0.0,0.0,2000000.0,0.0,0.0,0.0,9000000.0
628775775,mukono,4,36000000.0,3000000.0,0.0,0.0,0.0,1000000.0,0.0,0.0,40000000.0
630120684,mukono,4,7000000.0,2000000.0,0.0,0.0,0.0,3000000.0,0.0,0.0,12000000.0
632531024,mukono,4,3500000.0,0.0,0.0,1000000.0,0.0,0.0,5000000.0,0.0,9500000.0
632870785,mukono,4,3200000.0,0.0,0.0,0.0,70000.0,0.0,0.0,0.0,3270000.0
634322563,mukono,4,1200000.0,0.0,0.0,0.0,2000000.0,0.0,0.0,0.0,3200000.0
634951268,mukono,4,1000000.0,0.0,0.0,1300000.0,0.0,0.0,0.0,0.0,2300000.0
619307991,mukono,4,6000000.0,1000000.0,0.0,500000.0,15000000.0,0.0,6000000.0,0.0,28500000.0
634929055,mukono,4,2400000.0,0.0,0.0,0.0,500000.0,0.0,0.0,0.0,2900000.0
635625431,mukono,4,1200000.0,0.0,0.0,0.0,800000.0,0.0,0.0,0.0,2000000.0
625318562,mukono,4,400000.0,0.0,2000000.0,1000000.0,0.0,0.0,0.0,0.0,3400000.0
628776109,mukono,4,4900000.0,0.0,0.0,450000.0,0.0,2000000.0,0.0,0.0,7350000.0
633860413,mukono,4,42000000.0,0.0,0.0,1000000.0,500000.0,0.0,0.0,12000000.0,55500000.0
557694292,nakaseke,4,300000.0,0.0,0.0,50000.0,60000.0,0.0,0.0,0.0,410000.0
582450581,nakaseke,4,350000.0,50000.0,90000.0,0.0,0.0,0.0,0.0,0.0,490000.0
613185259,nakaseke,4,390000.0,0.0,0.0,0.0,400000.0,0.0,0.0,0.0,790000.0
614810845,mukono,4,800000.0,0.0,0.0,0.0,0.0,0.0,0.0,0.0,800000.0
617648764,mukono,4,1200000.0,0.0,0.0,0.0,0.0,0.0,0.0,0.0,1200000.0
551438934,nakaseke,4,1700000.0,0.0,0.0,0.0,0.0,0.0,0.0,0.0,1700000.0
589548879,nakaseke,4,20000.0,0.0,100000.0,0.0,250000.0,0.0,0.0,0.0,370000.0
554402613,nakaseke,4,0.0,0.0,0.0,0.0,200000.00000000006,0.0,0.0,0.0,200000.00000000006
589547568,nakaseke,4,350000.0,0.0,0.0,60000.00000000002,0.0,1999999.9999999993,0.0,0.0,2409999.999999999
592180125,nakaseke,4,350000.0,0.0,0.0,0.0,200000.0,0.0,0.0,0.0,550000.0
613184766,nakaseke,4,600000.0,0.0,0.0,100000.0,250000.0,0.0,0.0,0.0,950000.0
613185864,nakaseke,4,600000.0,20000.0,0.0,249999.99999999983,500000.0,0.0,0.0,0.0,1369999.9999999998
593216040,nakaseke,4,400000.0,250000.0,69000.0,0.0,200000.0,0.0,0.0,0.0,919000.0
552806578,nakaseke,4,1300000.0,0.0,0.0,0.0,0.0,0.0,0.0,0.0,1300000.0
554403180,,4,1100000.0,0.0,0.0,100000.00000000004,0.0,0.0,0.0,0.0,1200000.0
554997531,nakaseke,4,400000.0,0.0,0.0,60000.0,250000.0,0.0,0.0,0.0,710000.0
581568916,nakaseke,4,500000.0,0.0,90000.0,60000.0,170000.0,0.0,0.0,0.0,820000.0
582449149,nakaseke,4,600000.0,250000.0,0.0,150000.0,50000.0,0.0,0.0,0.0,1050000.0
583384059,nakaseke,4,9000000.0,350000.0,0.0,0.0,250000.0,0.0,0.0,0.0,9600000.0
584465855,nakaseke,4,400000.0,150000.0,0.0,0.0,0.0,0.0,0.0,0.0,550000.0
585291611,nakaseke,4,9000000.0,30000.0,0.0,60000.0,350000.0,0.0,0.0,0.0,9440000.0
588618114,nakaseke,4,600000.0,0.0,0.0,120000.0,30000.0,0.0,0.0,0.0,750000.0
589549118,nakaseke,4,600000.0,0.0,90000.0,0.0,250000.0,0.0,0.0,0.0,940000.0
592179551,nakaseke,4,200000.0,0.0,0.0,150000.0,150000.0,0.0,0.0,0.0,500000.0
613185857,nakaseke,4,600000.0,300000.0,0.0,120000.0,350000.0,0.0,0.0,0.0,1370000.0
613185868,nakaseke,4,500000.0,350000.0,0.0,0.0,400000.0,0.0,0.0,0.0,1250000.0
618737230,mukono,4,1800000.0,0.0,0.0,0.0,0.0,0.0,0.0,0.0,1800000.0
625321534,mukono,4,5600000.0,0.0,0.0,0.0,2000000.0,10000000.0,0.0,0.0,17600000.0
613185262,nakaseke,4,260000.0,0.0,300000.0,100000.0,250000.0,0.0,0.0,0.0,910000.0
586823072,nakaseke,4,600000.0,0.0,0.0,200000.00000000006,600000.0,0.0,0.0,0.0,1400000.0
586821078,nakaseke,4,800000.0,0.0,0.0,20000.0,96000.0,0.0,0.0,0.0,916000.0
586823179,nakaseke,4,600000.0,0.0,0.0,100000.0,600000.0,0.0,0.0,0.0,1300000.0
588618032,nakaseke,4,1000000.0,200000.0,0.0,150000.0,350000.0,0.0,0.0,0.0,1700000.0
592179319,nakaseke,4,300000.0,0.0,0.0,0.0,200000.0,0.0,0.0,0.0,500000.0
613185254,nakaseke,4,350000.0,400000.0,89999.99999999997,0.0,230000.0,0.0,0.0,0.0,1070000.0
613184756,nakaseke,4,380000.0,0.0,450000.00000000035,0.0,350000.0,0.0,0.0,0.0,1180000.0000000005
613184762,nakaseke,4,5000000.0,0.0,149999.99999999994,700000.0,250000.0,100000.0,0.0,0.0,6200000.0
593216705,nakaseke,4,350000.0,109.0,0.0,0.0,200000.0,0.0,0.0,0.0,550109.0
582448458,nakaseke,4,600000.0,300000.0,0.0,150000.0,200000.0,0.0,0.0,0.0,1250000.0
583383308,nakaseke,4,560000.0,30000.0,90000.0,3.0,20000.0,0.0,0.0,0.0,700003.0
584457728,nakaseke,4,350000.0,0.0,0.0,0.0,0.0,0.0,0.0,0.0,350000.0
584460556,nakaseke,4,250000.0,100000.0,0.0,150000.0,249999.99999999983,0.0,0.0,0.0,749999.9999999998
586822745,nakaseke,4,600000.0,300000.0,0.0,0.0,200000.0,0.0,0.0,0.0,1100000.0
588618956,nakaseke,4,600000.0,0.0,150000.0,0.0,250000.0,0.0,0.0,0.0,1000000.0
588619984,nakaseke,4,500000.0,0.0,0.0,0.0,250000.0,0.0,0.0,0.0,750000.0
589548430,nakaseke,4,300000.0,0.0,25000.0,0.0,500000.0,0.0,0.0,0.0,825000.0
613184214,nakaseke,4,200000.0,0.0,50000.0,0.0,130000.0,0.0,0.0,0.0,380000.0
551438775,nakaseke,4,1200000.0,0.0,0.0,0.0,0.0,0.0,0.0,0.0,1200000.0
552805506,nakaseke,4,9700000.0,0.0,0.0,0.0,0.0,0.0,0.0,0.0,9700000.0
582449815,nakaseke,4,500000.0,200000.0,0.0,0.0,60000.0,3599999.999999997,0.0,0.0,4359999.999999997
583383783,nakaseke,4,500000.0,200000.0,0.0,0.0,300000.0,0.0,0.0,0.0,1000000.0
583384470,nakaseke,4,500000.0,250000.0,0.0,149999.99999999994,200000.0,0.0,0.0,0.0,1100000.0
585919910,nakaseke,4,2000000.0,500000.0,149999.99999999994,500000.0,600000.0,0.0,0.0,0.0,3750000.0
585937638,nakaseke,4,600000.0,250000.0,299999.9999999999,60000.0,260000.0,0.0,0.0,0.0,1470000.0
592179023,nakaseke,4,1000000.0,200000.0,0.0,100000.0,0.0,0.0,0.0,0.0,1300000.0
551439238,nakaseke,4,1500000.0,0.0,0.0,0.0,0.0,0.0,0.0,0.0,1500000.0
555070994,nakaseke,4,600000.0,250000.0,0.0,100000.0,60000.0,0.0,0.0,0.0,1010000.0
555112218,nakaseke,4,1050000.0,0.0,50000.000000000015,50000.000000000015,120000.00000000004,0.0,0.0,0.0,1270000.0
555148547,nakaseke,4,400000.0,250000.0,0.0,90000.0,400000.0,0.0,0.0,0.0,1140000.0
584458624,nakaseke,4,600000.0,250000.0,400000.0,100000.0,0.0,0.0,0.0,0.0,1350000.0
585290674,nakaseke,4,500000.0,250000.0,0.0,100000.0,900000.0,0.0,0.0,0.0,1750000.0
585290890,nakaseke,4,700000.0,300000.0,50000.0,120000.0,350000.0,0.0,0.0,0.0,1520000.0
585309665,nakaseke,4,500000.0,0.0,0.0,0.0,200000.0,0.0,0.0,0.0,700000.0
585924133,nakaseke,4,600000.0,200000.0,0.0,150000.0,300000.0,0.0,0.0,0.0,1250000.0
585929887,nakaseke,4,500000.0,0.0,0.0,0.0,0.0,0.0,0.0,0.0,500000.0
613834815,nakaseke,4,2100000.0,0.0,0.0,0.0,0.0,0.0,0.0,1999999.9999999993,4099999.999999999
613836978,nakaseke,4,700000.0,0.0,0.0,0.0,0.0,0.0,0.0,0.0,700000.0
617656696,mukono,4,1099999.9999999998,100000.00000000004,0.0,0.0,999999.9999999997,0.0,0.0,0.0,2199999.9999999995
633860938,mukono,4,3000000.0,1000000.0,0.0,0.0,5000000.0,0.0,0.0,0.0,9000000.0
616677841,mukono,5,70000.0,0.0,6000000.0,0.0,0.0,0.0,0.0,0.0,6070000.0
551440657,nakaseke,5,280000.0,0.0,0.0,0.0,0.0,0.0,0.0,0.0,280000.0
592191523,nakaseke,5,312000.0,0.0,0.0,0.0,500000.0,0.0,0.0,0.0,812000.0
552803559,nakaseke,5,3440000.0,200000.00000000006,0.0,0.0,200000.00000000006,0.0,0.0,0.0,3840000.0
613177526,nakaseke,5,50000000.0,0.0,0.0,0.0,0.0,0.0,0.0,0.0,50000000.0
613831899,nakaseke,5,203000.0,0.0,0.0,0.0,0.0,0.0,0.0,0.0,203000.0
614880484,mukono,5,120000.0,0.0,0.0,0.0,0.0,0.0,0.0,0.0,120000.0
550714067,nakaseke,5,800000.0,0.0,0.0,0.0,499999.9999999997,0.0,0.0,0.0,1299999.9999999998
550714208,nakaseke,5,1000000.0,0.0,0.0,0.0,249999.99999999983,0.0,0.0,0.0,1249999.9999999998
556045414,nakaseke,5,1000000.0,0.0,0.0,0.0,500000.0,0.0,0.0,0.0,1500000.0
556046788,nakaseke,5,800000.0,0.0,0.0,300000.0,0.0,0.0,0.0,0.0,1100000.0
557695958,nakaseke,5,1000000.0,500000.0,0.0,0.0,200000.0,0.0,0.0,0.0,1700000.0
560461977,nakaseke,5,3000000.0,500000.0,0.0,0.0,0.0,0.0,0.0,0.0,3500000.0
592361767,nakaseke,5,5000000.0,0.0,0.0,0.0,250000.0,0.0,0.0,0.0,5250000.0
592363240,nakaseke,5,3000000.0,200000.0,0.0,0.0,500000.0,0.0,0.0,0.0,3700000.0
616701192,mukono,5,520000.0,0.0,0.0,0.0,0.0,0.0,0.0,0.0,520000.0
624293019,mukono,5,900000.0,500000.0,200000.0,300000.0,300000.0,0.0,0.0,0.0,2200000.0
550715350,nakaseke,5,800000.0,0.0,0.0,0.0,0.0,0.0,0.0,0.0,800000.0
552803832,nakaseke,5,2300000.0,0.0,0.0,0.0,200000.00000000006,0.0,0.0,0.0,2500000.0
553311655,nakaseke,5,950000.0,249999.9999999998,0.0,4999999.999999999,0.0,0.0,0.0,0.0,6199999.999999999
554396495,nakaseke,5,900000.0,0.0,0.0,0.0,0.0,0.0,0.0,0.0,900000.0
555218845,nakaseke,5,4500000.0,0.0,0.0,400000.0,0.0,0.0,0.0,0.0,4900000.0
556047384,nakaseke,5,1500000.0,0.0,0.0,300000.0,0.0,500000.0,0.0,0.0,2300000.0
557713875,nakaseke,5,700000.0,0.0,0.0,0.0,0.0,0.0,0.0,0.0,700000.0
558376731,nakaseke,5,800000.0,0.0,0.0,0.0,0.0,0.0,0.0,0.0,800000.0
558377788,nakaseke,5,1250000.0,0.0,0.0,350000.0,40000.0,0.0,0.0,0.0,1640000.0
558378029,nakaseke,5,1000000.0,0.0,0.0,0.0,250000.0,0.0,0.0,0.0,1250000.0
559605691,nakaseke,5,4000000.0,300000.0,0.0,0.0,250000.0,0.0,0.0,0.0,4550000.0
560460598,nakaseke,5,4000000.0,0.0,0.0,0.0,0.0,0.0,0.0,0.0,4000000.0
560460842,nakaseke,5,2000000.0,0.0,0.0,0.0,400000.0,0.0,0.0,0.0,2400000.0
561199081,nakaseke,5,2500000.0,400000.0,0.0,0.0,200000.0,0.0,0.0,0.0,3100000.0
561203340,nakaseke,5,2500000.0,0.0,0.0,0.0,0.0,0.0,0.0,0.0,2500000.0
561250862,nakaseke,5,399600.0,0.0,0.0,300000.0,0.0,0.0,0.0,0.0,699600.0
582704845,nakaseke,5,7000000.0,400000.0,0.0,0.0,0.0,0.0,0.0,0.0,7400000.0
585217011,nakaseke,5,8000000.0,0.0,200000.0,0.0,0.0,0.0,0.0,0.0,8200000.0
588626659,nakaseke,5,156000.0,500000.0,300000.0,0.0,0.0,0.0,0.0,0.0,956000.0
588783193,nakaseke,5,7000000.0,0.0,0.0,0.0,0.0,0.0,0.0,0.0,7000000.0
613810847,nakaseke,5,360000.0,0.0,0.0,0.0,0.0,0.0,0.0,0.0,360000.0
614880582,mukono,5,400000.0,0.0,0.0,0.0,0.0,0.0,0.0,0.0,400000.0
616579050,mukono,5,500000.0,0.0,0.0,0.0,0.0,0.0,0.0,90000.0,590000.0
616701381,mukono,5,400000.0,0.0,0.0,0.0,0.0,0.0,0.0,180000.0,580000.0
623704503,mukono,5,300000.0,0.0,0.0,100000.0,0.0,0.0,0.0,100000.0,500000.0
550714829,nakaseke,5,600000.0,0.0,0.0,0.0,14999.99999999999,0.0,0.0,0.0,615000.0
551432268,nakaseke,5,650000.0,0.0,249999.9999999998,499999.99999999977,0.0,0.0,0.0,0.0,1399999.9999999995
551438359,nakaseke,5,3800000.0,0.0,0.0,0.0,0.0,0.0,0.0,0.0,3800000.0
551438847,nakaseke,5,750000.0,0.0,0.0,0.0,499999.9999999997,0.0,0.0,0.0,1249999.9999999998
552834713,nakaseke,5,2500000.0,0.0,0.0,0.0,0.0,0.0,0.0,0.0,2500000.0
553313606,nakaseke,5,1100000.0,0.0,0.0,0.0,249999.99999999983,0.0,0.0,0.0,1349999.9999999998
553314110,nakaseke,5,6500000.0,0.0,0.0,0.0,200000.00000000006,0.0,0.0,0.0,6700000.0
553314852,nakaseke,5,6380000.0,0.0,0.0,0.0,200000.00000000006,0.0,0.0,0.0,6580000.0
554382238,nakaseke,5,5500000.0,0.0,299999.9999999999,0.0,200000.00000000006,0.0,0.0,0.0,6000000.0
554383042,nakaseke,5,5500000.0,0.0,0.0,0.0,200000.00000000006,0.0,0.0,0.0,5700000.0
554388188,nakaseke,5,7500000.0,0.0,89999.99999999997,0.0,74999.99999999996,0.0,0.0,0.0,7665000.0
555219221,nakaseke,5,4000000.0,0.0,0.0,0.0,1000000.0,0.0,6000000.0,0.0,11000000.0
555219441,nakaseke,5,8000000.0,0.0,0.0,0.0,1000000.0,0.0,0.0,0.0,9000000.0
555219813,nakaseke,5,800000.0,0.0,0.0,0.0,150000.0,0.0,0.0,0.0,950000.0
556046148,nakaseke,5,500000.0,0.0,0.0,200000.0,150000.0,0.0,0.0,0.0,850000.0
557695618,nakaseke,5,800000.0,0.0,0.0,0.0,300000.0,0.0,0.0,0.0,1100000.0
557695779,nakaseke,5,5000000.0,0.0,200000.0,0.0,0.0,0.0,0.0,0.0,5200000.0
557696080,nakaseke,5,2000000.0,800000.0,0.0,250000.0,0.0,0.0,0.0,0.0,3050000.0
559607285,nakaseke,5,1000000.0,0.0,150000.0,300000.0,0.0,0.0,0.0,0.0,1450000.0
559607680,nakaseke,5,3500000.0,0.0,0.0,350000.0,0.0,0.0,0.0,0.0,3850000.0
559615651,nakaseke,5,2000000.0,0.0,0.0,0.0,0.0,0.0,0.0,0.0,2000000.0
560459965,nakaseke,5,3000000.0,0.0,0.0,0.0,0.0,0.0,1500000.0,0.0,4500000.0
561202301,nakaseke,5,3500000.0,0.0,150000.0,0.0,0.0,0.0,0.0,0.0,3650000.0
567488224,nakaseke,5,3000000.0,0.0,0.0,0.0,300000.0,0.0,0.0,0.0,3300000.0
581728335,nakaseke,5,6000000.0,400000.0,0.0,0.0,0.0,0.0,0.0,0.0,6400000.0
581800534,nakaseke,5,5000000.0,0.0,0.0,0.0,400000.0,0.0,0.0,0.0,5400000.0
581801301,nakaseke,5,4000000.0,0.0,0.0,0.0,0.0,0.0,0.0,0.0,4000000.0
582682579,nakaseke,5,3000000.0,0.0,0.0,0.0,400000.0,0.0,0.0,0.0,3400000.0
582684638,nakaseke,5,2000000.0,0.0,0.0,0.0,0.0,0.0,0.0,0.0,2000000.0
583582238,nakaseke,5,15000000.0,500000.0,0.0,0.0,0.0,0.0,0.0,0.0,15500000.0
584447265,nakaseke,5,8000000.0,0.0,0.0,0.0,500000.0,0.0,0.0,0.0,8500000.0
585215638,nakaseke,5,15000000.0,0.0,0.0,0.0,0.0,0.0,0.0,0.0,15000000.0
585216305,nakaseke,5,3000000.0,0.0,0.0,0.0,0.0,0.0,0.0,0.0,3000000.0
587012670,nakaseke,5,15000000.0,0.0,0.0,0.0,0.0,0.0,0.0,0.0,15000000.0
587012983,nakaseke,5,8000000.0,0.0,0.0,0.0,200000.0,0.0,0.0,0.0,8200000.0
587013280,nakaseke,5,25000000.0,0.0,0.0,0.0,0.0,2000000.0,0.0,0.0,27000000.0
588781706,nakaseke,5,14000000.0,300000.0,0.0,0.0,0.0,0.0,0.0,0.0,14300000.0
589705500,nakaseke,5,5000000.0,0.0,0.0,0.0,400000.0,0.0,0.0,0.0,5400000.0
589705733,nakaseke,5,12000000.0,450000.0,0.0,0.0,0.0,0.0,0.0,0.0,12450000.0
592193539,nakaseke,5,7998000.0,0.0,0.0,0.0,0.0,0.0,0.0,0.0,7998000.0
593223241,nakaseke,5,3000000.0,3000000.0,0.0,0.0,5000000.0,0.0,0.0,0.0,11000000.0
593223559,nakaseke,5,5000000.0,450000.0,0.0,0.0,0.0,0.0,0.0,0.0,5450000.0
613174996,nakaseke,5,3500000.0,0.0,0.0,0.0,300000.0,0.0,0.0,0.0,3800000.0
613177861,nakaseke,5,2000000.0,0.0,0.0,0.0,500000.0,0.0,0.0,0.0,2500000.0
613177864,nakaseke,5,5000000.0,0.0,0.0,0.0,0.0,0.0,0.0,0.0,5000000.0
613178463,nakaseke,5,8000000.0,0.0,0.0,0.0,0.0,5000000.0,0.0,0.0,13000000.0
613178868,nakaseke,5,500000.0,0.0,0.0,0.0,300000.0,0.0,0.0,0.0,800000.0
613180603,nakaseke,5,2000000.0,0.0,0.0,0.0,0.0,0.0,0.0,0.0,2000000.0
613822490,nakaseke,5,180000.0,150000.0,250000.0,0.0,0.0,0.0,0.0,0.0,580000.0
613825443,nakaseke,5,754000.0,250000.0,0.0,100000.0,0.0,0.0,0.0,0.0,1104000.0
618055484,mukono,5,750000.0,0.0,0.0,0.0,0.0,0.0,0.0,500000.0,1250000.0
619558400,mukono,5,350000.0,0.0,0.0,200000.0,100000.0,0.0,0.0,0.0,650000.0
621499875,mukono,5,800000.0,0.0,3600000.0,0.0,0.0,0.0,0.0,0.0,4400000.0
623176650,mukono,5,500000.0,0.0,12000000.0,1000000.0,0.0,0.0,0.0,0.0,13500000.0
623183149,mukono,5,288000.0,0.0,0.0,0.0,0.0,1000000.0,0.0,5000000.0,6288000.0
623185581,mukono,5,500000.0,0.0,0.0,1000000.0,0.0,2400000.0,0.0,0.0,3900000.0
633165095,mukono,5,500000.0,0.0,0.0,3000000.0,20000000.0,0.0,0.0,0.0,23500000.0
633861862,mukono,5,2000000.0,0.0,1000000.0,20000000.0,0.0,0.0,0.0,0.0,23000000.0
634022320,mukono,5,300000.0,0.0,0.0,300000.0,0.0,0.0,0.0,0.0,600000.0
634322498,mukono,5,120000.0,0.0,0.0,0.0,0.0,0.0,0.0,0.0,120000.0
634928993,mukono,5,60000.0,0.0,0.0,0.0,0.0,0.0,0.0,0.0,60000.0
634952733,mukono,5,1400000.0,0.0,0.0,0.0,500000.0,10000000.0,0.0,0.0,11900000.0
634953204,mukono,5,1200000.0,720000.0,0.0,0.0,500000.0,0.0,0.0,0.0,2420000.0
635102101,mukono,5,500000.0,0.0,0.0,0.0,0.0,20000000.0,12000000.0,0.0,32500000.0
635102513,mukono,5,800000.0,0.0,0.0,10000000.0,1000000.0,0.0,0.0,0.0,11800000.0
644159914,mukono,5,15000000.0,0.0,0.0,0.0,2800000.0,0.0,0.0,0.0,17800000.0
644420047,mukono,5,800000.0,0.0,0.0,0.0,0.0,2000000.0,0.0,0.0,2800000.0
551439754,nakaseke,5,4000000.0,0.0,0.0,0.0,4500000.000000002,0.0,0.0,0.0,8500000.000000002
552968706,nakaseke,5,8000000.0,0.0,0.0,0.0,200000.00000000006,0.0,0.0,0.0,8200000.0
552969446,nakaseke,5,2500000.0,0.0,0.0,0.0,89999.99999999997,0.0,0.0,0.0,2590000.0
552970239,nakaseke,5,3500000.0,0.0,68999.99999999997,399999.9999999999,0.0,0.0,0.0,0.0,3969000.0
554387935,nakaseke,5,5500000.0,0.0,0.0,0.0,149999.99999999994,0.0,0.0,0.0,5650000.0
558377096,nakaseke,5,2500000.0,500000.0,0.0,0.0,0.0,1000000.0,0.0,0.0,4000000.0
559607458,nakaseke,5,4000000.0,500000.0,0.0,0.0,200000.0,0.0,0.0,0.0,4700000.0
567493335,nakaseke,5,2000000.0,0.0,0.0,400000.0,800000.0,0.0,0.0,0.0,3200000.0
581802079,nakaseke,5,7000000.0,0.0,150000.0,0.0,300000.0,0.0,0.0,0.0,7450000.0
582619340,nakaseke,5,2000000.0,0.0,0.0,0.0,0.0,0.0,0.0,0.0,2000000.0
583580839,nakaseke,5,25000000.0,0.0,0.0,0.0,0.0,10000000.0,0.0,0.0,35000000.0
584444811,nakaseke,5,4000000.0,0.0,0.0,300000.0,0.0,0.0,0.0,0.0,4300000.0
585215286,nakaseke,5,6500000.0,500000.0,0.0,500000.0,0.0,0.0,0.0,0.0,7500000.0
587013182,nakaseke,5,6000000.0,0.0,150000.0,0.0,450000.0,0.0,0.0,0.0,6600000.0
588782700,nakaseke,5,12000000.0,0.0,0.0,500000.0,0.0,0.0,0.0,0.0,12500000.0
589705993,nakaseke,5,10000000.0,0.0,0.0,0.0,0.0,0.0,0.0,0.0,10000000.0
613178458,nakaseke,5,30000000.0,500000.0,0.0,0.0,0.0,0.0,0.0,0.0,30500000.0
613178880,nakaseke,5,3000000.0,800000.0,300000.0,0.0,0.0,0.0,0.0,0.0,4100000.0
613179574,nakaseke,5,4000000.0,0.0,0.0,0.0,400000.0,0.0,0.0,0.0,4400000.0
615825416,mukono,5,50000.0,0.0,0.0,0.0,0.0,0.0,0.0,0.0,50000.0
619544793,mukono,5,1000000.0,0.0,0.0,0.0,0.0,1000000.0,0.0,0.0,2000000.0
623479229,mukono,5,120000.0,0.0,0.0,0.0,0.0,0.0,0.0,0.0,120000.0
633706398,mukono,5,600000.0,0.0,0.0,0.0,0.0,0.0,0.0,0.0,600000.0
633706854,mukono,5,150000.0,0.0,0.0,0.0,80000.0,0.0,0.0,0.0,230000.0
553314312,nakaseke,5,11000000.0,0.0,0.0,0.0,200000.00000000006,0.0,0.0,0.0,11200000.0
555219512,nakaseke,5,1200000.0,2000000.0,0.0,0.0,0.0,0.0,0.0,0.0,3200000.0
561200684,nakaseke,5,4000000.0,0.0,0.0,200000.0,0.0,0.0,0.0,0.0,4200000.0
583583184,nakaseke,5,20000000.0,0.0,0.0,0.0,500000.0,0.0,0.0,0.0,20500000.0
584444125,nakaseke,5,8000000.0,0.0,0.0,0.0,0.0,1000000.0,0.0,0.0,9000000.0
584446459,nakaseke,5,4000000.0,0.0,200000.0,0.0,0.0,0.0,0.0,0.0,4200000.0
586786507,nakaseke,5,551800.0,160000.0,0.0,0.0,0.0,0.0,0.0,0.0,711800.0
586805028,nakaseke,5,384400.0,180000.0,0.0,0.0,100800.0,0.0,0.0,0.0,665200.0
588783732,nakaseke,5,8000000.0,0.0,0.0,300000.0,0.0,0.0,0.0,0.0,8300000.0
589705256,nakaseke,5,10000000.0,0.0,0.0,0.0,0.0,8000000.0,0.0,0.0,18000000.0
592362627,nakaseke,5,4000000.0,500000.0,0.0,0.0,0.0,0.0,0.0,0.0,4500000.0
592363516,nakaseke,5,9900000.0,0.0,0.0,0.0,0.0,0.0,0.0,0.0,9900000.0
615755561,mukono,5,24000000.0,2000000.0,0.0,0.0,1000000.0,5000000.0,0.0,0.0,32000000.0
616699698,mukono,5,600000.0,0.0,0.0,0.0,0.0,0.0,0.0,0.0,600000.0
618056804,mukono,5,1400000.0,0.0,0.0,200000.0,50000.0,0.0,0.0,0.0,1650000.0
623479343,mukono,5,150000.0,0.0,0.0,0.0,70000.0,0.0,0.0,0.0,220000.0
631647706,mukono,5,230000.0,0.0,0.0,0.0,0.0,0.0,0.0,0.0,230000.0
632871446,mukono,5,800000.0,0.0,0.0,0.0,0.0,0.0,0.0,0.0,800000.0
644420087,mukono,5,600000.0,0.0,0.0,1500000.0,0.0,0.0,0.0,0.0,2100000.0
583581711,nakaseke,5,8000000.0,0.0,200000.0,0.0,0.0,0.0,0.0,0.0,8200000.0
592192218,nakaseke,5,2400000.0,0.0,0.0,0.0,250000.0,0.0,0.0,0.0,2650000.0
614880682,mukono,5,1400000.0,0.0,0.0,0.0,0.0,0.0,0.0,0.0,1400000.0
618739011,mukono,5,6400000.0,0.0,0.0,0.0,0.0,0.0,0.0,0.0,6400000.0
618739107,mukono,5,1800000.0,0.0,0.0,0.0,0.0,0.0,0.0,0.0,1800000.0
622484850,mukono,5,600000.0,0.0,0.0,0.0,0.0,0.0,0.0,0.0,600000.0
623479274,mukono,5,150000.0,0.0,0.0,0.0,0.0,0.0,0.0,0.0,150000.0
623981062,mukono,5,400000.0,0.0,0.0,0.0,180000.0,0.0,0.0,0.0,580000.0
634929144,mukono,5,40000.0,0.0,0.0,0.0,75000.0,0.0,0.0,0.0,115000.0
635625391,mukono,5,120000.0,0.0,0.0,0.0,0.0,0.0,0.0,0.0,120000.0
635625490,mukono,5,80000.0,0.0,0.0,0.0,0.0,0.0,0.0,0.0,80000.0
556031317,nakaseke,5,450000.0,0.0,0.0,0.0,0.0,0.0,0.0,0.0,450000.0
556037719,nakaseke,5,400000.0,0.0,0.0,0.0,0.0,0.0,0.0,0.0,400000.0
560449324,nakaseke,5,2666000.0,0.0,0.0,0.0,1425600.0,0.0,0.0,0.0,4091600.0
586026956,nakaseke,5,354000.0,0.0,300000.0,0.0,0.0,0.0,0.0,0.0,654000.0
616680304,mukono,5,400000.0,0.0,800000.0,0.0,0.0,3600000.0,0.0,0.0,4800000.0
616700114,mukono,5,360000.0,0.0,0.0,0.0,0.0,0.0,0.0,0.0,360000.0
623980936,mukono,5,180000.0,0.0,0.0,0.0,0.0,0.0,0.0,0.0,180000.0
632872132,mukono,5,590000.0,0.0,0.0,0.0,0.0,0.0,0.0,0.0,590000.0
550732883,nakaseke,5,2800000.0,0.0,0.0,0.0,0.0,0.0,0.0,0.0,2800000.0
582502735,nakaseke,5,450000.0,0.0,0.0,0.0,0.0,0.0,0.0,0.0,450000.0
586030936,nakaseke,5,195000.0,0.0,150000.0,0.0,0.0,0.0,0.0,0.0,345000.0
614807290,mukono,5,900000.0,0.0,0.0,0.0,0.0,0.0,0.0,600000.0,1500000.0
614850521,mukono,5,200000.0,0.0,150000.0,0.0,300000.0,0.0,0.0,0.0,650000.0
614880379,mukono,5,2600000.0,0.0,0.0,20000.0,499999.9999999997,0.0,0.0,0.0,3119999.9999999995
615759274,mukono,5,1000000.0,0.0,0.0,0.0,0.0,0.0,500000.0,0.0,1500000.0
615825361,mukono,5,2600000.0,0.0,0.0,0.0,0.0,0.0,0.0,0.0,2600000.0
616578776,mukono,5,1200000.0,300000.0,200000.0,0.0,0.0,1500000.0,0.0,0.0,3200000.0
616579437,mukono,5,1500000.0,0.0,0.0,500000.0,0.0,0.0,0.0,0.0,2000000.0
616580090,mukono,5,300000.0,100000.0,100000.0,100000.0,300000.0,0.0,0.0,0.0,900000.0
616699119,mukono,5,90000.0,0.0,0.0,0.0,0.0,0.0,0.0,0.0,90000.0
617648886,mukono,5,320000.0,0.0,0.0,0.0,0.0,0.0,0.0,0.0,320000.0
618056277,mukono,5,900000.0,0.0,0.0,100000.0,0.0,0.0,0.0,0.0,1000000.0
618502771,mukono,5,500000.0,0.0,200000.0,0.0,0.0,0.0,0.0,0.0,700000.0
618503624,mukono,5,1100000.0,0.0,0.0,1000000.0,0.0,0.0,0.0,0.0,2100000.0
619549456,mukono,5,1600000.0,0.0,0.0,0.0,0.0,1200000.0,0.0,1400000.0,4200000.0
619551006,mukono,5,480000.0,0.0,0.0,500000.0,0.0,0.0,0.0,0.0,980000.0
619552154,mukono,5,1200000.0,0.0,0.0,0.0,1000000.0,0.0,0.0,0.0,2200000.0
619559855,mukono,5,1800000.0,0.0,0.0,0.0,2000000.0,1350000.0,0.0,0.0,5150000.0
622292961,mukono,5,500000.0,0.0,0.0,400000.0,0.0,0.0,0.0,0.0,900000.0
623188000,mukono,5,600000.0,0.0,0.0,0.0,15000000.0,6000000.0,0.0,0.0,21600000.0
623704256,mukono,5,3500000.0,0.0,0.0,600000.0,500000.0,0.0,0.0,0.0,4600000.0
624717557,mukono,5,400000.0,0.0,2000000.0,0.0,0.0,0.0,0.0,0.0,2400000.0
628775538,mukono,5,1000000.0,0.0,0.0,1000000.0,0.0,0.0,0.0,0.0,2000000.0
632457381,mukono,5,1200000.0,0.0,0.0,600000.0,300000.0,0.0,0.0,0.0,2100000.0
632479613,mukono,5,800000.0,100000.0,0.0,200000.0,100000.0,0.0,0.0,0.0,1200000.0
632526756,mukono,5,17500000.0,0.0,0.0,2000000.0,0.0,0.0,0.0,0.0,19500000.0
632870245,mukono,5,120000.0,0.0,0.0,0.0,15000.0,0.0,0.0,0.0,135000.0
633860192,mukono,5,15000000.0,0.0,0.0,1000000.0,600000.0,0.0,0.0,0.0,16600000.0
633861646,mukono,5,3000000.0,0.0,0.0,0.0,2800000.0,0.0,0.0,0.0,5800000.0
634322667,mukono,5,160000.0,0.0,0.0,0.0,0.0,0.0,0.0,0.0,160000.0
634322758,mukono,5,800000.0,0.0,0.0,0.0,0.0,0.0,0.0,0.0,800000.0
635625535,mukono,5,900000.0,0.0,0.0,0.0,40000.0,0.0,0.0,0.0,940000.0
635860119,mukono,5,1200000.0,200000.0,0.0,300000.0,300000.0,0.0,0.0,0.0,2000000.0
636602799,mukono,5,1500000.0,200000.0,0.0,0.0,200000.0,0.0,0.0,0.0,1900000.0
558422222,nakaseke,5,1180000.0,240000.0,0.0,0.0,0.0,0.0,0.0,0.0,1420000.0
559666954,nakaseke,5,494000.0,0.0,0.0,0.0,0.0,0.0,0.0,0.0,494000.0
560448617,nakaseke,5,560000.0,0.0,0.0,0.0,0.0,0.0,0.0,0.0,560000.0
583505993,nakaseke,5,450000.0,0.0,180000.0,0.0,0.0,0.0,0.0,0.0,630000.0
584452976,nakaseke,5,286000.0,1500000.0,250000.0,0.0,0.0,0.0,0.0,0.0,2036000.0
586809899,nakaseke,5,298900.0,250000.0,150000.0,0.0,0.0,0.0,0.0,0.0,698900.0
618738329,mukono,5,1200000.0,0.0,0.0,0.0,0.0,0.0,0.0,0.0,1200000.0
623981362,mukono,5,800000.0,0.0,0.0,0.0,0.0,0.0,0.0,0.0,800000.0
633706233,mukono,5,180000.0,0.0,0.0,0.0,0.0,0.0,0.0,0.0,180000.0
555219650,nakaseke,5,700000.0,0.0,0.0,0.0,0.0,0.0,0.0,0.0,700000.0
581666974,nakaseke,5,663600.0,0.0,0.0,250000.0,162000.0,0.0,0.0,0.0,1075600.0
589566940,nakaseke,5,420000.0,0.0,0.0,0.0,0.0,0.0,0.0,0.0,420000.0
615760019,mukono,5,600000.0,300000.0,0.0,0.0,0.0,0.0,0.0,0.0,900000.0
615825276,mukono,5,1200000.0,0.0,0.0,0.0,0.0,0.0,0.0,0.0,1200000.0
616698945,mukono,5,6000000.0,0.0,0.0,0.0,1500000.0,0.0,0.0,0.0,7500000.0
616699320,mukono,5,1800000.0,0.0,0.0,0.0,0.0,0.0,0.0,0.0,1800000.0
619769782,mukono,5,1800000.0,0.0,0.0,0.0,0.0,0.0,0.0,0.0,1800000.0
621639263,mukono,5,100000.0,0.0,0.0,0.0,0.0,0.0,0.0,0.0,100000.0
622484708,mukono,5,1600000.0,0.0,0.0,0.0,0.0,0.0,0.0,0.0,1600000.0
623981163,mukono,5,1800000.0,0.0,0.0,0.0,2200000.0,0.0,0.0,0.0,4000000.0
550732746,nakaseke,5,1200000.0,0.0,0.0,0.0,0.0,0.0,0.0,0.0,1200000.0
615825485,mukono,5,2400000.0,0.0,0.0,0.0,0.0,0.0,0.0,0.0,2400000.0
551438282,nakaseke,5,1250000.0,0.0,0.0,0.0,0.0,0.0,0.0,0.0,1250000.0
585181910,nakaseke,5,468000.0,230000.0,0.0,250000.0,0.0,0.0,0.0,0.0,948000.0
553313598,nakaseke,5,14010000.0,0.0,0.0,0.0,100000.00000000001,0.0,0.0,0.0,14110000.0
555219886,nakaseke,5,1900000.0,420000.0,0.0,0.0,0.0,0.0,0.0,0.0,2320000.0
561236657,nakaseke,5,1296000.0,0.0,0.0,500000.0,221000.0,0.0,0.0,0.0,2017000.0
583502844,nakaseke,5,510000.0,0.0,0.0,0.0,0.0,0.0,0.0,0.0,510000.0
584472197,nakaseke,5,702000.0,0.0,300000.0,0.0,466200.0,0.0,0.0,0.0,1468200.0
588619360,nakaseke,5,492000.0,0.0,0.0,0.0,0.0,0.0,0.0,0.0,492000.0
613814407,nakaseke,5,2560000.0,0.0,0.0,0.0,0.0,0.0,0.0,0.0,2560000.0
614850687,mukono,5,200000.0,0.0,0.0,200000.0,0.0,0.0,0.0,0.0,400000.0
615773237,mukono,5,700000.0,0.0,300000.0,200000.0,120000.0,200000.0,0.0,0.0,1520000.0
616679140,mukono,5,3000000.0,1000000.0,0.0,0.0,6000000.0,10000000.0,0.0,0.0,20000000.0
618056509,mukono,5,3000000.0,0.0,0.0,100000.0,0.0,0.0,0.0,0.0,3100000.0
618502947,mukono,5,1000000.0,0.0,0.0,300000.0,200000.0,0.0,0.0,0.0,1500000.0
618503261,mukono,5,900000.0,0.0,0.0,0.0,0.0,0.0,0.0,1000000.0,1900000.0
618738549,mukono,5,900000.0,0.0,0.0,0.0,0.0,0.0,0.0,0.0,900000.0
619307564,mukono,5,1300000.0,0.0,0.0,200000.0,500000.0,0.0,0.0,0.0,2000000.0
619543012,mukono,5,400000.0,360000.0,0.0,0.0,0.0,5100000.0,0.0,0.0,5860000.0
620136574,mukono,5,900000.0,300000.0,200000.0,0.0,300000.0,0.0,0.0,0.0,1700000.0
620155076,mukono,5,500000.0,500000.0,0.0,0.0,300000.0,0.0,0.0,0.0,1300000.0
621076849,mukono,5,1500000.0,0.0,0.0,0.0,2000000.0,0.0,0.0,2000000.0,5500000.0
622287746,mukono,5,700000.0,0.0,0.0,100000.0,70000.0,0.0,0.0,0.0,870000.0
622484987,mukono,5,2400000.0,0.0,0.0,0.0,0.0,0.0,0.0,0.0,2400000.0
631647870,mukono,5,1800000.0,0.0,0.0,0.0,0.0,0.0,0.0,0.0,1800000.0
632483673,mukono,5,2000000.0,200000.0,0.0,300000.0,300000.0,0.0,0.0,0.0,2800000.0
632532023,mukono,5,4800000.0,0.0,0.0,0.0,1000000.0,0.0,0.0,0.0,5800000.0
633706958,mukono,5,320000.0,0.0,0.0,0.0,150000.0,0.0,0.0,0.0,470000.0
634023370,mukono,5,2000000.0,0.0,0.0,200000.0,0.0,0.0,0.0,100000.0,2300000.0
634718078,mukono,5,3000000.0,300000.0,0.0,0.0,300000.0,0.0,0.0,100000.0,3700000.0
634718387,mukono,5,1000000.0,100000.0,100000.0,100000.0,200000.0,0.0,0.0,0.0,1500000.0
635238203,mukono,5,700000.0,100000.0,300000.0,0.0,100000.0,0.0,0.0,0.0,1200000.0
635859907,mukono,5,1800000.0,200000.0,0.0,300000.0,30000.0,0.0,0.0,0.0,2330000.0
636603192,mukono,5,7000000.0,0.0,0.0,0.0,500000.0,2000000.0,0.0,0.0,9500000.0
551433371,nakaseke,5,930000.0,3000000.0000000023,0.0,0.0,0.0,0.0,0.0,0.0,3930000.0000000023
581719428,nakaseke,5,554400.0,0.0,0.0,0.0,0.0,0.0,0.0,0.0,554400.0
584453809,nakaseke,5,1008000.0,0.0,0.0,300000.0,0.0,0.0,0.0,0.0,1308000.0
588629366,nakaseke,5,552000.0,350000.0,0.0,0.0,0.0,0.0,0.0,0.0,902000.0
593198085,nakaseke,5,456000.0,0.0,0.0,0.0,0.0,0.0,0.0,0.0,456000.0
614850630,mukono,5,500000.0,0.0,100000.0,0.0,100000.0,0.0,0.0,0.0,700000.0
558415060,nakaseke,5,694400.0,0.0,0.0,250000.0,0.0,0.0,0.0,0.0,944400.0
561237697,nakaseke,5,499200.0,450000.0,0.0,0.0,500000.0,0.0,0.0,0.0,1449200.0
582502398,nakaseke,5,480000.0,0.0,0.0,0.0,225000.0,0.0,0.0,0.0,705000.0
586028388,nakaseke,5,617400.0,0.0,300000.0,0.0,200000.0,0.0,0.0,0.0,1117400.0
613819661,nakaseke,5,336000.0,0.0,0.0,0.0,0.0,0.0,0.0,0.0,336000.0
619770045,mukono,5,900000.0,0.0,0.0,0.0,0.0,0.0,0.0,0.0,900000.0
553313800,nakaseke,5,14000000.0,0.0,0.0,0.0,3000000.0000000023,0.0,0.0,0.0,17000000.000000004
560449000,nakaseke,5,680400.0,0.0,0.0,0.0,150000.0,0.0,0.0,0.0,830400.0
560449862,nakaseke,5,610000.0,0.0,0.0,300000.0,0.0,0.0,0.0,0.0,910000.0
583505325,nakaseke,5,1500000.0,0.0,0.0,0.0,0.0,0.0,0.0,0.0,1500000.0
613821415,nakaseke,5,2232000.0,0.0,0.0,0.0,0.0,0.0,0.0,0.0,2232000.0
561257600,nakaseke,5,325000.0,0.0,0.0,0.0,0.0,0.0,0.0,0.0,325000.0
585193571,nakaseke,5,545200.0,0.0,200000.0,0.0,640800.0,0.0,0.0,0.0,1386000.0
621639988,mukono,5,600000.0,0.0,0.0,0.0,1200000.0,0.0,0.0,0.0,1800000.0
550731204,nakaseke,5,600000.0,0.0,0.0,0.0,0.0,0.0,0.0,0.0,600000.0
550739292,nakaseke,5,500000.0,0.0,0.0,0.0,0.0,0.0,0.0,0.0,500000.0
550740686,nakaseke,5,1000000.0,0.0,0.0,0.0,0.0,0.0,0.0,0.0,1000000.0
551433006,nakaseke,5,1210000.0,200000.00000000006,0.0,0.0,0.0,0.0,0.0,0.0,1410000.0
552803009,nakaseke,5,7950000.0,0.0,0.0,0.0,0.0,0.0,0.0,0.0,7950000.0
554395712,nakaseke,5,2360000.0,0.0,0.0,0.0,50000.00000000001,0.0,0.0,0.0,2410000.0
554399870,,5,8800000.0,0.0,0.0,0.0,1950000.0000000016,0.0,0.0,0.0,10750000.000000002
555219447,nakaseke,5,1050000.0,0.0,0.0,0.0,0.0,0.0,0.0,0.0,1050000.0
559669939,nakaseke,5,2697500.0,0.0,0.0,0.0,520000.0,0.0,0.0,0.0,3217500.0
581666409,nakaseke,5,680400.0,0.0,100000.0,0.0,180000.0,0.0,0.0,0.0,960400.0
585208171,nakaseke,5,975000.0,0.0,300000.0,0.0,0.0,0.0,0.0,0.0,1275000.0
613829595,nakaseke,5,1003400.0,0.0,0.0,0.0,0.0,0.0,0.0,0.0,1003400.0
614807717,mukono,5,800000.0,0.0,0.0,500000.0,0.0,0.0,0.0,0.0,1300000.0
615773415,mukono,5,900000.0,200000.0,0.0,300000.0,300000.0,500000.0,0.0,0.0,2200000.0
616587562,mukono,5,1500000.0,20000.0,0.0,0.0,200000.0,0.0,0.0,0.0,1720000.0
617648818,mukono,5,1200000.0,0.0,0.0,0.0,0.0,0.0,0.0,0.0,1200000.0
617656724,mukono,5,3200000.0,0.0,0.0,0.0,0.0,0.0,0.0,0.0,3200000.0
618738718,mukono,5,2400000.0,0.0,0.0,0.0,0.0,0.0,0.0,0.0,2400000.0
618740822,mukono,5,2400000.0,0.0,0.0,0.0,0.0,0.0,0.0,0.0,2400000.0
619306835,mukono,5,1200000.0,300000.0,0.0,200000.0,0.0,300000.0,0.0,0.0,2000000.0
619559199,mukono,5,6000000.0,0.0,0.0,0.0,12000000.0,0.0,0.0,0.0,18000000.0
619769613,mukono,5,4500000.0,0.0,0.0,0.0,0.0,0.0,0.0,0.0,4500000.0
620129760,mukono,5,3500000.0,500000.0,0.0,0.0,500000.0,0.0,0.0,0.0,4500000.0
620157158,mukono,5,2500000.0,0.0,0.0,2000000.0,1000000.0,300000.0,0.0,0.0,5800000.0
620418682,mukono,5,12000000.0,1800000.0,0.0,0.0,1000000.0,0.0,0.0,0.0,14800000.0
620699865,mukono,5,2400000.0,0.0,0.0,0.0,0.0,0.0,0.0,0.0,2400000.0
620699988,mukono,5,36000000.0,0.0,0.0,0.0,0.0,0.0,0.0,0.0,36000000.0
621075678,mukono,5,1200000.0,0.0,0.0,0.0,0.0,0.0,0.0,100000.0,1300000.0
621078199,mukono,5,1200000.0,0.0,0.0,0.0,500000.0,0.0,0.0,1000000.0,2700000.0
621497521,mukono,5,750000.0,0.0,0.0,500000.0,200000.0,0.0,0.0,0.0,1450000.0
622288485,mukono,5,2000000.0,2500000.0,0.0,0.0,1000000.0,500000.0,0.0,0.0,6000000.0
622289226,mukono,5,900000.0,200000.0,100000.0,0.0,500000.0,0.0,0.0,300000.0,2000000.0
622950844,mukono,5,2600000.0,400000.0,0.0,0.0,1500000.0,0.0,0.0,0.0,4500000.0
622950959,mukono,5,700000.0,100000.0,0.0,200000.0,0.0,0.0,0.0,0.0,1000000.0
622951178,mukono,5,2100000.0,0.0,0.0,0.0,2000000.0,0.0,0.0,0.0,4100000.0
623479319,mukono,5,400000.0,0.0,0.0,0.0,2800000.0,0.0,0.0,0.0,3200000.0
623704150,mukono,5,1000000.0,500000.0,0.0,500000.0,300000.0,0.0,0.0,0.0,2300000.0
623704380,mukono,5,300000.0,0.0,200000.0,0.0,200000.0,0.0,0.0,0.0,700000.0
624715344,mukono,5,200000.0,0.0,0.0,0.0,200000.0,0.0,0.0,1000000.0,1400000.0
631647480,mukono,5,3200000.0,0.0,0.0,0.0,700000.0,0.0,0.0,0.0,3900000.0
632449589,mukono,5,3000000.0,0.0,0.0,500000.0,0.0,0.0,0.0,0.0,3500000.0
632465838,mukono,5,2500000.0,200000.0,0.0,300000.0,300000.0,0.0,0.0,0.0,3300000.0
633165465,mukono,5,2000000.0,400000.0,0.0,500000.0,500000.0,0.0,0.0,0.0,3400000.0
633165662,mukono,5,2000000.0,300000.0,0.0,0.0,300000.0,200000.0,0.0,0.0,2800000.0
634022615,mukono,5,4000000.0,1000000.0,0.0,1000000.0,300000.0,0.0,0.0,0.0,6300000.0
634718321,mukono,5,1000000.0,0.0,0.0,0.0,300000.0,500000.0,0.0,0.0,1800000.0
634929270,mukono,5,80000.0,0.0,0.0,0.0,0.0,0.0,0.0,0.0,80000.0
635102819,mukono,5,1000000.0,0.0,500000.0,0.0,500000.0,0.0,0.0,0.0,2000000.0
635238371,mukono,5,2000000.0,1000000.0,0.0,500000.0,500000.0,0.0,0.0,0.0,4000000.0
635238449,mukono,5,2500000.0,100000.0,0.0,300000.0,300000.0,0.0,0.0,0.0,3200000.0
635238630,mukono,5,1500000.0,500000.0,0.0,300000.0,300000.0,0.0,0.0,0.0,2600000.0
635625333,mukono,5,400000.0,0.0,0.0,0.0,0.0,0.0,0.0,0.0,400000.0
635859825,mukono,5,1500000.0,0.0,0.0,500000.0,0.0,0.0,0.0,0.0,2000000.0
635860002,mukono,5,3000000.0,200000.0,0.0,0.0,0.0,0.0,0.0,0.0,3200000.0
635860179,mukono,5,3000000.0,1000000.0,0.0,500000.0,500000.0,0.0,0.0,0.0,5000000.0
636134719,mukono,5,24000000.0,0.0,0.0,1000000.0,1950000.0,0.0,0.0,0.0,26950000.0
636135880,mukono,5,1400000.0,0.0,1500000.0,0.0,500000.0,0.0,0.0,0.0,3400000.0
636603058,mukono,5,900000.0,0.0,0.0,0.0,200000.0,0.0,0.0,0.0,1100000.0
636603136,mukono,5,700000.0,0.0,0.0,300000.0,500000.0,0.0,0.0,0.0,1500000.0
644152753,mukono,5,2000000.0,200000.0,0.0,300000.0,300000.0,0.0,0.0,300000.0,3100000.0
644152847,mukono,5,700000.0,100000.0,0.0,200000.0,200000.0,0.0,0.0,0.0,1200000.0
644159669,mukono,5,3200000.0,0.0,0.0,0.0,420000.0,0.0,0.0,0.0,3620000.0
554400498,nakaseke,5,7000000.0,0.0,0.0,0.0,299999.9999999999,0.0,0.0,0.0,7300000.0
559666632,nakaseke,5,990000.0,0.0,0.0,150000.0,0.0,0.0,0.0,0.0,1140000.0
619306547,mukono,5,2000000.0,500000.0,0.0,0.0,0.0,0.0,0.0,320000.0,2820000.0
622485261,mukono,5,800000.0,0.0,0.0,0.0,0.0,0.0,0.0,0.0,800000.0
631647195,mukono,5,600000.0,0.0,0.0,0.0,150000.0,0.0,0.0,0.0,750000.0
565368592,nakaseke,5,571200.0,0.0,0.0,0.0,127000.0,0.0,0.0,0.0,698200.0
584454693,nakaseke,5,250000.0,0.0,250000.0,0.0,0.0,0.0,0.0,0.0,500000.0
618738814,mukono,5,2600000.0,0.0,0.0,0.0,0.0,0.0,0.0,0.0,2600000.0
582503421,nakaseke,5,690000.0,0.0,0.0,0.0,0.0,0.0,0.0,0.0,690000.0
589565846,nakaseke,5,720000.0,0.0,0.0,0.0,850000.0,0.0,0.0,0.0,1570000.0
614850459,mukono,5,1100000.0,0.0,0.0,0.0,550000.0,0.0,0.0,0.0,1650000.0
556032422,nakaseke,5,2500000.0,1800000.0,0.0,300000.0,0.0,0.0,0.0,0.0,4600000.0
558422563,nakaseke,5,1750000.0,0.0,0.0,0.0,950000.0,0.0,0.0,0.0,2700000.0
585223034,nakaseke,5,342000.0,0.0,0.0,0.0,0.0,0.0,0.0,0.0,342000.0
623704362,mukono,5,700000.0,500000.0,0.0,0.0,500000.0,0.0,0.0,0.0,1700000.0
633165535,mukono,5,1800000.0,0.0,0.0,500000.0,500000.0,0.0,0.0,0.0,2800000.0
634929225,mukono,5,4000000.0,0.0,0.0,0.0,100000.0,0.0,0.0,0.0,4100000.0
636602878,mukono,5,3500000.0,200000.0,0.0,200000.0,300000.0,0.0,0.0,0.0,4200000.0
558418973,nakaseke,5,1664000.0,0.0,0.0,0.0,1800000.0,2500000.0,0.0,0.0,5964000.0
613827164,nakaseke,5,1560200.0,0.0,450000.0,0.0,950000.0,0.0,0.0,0.0,2960200.0
632876809,mukono,5,320000.0,0.0,0.0,0.0,0.0,0.0,0.0,0.0,320000.0
559670838,nakaseke,5,2073500.0,0.0,0.0,200000.0,0.0,0.0,0.0,0.0,2273500.0
588625655,nakaseke,5,2496000.0,0.0,300000.0,0.0,1050000.0,0.0,0.0,0.0,3846000.0
550732633,nakaseke,5,1050000.0,0.0,0.0,0.0,0.0,0.0,0.0,0.0,1050000.0
550740078,nakaseke,5,1100000.0,50000.00000000001,0.0,0.0,0.0,0.0,0.0,0.0,1150000.0
552802393,nakaseke,5,8800000.0,499999.9999999997,0.0,0.0,60000.00000000002,0.0,0.0,0.0,9360000.0
553314788,nakaseke,5,7500000.0,0.0,0.0,0.0,74999.99999999996,0.0,0.0,0.0,7575000.0
556033462,nakaseke,5,4032000.0,0.0,0.0,0.0,1755000.0,0.0,0.0,0.0,5787000.0
557694485,nakaseke,5,90000.0,0.0,0.0,50000.0,0.0,0.0,0.0,0.0,140000.0
557694682,nakaseke,5,90000.0,0.0,0.0,25000.0,0.0,0.0,0.0,0.0,115000.0
557711753,nakaseke,5,1750000.0,0.0,0.0,0.0,0.0,0.0,0.0,0.0,1750000.0
557713215,nakaseke,5,1100000.0000000002,0.0,0.0,0.0,0.0,0.0,0.0,0.0,1100000.0000000002
558375556,nakaseke,5,300000.0,0.0,0.0,50000.0,60000.0,0.0,0.0,0.0,410000.0
565368815,nakaseke,5,1150000.0,0.0,0.0,300000.0,0.0,0.0,0.0,0.0,1450000.0
583503314,nakaseke,5,3060000.0,0.0,0.0,0.0,639000.0,0.0,0.0,0.0,3699000.0
592192864,nakaseke,5,2400000.0,0.0,0.0,0.0,0.0,0.0,0.0,0.0,2400000.0
614807974,mukono,5,700000.0,0.0,0.0,400000.0,0.0,0.0,0.0,0.0,1100000.0
614850566,mukono,5,3200000.0,0.0,0.0,0.0,3000000.0,0.0,0.0,0.0,6200000.0
615761193,mukono,5,7000000.0,1000000.0,0.0,0.0,1000000.0,0.0,500000.0,0.0,9500000.0
615773611,mukono,5,1000000.0,200000.0,100000.0,0.0,100000.0,0.0,0.0,0.0,1400000.0
616675567,mukono,5,300000.0,0.0,0.0,0.0,0.0,1000000.0,600000.0,0.0,1900000.0
617462488,mukono,5,650000.0,0.0,0.0,0.0,0.0,4000000.0,0.0,0.0,4650000.0
617463415,mukono,5,300000.0,0.0,0.0,0.0,300000.0,2400000.0,0.0,0.0,3000000.0
617648934,mukono,5,2400000.0,0.0,0.0,0.0,0.0,0.0,0.0,0.0,2400000.0
619547863,mukono,5,1000000.0,0.0,0.0,0.0,250000.0,1000000.0,0.0,0.0,2250000.0
619769827,mukono,5,560000.0,0.0,0.0,0.0,0.0,0.0,0.0,250000.0,810000.0
619769984,mukono,5,1800000.0,0.0,0.0,0.0,0.0,0.0,0.0,0.0,1800000.0
620417365,mukono,5,600000.0,0.0,0.0,0.0,0.0,5000000.0,1000000.0,0.0,6600000.0
620699936,mukono,5,3200000.0,0.0,0.0,0.0,0.0,0.0,0.0,0.0,3200000.0
620700057,mukono,5,1200000.0,0.0,0.0,0.0,1600000.0,0.0,0.0,0.0,2800000.0
621078668,mukono,5,1100000.0,200000.0,0.0,0.0,800000.0,0.0,4800000.0,500000.0,7400000.0
621640204,mukono,5,130000.0,0.0,0.0,0.0,0.0,0.0,0.0,0.0,130000.0
621642449,mukono,5,200000.0,0.0,0.0,0.0,0.0,0.0,0.0,0.0,200000.0
622289483,mukono,5,400000.0,200000.0,100000.0,0.0,200000.0,0.0,0.0,0.0,900000.0
622485078,mukono,5,8000000.0,0.0,0.0,0.0,4500000.0,0.0,0.0,0.0,12500000.0
623981243,mukono,5,100000.0,0.0,0.0,0.0,250000.0,0.0,0.0,0.0,350000.0
624290457,mukono,5,1800000.0,500000.0,0.0,1000000.0,500000.0,600000.0,0.0,0.0,4400000.0
624291333,mukono,5,700000.0,600000.0,0.0,600000.0,500000.0,0.0,0.0,0.0,2400000.0
624292438,mukono,5,700000.0,700000.0,200000.0,200000.0,200000.0,0.0,0.0,0.0,2000000.0
631647010,mukono,5,1200000.0,0.0,0.0,0.0,75000.0,0.0,0.0,0.0,1275000.0
633165312,mukono,5,1200000.0,0.0,0.0,200000.0,0.0,0.0,0.0,0.0,1400000.0
633706793,mukono,5,300000.0,0.0,0.0,0.0,500000.0,0.0,0.0,0.0,800000.0
634022985,mukono,5,900000.0,0.0,0.0,300000.0,0.0,0.0,0.0,100000.0,1300000.0
634718242,mukono,5,5000000.0,1000000.0,0.0,1000000.0,1000000.0,0.0,0.0,0.0,8000000.0
635238561,mukono,5,1200000.0,0.0,0.0,500000.0,300000.0,0.0,0.0,0.0,2000000.0
636135365,mukono,5,3000000.0,0.0,500000.0,300000.0,100000.0,0.0,0.0,0.0,3900000.0
636136285,mukono,5,2400000.0,0.0,0.0,1000000.0,0.0,0.0,0.0,3000000.0,6400000.0
616674531,mukono,5,5100000.0,0.0,0.0,0.0,0.0,0.0,2000000.0,0.0,7100000.0
557715625,nakaseke,5,1650000.0,0.0,0.0,0.0,0.0,0.0,0.0,0.0,1650000.0
582503133,nakaseke,5,1260000.0,0.0,0.0,500000.0,0.0,0.0,0.0,0.0,1760000.0
586804272,nakaseke,5,3217800.0,300000.0,1000000.0,0.0,560000.0,0.0,0.0,0.0,5077800.0
620699783,mukono,5,2800000.0,0.0,0.0,0.0,0.0,0.0,0.0,0.0,2800000.0
550738751,nakaseke,5,400000.0,0.0,0.0,0.0,0.0,0.0,0.0,0.0,400000.0
589566299,nakaseke,5,540000.0,0.0,0.0,0.0,0.0,0.0,0.0,0.0,540000.0
556042851,nakaseke,5,700000.0,0.0,0.0,300000.0,250000.0,0.0,0.0,0.0,1250000.0
581667076,nakaseke,5,831600.0,0.0,300000.0,150000.0,0.0,0.0,0.0,0.0,1281600.0
561201812,nakaseke,5,600000.0,0.0,250000.0,90000.0,90000.0,0.0,0.0,0.0,1030000.0
561202655,nakaseke,5,300000.0,60000.0,55000.0,150000.0,70000.0,0.0,0.0,0.0,635000.0
622951271,mukono,5,1800000.0,1000000.0,0.0,0.0,1200000.0,0.0,0.0,0.0,4000000.0
623479194,mukono,5,2400000.0,0.0,0.0,0.0,1200000.0,0.0,0.0,0.0,3600000.0
633859954,mukono,5,1200000.0,0.0,1000000.0,0.0,500000.0,0.0,0.0,0.0,2700000.0
634322609,mukono,5,1800000.0,0.0,0.0,0.0,0.0,0.0,0.0,0.0,1800000.0
634718422,mukono,5,1000000.0,0.0,0.0,299999.99999999977,0.0,0.0,0.0,0.0,1299999.9999999998
618738459,mukono,5,5400000.0,0.0,0.0,0.0,0.0,0.0,0.0,0.0,5400000.0
552806909,nakaseke,5,1120000.0,0.0,0.0,0.0,800000.0000000003,0.0,0.0,0.0,1920000.0000000005
557694859,nakaseke,5,90000.0,0.0,0.0,0.0,0.0,0.0,0.0,0.0,90000.0
589566059,nakaseke,5,6300000.0,1000000.0,0.0,300000.0,0.0,0.0,0.0,0.0,7600000.0
593200247,nakaseke,5,31200005.0,1000000.0,0.0,0.0,1080000.0,0.0,0.0,0.0,33280005.0
613820537,nakaseke,5,5040000.0,500000.0,0.0,0.0,0.0,0.0,0.0,0.0,5540000.0
614808240,mukono,5,1000000.0,0.0,0.0,600000.0,0.0,200000.0,0.0,0.0,1800000.0
615773753,mukono,5,1500000.0,1000000.0,0.0,200000.0,0.0,0.0,0.0,0.0,2700000.0
617460629,mukono,5,800000.0,0.0,0.0,0.0,0.0,20000000.0,0.0,500000.0,21300000.0
617461111,mukono,5,400000.0,0.0,0.0,300000.0,0.0,0.0,0.0,0.0,700000.0
617461597,mukono,5,120000.0,0.0,0.0,0.0,0.0,0.0,0.0,0.0,120000.0
618056660,mukono,5,1200000.0,0.0,0.0,200000.0,0.0,500000.0,0.0,0.0,1900000.0
618502638,mukono,5,2000000.0,0.0,0.0,0.0,300000.0,0.0,0.0,299999.9999999999,2600000.0
618738618,mukono,5,3400000.0,0.0,0.0,0.0,0.0,0.0,0.0,0.0,3400000.0
619308856,mukono,5,3000000.0,500000.0,0.0,0.0,500000.0,0.0,0.0,9000000.0,13000000.0
620131758,mukono,5,700000.0,500000.0,0.0,0.0,500000.0,0.0,0.0,0.0,1700000.0
621077765,mukono,5,2500000.0,0.0,0.0,0.0,0.0,0.0,0.0,1000000.0,3500000.0
622950517,mukono,5,8000000.0,300000.0,0.0,500000.0,4000000.0,0.0,0.0,0.0,12800000.0
623178431,mukono,5,1600000.0,0.0,1000000.0,240000.0,0.0,0.0,0.0,0.0,2840000.0
623271316,mukono,5,750000.0,0.0,0.0,0.0,10000000.0,2000000.0,0.0,0.0,12750000.0
623272577,mukono,5,1000000.0,0.0,0.0,0.0,20000000.0,0.0,0.0,0.0,21000000.0
624293459,mukono,5,1100000.0,1000000.0,0.0,0.0,0.0,0.0,0.0,0.0,2100000.0
624713073,mukono,5,400000.0,0.0,0.0,5000000.0,0.0,0.0,0.0,0.0,5400000.0
624713879,mukono,5,685000.0,0.0,0.0,0.0,0.0,2000000.0,0.0,0.0,2685000.0
625320144,mukono,5,800000.0,360000.0,0.0,0.0,6000000.0,0.0,0.0,0.0,7160000.0
628089142,mukono,5,840000.0,0.0,0.0,0.0,0.0,0.0,5000000.0,0.0,5840000.0
628089849,mukono,5,1400000.0,0.0,0.0,0.0,0.0,3000000.0,0.0,0.0,4400000.0
628775275,mukono,5,45000000.0,0.0,0.0,1000000.0,0.0,10000000.0,0.0,0.0,56000000.0
630120893,mukono,5,2400000.0,0.0,0.0,500000.0,0.0,1000000.0,0.0,0.0,3900000.0
632524617,mukono,5,6500000.0,0.0,0.0,0.0,240000.0,2000000.0,0.0,0.0,8740000.0
633860632,mukono,5,2400000.0,0.0,0.0,0.0,1200000.0,0.0,4800000.0,0.0,8400000.0
633861486,mukono,5,1410000.0,0.0,0.0,0.0,0.0,0.0,6000000.0,0.0,7410000.0
634021883,mukono,5,5000000.0,1000000.0,0.0,0.0,600000.0,0.0,0.0,0.0,6600000.0
634952329,mukono,5,49000000.0,0.0,0.0,0.0,2000000.0,0.0,6000000.0,0.0,57000000.0
635102211,mukono,5,4000000.0,10000000.0,0.0,0.0,5000000.0,0.0,0.0,2000000.0,21000000.0
635102285,mukono,5,1200000.0,0.0,2000000.0,0.0,500000.0,0.0,0.0,0.0,3700000.0
623184098,mukono,5,1500000.0,0.0,0.0,0.0,500000.0,0.0,1000000.0,0.0,3000000.0
554408234,nakaseke,5,550000.0,0.0,0.0,0.0,0.0,0.0,0.0,0.0,550000.0
556042141,nakaseke,5,300000.0,0.0,0.0,0.0,120000.0,0.0,0.0,0.0,420000.0
559614978,nakaseke,5,600000.0,0.0,500000.0,0.0,400000.0,0.0,0.0,0.0,1500000.0
581570782,nakaseke,5,1000000.0,0.0,0.0,500000.0,221000.00000000006,0.0,0.0,0.0,1721000.0
552806065,,5,500000.0,0.0,0.0,0.0,0.0,0.0,0.0,0.0,500000.0
553316435,nakaseke,5,1700000.0,0.0,299999.99999999977,0.0,399999.9999999999,0.0,0.0,0.0,2399999.9999999995
558375760,nakaseke,5,150000.0,0.0,0.0,0.0,0.0,0.0,0.0,0.0,150000.0
559615316,nakaseke,5,500000.0,0.0,400000.0,250000.0,50000.0,0.0,0.0,0.0,1200000.0
630121155,mukono,5,4200000.0,1000000.0,0.0,0.0,200000.0,0.0,0.0,0.0,5400000.0
630121646,mukono,5,2800000.0,0.0,0.0,700000.0,120000.0,0.0,0.0,0.0,3620000.0
560425493,nakaseke,5,250000.0,0.0,0.0,100000.0,50000.0,0.0,0.0,0.0,400000.0
560424556,nakaseke,5,600000.0,0.0,500000.0,90000.0,200000.0,0.0,0.0,0.0,1390000.0
561200542,nakaseke,5,600000.0,450000.0,0.0,90000.0,50000.0,0.0,0.0,0.0,1190000.0
561202398,nakaseke,5,350000.0,0.0,200000.0,100000.0,60000.0,0.0,0.0,0.0,710000.0
560425197,nakaseke,5,500000.0,0.0,350000.0,160000.0,90000.0,0.0,0.0,0.0,1100000.0
628088416,mukono,5,1300000.0,3000000.0,0.0,500000.0,0.0,2000000.0,0.0,0.0,6800000.0
628089405,mukono,5,1400000.0,0.0,0.0,0.0,0.0,6000000.0,0.0,0.0,7400000.0
628774965,mukono,5,1000000.0,0.0,2000000.0,500000.0,0.0,0.0,0.0,0.0,3500000.0
632530379,mukono,5,1000000.0,0.0,0.0,5000000.0,500000.0,0.0,0.0,0.0,6500000.0
636135085,mukono,5,20800000.0,1000000.0,0.0,0.0,500000.0,0.0,0.0,0.0,22300000.0
556039009,nakaseke,5,20000.0,0.0,0.0,50000.0,120000.0,0.0,0.0,0.0,190000.0
553316712,nakaseke,5,370000.0,0.0,0.0,0.0,499999.9999999997,0.0,0.0,0.0,869999.9999999998
621496649,mukono,5,2400000.0,0.0,0.0,2400000.0,100000.0,0.0,0.0,0.0,4900000.0
629845932,mukono,5,2000000.0,0.0,0.0,3000000.0,360000.0,0.0,0.0,0.0,5360000.0
632528316,mukono,5,5000000.0,0.0,0.0,1500000.0,0.0,0.0,0.0,0.0,6500000.0
633861263,mukono,5,8400000.0,10000000.0,0.0,0.0,6000000.0,0.0,0.0,0.0,24400000.0
635102642,mukono,5,7000000.0,0.0,0.0,0.0,10000000.0,0.0,0.0,0.0,17000000.0
560423470,nakaseke,5,450000.0,0.0,240000.0,0.0,300000.0,0.0,0.0,0.0,990000.0
551439101,nakaseke,5,1100000.0,0.0,0.0,0.0,0.0,0.0,0.0,0.0,1100000.0
553316111,nakaseke,5,380000.0,0.0,0.0,0.0,200000.00000000006,0.0,0.0,0.0,580000.0
554407800,nakaseke,5,900000.0,0.0,0.0,0.0,199999.99999999997,0.0,0.0,0.0,1100000.0
558374654,nakaseke,5,450000.0,249999.99999999983,250000.0,100000.0,0.0,0.0,0.0,0.0,1049999.9999999998
558375246,nakaseke,5,220000.0,0.0,50000.0,150000.0,0.0,0.0,0.0,0.0,420000.0
581569323,nakaseke,5,1350000.0,0.0,0.0,150000.00000000006,299999.99999999977,0.0,0.0,0.0,1799999.9999999998
581571879,nakaseke,5,500000.0,0.0,200000.0,150000.0,60000.0,0.0,0.0,0.0,910000.0
564861263,nakaseke,5,500000.0,150000.0,50000.0,100000.0,60000.0,0.0,0.0,0.0,860000.0
559615143,nakaseke,5,300000.0,0.0,50000.0,60000.0,100000.0,0.0,0.0,0.0,510000.0
564864365,nakaseke,5,300000.0,60000.0,58000.0,100000.0,60000.0,0.0,0.0,0.0,578000.0
553315619,nakaseke,5,350000.0,0.0,0.0,0.0,0.0,0.0,0.0,0.0,350000.0
556039301,nakaseke,5,500000.0,0.0,0.0,90000.0,150000.0,0.0,0.0,0.0,740000.0
615757479,mukono,5,800000.0,0.0,0.0,0.0,100000.0,0.0,0.0,0.0,900000.0
615773011,mukono,5,1500000.0,0.0,0.0,0.0,0.0,0.0,0.0,200000.0,1700000.0
619554974,mukono,5,3600000.0,2000000.0,0.0,0.0,1000000.0,0.0,0.0,0.0,6600000.0
620416772,mukono,5,500000.0,0.0,0.0,600000.0,0.0,180000.0,0.0,0.0,1280000.0
620419799,mukono,5,4000000.0,0.0,0.0,0.0,125000.0,0.0,0.0,0.0,4125000.0
621494958,mukono,5,500000.0,0.0,0.0,0.0,0.0,0.0,0.0,5000000.0,5500000.0
621496210,mukono,5,6000000.0,1000000.0,0.0,500000.0,0.0,0.0,0.0,0.0,7500000.0
621498584,mukono,5,16800000.0,0.0,0.0,0.0,500000.0,1000000.0,0.0,0.0,18300000.0
621639094,mukono,5,400000.0,0.0,0.0,0.0,300000.0,0.0,12000000.000000011,0.0,12700000.000000011
623187149,mukono,5,560000.0,0.0,0.0,240000.0,0.0,1000000.0,0.0,0.0,1800000.0
623270536,mukono,5,13500000.0,0.0,0.0,0.0,1900000.0,0.0,0.0,0.0,15400000.0
624711692,mukono,5,1200000.0,1000000.0,0.0,0.0,2000000.0,0.0,0.0,0.0,4200000.0
624712163,mukono,5,2400000.0,1080000.0,0.0,0.0,0.0,5000000.0,0.0,0.0,8480000.0
625315993,mukono,5,1200000.0,0.0,0.0,500000.0,100000.0,0.0,0.0,0.0,1800000.0
628080096,mukono,5,7000000.0,0.0,0.0,0.0,2000000.0,0.0,0.0,0.0,9000000.0
628775775,mukono,5,36000000.0,3000000.0,0.0,0.0,0.0,1000000.0,0.0,0.0,40000000.0
630120684,mukono,5,7000000.0,2000000.0,0.0,0.0,0.0,3000000.0,0.0,0.0,12000000.0
632531024,mukono,5,3500000.0,0.0,0.0,1000000.0,0.0,0.0,5000000.0,0.0,9500000.0
632870785,mukono,5,3200000.0,0.0,0.0,0.0,70000.0,0.0,0.0,0.0,3270000.0
634322563,mukono,5,1200000.0,0.0,0.0,0.0,2000000.0,0.0,0.0,0.0,3200000.0
634951268,mukono,5,1000000.0,0.0,0.0,1300000.0,0.0,0.0,0.0,0.0,2300000.0
619307991,mukono,5,6000000.0,1000000.0,0.0,500000.0,15000000.0,0.0,6000000.0,0.0,28500000.0
634929055,mukono,5,2400000.0,0.0,0.0,0.0,500000.0,0.0,0.0,0.0,2900000.0
635625431,mukono,5,1200000.0,0.0,0.0,0.0,800000.0,0.0,0.0,0.0,2000000.0
625318562,mukono,5,400000.0,0.0,2000000.0,1000000.0,0.0,0.0,0.0,0.0,3400000.0
628776109,mukono,5,4900000.0,0.0,0.0,450000.0,0.0,2000000.0,0.0,0.0,7350000.0
633860413,mukono,5,42000000.0,0.0,0.0,1000000.0,500000.0,0.0,0.0,12000000.0,55500000.0
557694292,nakaseke,5,300000.0,0.0,0.0,50000.0,60000.0,0.0,0.0,0.0,410000.0
582450581,nakaseke,5,350000.0,50000.0,90000.0,0.0,0.0,0.0,0.0,0.0,490000.0
613185259,nakaseke,5,390000.0,0.0,0.0,0.0,400000.0,0.0,0.0,0.0,790000.0
614810845,mukono,5,800000.0,0.0,0.0,0.0,0.0,0.0,0.0,0.0,800000.0
617648764,mukono,5,1200000.0,0.0,0.0,0.0,0.0,0.0,0.0,0.0,1200000.0
551438934,nakaseke,5,1700000.0,0.0,0.0,0.0,0.0,0.0,0.0,0.0,1700000.0
589548879,nakaseke,5,20000.0,0.0,100000.0,0.0,250000.0,0.0,0.0,0.0,370000.0
554402613,nakaseke,5,0.0,0.0,0.0,0.0,100000.00000000001,0.0,0.0,0.0,100000.00000000001
589547568,nakaseke,5,350000.0,0.0,0.0,100000.00000000001,0.0,19999999.999999978,0.0,0.0,20449999.999999978
592180125,nakaseke,5,350000.0,0.0,0.0,0.0,200000.0,0.0,0.0,0.0,550000.0
613184766,nakaseke,5,600000.0,0.0,0.0,100000.0,250000.0,0.0,0.0,0.0,950000.0
613185864,nakaseke,5,600000.0,20000.0,0.0,299999.9999999999,500000.0,0.0,0.0,0.0,1420000.0
593216040,nakaseke,5,400000.0,250000.0,69000.0,0.0,200000.0,0.0,0.0,0.0,919000.0
552806578,nakaseke,5,1300000.0,0.0,0.0,0.0,0.0,0.0,0.0,0.0,1300000.0
554403180,,5,1100000.0,0.0,0.0,0.0,0.0,0.0,0.0,499999.99999999977,1599999.9999999998
554997531,nakaseke,5,400000.0,0.0,0.0,60000.0,250000.0,0.0,0.0,0.0,710000.0
581568916,nakaseke,5,500000.0,0.0,90000.0,60000.0,170000.0,0.0,0.0,0.0,820000.0
582449149,nakaseke,5,600000.0,250000.0,0.0,150000.0,50000.0,0.0,0.0,0.0,1050000.0
583384059,nakaseke,5,9000000.0,350000.0,0.0,0.0,250000.0,0.0,0.0,0.0,9600000.0
584465855,nakaseke,5,400000.0,150000.0,0.0,0.0,0.0,0.0,0.0,0.0,550000.0
585291611,nakaseke,5,9000000.0,30000.0,0.0,60000.0,350000.0,0.0,0.0,0.0,9440000.0
588618114,nakaseke,5,600000.0,0.0,0.0,120000.0,30000.0,0.0,0.0,0.0,750000.0
589549118,nakaseke,5,600000.0,0.0,90000.0,0.0,250000.0,0.0,0.0,0.0,940000.0
592179551,nakaseke,5,200000.0,0.0,0.0,150000.0,150000.0,0.0,0.0,0.0,500000.0
613185857,nakaseke,5,600000.0,300000.0,0.0,120000.0,350000.0,0.0,0.0,0.0,1370000.0
613185868,nakaseke,5,500000.0,350000.0,0.0,0.0,400000.0,0.0,0.0,0.0,1250000.0
618737230,mukono,5,1800000.0,0.0,0.0,0.0,0.0,0.0,0.0,0.0,1800000.0
625321534,mukono,5,5600000.0,0.0,0.0,0.0,2000000.0,10000000.0,0.0,0.0,17600000.0
613185262,nakaseke,5,260000.0,0.0,300000.0,100000.0,250000.0,0.0,0.0,0.0,910000.0
586823072,nakaseke,5,600000.0,0.0,0.0,89999.99999999997,600000.0,0.0,0.0,0.0,1290000.0
586821078,nakaseke,5,800000.0,0.0,0.0,20000.0,96000.0,0.0,0.0,0.0,916000.0
586823179,nakaseke,5,600000.0,0.0,0.0,100000.0,600000.0,0.0,0.0,0.0,1300000.0
588618032,nakaseke,5,1000000.0,200000.0,0.0,150000.0,350000.0,0.0,0.0,0.0,1700000.0
592179319,nakaseke,5,300000.0,0.0,0.0,0.0,200000.0,0.0,0.0,0.0,500000.0
613185254,nakaseke,5,350000.0,400000.0,58000.00000000002,0.0,230000.0,0.0,0.0,0.0,1038000.0
613184756,nakaseke,5,380000.0,0.0,1999999.9999999993,0.0,350000.0,0.0,0.0,0.0,2729999.999999999
613184762,nakaseke,5,5000000.0,0.0,299999.9999999999,700000.0,250000.0,100000.0,0.0,0.0,6350000.0
593216705,nakaseke,5,350000.0,109.0,0.0,0.0,200000.0,0.0,0.0,0.0,550109.0
582448458,nakaseke,5,600000.0,300000.0,0.0,150000.0,200000.0,0.0,0.0,0.0,1250000.0
583383308,nakaseke,5,560000.0,30000.0,90000.0,3.0,20000.0,0.0,0.0,0.0,700003.0
584457728,nakaseke,5,350000.0,0.0,0.0,0.0,0.0,0.0,0.0,0.0,350000.0
584460556,nakaseke,5,250000.0,100000.0,0.0,150000.0,200000.00000000006,0.0,0.0,0.0,700000.0
586822745,nakaseke,5,600000.0,300000.0,0.0,0.0,200000.0,0.0,0.0,0.0,1100000.0
588618956,nakaseke,5,600000.0,0.0,150000.0,0.0,250000.0,0.0,0.0,0.0,1000000.0
588619984,nakaseke,5,500000.0,0.0,0.0,0.0,250000.0,0.0,0.0,0.0,750000.0
589548430,nakaseke,5,300000.0,0.0,25000.0,0.0,500000.0,0.0,0.0,0.0,825000.0
613184214,nakaseke,5,200000.0,0.0,50000.0,0.0,130000.0,0.0,0.0,0.0,380000.0
551438775,nakaseke,5,1200000.0,0.0,0.0,0.0,0.0,0.0,0.0,0.0,1200000.0
552805506,nakaseke,5,9700000.0,0.0,0.0,0.0,0.0,0.0,0.0,0.0,9700000.0
582449815,nakaseke,5,500000.0,200000.0,0.0,0.0,60000.0,299999.9999999999,0.0,0.0,1060000.0
583383783,nakaseke,5,500000.0,200000.0,0.0,0.0,300000.0,0.0,0.0,0.0,1000000.0
583384470,nakaseke,5,500000.0,250000.0,0.0,200000.00000000006,200000.0,0.0,0.0,0.0,1150000.0
585919910,nakaseke,5,2000000.0,500000.0,299999.9999999999,500000.0,600000.0,0.0,0.0,0.0,3900000.0
585937638,nakaseke,5,600000.0,250000.0,149999.99999999994,60000.0,260000.0,0.0,0.0,0.0,1320000.0
592179023,nakaseke,5,1000000.0,200000.0,0.0,100000.0,0.0,0.0,0.0,0.0,1300000.0
551439238,nakaseke,5,1500000.0,0.0,0.0,0.0,0.0,0.0,0.0,0.0,1500000.0
555070994,nakaseke,5,600000.0,250000.0,0.0,100000.0,60000.0,0.0,0.0,0.0,1010000.0
555112218,nakaseke,5,1050000.0,0.0,299999.99999999977,0.0,0.0,0.0,0.0,0.0,1349999.9999999998
555148547,nakaseke,5,400000.0,250000.0,0.0,90000.0,400000.0,0.0,0.0,0.0,1140000.0
584458624,nakaseke,5,600000.0,250000.0,400000.0,100000.0,0.0,0.0,0.0,0.0,1350000.0
585290674,nakaseke,5,500000.0,250000.0,0.0,100000.0,900000.0,0.0,0.0,0.0,1750000.0
585290890,nakaseke,5,700000.0,300000.0,50000.0,120000.0,350000.0,0.0,0.0,0.0,1520000.0
585309665,nakaseke,5,500000.0,0.0,0.0,0.0,200000.0,0.0,0.0,0.0,700000.0
585924133,nakaseke,5,600000.0,200000.0,0.0,150000.0,300000.0,0.0,0.0,0.0,1250000.0
585929887,nakaseke,5,500000.0,0.0,0.0,0.0,0.0,0.0,0.0,0.0,500000.0
613834815,nakaseke,5,2100000.0,0.0,0.0,0.0,0.0,0.0,0.0,8999999.999999985,11099999.999999985
613836978,nakaseke,5,700000.0,0.0,0.0,0.0,0.0,0.0,0.0,0.0,700000.0
617656696,mukono,5,1099999.9999999998,499999.99999999977,0.0,299999.99999999977,0.0,0.0,0.0,0.0,1899999.9999999993
633860938,mukono,5,3000000.0,1000000.0,0.0,0.0,5000000.0,0.0,0.0,0.0,9000000.0
616677841,mukono,6,70000.0,0.0,6000000.0,0.0,0.0,0.0,0.0,0.0,6070000.0
551440657,nakaseke,6,280000.0,0.0,0.0,0.0,75000.00000000004,0.0,0.0,0.0,355000.00000000006
592191523,nakaseke,6,312000.0,0.0,0.0,0.0,500000.0,0.0,0.0,0.0,812000.0
552803559,nakaseke,6,3440000.0,499999.9999999997,0.0,0.0,249999.99999999983,0.0,0.0,0.0,4189999.9999999995
613177526,nakaseke,6,50000000.0,0.0,0.0,0.0,0.0,0.0,0.0,0.0,50000000.0
613831899,nakaseke,6,203000.0,0.0,0.0,0.0,0.0,0.0,0.0,0.0,203000.0
614880484,mukono,6,120000.0,0.0,0.0,0.0,0.0,0.0,0.0,0.0,120000.0
550714067,nakaseke,6,800000.0,0.0,0.0,0.0,100799.99999999999,0.0,0.0,0.0,900800.0
550714208,nakaseke,6,1000000.0,0.0,0.0,0.0,200000.00000000006,0.0,0.0,0.0,1200000.0
556045414,nakaseke,6,1000000.0,0.0,0.0,0.0,500000.0,0.0,0.0,0.0,1500000.0
556046788,nakaseke,6,800000.0,0.0,0.0,300000.0,0.0,0.0,0.0,0.0,1100000.0
557695958,nakaseke,6,1000000.0,500000.0,0.0,0.0,200000.0,0.0,0.0,0.0,1700000.0
560461977,nakaseke,6,3000000.0,500000.0,0.0,0.0,0.0,0.0,0.0,0.0,3500000.0
592361767,nakaseke,6,5000000.0,0.0,0.0,0.0,250000.0,0.0,0.0,0.0,5250000.0
592363240,nakaseke,6,3000000.0,200000.0,0.0,0.0,500000.0,0.0,0.0,0.0,3700000.0
616701192,mukono,6,520000.0,0.0,0.0,0.0,0.0,0.0,0.0,0.0,520000.0
624293019,mukono,6,900000.0,500000.0,200000.0,300000.0,300000.0,0.0,0.0,0.0,2200000.0
550715350,nakaseke,6,800000.0,0.0,0.0,0.0,0.0,0.0,0.0,0.0,800000.0
552803832,nakaseke,6,2300000.0,0.0,0.0,0.0,50000.00000000001,0.0,0.0,0.0,2350000.0
553311655,nakaseke,6,950000.0,0.0,0.0,0.0,0.0,0.0,0.0,0.0,950000.0
554396495,nakaseke,6,900000.0,0.0,0.0,0.0,0.0,0.0,0.0,0.0,900000.0
555218845,nakaseke,6,4500000.0,0.0,0.0,400000.0,0.0,0.0,0.0,0.0,4900000.0
556047384,nakaseke,6,1500000.0,0.0,0.0,300000.0,0.0,500000.0,0.0,0.0,2300000.0
557713875,nakaseke,6,700000.0,0.0,0.0,0.0,0.0,0.0,0.0,0.0,700000.0
558376731,nakaseke,6,800000.0,0.0,0.0,0.0,0.0,0.0,0.0,0.0,800000.0
558377788,nakaseke,6,1250000.0,0.0,0.0,350000.0,40000.0,0.0,0.0,0.0,1640000.0
558378029,nakaseke,6,1000000.0,0.0,0.0,0.0,250000.0,0.0,0.0,0.0,1250000.0
559605691,nakaseke,6,4000000.0,300000.0,0.0,0.0,250000.0,0.0,0.0,0.0,4550000.0
560460598,nakaseke,6,4000000.0,0.0,0.0,0.0,0.0,0.0,0.0,0.0,4000000.0
560460842,nakaseke,6,2000000.0,0.0,0.0,0.0,400000.0,0.0,0.0,0.0,2400000.0
561199081,nakaseke,6,2500000.0,400000.0,0.0,0.0,200000.0,0.0,0.0,0.0,3100000.0
561203340,nakaseke,6,2500000.0,0.0,0.0,0.0,0.0,0.0,0.0,0.0,2500000.0
561250862,nakaseke,6,399600.0,0.0,0.0,300000.0,0.0,0.0,0.0,0.0,699600.0
582704845,nakaseke,6,7000000.0,400000.0,0.0,0.0,0.0,0.0,0.0,0.0,7400000.0
585217011,nakaseke,6,8000000.0,0.0,200000.0,0.0,0.0,0.0,0.0,0.0,8200000.0
588626659,nakaseke,6,156000.0,500000.0,300000.0,0.0,0.0,0.0,0.0,0.0,956000.0
588783193,nakaseke,6,7000000.0,0.0,0.0,0.0,0.0,0.0,0.0,0.0,7000000.0
613810847,nakaseke,6,360000.0,0.0,0.0,0.0,0.0,0.0,0.0,0.0,360000.0
614880582,mukono,6,400000.0,0.0,0.0,0.0,0.0,0.0,0.0,0.0,400000.0
616579050,mukono,6,500000.0,0.0,0.0,0.0,0.0,0.0,0.0,90000.0,590000.0
616701381,mukono,6,400000.0,0.0,0.0,0.0,0.0,0.0,0.0,180000.0,580000.0
623704503,mukono,6,300000.0,0.0,0.0,100000.0,0.0,0.0,0.0,100000.0,500000.0
550714829,nakaseke,6,600000.0,0.0,0.0,0.0,0.0,0.0,0.0,0.0,600000.0
551432268,nakaseke,6,650000.0,0.0,0.0,499999.99999999977,0.0,0.0,0.0,0.0,1149999.9999999998
551438359,nakaseke,6,3800000.0,299999.99999999977,0.0,0.0,0.0,0.0,0.0,0.0,4100000.0
551438847,nakaseke,6,750000.0,0.0,0.0,0.0,161999.99999999988,0.0,0.0,0.0,911999.9999999999
552834713,nakaseke,6,2500000.0,0.0,999999.9999999997,0.0,0.0,0.0,0.0,0.0,3499999.9999999995
553313606,nakaseke,6,1100000.0,0.0,0.0,0.0,200000.00000000006,0.0,0.0,0.0,1300000.0
553314110,nakaseke,6,6500000.0,0.0,0.0,0.0,69999.99999999994,0.0,0.0,0.0,6570000.0
553314852,nakaseke,6,6380000.0,0.0,0.0,0.0,499999.9999999997,0.0,0.0,0.0,6880000.0
554382238,nakaseke,6,5500000.0,0.0,100000.00000000001,0.0,299999.9999999999,0.0,0.0,0.0,5900000.0
554383042,nakaseke,6,5500000.0,0.0,0.0,0.0,10000000.000000006,0.0,0.0,0.0,15500000.000000006
554388188,nakaseke,6,7500000.0,0.0,200000.00000000006,0.0,499999.9999999997,0.0,0.0,0.0,8200000.0
555219221,nakaseke,6,4000000.0,0.0,0.0,0.0,1000000.0,0.0,6000000.0,0.0,11000000.0
555219441,nakaseke,6,8000000.0,0.0,0.0,0.0,1000000.0,0.0,0.0,0.0,9000000.0
555219813,nakaseke,6,800000.0,0.0,0.0,0.0,150000.0,0.0,0.0,0.0,950000.0
556046148,nakaseke,6,500000.0,0.0,0.0,200000.0,150000.0,0.0,0.0,0.0,850000.0
557695618,nakaseke,6,800000.0,0.0,0.0,0.0,300000.0,0.0,0.0,0.0,1100000.0
557695779,nakaseke,6,5000000.0,0.0,200000.0,0.0,0.0,0.0,0.0,0.0,5200000.0
557696080,nakaseke,6,2000000.0,800000.0,0.0,250000.0,0.0,0.0,0.0,0.0,3050000.0
559607285,nakaseke,6,1000000.0,0.0,150000.0,300000.0,0.0,0.0,0.0,0.0,1450000.0
559607680,nakaseke,6,3500000.0,0.0,0.0,350000.0,0.0,0.0,0.0,0.0,3850000.0
559615651,nakaseke,6,2000000.0,0.0,0.0,0.0,0.0,0.0,0.0,0.0,2000000.0
560459965,nakaseke,6,3000000.0,0.0,0.0,0.0,0.0,0.0,1500000.0,0.0,4500000.0
561202301,nakaseke,6,3500000.0,0.0,150000.0,0.0,0.0,0.0,0.0,0.0,3650000.0
567488224,nakaseke,6,3000000.0,0.0,0.0,0.0,300000.0,0.0,0.0,0.0,3300000.0
581728335,nakaseke,6,6000000.0,400000.0,0.0,0.0,0.0,0.0,0.0,0.0,6400000.0
581800534,nakaseke,6,5000000.0,0.0,0.0,0.0,400000.0,0.0,0.0,0.0,5400000.0
581801301,nakaseke,6,4000000.0,0.0,0.0,0.0,0.0,0.0,0.0,0.0,4000000.0
582682579,nakaseke,6,3000000.0,0.0,0.0,0.0,400000.0,0.0,0.0,0.0,3400000.0
582684638,nakaseke,6,2000000.0,0.0,0.0,0.0,0.0,0.0,0.0,0.0,2000000.0
583582238,nakaseke,6,15000000.0,500000.0,0.0,0.0,0.0,0.0,0.0,0.0,15500000.0
584447265,nakaseke,6,8000000.0,0.0,0.0,0.0,500000.0,0.0,0.0,0.0,8500000.0
585215638,nakaseke,6,15000000.0,0.0,0.0,0.0,0.0,0.0,0.0,0.0,15000000.0
585216305,nakaseke,6,3000000.0,0.0,0.0,0.0,0.0,0.0,0.0,0.0,3000000.0
587012670,nakaseke,6,15000000.0,0.0,0.0,0.0,0.0,0.0,0.0,0.0,15000000.0
587012983,nakaseke,6,8000000.0,0.0,0.0,0.0,200000.0,0.0,0.0,0.0,8200000.0
587013280,nakaseke,6,25000000.0,0.0,0.0,0.0,0.0,2000000.0,0.0,0.0,27000000.0
588781706,nakaseke,6,14000000.0,300000.0,0.0,0.0,0.0,0.0,0.0,0.0,14300000.0
589705500,nakaseke,6,5000000.0,0.0,0.0,0.0,400000.0,0.0,0.0,0.0,5400000.0
589705733,nakaseke,6,12000000.0,450000.0,0.0,0.0,0.0,0.0,0.0,0.0,12450000.0
592193539,nakaseke,6,7998000.0,0.0,0.0,0.0,0.0,0.0,0.0,0.0,7998000.0
593223241,nakaseke,6,3000000.0,3000000.0,0.0,0.0,5000000.0,0.0,0.0,0.0,11000000.0
593223559,nakaseke,6,5000000.0,450000.0,0.0,0.0,0.0,0.0,0.0,0.0,5450000.0
613174996,nakaseke,6,3500000.0,0.0,0.0,0.0,300000.0,0.0,0.0,0.0,3800000.0
613177861,nakaseke,6,2000000.0,0.0,0.0,0.0,500000.0,0.0,0.0,0.0,2500000.0
613177864,nakaseke,6,5000000.0,0.0,0.0,0.0,0.0,0.0,0.0,0.0,5000000.0
613178463,nakaseke,6,8000000.0,0.0,0.0,0.0,0.0,5000000.0,0.0,0.0,13000000.0
613178868,nakaseke,6,500000.0,0.0,0.0,0.0,300000.0,0.0,0.0,0.0,800000.0
613180603,nakaseke,6,2000000.0,0.0,0.0,0.0,0.0,0.0,0.0,0.0,2000000.0
613822490,nakaseke,6,180000.0,150000.0,250000.0,0.0,0.0,0.0,0.0,0.0,580000.0
613825443,nakaseke,6,754000.0,250000.0,0.0,100000.0,0.0,0.0,0.0,0.0,1104000.0
618055484,mukono,6,750000.0,0.0,0.0,0.0,0.0,0.0,0.0,500000.0,1250000.0
619558400,mukono,6,350000.0,0.0,0.0,200000.0,100000.0,0.0,0.0,0.0,650000.0
621499875,mukono,6,800000.0,0.0,3600000.0,0.0,0.0,0.0,0.0,0.0,4400000.0
623176650,mukono,6,500000.0,0.0,12000000.0,1000000.0,0.0,0.0,0.0,0.0,13500000.0
623183149,mukono,6,288000.0,0.0,0.0,0.0,0.0,1000000.0,0.0,5000000.0,6288000.0
623185581,mukono,6,500000.0,0.0,0.0,1000000.0,0.0,2400000.0,0.0,0.0,3900000.0
633165095,mukono,6,500000.0,0.0,0.0,3000000.0,20000000.0,0.0,0.0,0.0,23500000.0
633861862,mukono,6,2000000.0,0.0,1000000.0,20000000.0,0.0,0.0,0.0,0.0,23000000.0
634022320,mukono,6,300000.0,0.0,0.0,300000.0,0.0,0.0,0.0,0.0,600000.0
634322498,mukono,6,120000.0,0.0,0.0,0.0,0.0,0.0,0.0,0.0,120000.0
634928993,mukono,6,60000.0,0.0,0.0,0.0,0.0,0.0,0.0,0.0,60000.0
634952733,mukono,6,1400000.0,0.0,0.0,0.0,500000.0,10000000.0,0.0,0.0,11900000.0
634953204,mukono,6,1200000.0,720000.0,0.0,0.0,500000.0,0.0,0.0,0.0,2420000.0
635102101,mukono,6,500000.0,0.0,0.0,0.0,0.0,20000000.0,12000000.0,0.0,32500000.0
635102513,mukono,6,800000.0,0.0,0.0,10000000.0,1000000.0,0.0,0.0,0.0,11800000.0
644159914,mukono,6,15000000.0,0.0,0.0,0.0,2800000.0,0.0,0.0,0.0,17800000.0
644420047,mukono,6,800000.0,0.0,0.0,0.0,0.0,2000000.0,0.0,0.0,2800000.0
551439754,nakaseke,6,4000000.0,0.0,0.0,999999.9999999997,9999999.999999996,0.0,2000000.0000000016,0.0,16999999.999999996
552968706,nakaseke,6,8000000.0,0.0,0.0,0.0,700000.0000000002,0.0,0.0,0.0,8700000.0
552969446,nakaseke,6,2500000.0,0.0,0.0,0.0,79999.99999999994,0.0,0.0,0.0,2580000.0
552970239,nakaseke,6,3500000.0,0.0,0.0,0.0,0.0,0.0,0.0,0.0,3500000.0
554387935,nakaseke,6,5500000.0,0.0,0.0,0.0,1049999.9999999998,0.0,0.0,0.0,6550000.0
558377096,nakaseke,6,2500000.0,500000.0,0.0,0.0,0.0,1000000.0,0.0,0.0,4000000.0
559607458,nakaseke,6,4000000.0,500000.0,0.0,0.0,200000.0,0.0,0.0,0.0,4700000.0
567493335,nakaseke,6,2000000.0,0.0,0.0,400000.0,800000.0,0.0,0.0,0.0,3200000.0
581802079,nakaseke,6,7000000.0,0.0,150000.0,0.0,300000.0,0.0,0.0,0.0,7450000.0
582619340,nakaseke,6,2000000.0,0.0,0.0,0.0,0.0,0.0,0.0,0.0,2000000.0
583580839,nakaseke,6,25000000.0,0.0,0.0,0.0,0.0,10000000.0,0.0,0.0,35000000.0
584444811,nakaseke,6,4000000.0,0.0,0.0,300000.0,0.0,0.0,0.0,0.0,4300000.0
585215286,nakaseke,6,6500000.0,500000.0,0.0,500000.0,0.0,0.0,0.0,0.0,7500000.0
587013182,nakaseke,6,6000000.0,0.0,150000.0,0.0,450000.0,0.0,0.0,0.0,6600000.0
588782700,nakaseke,6,12000000.0,0.0,0.0,500000.0,0.0,0.0,0.0,0.0,12500000.0
589705993,nakaseke,6,10000000.0,0.0,0.0,0.0,0.0,0.0,0.0,0.0,10000000.0
613178458,nakaseke,6,30000000.0,500000.0,0.0,0.0,0.0,0.0,0.0,0.0,30500000.0
613178880,nakaseke,6,3000000.0,800000.0,300000.0,0.0,0.0,0.0,0.0,0.0,4100000.0
613179574,nakaseke,6,4000000.0,0.0,0.0,0.0,400000.0,0.0,0.0,0.0,4400000.0
615825416,mukono,6,50000.0,0.0,0.0,0.0,0.0,0.0,0.0,0.0,50000.0
619544793,mukono,6,1000000.0,0.0,0.0,0.0,0.0,1000000.0,0.0,0.0,2000000.0
623479229,mukono,6,120000.0,0.0,0.0,0.0,0.0,0.0,0.0,0.0,120000.0
633706398,mukono,6,600000.0,0.0,0.0,0.0,0.0,0.0,0.0,0.0,600000.0
633706854,mukono,6,150000.0,0.0,0.0,0.0,80000.0,0.0,0.0,0.0,230000.0
553314312,nakaseke,6,11000000.0,0.0,0.0,0.0,359999.99999999994,0.0,0.0,0.0,11360000.0
555219512,nakaseke,6,1200000.0,2000000.0,0.0,0.0,0.0,0.0,0.0,0.0,3200000.0
561200684,nakaseke,6,4000000.0,0.0,0.0,200000.0,0.0,0.0,0.0,0.0,4200000.0
583583184,nakaseke,6,20000000.0,0.0,0.0,0.0,500000.0,0.0,0.0,0.0,20500000.0
584444125,nakaseke,6,8000000.0,0.0,0.0,0.0,0.0,1000000.0,0.0,0.0,9000000.0
584446459,nakaseke,6,4000000.0,0.0,200000.0,0.0,0.0,0.0,0.0,0.0,4200000.0
586786507,nakaseke,6,551800.0,160000.0,0.0,0.0,0.0,0.0,0.0,0.0,711800.0
586805028,nakaseke,6,384400.0,180000.0,0.0,0.0,100800.0,0.0,0.0,0.0,665200.0
588783732,nakaseke,6,8000000.0,0.0,0.0,300000.0,0.0,0.0,0.0,0.0,8300000.0
589705256,nakaseke,6,10000000.0,0.0,0.0,0.0,0.0,8000000.0,0.0,0.0,18000000.0
592362627,nakaseke,6,4000000.0,500000.0,0.0,0.0,0.0,0.0,0.0,0.0,4500000.0
592363516,nakaseke,6,9900000.0,0.0,0.0,0.0,0.0,0.0,0.0,0.0,9900000.0
615755561,mukono,6,24000000.0,2000000.0,0.0,0.0,1000000.0,5000000.0,0.0,0.0,32000000.0
616699698,mukono,6,600000.0,0.0,0.0,0.0,0.0,0.0,0.0,0.0,600000.0
618056804,mukono,6,1400000.0,0.0,0.0,200000.0,50000.0,0.0,0.0,0.0,1650000.0
623479343,mukono,6,150000.0,0.0,0.0,0.0,70000.0,0.0,0.0,0.0,220000.0
631647706,mukono,6,230000.0,0.0,0.0,0.0,0.0,0.0,0.0,0.0,230000.0
632871446,mukono,6,800000.0,0.0,0.0,0.0,0.0,0.0,0.0,0.0,800000.0
644420087,mukono,6,600000.0,0.0,0.0,1500000.0,0.0,0.0,0.0,0.0,2100000.0
583581711,nakaseke,6,8000000.0,0.0,200000.0,0.0,0.0,0.0,0.0,0.0,8200000.0
592192218,nakaseke,6,2400000.0,0.0,0.0,0.0,250000.0,0.0,0.0,0.0,2650000.0
614880682,mukono,6,1400000.0,0.0,0.0,0.0,0.0,0.0,0.0,0.0,1400000.0
618739011,mukono,6,6400000.0,0.0,0.0,0.0,0.0,0.0,0.0,0.0,6400000.0
618739107,mukono,6,1800000.0,0.0,0.0,0.0,0.0,0.0,0.0,0.0,1800000.0
622484850,mukono,6,600000.0,0.0,0.0,0.0,0.0,0.0,0.0,0.0,600000.0
623479274,mukono,6,150000.0,0.0,0.0,0.0,0.0,0.0,0.0,0.0,150000.0
623981062,mukono,6,400000.0,0.0,0.0,0.0,180000.0,0.0,0.0,0.0,580000.0
634929144,mukono,6,40000.0,0.0,0.0,0.0,75000.0,0.0,0.0,0.0,115000.0
635625391,mukono,6,120000.0,0.0,0.0,0.0,0.0,0.0,0.0,0.0,120000.0
635625490,mukono,6,80000.0,0.0,0.0,0.0,0.0,0.0,0.0,0.0,80000.0
556031317,nakaseke,6,450000.0,0.0,0.0,0.0,0.0,0.0,0.0,0.0,450000.0
556037719,nakaseke,6,400000.0,0.0,0.0,0.0,0.0,0.0,0.0,0.0,400000.0
560449324,nakaseke,6,2666000.0,0.0,0.0,0.0,1425600.0,0.0,0.0,0.0,4091600.0
586026956,nakaseke,6,354000.0,0.0,300000.0,0.0,0.0,0.0,0.0,0.0,654000.0
616680304,mukono,6,400000.0,0.0,800000.0,0.0,0.0,3600000.0,0.0,0.0,4800000.0
616700114,mukono,6,360000.0,0.0,0.0,0.0,0.0,0.0,0.0,0.0,360000.0
623980936,mukono,6,180000.0,0.0,0.0,0.0,0.0,0.0,0.0,0.0,180000.0
632872132,mukono,6,590000.0,0.0,0.0,0.0,0.0,0.0,0.0,0.0,590000.0
550732883,nakaseke,6,2800000.0,0.0,0.0,0.0,0.0,0.0,0.0,0.0,2800000.0
582502735,nakaseke,6,450000.0,0.0,0.0,0.0,0.0,0.0,0.0,0.0,450000.0
586030936,nakaseke,6,195000.0,0.0,150000.0,0.0,0.0,0.0,0.0,0.0,345000.0
614807290,mukono,6,900000.0,0.0,0.0,0.0,0.0,0.0,0.0,600000.0,1500000.0
614850521,mukono,6,200000.0,0.0,150000.0,0.0,300000.0,0.0,0.0,0.0,650000.0
614880379,mukono,6,2600000.0,0.0,0.0,20000.0,499999.9999999997,0.0,0.0,0.0,3119999.9999999995
615759274,mukono,6,1000000.0,0.0,0.0,0.0,0.0,0.0,500000.0,0.0,1500000.0
615825361,mukono,6,2600000.0,0.0,0.0,0.0,0.0,0.0,0.0,0.0,2600000.0
616578776,mukono,6,1200000.0,300000.0,200000.0,0.0,0.0,1500000.0,0.0,0.0,3200000.0
616579437,mukono,6,1500000.0,0.0,0.0,500000.0,0.0,0.0,0.0,0.0,2000000.0
616580090,mukono,6,300000.0,100000.0,100000.0,100000.0,300000.0,0.0,0.0,0.0,900000.0
616699119,mukono,6,90000.0,0.0,0.0,0.0,0.0,0.0,0.0,0.0,90000.0
617648886,mukono,6,320000.0,0.0,0.0,0.0,0.0,0.0,0.0,0.0,320000.0
618056277,mukono,6,900000.0,0.0,0.0,100000.0,0.0,0.0,0.0,0.0,1000000.0
618502771,mukono,6,500000.0,0.0,200000.0,0.0,0.0,0.0,0.0,0.0,700000.0
618503624,mukono,6,1100000.0,0.0,0.0,1000000.0,0.0,0.0,0.0,0.0,2100000.0
619549456,mukono,6,1600000.0,0.0,0.0,0.0,0.0,1200000.0,0.0,1400000.0,4200000.0
619551006,mukono,6,480000.0,0.0,0.0,500000.0,0.0,0.0,0.0,0.0,980000.0
619552154,mukono,6,1200000.0,0.0,0.0,0.0,1000000.0,0.0,0.0,0.0,2200000.0
619559855,mukono,6,1800000.0,0.0,0.0,0.0,2000000.0,1350000.0,0.0,0.0,5150000.0
622292961,mukono,6,500000.0,0.0,0.0,400000.0,0.0,0.0,0.0,0.0,900000.0
623188000,mukono,6,600000.0,0.0,0.0,0.0,15000000.0,6000000.0,0.0,0.0,21600000.0
623704256,mukono,6,3500000.0,0.0,0.0,600000.0,500000.0,0.0,0.0,0.0,4600000.0
624717557,mukono,6,400000.0,0.0,2000000.0,0.0,0.0,0.0,0.0,0.0,2400000.0
628775538,mukono,6,1000000.0,0.0,0.0,1000000.0,0.0,0.0,0.0,0.0,2000000.0
632457381,mukono,6,1200000.0,0.0,0.0,600000.0,300000.0,0.0,0.0,0.0,2100000.0
632479613,mukono,6,800000.0,100000.0,0.0,200000.0,100000.0,0.0,0.0,0.0,1200000.0
632526756,mukono,6,17500000.0,0.0,0.0,2000000.0,0.0,0.0,0.0,0.0,19500000.0
632870245,mukono,6,120000.0,0.0,0.0,0.0,15000.0,0.0,0.0,0.0,135000.0
633860192,mukono,6,15000000.0,0.0,0.0,1000000.0,600000.0,0.0,0.0,0.0,16600000.0
633861646,mukono,6,3000000.0,0.0,0.0,0.0,2800000.0,0.0,0.0,0.0,5800000.0
634322667,mukono,6,160000.0,0.0,0.0,0.0,0.0,0.0,0.0,0.0,160000.0
634322758,mukono,6,800000.0,0.0,0.0,0.0,0.0,0.0,0.0,0.0,800000.0
635625535,mukono,6,900000.0,0.0,0.0,0.0,40000.0,0.0,0.0,0.0,940000.0
635860119,mukono,6,1200000.0,200000.0,0.0,300000.0,300000.0,0.0,0.0,0.0,2000000.0
636602799,mukono,6,1500000.0,200000.0,0.0,0.0,200000.0,0.0,0.0,0.0,1900000.0
558422222,nakaseke,6,1180000.0,240000.0,0.0,0.0,0.0,0.0,0.0,0.0,1420000.0
559666954,nakaseke,6,494000.0,0.0,0.0,0.0,0.0,0.0,0.0,0.0,494000.0
560448617,nakaseke,6,560000.0,0.0,0.0,0.0,0.0,0.0,0.0,0.0,560000.0
583505993,nakaseke,6,450000.0,0.0,180000.0,0.0,0.0,0.0,0.0,0.0,630000.0
584452976,nakaseke,6,286000.0,1500000.0,250000.0,0.0,0.0,0.0,0.0,0.0,2036000.0
586809899,nakaseke,6,298900.0,250000.0,150000.0,0.0,0.0,0.0,0.0,0.0,698900.0
618738329,mukono,6,1200000.0,0.0,0.0,0.0,0.0,0.0,0.0,0.0,1200000.0
623981362,mukono,6,800000.0,0.0,0.0,0.0,0.0,0.0,0.0,0.0,800000.0
633706233,mukono,6,180000.0,0.0,0.0,0.0,0.0,0.0,0.0,0.0,180000.0
555219650,nakaseke,6,700000.0,0.0,0.0,0.0,0.0,0.0,0.0,0.0,700000.0
581666974,nakaseke,6,663600.0,0.0,0.0,250000.0,162000.0,0.0,0.0,0.0,1075600.0
589566940,nakaseke,6,420000.0,0.0,0.0,0.0,0.0,0.0,0.0,0.0,420000.0
615760019,mukono,6,600000.0,300000.0,0.0,0.0,0.0,0.0,0.0,0.0,900000.0
615825276,mukono,6,1200000.0,0.0,0.0,0.0,0.0,0.0,0.0,0.0,1200000.0
616698945,mukono,6,6000000.0,0.0,0.0,0.0,1500000.0,0.0,0.0,0.0,7500000.0
616699320,mukono,6,1800000.0,0.0,0.0,0.0,0.0,0.0,0.0,0.0,1800000.0
619769782,mukono,6,1800000.0,0.0,0.0,0.0,0.0,0.0,0.0,0.0,1800000.0
621639263,mukono,6,100000.0,0.0,0.0,0.0,0.0,0.0,0.0,0.0,100000.0
622484708,mukono,6,1600000.0,0.0,0.0,0.0,0.0,0.0,0.0,0.0,1600000.0
623981163,mukono,6,1800000.0,0.0,0.0,0.0,2200000.0,0.0,0.0,0.0,4000000.0
550732746,nakaseke,6,1200000.0,449999.99999999994,0.0,0.0,0.0,0.0,0.0,0.0,1650000.0
615825485,mukono,6,2400000.0,0.0,0.0,0.0,0.0,0.0,0.0,0.0,2400000.0
551438282,nakaseke,6,1250000.0,0.0,0.0,0.0,0.0,0.0,0.0,0.0,1250000.0
585181910,nakaseke,6,468000.0,230000.0,0.0,250000.0,0.0,0.0,0.0,0.0,948000.0
553313598,nakaseke,6,14010000.0,0.0,0.0,0.0,249999.99999999983,0.0,0.0,0.0,14260000.0
555219886,nakaseke,6,1900000.0,420000.0,0.0,0.0,0.0,0.0,0.0,0.0,2320000.0
561236657,nakaseke,6,1296000.0,0.0,0.0,500000.0,221000.0,0.0,0.0,0.0,2017000.0
583502844,nakaseke,6,510000.0,0.0,0.0,0.0,0.0,0.0,0.0,0.0,510000.0
584472197,nakaseke,6,702000.0,0.0,300000.0,0.0,466200.0,0.0,0.0,0.0,1468200.0
588619360,nakaseke,6,492000.0,0.0,0.0,0.0,0.0,0.0,0.0,0.0,492000.0
613814407,nakaseke,6,2560000.0,0.0,0.0,0.0,0.0,0.0,0.0,0.0,2560000.0
614850687,mukono,6,200000.0,0.0,0.0,200000.0,0.0,0.0,0.0,0.0,400000.0
615773237,mukono,6,700000.0,0.0,300000.0,200000.0,120000.0,200000.0,0.0,0.0,1520000.0
616679140,mukono,6,3000000.0,1000000.0,0.0,0.0,6000000.0,10000000.0,0.0,0.0,20000000.0
618056509,mukono,6,3000000.0,0.0,0.0,100000.0,0.0,0.0,0.0,0.0,3100000.0
618502947,mukono,6,1000000.0,0.0,0.0,300000.0,200000.0,0.0,0.0,0.0,1500000.0
618503261,mukono,6,900000.0,0.0,0.0,0.0,0.0,0.0,0.0,1000000.0,1900000.0
618738549,mukono,6,900000.0,0.0,0.0,0.0,0.0,0.0,0.0,0.0,900000.0
619307564,mukono,6,1300000.0,0.0,0.0,200000.0,500000.0,0.0,0.0,0.0,2000000.0
619543012,mukono,6,400000.0,360000.0,0.0,0.0,0.0,5100000.0,0.0,0.0,5860000.0
620136574,mukono,6,900000.0,300000.0,200000.0,0.0,300000.0,0.0,0.0,0.0,1700000.0
620155076,mukono,6,500000.0,500000.0,0.0,0.0,300000.0,0.0,0.0,0.0,1300000.0
621076849,mukono,6,1500000.0,0.0,0.0,0.0,2000000.0,0.0,0.0,2000000.0,5500000.0
622287746,mukono,6,700000.0,0.0,0.0,100000.0,70000.0,0.0,0.0,0.0,870000.0
622484987,mukono,6,2400000.0,0.0,0.0,0.0,0.0,0.0,0.0,0.0,2400000.0
631647870,mukono,6,1800000.0,0.0,0.0,0.0,0.0,0.0,0.0,0.0,1800000.0
632483673,mukono,6,2000000.0,200000.0,0.0,300000.0,300000.0,0.0,0.0,0.0,2800000.0
632532023,mukono,6,4800000.0,0.0,0.0,0.0,1000000.0,0.0,0.0,0.0,5800000.0
633706958,mukono,6,320000.0,0.0,0.0,0.0,150000.0,0.0,0.0,0.0,470000.0
634023370,mukono,6,2000000.0,0.0,0.0,200000.0,0.0,0.0,0.0,100000.0,2300000.0
634718078,mukono,6,3000000.0,300000.0,0.0,0.0,300000.0,0.0,0.0,100000.0,3700000.0
634718387,mukono,6,1000000.0,100000.0,100000.0,100000.0,200000.0,0.0,0.0,0.0,1500000.0
635238203,mukono,6,700000.0,100000.0,300000.0,0.0,100000.0,0.0,0.0,0.0,1200000.0
635859907,mukono,6,1800000.0,200000.0,0.0,300000.0,30000.0,0.0,0.0,0.0,2330000.0
636603192,mukono,6,7000000.0,0.0,0.0,0.0,500000.0,2000000.0,0.0,0.0,9500000.0
551433371,nakaseke,6,930000.0,200000.00000000006,0.0,0.0,0.0,0.0,0.0,0.0,1130000.0
581719428,nakaseke,6,554400.0,0.0,0.0,0.0,0.0,0.0,0.0,0.0,554400.0
584453809,nakaseke,6,1008000.0,0.0,0.0,300000.0,0.0,0.0,0.0,0.0,1308000.0
588629366,nakaseke,6,552000.0,350000.0,0.0,0.0,0.0,0.0,0.0,0.0,902000.0
593198085,nakaseke,6,456000.0,0.0,0.0,0.0,0.0,0.0,0.0,0.0,456000.0
614850630,mukono,6,500000.0,0.0,100000.0,0.0,100000.0,0.0,0.0,0.0,700000.0
558415060,nakaseke,6,694400.0,0.0,0.0,250000.0,0.0,0.0,0.0,0.0,944400.0
561237697,nakaseke,6,499200.0,450000.0,0.0,0.0,500000.0,0.0,0.0,0.0,1449200.0
582502398,nakaseke,6,480000.0,0.0,0.0,0.0,225000.0,0.0,0.0,0.0,705000.0
586028388,nakaseke,6,617400.0,0.0,300000.0,0.0,200000.0,0.0,0.0,0.0,1117400.0
613819661,nakaseke,6,336000.0,0.0,0.0,0.0,0.0,0.0,0.0,0.0,336000.0
619770045,mukono,6,900000.0,0.0,0.0,0.0,0.0,0.0,0.0,0.0,900000.0
553313800,nakaseke,6,14000000.0,0.0,0.0,0.0,550000.0000000001,0.0,0.0,0.0,14550000.0
560449000,nakaseke,6,680400.0,0.0,0.0,0.0,150000.0,0.0,0.0,0.0,830400.0
560449862,nakaseke,6,610000.0,0.0,0.0,300000.0,0.0,0.0,0.0,0.0,910000.0
583505325,nakaseke,6,1500000.0,0.0,0.0,0.0,0.0,0.0,0.0,0.0,1500000.0
613821415,nakaseke,6,2232000.0,0.0,0.0,0.0,0.0,0.0,0.0,0.0,2232000.0
561257600,nakaseke,6,325000.0,0.0,0.0,0.0,0.0,0.0,0.0,0.0,325000.0
585193571,nakaseke,6,545200.0,0.0,200000.0,0.0,640800.0,0.0,0.0,0.0,1386000.0
621639988,mukono,6,600000.0,0.0,0.0,0.0,1200000.0,0.0,0.0,0.0,1800000.0
550731204,nakaseke,6,600000.0,0.0,0.0,0.0,0.0,0.0,0.0,0.0,600000.0
550739292,nakaseke,6,500000.0,0.0,0.0,0.0,0.0,0.0,0.0,0.0,500000.0
550740686,nakaseke,6,1000000.0,0.0,0.0,0.0,0.0,0.0,0.0,0.0,1000000.0
551433006,nakaseke,6,1210000.0,400000.0000000001,0.0,0.0,0.0,0.0,0.0,0.0,1610000.0
552803009,nakaseke,6,7950000.0,0.0,0.0,0.0,0.0,0.0,0.0,0.0,7950000.0
554395712,nakaseke,6,2360000.0,0.0,0.0,0.0,200000.00000000006,0.0,0.0,0.0,2560000.0
554399870,,6,8800000.0,0.0,0.0,0.0,1755000.0000000007,0.0,0.0,0.0,10555000.0
555219447,nakaseke,6,1050000.0,0.0,0.0,0.0,0.0,0.0,0.0,0.0,1050000.0
559669939,nakaseke,6,2697500.0,0.0,0.0,0.0,520000.0,0.0,0.0,0.0,3217500.0
581666409,nakaseke,6,680400.0,0.0,100000.0,0.0,180000.0,0.0,0.0,0.0,960400.0
585208171,nakaseke,6,975000.0,0.0,300000.0,0.0,0.0,0.0,0.0,0.0,1275000.0
613829595,nakaseke,6,1003400.0,0.0,0.0,0.0,0.0,0.0,0.0,0.0,1003400.0
614807717,mukono,6,800000.0,0.0,0.0,500000.0,0.0,0.0,0.0,0.0,1300000.0
615773415,mukono,6,900000.0,200000.0,0.0,300000.0,300000.0,500000.0,0.0,0.0,2200000.0
616587562,mukono,6,1500000.0,20000.0,0.0,0.0,200000.0,0.0,0.0,0.0,1720000.0
617648818,mukono,6,1200000.0,0.0,0.0,0.0,0.0,0.0,0.0,0.0,1200000.0
617656724,mukono,6,3200000.0,0.0,0.0,0.0,0.0,0.0,0.0,0.0,3200000.0
618738718,mukono,6,2400000.0,0.0,0.0,0.0,0.0,0.0,0.0,0.0,2400000.0
618740822,mukono,6,2400000.0,0.0,0.0,0.0,0.0,0.0,0.0,0.0,2400000.0
619306835,mukono,6,1200000.0,300000.0,0.0,200000.0,0.0,300000.0,0.0,0.0,2000000.0
619559199,mukono,6,6000000.0,0.0,0.0,0.0,12000000.0,0.0,0.0,0.0,18000000.0
619769613,mukono,6,4500000.0,0.0,0.0,0.0,0.0,0.0,0.0,0.0,4500000.0
620129760,mukono,6,3500000.0,500000.0,0.0,0.0,500000.0,0.0,0.0,0.0,4500000.0
620157158,mukono,6,2500000.0,0.0,0.0,2000000.0,1000000.0,300000.0,0.0,0.0,5800000.0
620418682,mukono,6,12000000.0,1800000.0,0.0,0.0,1000000.0,0.0,0.0,0.0,14800000.0
620699865,mukono,6,2400000.0,0.0,0.0,0.0,0.0,0.0,0.0,0.0,2400000.0
620699988,mukono,6,36000000.0,0.0,0.0,0.0,0.0,0.0,0.0,0.0,36000000.0
621075678,mukono,6,1200000.0,0.0,0.0,0.0,0.0,0.0,0.0,100000.0,1300000.0
621078199,mukono,6,1200000.0,0.0,0.0,0.0,500000.0,0.0,0.0,1000000.0,2700000.0
621497521,mukono,6,750000.0,0.0,0.0,500000.0,200000.0,0.0,0.0,0.0,1450000.0
622288485,mukono,6,2000000.0,2500000.0,0.0,0.0,1000000.0,500000.0,0.0,0.0,6000000.0
622289226,mukono,6,900000.0,200000.0,100000.0,0.0,500000.0,0.0,0.0,300000.0,2000000.0
622950844,mukono,6,2600000.0,400000.0,0.0,0.0,1500000.0,0.0,0.0,0.0,4500000.0
622950959,mukono,6,700000.0,100000.0,0.0,200000.0,0.0,0.0,0.0,0.0,1000000.0
622951178,mukono,6,2100000.0,0.0,0.0,0.0,2000000.0,0.0,0.0,0.0,4100000.0
623479319,mukono,6,400000.0,0.0,0.0,0.0,2800000.0,0.0,0.0,0.0,3200000.0
623704150,mukono,6,1000000.0,500000.0,0.0,500000.0,300000.0,0.0,0.0,0.0,2300000.0
623704380,mukono,6,300000.0,0.0,200000.0,0.0,200000.0,0.0,0.0,0.0,700000.0
624715344,mukono,6,200000.0,0.0,0.0,0.0,200000.0,0.0,0.0,1000000.0,1400000.0
631647480,mukono,6,3200000.0,0.0,0.0,0.0,700000.0,0.0,0.0,0.0,3900000.0
632449589,mukono,6,3000000.0,0.0,0.0,500000.0,0.0,0.0,0.0,0.0,3500000.0
632465838,mukono,6,2500000.0,200000.0,0.0,300000.0,300000.0,0.0,0.0,0.0,3300000.0
633165465,mukono,6,2000000.0,400000.0,0.0,500000.0,500000.0,0.0,0.0,0.0,3400000.0
633165662,mukono,6,2000000.0,300000.0,0.0,0.0,300000.0,200000.0,0.0,0.0,2800000.0
634022615,mukono,6,4000000.0,1000000.0,0.0,1000000.0,300000.0,0.0,0.0,0.0,6300000.0
634718321,mukono,6,1000000.0,0.0,0.0,0.0,300000.0,500000.0,0.0,0.0,1800000.0
634929270,mukono,6,80000.0,0.0,0.0,0.0,0.0,0.0,0.0,0.0,80000.0
635102819,mukono,6,1000000.0,0.0,500000.0,0.0,500000.0,0.0,0.0,0.0,2000000.0
635238371,mukono,6,2000000.0,1000000.0,0.0,500000.0,500000.0,0.0,0.0,0.0,4000000.0
635238449,mukono,6,2500000.0,100000.0,0.0,300000.0,300000.0,0.0,0.0,0.0,3200000.0
635238630,mukono,6,1500000.0,500000.0,0.0,300000.0,300000.0,0.0,0.0,0.0,2600000.0
635625333,mukono,6,400000.0,0.0,0.0,0.0,0.0,0.0,0.0,0.0,400000.0
635859825,mukono,6,1500000.0,0.0,0.0,500000.0,0.0,0.0,0.0,0.0,2000000.0
635860002,mukono,6,3000000.0,200000.0,0.0,0.0,0.0,0.0,0.0,0.0,3200000.0
635860179,mukono,6,3000000.0,1000000.0,0.0,500000.0,500000.0,0.0,0.0,0.0,5000000.0
636134719,mukono,6,24000000.0,0.0,0.0,1000000.0,1950000.0,0.0,0.0,0.0,26950000.0
636135880,mukono,6,1400000.0,0.0,1500000.0,0.0,500000.0,0.0,0.0,0.0,3400000.0
636603058,mukono,6,900000.0,0.0,0.0,0.0,200000.0,0.0,0.0,0.0,1100000.0
636603136,mukono,6,700000.0,0.0,0.0,300000.0,500000.0,0.0,0.0,0.0,1500000.0
644152753,mukono,6,2000000.0,200000.0,0.0,300000.0,300000.0,0.0,0.0,300000.0,3100000.0
644152847,mukono,6,700000.0,100000.0,0.0,200000.0,200000.0,0.0,0.0,0.0,1200000.0
644159669,mukono,6,3200000.0,0.0,0.0,0.0,420000.0,0.0,0.0,0.0,3620000.0
554400498,nakaseke,6,7000000.0,0.0,0.0,0.0,19999999.999999978,0.0,0.0,0.0,26999999.999999978
559666632,nakaseke,6,990000.0,0.0,0.0,150000.0,0.0,0.0,0.0,0.0,1140000.0
619306547,mukono,6,2000000.0,500000.0,0.0,0.0,0.0,0.0,0.0,320000.0,2820000.0
622485261,mukono,6,800000.0,0.0,0.0,0.0,0.0,0.0,0.0,0.0,800000.0
631647195,mukono,6,600000.0,0.0,0.0,0.0,150000.0,0.0,0.0,0.0,750000.0
565368592,nakaseke,6,571200.0,0.0,0.0,0.0,127000.0,0.0,0.0,0.0,698200.0
584454693,nakaseke,6,250000.0,0.0,250000.0,0.0,0.0,0.0,0.0,0.0,500000.0
618738814,mukono,6,2600000.0,0.0,0.0,0.0,0.0,0.0,0.0,0.0,2600000.0
582503421,nakaseke,6,690000.0,0.0,0.0,0.0,0.0,0.0,0.0,0.0,690000.0
589565846,nakaseke,6,720000.0,0.0,0.0,0.0,850000.0,0.0,0.0,0.0,1570000.0
614850459,mukono,6,1100000.0,0.0,0.0,0.0,550000.0,0.0,0.0,0.0,1650000.0
556032422,nakaseke,6,2500000.0,1800000.0,0.0,300000.0,0.0,0.0,0.0,0.0,4600000.0
558422563,nakaseke,6,1750000.0,0.0,0.0,0.0,950000.0,0.0,0.0,0.0,2700000.0
585223034,nakaseke,6,342000.0,0.0,0.0,0.0,0.0,0.0,0.0,0.0,342000.0
623704362,mukono,6,700000.0,500000.0,0.0,0.0,500000.0,0.0,0.0,0.0,1700000.0
633165535,mukono,6,1800000.0,0.0,0.0,500000.0,500000.0,0.0,0.0,0.0,2800000.0
634929225,mukono,6,4000000.0,0.0,0.0,0.0,100000.0,0.0,0.0,0.0,4100000.0
636602878,mukono,6,3500000.0,200000.0,0.0,200000.0,300000.0,0.0,0.0,0.0,4200000.0
558418973,nakaseke,6,1664000.0,0.0,0.0,0.0,1800000.0,2500000.0,0.0,0.0,5964000.0
613827164,nakaseke,6,1560200.0,0.0,450000.0,0.0,950000.0,0.0,0.0,0.0,2960200.0
632876809,mukono,6,320000.0,0.0,0.0,0.0,0.0,0.0,0.0,0.0,320000.0
559670838,nakaseke,6,2073500.0,0.0,0.0,200000.0,0.0,0.0,0.0,0.0,2273500.0
588625655,nakaseke,6,2496000.0,0.0,300000.0,0.0,1050000.0,0.0,0.0,0.0,3846000.0
550732633,nakaseke,6,1050000.0,0.0,0.0,199999.99999999997,199999.99999999997,0.0,0.0,0.0,1450000.0
550740078,nakaseke,6,1100000.0,249999.99999999983,0.0,0.0,0.0,0.0,0.0,0.0,1349999.9999999998
552802393,nakaseke,6,8800000.0,999999.9999999995,0.0,0.0,299999.9999999999,0.0,0.0,0.0,10100000.0
553314788,nakaseke,6,7500000.0,0.0,0.0,0.0,100000.00000000001,0.0,0.0,0.0,7600000.0
556033462,nakaseke,6,4032000.0,0.0,0.0,0.0,1755000.0,0.0,0.0,0.0,5787000.0
557694485,nakaseke,6,90000.0,0.0,0.0,50000.0,0.0,0.0,0.0,0.0,140000.0
557694682,nakaseke,6,90000.0,0.0,0.0,25000.0,0.0,0.0,0.0,0.0,115000.0
557711753,nakaseke,6,1750000.0,0.0,0.0,0.0,0.0,0.0,0.0,0.0,1750000.0
557713215,nakaseke,6,1150000.0,0.0,0.0,0.0,0.0,0.0,0.0,0.0,1150000.0
558375556,nakaseke,6,300000.0,0.0,0.0,50000.0,60000.0,0.0,0.0,0.0,410000.0
565368815,nakaseke,6,1150000.0,0.0,0.0,300000.0,0.0,0.0,0.0,0.0,1450000.0
583503314,nakaseke,6,3060000.0,0.0,0.0,0.0,639000.0,0.0,0.0,0.0,3699000.0
592192864,nakaseke,6,2400000.0,0.0,0.0,0.0,0.0,0.0,0.0,0.0,2400000.0
614807974,mukono,6,700000.0,0.0,0.0,400000.0,0.0,0.0,0.0,0.0,1100000.0
614850566,mukono,6,3200000.0,0.0,0.0,0.0,3000000.0,0.0,0.0,0.0,6200000.0
615761193,mukono,6,7000000.0,1000000.0,0.0,0.0,1000000.0,0.0,500000.0,0.0,9500000.0
615773611,mukono,6,1000000.0,200000.0,100000.0,0.0,100000.0,0.0,0.0,0.0,1400000.0
616675567,mukono,6,300000.0,0.0,0.0,0.0,0.0,1000000.0,600000.0,0.0,1900000.0
617462488,mukono,6,650000.0,0.0,0.0,0.0,0.0,4000000.0,0.0,0.0,4650000.0
617463415,mukono,6,300000.0,0.0,0.0,0.0,300000.0,2400000.0,0.0,0.0,3000000.0
617648934,mukono,6,2400000.0,0.0,0.0,0.0,0.0,0.0,0.0,0.0,2400000.0
619547863,mukono,6,1000000.0,0.0,0.0,0.0,250000.0,1000000.0,0.0,0.0,2250000.0
619769827,mukono,6,560000.0,0.0,0.0,0.0,0.0,0.0,0.0,250000.0,810000.0
619769984,mukono,6,1800000.0,0.0,0.0,0.0,0.0,0.0,0.0,0.0,1800000.0
620417365,mukono,6,600000.0,0.0,0.0,0.0,0.0,5000000.0,1000000.0,0.0,6600000.0
620699936,mukono,6,3200000.0,0.0,0.0,0.0,0.0,0.0,0.0,0.0,3200000.0
620700057,mukono,6,1200000.0,0.0,0.0,0.0,1600000.0,0.0,0.0,0.0,2800000.0
621078668,mukono,6,1100000.0,200000.0,0.0,0.0,800000.0,0.0,4800000.0,500000.0,7400000.0
621640204,mukono,6,130000.0,0.0,0.0,0.0,0.0,0.0,0.0,0.0,130000.0
621642449,mukono,6,200000.0,0.0,0.0,0.0,0.0,0.0,0.0,0.0,200000.0
622289483,mukono,6,400000.0,200000.0,100000.0,0.0,200000.0,0.0,0.0,0.0,900000.0
622485078,mukono,6,8000000.0,0.0,0.0,0.0,4500000.0,0.0,0.0,0.0,12500000.0
623981243,mukono,6,100000.0,0.0,0.0,0.0,250000.0,0.0,0.0,0.0,350000.0
624290457,mukono,6,1800000.0,500000.0,0.0,1000000.0,500000.0,600000.0,0.0,0.0,4400000.0
624291333,mukono,6,700000.0,600000.0,0.0,600000.0,500000.0,0.0,0.0,0.0,2400000.0
624292438,mukono,6,700000.0,700000.0,200000.0,200000.0,200000.0,0.0,0.0,0.0,2000000.0
631647010,mukono,6,1200000.0,0.0,0.0,0.0,75000.0,0.0,0.0,0.0,1275000.0
633165312,mukono,6,1200000.0,0.0,0.0,200000.0,0.0,0.0,0.0,0.0,1400000.0
633706793,mukono,6,300000.0,0.0,0.0,0.0,500000.0,0.0,0.0,0.0,800000.0
634022985,mukono,6,900000.0,0.0,0.0,300000.0,0.0,0.0,0.0,100000.0,1300000.0
634718242,mukono,6,5000000.0,1000000.0,0.0,1000000.0,1000000.0,0.0,0.0,0.0,8000000.0
635238561,mukono,6,1200000.0,0.0,0.0,500000.0,300000.0,0.0,0.0,0.0,2000000.0
636135365,mukono,6,3000000.0,0.0,500000.0,300000.0,100000.0,0.0,0.0,0.0,3900000.0
636136285,mukono,6,2400000.0,0.0,0.0,1000000.0,0.0,0.0,0.0,3000000.0,6400000.0
616674531,mukono,6,5100000.0,0.0,0.0,0.0,0.0,0.0,2000000.0,0.0,7100000.0
557715625,nakaseke,6,1650000.0,0.0,0.0,0.0,0.0,0.0,0.0,0.0,1650000.0
582503133,nakaseke,6,1260000.0,0.0,0.0,500000.0,0.0,0.0,0.0,0.0,1760000.0
586804272,nakaseke,6,3217800.0,300000.0,1000000.0,0.0,560000.0,0.0,0.0,0.0,5077800.0
620699783,mukono,6,2800000.0,0.0,0.0,0.0,0.0,0.0,0.0,0.0,2800000.0
550738751,nakaseke,6,400000.0,0.0,0.0,0.0,0.0,0.0,0.0,0.0,400000.0
589566299,nakaseke,6,540000.0,0.0,0.0,0.0,0.0,0.0,0.0,0.0,540000.0
556042851,nakaseke,6,700000.0,0.0,0.0,300000.0,250000.0,0.0,0.0,0.0,1250000.0
581667076,nakaseke,6,831600.0,0.0,300000.0,150000.0,0.0,0.0,0.0,0.0,1281600.0
561201812,nakaseke,6,600000.0,0.0,250000.0,90000.0,90000.0,0.0,0.0,0.0,1030000.0
561202655,nakaseke,6,300000.0,60000.0,55000.0,150000.0,70000.0,0.0,0.0,0.0,635000.0
622951271,mukono,6,1800000.0,1000000.0,0.0,0.0,1200000.0,0.0,0.0,0.0,4000000.0
623479194,mukono,6,2400000.0,0.0,0.0,0.0,1200000.0,0.0,0.0,0.0,3600000.0
633859954,mukono,6,1200000.0,0.0,1000000.0,0.0,500000.0,0.0,0.0,0.0,2700000.0
634322609,mukono,6,1800000.0,0.0,0.0,0.0,0.0,0.0,0.0,0.0,1800000.0
634718422,mukono,6,1000000.0,0.0,0.0,100000.00000000004,0.0,0.0,0.0,0.0,1100000.0
618738459,mukono,6,5400000.0,0.0,0.0,0.0,0.0,0.0,0.0,0.0,5400000.0
552806909,nakaseke,6,1120000.0,0.0,0.0,0.0,499999.9999999997,0.0,0.0,0.0,1619999.9999999998
557694859,nakaseke,6,90000.0,0.0,0.0,0.0,0.0,0.0,0.0,0.0,90000.0
589566059,nakaseke,6,6300000.0,1000000.0,0.0,300000.0,0.0,0.0,0.0,0.0,7600000.0
593200247,nakaseke,6,31200005.0,1000000.0,0.0,0.0,1080000.0,0.0,0.0,0.0,33280005.0
613820537,nakaseke,6,5040000.0,500000.0,0.0,0.0,0.0,0.0,0.0,0.0,5540000.0
614808240,mukono,6,1000000.0,0.0,0.0,600000.0,0.0,200000.0,0.0,0.0,1800000.0
615773753,mukono,6,1500000.0,1000000.0,0.0,200000.0,0.0,0.0,0.0,0.0,2700000.0
617460629,mukono,6,800000.0,0.0,0.0,0.0,0.0,20000000.0,0.0,500000.0,21300000.0
617461111,mukono,6,400000.0,0.0,0.0,300000.0,0.0,0.0,0.0,0.0,700000.0
617461597,mukono,6,120000.0,0.0,0.0,0.0,0.0,0.0,0.0,0.0,120000.0
618056660,mukono,6,1200000.0,0.0,0.0,200000.0,0.0,500000.0,0.0,0.0,1900000.0
618502638,mukono,6,2000000.0,0.0,0.0,0.0,300000.0,0.0,0.0,200000.00000000006,2500000.0
618738618,mukono,6,3400000.0,0.0,0.0,0.0,0.0,0.0,0.0,0.0,3400000.0
619308856,mukono,6,3000000.0,500000.0,0.0,0.0,500000.0,0.0,0.0,9000000.0,13000000.0
620131758,mukono,6,700000.0,500000.0,0.0,0.0,500000.0,0.0,0.0,0.0,1700000.0
621077765,mukono,6,2500000.0,0.0,0.0,0.0,0.0,0.0,0.0,1000000.0,3500000.0
622950517,mukono,6,8000000.0,300000.0,0.0,500000.0,4000000.0,0.0,0.0,0.0,12800000.0
623178431,mukono,6,1600000.0,0.0,1000000.0,240000.0,0.0,0.0,0.0,0.0,2840000.0
623271316,mukono,6,750000.0,0.0,0.0,0.0,10000000.0,2000000.0,0.0,0.0,12750000.0
623272577,mukono,6,1000000.0,0.0,0.0,0.0,20000000.0,0.0,0.0,0.0,21000000.0
624293459,mukono,6,1100000.0,1000000.0,0.0,0.0,0.0,0.0,0.0,0.0,2100000.0
624713073,mukono,6,400000.0,0.0,0.0,5000000.0,0.0,0.0,0.0,0.0,5400000.0
624713879,mukono,6,685000.0,0.0,0.0,0.0,0.0,2000000.0,0.0,0.0,2685000.0
625320144,mukono,6,800000.0,360000.0,0.0,0.0,6000000.0,0.0,0.0,0.0,7160000.0
628089142,mukono,6,840000.0,0.0,0.0,0.0,0.0,0.0,5000000.0,0.0,5840000.0
628089849,mukono,6,1400000.0,0.0,0.0,0.0,0.0,3000000.0,0.0,0.0,4400000.0
628775275,mukono,6,45000000.0,0.0,0.0,1000000.0,0.0,10000000.0,0.0,0.0,56000000.0
630120893,mukono,6,2400000.0,0.0,0.0,500000.0,0.0,1000000.0,0.0,0.0,3900000.0
632524617,mukono,6,6500000.0,0.0,0.0,0.0,240000.0,2000000.0,0.0,0.0,8740000.0
633860632,mukono,6,2400000.0,0.0,0.0,0.0,1200000.0,0.0,4800000.0,0.0,8400000.0
633861486,mukono,6,1410000.0,0.0,0.0,0.0,0.0,0.0,6000000.0,0.0,7410000.0
634021883,mukono,6,5000000.0,1000000.0,0.0,0.0,600000.0,0.0,0.0,0.0,6600000.0
634952329,mukono,6,49000000.0,0.0,0.0,0.0,2000000.0,0.0,6000000.0,0.0,57000000.0
635102211,mukono,6,4000000.0,10000000.0,0.0,0.0,5000000.0,0.0,0.0,2000000.0,21000000.0
635102285,mukono,6,1200000.0,0.0,2000000.0,0.0,500000.0,0.0,0.0,0.0,3700000.0
623184098,mukono,6,1500000.0,0.0,0.0,0.0,500000.0,0.0,1000000.0,0.0,3000000.0
554408234,nakaseke,6,550000.0,0.0,0.0,0.0,0.0,0.0,0.0,0.0,550000.0
556042141,nakaseke,6,300000.0,0.0,0.0,0.0,120000.0,0.0,0.0,0.0,420000.0
559614978,nakaseke,6,600000.0,0.0,500000.0,0.0,400000.0,0.0,0.0,0.0,1500000.0
581570782,nakaseke,6,1000000.0,0.0,0.0,500000.0,60000.00000000002,0.0,0.0,0.0,1560000.0
552806065,,6,500000.0,0.0,0.0,0.0,0.0,0.0,0.0,0.0,500000.0
553316435,nakaseke,6,1700000.0,0.0,0.0,0.0,0.0,0.0,0.0,0.0,1700000.0
558375760,nakaseke,6,150000.0,0.0,0.0,0.0,0.0,0.0,0.0,0.0,150000.0
559615316,nakaseke,6,500000.0,0.0,400000.0,250000.0,50000.0,0.0,0.0,0.0,1200000.0
630121155,mukono,6,4200000.0,1000000.0,0.0,0.0,200000.0,0.0,0.0,0.0,5400000.0
630121646,mukono,6,2800000.0,0.0,0.0,700000.0,120000.0,0.0,0.0,0.0,3620000.0
560425493,nakaseke,6,250000.0,0.0,0.0,100000.0,50000.0,0.0,0.0,0.0,400000.0
560424556,nakaseke,6,600000.0,0.0,500000.0,90000.0,200000.0,0.0,0.0,0.0,1390000.0
561200542,nakaseke,6,600000.0,450000.0,0.0,90000.0,50000.0,0.0,0.0,0.0,1190000.0
561202398,nakaseke,6,350000.0,0.0,200000.0,100000.0,60000.0,0.0,0.0,0.0,710000.0
560425197,nakaseke,6,500000.0,0.0,350000.0,160000.0,90000.0,0.0,0.0,0.0,1100000.0
628088416,mukono,6,1300000.0,3000000.0,0.0,500000.0,0.0,2000000.0,0.0,0.0,6800000.0
628089405,mukono,6,1400000.0,0.0,0.0,0.0,0.0,6000000.0,0.0,0.0,7400000.0
628774965,mukono,6,1000000.0,0.0,2000000.0,500000.0,0.0,0.0,0.0,0.0,3500000.0
632530379,mukono,6,1000000.0,0.0,0.0,5000000.0,500000.0,0.0,0.0,0.0,6500000.0
636135085,mukono,6,20800000.0,1000000.0,0.0,0.0,500000.0,0.0,0.0,0.0,22300000.0
556039009,nakaseke,6,20000.0,0.0,0.0,50000.0,120000.0,0.0,0.0,0.0,190000.0
553316712,nakaseke,6,370000.0,0.0,0.0,0.0,170000.0,0.0,0.0,0.0,540000.0
621496649,mukono,6,2400000.0,0.0,0.0,2400000.0,100000.0,0.0,0.0,0.0,4900000.0
629845932,mukono,6,2000000.0,0.0,0.0,3000000.0,360000.0,0.0,0.0,0.0,5360000.0
632528316,mukono,6,5000000.0,0.0,0.0,1500000.0,0.0,0.0,0.0,0.0,6500000.0
633861263,mukono,6,8400000.0,10000000.0,0.0,0.0,6000000.0,0.0,0.0,0.0,24400000.0
635102642,mukono,6,7000000.0,0.0,0.0,0.0,10000000.0,0.0,0.0,0.0,17000000.0
560423470,nakaseke,6,450000.0,0.0,240000.0,0.0,300000.0,0.0,0.0,0.0,990000.0
551439101,nakaseke,6,1100000.0,0.0,0.0,0.0,0.0,0.0,0.0,0.0,1100000.0
553316111,nakaseke,6,380000.0,0.0,0.0,0.0,350000.0000000001,0.0,0.0,0.0,730000.0000000001
554407800,nakaseke,6,900000.0,0.0,0.0,0.0,0.0,2400000.000000001,0.0,0.0,3300000.000000001
558374654,nakaseke,6,450000.0,108.99999999999997,250000.0,100000.0,0.0,0.0,0.0,0.0,800109.0
558375246,nakaseke,6,220000.0,0.0,50000.0,150000.0,0.0,0.0,0.0,0.0,420000.0
581569323,nakaseke,6,1350000.0,0.0,0.0,0.0,0.0,0.0,0.0,0.0,1350000.0
581571879,nakaseke,6,500000.0,0.0,200000.0,150000.0,60000.0,0.0,0.0,0.0,910000.0
564861263,nakaseke,6,500000.0,150000.0,50000.0,100000.0,60000.0,0.0,0.0,0.0,860000.0
559615143,nakaseke,6,300000.0,0.0,50000.0,60000.0,100000.0,0.0,0.0,0.0,510000.0
564864365,nakaseke,6,300000.0,60000.0,58000.0,100000.0,60000.0,0.0,0.0,0.0,578000.0
553315619,nakaseke,6,350000.0,0.0,0.0,0.0,0.0,0.0,0.0,0.0,350000.0
556039301,nakaseke,6,500000.0,0.0,0.0,90000.0,150000.0,0.0,0.0,0.0,740000.0
615757479,mukono,6,800000.0,0.0,0.0,0.0,100000.0,0.0,0.0,0.0,900000.0
615773011,mukono,6,1500000.0,0.0,0.0,0.0,0.0,0.0,0.0,200000.0,1700000.0
619554974,mukono,6,3600000.0,2000000.0,0.0,0.0,1000000.0,0.0,0.0,0.0,6600000.0
620416772,mukono,6,500000.0,0.0,0.0,600000.0,0.0,180000.0,0.0,0.0,1280000.0
620419799,mukono,6,4000000.0,0.0,0.0,0.0,125000.0,0.0,0.0,0.0,4125000.0
621494958,mukono,6,500000.0,0.0,0.0,0.0,0.0,0.0,0.0,5000000.0,5500000.0
621496210,mukono,6,6000000.0,1000000.0,0.0,500000.0,0.0,0.0,0.0,0.0,7500000.0
621498584,mukono,6,16800000.0,0.0,0.0,0.0,500000.0,1000000.0,0.0,0.0,18300000.0
621639094,mukono,6,400000.0,0.0,0.0,0.0,300000.0,0.0,1500000.000000001,0.0,2200000.000000001
623187149,mukono,6,560000.0,0.0,0.0,240000.0,0.0,1000000.0,0.0,0.0,1800000.0
623270536,mukono,6,13500000.0,0.0,0.0,0.0,1900000.0,0.0,0.0,0.0,15400000.0
624711692,mukono,6,1200000.0,1000000.0,0.0,0.0,2000000.0,0.0,0.0,0.0,4200000.0
624712163,mukono,6,2400000.0,1080000.0,0.0,0.0,0.0,5000000.0,0.0,0.0,8480000.0
625315993,mukono,6,1200000.0,0.0,0.0,500000.0,100000.0,0.0,0.0,0.0,1800000.0
628080096,mukono,6,7000000.0,0.0,0.0,0.0,2000000.0,0.0,0.0,0.0,9000000.0
628775775,mukono,6,36000000.0,3000000.0,0.0,0.0,0.0,1000000.0,0.0,0.0,40000000.0
630120684,mukono,6,7000000.0,2000000.0,0.0,0.0,0.0,3000000.0,0.0,0.0,12000000.0
632531024,mukono,6,3500000.0,0.0,0.0,1000000.0,0.0,0.0,5000000.0,0.0,9500000.0
632870785,mukono,6,3200000.0,0.0,0.0,0.0,70000.0,0.0,0.0,0.0,3270000.0
634322563,mukono,6,1200000.0,0.0,0.0,0.0,2000000.0,0.0,0.0,0.0,3200000.0
634951268,mukono,6,1000000.0,0.0,0.0,1300000.0,0.0,0.0,0.0,0.0,2300000.0
619307991,mukono,6,6000000.0,1000000.0,0.0,500000.0,15000000.0,0.0,6000000.0,0.0,28500000.0
634929055,mukono,6,2400000.0,0.0,0.0,0.0,500000.0,0.0,0.0,0.0,2900000.0
635625431,mukono,6,1200000.0,0.0,0.0,0.0,800000.0,0.0,0.0,0.0,2000000.0
625318562,mukono,6,400000.0,0.0,2000000.0,1000000.0,0.0,0.0,0.0,0.0,3400000.0
628776109,mukono,6,4900000.0,0.0,0.0,450000.0,0.0,2000000.0,0.0,0.0,7350000.0
633860413,mukono,6,42000000.0,0.0,0.0,1000000.0,500000.0,0.0,0.0,12000000.0,55500000.0
557694292,nakaseke,6,300000.0,0.0,0.0,50000.0,60000.0,0.0,0.0,0.0,410000.0
582450581,nakaseke,6,350000.0,50000.0,90000.0,0.0,0.0,0.0,0.0,0.0,490000.0
613185259,nakaseke,6,390000.0,0.0,0.0,0.0,400000.0,0.0,0.0,0.0,790000.0
614810845,mukono,6,800000.0,0.0,0.0,0.0,0.0,0.0,0.0,0.0,800000.0
617648764,mukono,6,1200000.0,0.0,0.0,0.0,0.0,0.0,0.0,0.0,1200000.0
551438934,nakaseke,6,1700000.0,0.0,0.0,0.0,0.0,0.0,0.0,0.0,1700000.0
589548879,nakaseke,6,20000.0,0.0,100000.0,0.0,250000.0,0.0,0.0,0.0,370000.0
554402613,nakaseke,6,0.0,0.0,0.0,0.0,120000.00000000006,0.0,0.0,0.0,120000.00000000006
589547568,nakaseke,6,350000.0,0.0,0.0,100000.00000000001,0.0,5000000.000000003,0.0,0.0,5450000.000000003
592180125,nakaseke,6,350000.0,0.0,0.0,0.0,200000.0,0.0,0.0,0.0,550000.0
613184766,nakaseke,6,600000.0,0.0,0.0,100000.0,250000.0,0.0,0.0,0.0,950000.0
613185864,nakaseke,6,600000.0,20000.0,0.0,89999.99999999997,500000.0,0.0,0.0,0.0,1210000.0
593216040,nakaseke,6,400000.0,250000.0,69000.0,0.0,200000.0,0.0,0.0,0.0,919000.0
552806578,nakaseke,6,1300000.0,0.0,0.0,0.0,0.0,0.0,0.0,0.0,1300000.0
554403180,,6,1100000.0,0.0,0.0,299999.99999999977,0.0,0.0,0.0,0.0,1399999.9999999998
554997531,nakaseke,6,400000.0,0.0,0.0,60000.0,250000.0,0.0,0.0,0.0,710000.0
581568916,nakaseke,6,500000.0,0.0,90000.0,60000.0,170000.0,0.0,0.0,0.0,820000.0
582449149,nakaseke,6,600000.0,250000.0,0.0,150000.0,50000.0,0.0,0.0,0.0,1050000.0
583384059,nakaseke,6,9000000.0,350000.0,0.0,0.0,250000.0,0.0,0.0,0.0,9600000.0
584465855,nakaseke,6,400000.0,150000.0,0.0,0.0,0.0,0.0,0.0,0.0,550000.0
585291611,nakaseke,6,9000000.0,30000.0,0.0,60000.0,350000.0,0.0,0.0,0.0,9440000.0
588618114,nakaseke,6,600000.0,0.0,0.0,120000.0,30000.0,0.0,0.0,0.0,750000.0
589549118,nakaseke,6,600000.0,0.0,90000.0,0.0,250000.0,0.0,0.0,0.0,940000.0
592179551,nakaseke,6,200000.0,0.0,0.0,150000.0,150000.0,0.0,0.0,0.0,500000.0
613185857,nakaseke,6,600000.0,300000.0,0.0,120000.0,350000.0,0.0,0.0,0.0,1370000.0
613185868,nakaseke,6,500000.0,350000.0,0.0,0.0,400000.0,0.0,0.0,0.0,1250000.0
618737230,mukono,6,1800000.0,0.0,0.0,0.0,0.0,0.0,0.0,0.0,1800000.0
625321534,mukono,6,5600000.0,0.0,0.0,0.0,2000000.0,10000000.0,0.0,0.0,17600000.0
613185262,nakaseke,6,260000.0,0.0,300000.0,100000.0,250000.0,0.0,0.0,0.0,910000.0
586823072,nakaseke,6,600000.0,0.0,0.0,100000.00000000001,600000.0,0.0,0.0,0.0,1300000.0
586821078,nakaseke,6,800000.0,0.0,0.0,20000.0,96000.0,0.0,0.0,0.0,916000.0
586823179,nakaseke,6,600000.0,0.0,0.0,100000.0,600000.0,0.0,0.0,0.0,1300000.0
588618032,nakaseke,6,1000000.0,200000.0,0.0,150000.0,350000.0,0.0,0.0,0.0,1700000.0
592179319,nakaseke,6,300000.0,0.0,0.0,0.0,200000.0,0.0,0.0,0.0,500000.0
613185254,nakaseke,6,350000.0,400000.0,89999.99999999997,0.0,230000.0,0.0,0.0,0.0,1070000.0
613184756,nakaseke,6,380000.0,0.0,50000.00000000001,0.0,350000.0,0.0,0.0,0.0,780000.0
613184762,nakaseke,6,5000000.0,0.0,249999.99999999983,700000.0,250000.0,100000.0,0.0,0.0,6300000.0
593216705,nakaseke,6,350000.0,109.0,0.0,0.0,200000.0,0.0,0.0,0.0,550109.0
582448458,nakaseke,6,600000.0,300000.0,0.0,150000.0,200000.0,0.0,0.0,0.0,1250000.0
583383308,nakaseke,6,560000.0,30000.0,90000.0,3.0,20000.0,0.0,0.0,0.0,700003.0
584457728,nakaseke,6,350000.0,0.0,0.0,0.0,0.0,0.0,0.0,0.0,350000.0
584460556,nakaseke,6,250000.0,100000.0,0.0,150000.0,89999.99999999997,0.0,0.0,0.0,590000.0
586822745,nakaseke,6,600000.0,300000.0,0.0,0.0,200000.0,0.0,0.0,0.0,1100000.0
588618956,nakaseke,6,600000.0,0.0,150000.0,0.0,250000.0,0.0,0.0,0.0,1000000.0
588619984,nakaseke,6,500000.0,0.0,0.0,0.0,250000.0,0.0,0.0,0.0,750000.0
589548430,nakaseke,6,300000.0,0.0,25000.0,0.0,500000.0,0.0,0.0,0.0,825000.0
613184214,nakaseke,6,200000.0,0.0,50000.0,0.0,130000.0,0.0,0.0,0.0,380000.0
551438775,nakaseke,6,1200000.0,0.0,0.0,0.0,0.0,0.0,0.0,0.0,1200000.0
552805506,nakaseke,6,9700000.0,0.0,0.0,0.0,0.0,0.0,0.0,0.0,9700000.0
582449815,nakaseke,6,500000.0,200000.0,0.0,0.0,60000.0,3999999.9999999986,0.0,0.0,4759999.999999998
583383783,nakaseke,6,500000.0,200000.0,0.0,0.0,300000.0,0.0,0.0,0.0,1000000.0
583384470,nakaseke,6,500000.0,250000.0,0.0,60000.00000000002,200000.0,0.0,0.0,0.0,1010000.0
585919910,nakaseke,6,2000000.0,500000.0,499999.9999999997,500000.0,600000.0,0.0,0.0,0.0,4099999.9999999995
585937638,nakaseke,6,600000.0,250000.0,50000.00000000001,60000.0,260000.0,0.0,0.0,0.0,1220000.0
592179023,nakaseke,6,1000000.0,200000.0,0.0,100000.0,0.0,0.0,0.0,0.0,1300000.0
551439238,nakaseke,6,1500000.0,0.0,0.0,0.0,0.0,0.0,0.0,0.0,1500000.0
555070994,nakaseke,6,600000.0,250000.0,0.0,100000.0,60000.0,0.0,0.0,0.0,1010000.0
555112218,nakaseke,6,1050000.0,0.0,0.0,0.0,499999.99999999977,0.0,0.0,0.0,1549999.9999999998
555148547,nakaseke,6,400000.0,250000.0,0.0,90000.0,400000.0,0.0,0.0,0.0,1140000.0
584458624,nakaseke,6,600000.0,250000.0,400000.0,100000.0,0.0,0.0,0.0,0.0,1350000.0
585290674,nakaseke,6,500000.0,250000.0,0.0,100000.0,900000.0,0.0,0.0,0.0,1750000.0
585290890,nakaseke,6,700000.0,300000.0,50000.0,120000.0,350000.0,0.0,0.0,0.0,1520000.0
585309665,nakaseke,6,500000.0,0.0,0.0,0.0,200000.0,0.0,0.0,0.0,700000.0
585924133,nakaseke,6,600000.0,200000.0,0.0,150000.0,300000.0,0.0,0.0,0.0,1250000.0
585929887,nakaseke,6,500000.0,0.0,0.0,0.0,0.0,0.0,0.0,0.0,500000.0
613834815,nakaseke,6,2100000.0,0.0,0.0,0.0,0.0,0.0,0.0,1999999.9999999993,4099999.999999999
613836978,nakaseke,6,700000.0,0.0,0.0,0.0,0.0,0.0,0.0,0.0,700000.0
617656696,mukono,6,1099999.9999999998,800000.0000000005,0.0,0.0,199999.99999999997,0.0,0.0,0.0,2100000.0
633860938,mukono,6,3000000.0,1000000.0,0.0,0.0,5000000.0,0.0,0.0,0.0,9000000.0
616677841,mukono,7,70000.0,0.0,6000000.0,0.0,0.0,0.0,0.0,0.0,6070000.0
551440657,nakaseke,7,280000.0,499999.99999999977,0.0,25000.000000000004,0.0,0.0,0.0,0.0,804999.9999999998
592191523,nakaseke,7,312000.0,0.0,0.0,0.0,500000.0,0.0,0.0,0.0,812000.0
552803559,nakaseke,7,3440000.0,400000.0000000001,0.0,0.0,299999.9999999999,0.0,0.0,0.0,4140000.0
613177526,nakaseke,7,50000000.0,0.0,0.0,0.0,0.0,0.0,0.0,0.0,50000000.0
613831899,nakaseke,7,203000.0,0.0,0.0,0.0,0.0,0.0,0.0,0.0,203000.0
614880484,mukono,7,120000.0,0.0,0.0,0.0,0.0,0.0,0.0,0.0,120000.0
550714067,nakaseke,7,800000.0,0.0,0.0,0.0,50000.00000000001,0.0,0.0,0.0,850000.0
550714208,nakaseke,7,1000000.0,0.0,0.0,0.0,100000.00000000001,0.0,0.0,0.0,1100000.0
556045414,nakaseke,7,1000000.0,0.0,0.0,0.0,500000.0,0.0,0.0,0.0,1500000.0
556046788,nakaseke,7,800000.0,0.0,0.0,300000.0,0.0,0.0,0.0,0.0,1100000.0
557695958,nakaseke,7,1000000.0,500000.0,0.0,0.0,200000.0,0.0,0.0,0.0,1700000.0
560461977,nakaseke,7,3000000.0,500000.0,0.0,0.0,0.0,0.0,0.0,0.0,3500000.0
592361767,nakaseke,7,5000000.0,0.0,0.0,0.0,250000.0,0.0,0.0,0.0,5250000.0
592363240,nakaseke,7,3000000.0,200000.0,0.0,0.0,500000.0,0.0,0.0,0.0,3700000.0
616701192,mukono,7,520000.0,0.0,0.0,0.0,0.0,0.0,0.0,0.0,520000.0
624293019,mukono,7,900000.0,500000.0,200000.0,300000.0,300000.0,0.0,0.0,0.0,2200000.0
550715350,nakaseke,7,800000.0,0.0,0.0,0.0,0.0,0.0,0.0,0.0,800000.0
552803832,nakaseke,7,2300000.0,0.0,0.0,0.0,120000.00000000006,0.0,0.0,0.0,2420000.0
553311655,nakaseke,7,950000.0,0.0,0.0,499999.99999999977,0.0,0.0,0.0,0.0,1449999.9999999998
554396495,nakaseke,7,900000.0,0.0,0.0,0.0,0.0,0.0,0.0,0.0,900000.0
555218845,nakaseke,7,4500000.0,0.0,0.0,400000.0,0.0,0.0,0.0,0.0,4900000.0
556047384,nakaseke,7,1500000.0,0.0,0.0,300000.0,0.0,500000.0,0.0,0.0,2300000.0
557713875,nakaseke,7,700000.0,0.0,0.0,0.0,0.0,0.0,0.0,0.0,700000.0
558376731,nakaseke,7,800000.0,0.0,0.0,0.0,0.0,0.0,0.0,0.0,800000.0
558377788,nakaseke,7,1250000.0,0.0,0.0,350000.0,40000.0,0.0,0.0,0.0,1640000.0
558378029,nakaseke,7,1000000.0,0.0,0.0,0.0,250000.0,0.0,0.0,0.0,1250000.0
559605691,nakaseke,7,4000000.0,300000.0,0.0,0.0,250000.0,0.0,0.0,0.0,4550000.0
560460598,nakaseke,7,4000000.0,0.0,0.0,0.0,0.0,0.0,0.0,0.0,4000000.0
560460842,nakaseke,7,2000000.0,0.0,0.0,0.0,400000.0,0.0,0.0,0.0,2400000.0
561199081,nakaseke,7,2500000.0,400000.0,0.0,0.0,200000.0,0.0,0.0,0.0,3100000.0
561203340,nakaseke,7,2500000.0,0.0,0.0,0.0,0.0,0.0,0.0,0.0,2500000.0
561250862,nakaseke,7,399600.0,0.0,0.0,300000.0,0.0,0.0,0.0,0.0,699600.0
582704845,nakaseke,7,7000000.0,400000.0,0.0,0.0,0.0,0.0,0.0,0.0,7400000.0
585217011,nakaseke,7,8000000.0,0.0,200000.0,0.0,0.0,0.0,0.0,0.0,8200000.0
588626659,nakaseke,7,156000.0,500000.0,300000.0,0.0,0.0,0.0,0.0,0.0,956000.0
588783193,nakaseke,7,7000000.0,0.0,0.0,0.0,0.0,0.0,0.0,0.0,7000000.0
613810847,nakaseke,7,360000.0,0.0,0.0,0.0,0.0,0.0,0.0,0.0,360000.0
614880582,mukono,7,400000.0,0.0,0.0,0.0,0.0,0.0,0.0,0.0,400000.0
616579050,mukono,7,500000.0,0.0,0.0,0.0,0.0,0.0,0.0,90000.0,590000.0
616701381,mukono,7,400000.0,0.0,0.0,0.0,0.0,0.0,0.0,180000.0,580000.0
623704503,mukono,7,300000.0,0.0,0.0,100000.0,0.0,0.0,0.0,100000.0,500000.0
550714829,nakaseke,7,600000.0,0.0,299999.99999999977,0.0,299999.99999999977,0.0,0.0,0.0,1199999.9999999995
551432268,nakaseke,7,650000.0,0.0,180000.00000000003,3000000.000000001,299999.99999999977,0.0,0.0,0.0,4130000.000000001
551438359,nakaseke,7,3800000.0,0.0,0.0,0.0,0.0,0.0,0.0,0.0,3800000.0
551438847,nakaseke,7,750000.0,0.0,0.0,0.0,69999.99999999994,0.0,0.0,0.0,820000.0
552834713,nakaseke,7,2500000.0,0.0,199999.99999999997,0.0,0.0,0.0,0.0,0.0,2700000.0
553313606,nakaseke,7,1100000.0,0.0,0.0,0.0,599999.9999999998,0.0,0.0,0.0,1699999.9999999998
553314110,nakaseke,7,6500000.0,0.0,0.0,0.0,499999.9999999997,0.0,0.0,0.0,7000000.0
553314852,nakaseke,7,6380000.0,0.0,0.0,0.0,249999.99999999983,0.0,0.0,0.0,6630000.0
554382238,nakaseke,7,5500000.0,0.0,200000.00000000006,0.0,499999.9999999997,0.0,0.0,0.0,6200000.0
554383042,nakaseke,7,5500000.0,0.0,0.0,0.0,499999.9999999997,0.0,0.0,0.0,6000000.0
554388188,nakaseke,7,7500000.0,0.0,50000.00000000001,0.0,638999.9999999997,0.0,0.0,0.0,8189000.0
555219221,nakaseke,7,4000000.0,0.0,0.0,0.0,1000000.0,0.0,6000000.0,0.0,11000000.0
555219441,nakaseke,7,8000000.0,0.0,0.0,0.0,1000000.0,0.0,0.0,0.0,9000000.0
555219813,nakaseke,7,800000.0,0.0,0.0,0.0,150000.0,0.0,0.0,0.0,950000.0
556046148,nakaseke,7,500000.0,0.0,0.0,200000.0,150000.0,0.0,0.0,0.0,850000.0
557695618,nakaseke,7,800000.0,0.0,0.0,0.0,300000.0,0.0,0.0,0.0,1100000.0
557695779,nakaseke,7,5000000.0,0.0,200000.0,0.0,0.0,0.0,0.0,0.0,5200000.0
557696080,nakaseke,7,2000000.0,800000.0,0.0,250000.0,0.0,0.0,0.0,0.0,3050000.0
559607285,nakaseke,7,1000000.0,0.0,150000.0,300000.0,0.0,0.0,0.0,0.0,1450000.0
559607680,nakaseke,7,3500000.0,0.0,0.0,350000.0,0.0,0.0,0.0,0.0,3850000.0
559615651,nakaseke,7,2000000.0,0.0,0.0,0.0,0.0,0.0,0.0,0.0,2000000.0
560459965,nakaseke,7,3000000.0,0.0,0.0,0.0,0.0,0.0,1500000.0,0.0,4500000.0
561202301,nakaseke,7,3500000.0,0.0,150000.0,0.0,0.0,0.0,0.0,0.0,3650000.0
567488224,nakaseke,7,3000000.0,0.0,0.0,0.0,300000.0,0.0,0.0,0.0,3300000.0
581728335,nakaseke,7,6000000.0,400000.0,0.0,0.0,0.0,0.0,0.0,0.0,6400000.0
581800534,nakaseke,7,5000000.0,0.0,0.0,0.0,400000.0,0.0,0.0,0.0,5400000.0
581801301,nakaseke,7,4000000.0,0.0,0.0,0.0,0.0,0.0,0.0,0.0,4000000.0
582682579,nakaseke,7,3000000.0,0.0,0.0,0.0,400000.0,0.0,0.0,0.0,3400000.0
582684638,nakaseke,7,2000000.0,0.0,0.0,0.0,0.0,0.0,0.0,0.0,2000000.0
583582238,nakaseke,7,15000000.0,500000.0,0.0,0.0,0.0,0.0,0.0,0.0,15500000.0
584447265,nakaseke,7,8000000.0,0.0,0.0,0.0,500000.0,0.0,0.0,0.0,8500000.0
585215638,nakaseke,7,15000000.0,0.0,0.0,0.0,0.0,0.0,0.0,0.0,15000000.0
585216305,nakaseke,7,3000000.0,0.0,0.0,0.0,0.0,0.0,0.0,0.0,3000000.0
587012670,nakaseke,7,15000000.0,0.0,0.0,0.0,0.0,0.0,0.0,0.0,15000000.0
587012983,nakaseke,7,8000000.0,0.0,0.0,0.0,200000.0,0.0,0.0,0.0,8200000.0
587013280,nakaseke,7,25000000.0,0.0,0.0,0.0,0.0,2000000.0,0.0,0.0,27000000.0
588781706,nakaseke,7,14000000.0,300000.0,0.0,0.0,0.0,0.0,0.0,0.0,14300000.0
589705500,nakaseke,7,5000000.0,0.0,0.0,0.0,400000.0,0.0,0.0,0.0,5400000.0
589705733,nakaseke,7,12000000.0,450000.0,0.0,0.0,0.0,0.0,0.0,0.0,12450000.0
592193539,nakaseke,7,7998000.0,0.0,0.0,0.0,0.0,0.0,0.0,0.0,7998000.0
593223241,nakaseke,7,3000000.0,3000000.0,0.0,0.0,5000000.0,0.0,0.0,0.0,11000000.0
593223559,nakaseke,7,5000000.0,450000.0,0.0,0.0,0.0,0.0,0.0,0.0,5450000.0
613174996,nakaseke,7,3500000.0,0.0,0.0,0.0,300000.0,0.0,0.0,0.0,3800000.0
613177861,nakaseke,7,2000000.0,0.0,0.0,0.0,500000.0,0.0,0.0,0.0,2500000.0
613177864,nakaseke,7,5000000.0,0.0,0.0,0.0,0.0,0.0,0.0,0.0,5000000.0
613178463,nakaseke,7,8000000.0,0.0,0.0,0.0,0.0,5000000.0,0.0,0.0,13000000.0
613178868,nakaseke,7,500000.0,0.0,0.0,0.0,300000.0,0.0,0.0,0.0,800000.0
613180603,nakaseke,7,2000000.0,0.0,0.0,0.0,0.0,0.0,0.0,0.0,2000000.0
613822490,nakaseke,7,180000.0,150000.0,250000.0,0.0,0.0,0.0,0.0,0.0,580000.0
613825443,nakaseke,7,754000.0,250000.0,0.0,100000.0,0.0,0.0,0.0,0.0,1104000.0
618055484,mukono,7,750000.0,0.0,0.0,0.0,0.0,0.0,0.0,500000.0,1250000.0
619558400,mukono,7,350000.0,0.0,0.0,200000.0,100000.0,0.0,0.0,0.0,650000.0
621499875,mukono,7,800000.0,0.0,3600000.0,0.0,0.0,0.0,0.0,0.0,4400000.0
623176650,mukono,7,500000.0,0.0,12000000.0,1000000.0,0.0,0.0,0.0,0.0,13500000.0
623183149,mukono,7,288000.0,0.0,0.0,0.0,0.0,1000000.0,0.0,5000000.0,6288000.0
623185581,mukono,7,500000.0,0.0,0.0,1000000.0,0.0,2400000.0,0.0,0.0,3900000.0
633165095,mukono,7,500000.0,0.0,0.0,3000000.0,20000000.0,0.0,0.0,0.0,23500000.0
633861862,mukono,7,2000000.0,0.0,1000000.0,20000000.0,0.0,0.0,0.0,0.0,23000000.0
634022320,mukono,7,300000.0,0.0,0.0,300000.0,0.0,0.0,0.0,0.0,600000.0
634322498,mukono,7,120000.0,0.0,0.0,0.0,0.0,0.0,0.0,0.0,120000.0
634928993,mukono,7,60000.0,0.0,0.0,0.0,0.0,0.0,0.0,0.0,60000.0
634952733,mukono,7,1400000.0,0.0,0.0,0.0,500000.0,10000000.0,0.0,0.0,11900000.0
634953204,mukono,7,1200000.0,720000.0,0.0,0.0,500000.0,0.0,0.0,0.0,2420000.0
635102101,mukono,7,500000.0,0.0,0.0,0.0,0.0,20000000.0,12000000.0,0.0,32500000.0
635102513,mukono,7,800000.0,0.0,0.0,10000000.0,1000000.0,0.0,0.0,0.0,11800000.0
644159914,mukono,7,15000000.0,0.0,0.0,0.0,2800000.0,0.0,0.0,0.0,17800000.0
644420047,mukono,7,800000.0,0.0,0.0,0.0,0.0,2000000.0,0.0,0.0,2800000.0
551439754,nakaseke,7,4000000.0,29999.99999999999,299999.99999999977,0.0,2000000.0000000016,0.0,0.0,0.0,6330000.000000002
552968706,nakaseke,7,8000000.0,0.0,0.0,0.0,359999.99999999994,0.0,0.0,0.0,8360000.0
552969446,nakaseke,7,2500000.0,0.0,0.0,0.0,15000000.0,0.0,0.0,0.0,17500000.0
552970239,nakaseke,7,3500000.0,1499999.9999999986,0.0,0.0,399999.9999999999,0.0,0.0,0.0,5399999.999999998
554387935,nakaseke,7,5500000.0,0.0,0.0,0.0,2800000.0000000014,0.0,0.0,0.0,8300000.000000002
558377096,nakaseke,7,2500000.0,500000.0,0.0,0.0,0.0,1000000.0,0.0,0.0,4000000.0
559607458,nakaseke,7,4000000.0,500000.0,0.0,0.0,200000.0,0.0,0.0,0.0,4700000.0
567493335,nakaseke,7,2000000.0,0.0,0.0,400000.0,800000.0,0.0,0.0,0.0,3200000.0
581802079,nakaseke,7,7000000.0,0.0,150000.0,0.0,300000.0,0.0,0.0,0.0,7450000.0
582619340,nakaseke,7,2000000.0,0.0,0.0,0.0,0.0,0.0,0.0,0.0,2000000.0
583580839,nakaseke,7,25000000.0,0.0,0.0,0.0,0.0,10000000.0,0.0,0.0,35000000.0
584444811,nakaseke,7,4000000.0,0.0,0.0,300000.0,0.0,0.0,0.0,0.0,4300000.0
585215286,nakaseke,7,6500000.0,500000.0,0.0,500000.0,0.0,0.0,0.0,0.0,7500000.0
587013182,nakaseke,7,6000000.0,0.0,150000.0,0.0,450000.0,0.0,0.0,0.0,6600000.0
588782700,nakaseke,7,12000000.0,0.0,0.0,500000.0,0.0,0.0,0.0,0.0,12500000.0
589705993,nakaseke,7,10000000.0,0.0,0.0,0.0,0.0,0.0,0.0,0.0,10000000.0
613178458,nakaseke,7,30000000.0,500000.0,0.0,0.0,0.0,0.0,0.0,0.0,30500000.0
613178880,nakaseke,7,3000000.0,800000.0,300000.0,0.0,0.0,0.0,0.0,0.0,4100000.0
613179574,nakaseke,7,4000000.0,0.0,0.0,0.0,400000.0,0.0,0.0,0.0,4400000.0
615825416,mukono,7,50000.0,0.0,0.0,0.0,0.0,0.0,0.0,0.0,50000.0
619544793,mukono,7,1000000.0,0.0,0.0,0.0,0.0,1000000.0,0.0,0.0,2000000.0
623479229,mukono,7,120000.0,0.0,0.0,0.0,0.0,0.0,0.0,0.0,120000.0
633706398,mukono,7,600000.0,0.0,0.0,0.0,0.0,0.0,0.0,0.0,600000.0
633706854,mukono,7,150000.0,0.0,0.0,0.0,80000.0,0.0,0.0,0.0,230000.0
553314312,nakaseke,7,11000000.0,0.0,0.0,0.0,299999.9999999999,0.0,0.0,0.0,11300000.0
555219512,nakaseke,7,1200000.0,2000000.0,0.0,0.0,0.0,0.0,0.0,0.0,3200000.0
561200684,nakaseke,7,4000000.0,0.0,0.0,200000.0,0.0,0.0,0.0,0.0,4200000.0
583583184,nakaseke,7,20000000.0,0.0,0.0,0.0,500000.0,0.0,0.0,0.0,20500000.0
584444125,nakaseke,7,8000000.0,0.0,0.0,0.0,0.0,1000000.0,0.0,0.0,9000000.0
584446459,nakaseke,7,4000000.0,0.0,200000.0,0.0,0.0,0.0,0.0,0.0,4200000.0
586786507,nakaseke,7,551800.0,160000.0,0.0,0.0,0.0,0.0,0.0,0.0,711800.0
586805028,nakaseke,7,384400.0,180000.0,0.0,0.0,100800.0,0.0,0.0,0.0,665200.0
588783732,nakaseke,7,8000000.0,0.0,0.0,300000.0,0.0,0.0,0.0,0.0,8300000.0
589705256,nakaseke,7,10000000.0,0.0,0.0,0.0,0.0,8000000.0,0.0,0.0,18000000.0
592362627,nakaseke,7,4000000.0,500000.0,0.0,0.0,0.0,0.0,0.0,0.0,4500000.0
592363516,nakaseke,7,9900000.0,0.0,0.0,0.0,0.0,0.0,0.0,0.0,9900000.0
615755561,mukono,7,24000000.0,2000000.0,0.0,0.0,1000000.0,5000000.0,0.0,0.0,32000000.0
616699698,mukono,7,600000.0,0.0,0.0,0.0,0.0,0.0,0.0,0.0,600000.0
618056804,mukono,7,1400000.0,0.0,0.0,200000.0,50000.0,0.0,0.0,0.0,1650000.0
623479343,mukono,7,150000.0,0.0,0.0,0.0,70000.0,0.0,0.0,0.0,220000.0
631647706,mukono,7,230000.0,0.0,0.0,0.0,0.0,0.0,0.0,0.0,230000.0
632871446,mukono,7,800000.0,0.0,0.0,0.0,0.0,0.0,0.0,0.0,800000.0
644420087,mukono,7,600000.0,0.0,0.0,1500000.0,0.0,0.0,0.0,0.0,2100000.0
583581711,nakaseke,7,8000000.0,0.0,200000.0,0.0,0.0,0.0,0.0,0.0,8200000.0
592192218,nakaseke,7,2400000.0,0.0,0.0,0.0,250000.0,0.0,0.0,0.0,2650000.0
614880682,mukono,7,1400000.0,0.0,0.0,0.0,0.0,0.0,0.0,0.0,1400000.0
618739011,mukono,7,6400000.0,0.0,0.0,0.0,0.0,0.0,0.0,0.0,6400000.0
618739107,mukono,7,1800000.0,0.0,0.0,0.0,0.0,0.0,0.0,0.0,1800000.0
622484850,mukono,7,600000.0,0.0,0.0,0.0,0.0,0.0,0.0,0.0,600000.0
623479274,mukono,7,150000.0,0.0,0.0,0.0,0.0,0.0,0.0,0.0,150000.0
623981062,mukono,7,400000.0,0.0,0.0,0.0,180000.0,0.0,0.0,0.0,580000.0
634929144,mukono,7,40000.0,0.0,0.0,0.0,75000.0,0.0,0.0,0.0,115000.0
635625391,mukono,7,120000.0,0.0,0.0,0.0,0.0,0.0,0.0,0.0,120000.0
635625490,mukono,7,80000.0,0.0,0.0,0.0,0.0,0.0,0.0,0.0,80000.0
556031317,nakaseke,7,450000.0,0.0,0.0,0.0,0.0,0.0,0.0,0.0,450000.0
556037719,nakaseke,7,400000.0,0.0,0.0,0.0,0.0,0.0,0.0,0.0,400000.0
560449324,nakaseke,7,2666000.0,0.0,0.0,0.0,1425600.0,0.0,0.0,0.0,4091600.0
586026956,nakaseke,7,354000.0,0.0,300000.0,0.0,0.0,0.0,0.0,0.0,654000.0
616680304,mukono,7,400000.0,0.0,800000.0,0.0,0.0,3600000.0,0.0,0.0,4800000.0
616700114,mukono,7,360000.0,0.0,0.0,0.0,0.0,0.0,0.0,0.0,360000.0
623980936,mukono,7,180000.0,0.0,0.0,0.0,0.0,0.0,0.0,0.0,180000.0
632872132,mukono,7,590000.0,0.0,0.0,0.0,0.0,0.0,0.0,0.0,590000.0
550732883,nakaseke,7,2800000.0,0.0,0.0,0.0,0.0,0.0,0.0,0.0,2800000.0
582502735,nakaseke,7,450000.0,0.0,0.0,0.0,0.0,0.0,0.0,0.0,450000.0
586030936,nakaseke,7,195000.0,0.0,150000.0,0.0,0.0,0.0,0.0,0.0,345000.0
614807290,mukono,7,900000.0,0.0,0.0,0.0,0.0,0.0,0.0,600000.0,1500000.0
614850521,mukono,7,200000.0,0.0,150000.0,0.0,300000.0,0.0,0.0,0.0,650000.0
614880379,mukono,7,2600000.0,0.0,0.0,20000.0,499999.9999999997,0.0,0.0,0.0,3119999.9999999995
615759274,mukono,7,1000000.0,0.0,0.0,0.0,0.0,0.0,500000.0,0.0,1500000.0
615825361,mukono,7,2600000.0,0.0,0.0,0.0,0.0,0.0,0.0,0.0,2600000.0
616578776,mukono,7,1200000.0,300000.0,200000.0,0.0,0.0,1500000.0,0.0,0.0,3200000.0
616579437,mukono,7,1500000.0,0.0,0.0,500000.0,0.0,0.0,0.0,0.0,2000000.0
616580090,mukono,7,300000.0,100000.0,100000.0,100000.0,300000.0,0.0,0.0,0.0,900000.0
616699119,mukono,7,90000.0,0.0,0.0,0.0,0.0,0.0,0.0,0.0,90000.0
617648886,mukono,7,320000.0,0.0,0.0,0.0,0.0,0.0,0.0,0.0,320000.0
618056277,mukono,7,900000.0,0.0,0.0,100000.0,0.0,0.0,0.0,0.0,1000000.0
618502771,mukono,7,500000.0,0.0,200000.0,0.0,0.0,0.0,0.0,0.0,700000.0
618503624,mukono,7,1100000.0,0.0,0.0,1000000.0,0.0,0.0,0.0,0.0,2100000.0
619549456,mukono,7,1600000.0,0.0,0.0,0.0,0.0,1200000.0,0.0,1400000.0,4200000.0
619551006,mukono,7,480000.0,0.0,0.0,500000.0,0.0,0.0,0.0,0.0,980000.0
619552154,mukono,7,1200000.0,0.0,0.0,0.0,1000000.0,0.0,0.0,0.0,2200000.0
619559855,mukono,7,1800000.0,0.0,0.0,0.0,2000000.0,1350000.0,0.0,0.0,5150000.0
622292961,mukono,7,500000.0,0.0,0.0,400000.0,0.0,0.0,0.0,0.0,900000.0
623188000,mukono,7,600000.0,0.0,0.0,0.0,15000000.0,6000000.0,0.0,0.0,21600000.0
623704256,mukono,7,3500000.0,0.0,0.0,600000.0,500000.0,0.0,0.0,0.0,4600000.0
624717557,mukono,7,400000.0,0.0,2000000.0,0.0,0.0,0.0,0.0,0.0,2400000.0
628775538,mukono,7,1000000.0,0.0,0.0,1000000.0,0.0,0.0,0.0,0.0,2000000.0
632457381,mukono,7,1200000.0,0.0,0.0,600000.0,300000.0,0.0,0.0,0.0,2100000.0
632479613,mukono,7,800000.0,100000.0,0.0,200000.0,100000.0,0.0,0.0,0.0,1200000.0
632526756,mukono,7,17500000.0,0.0,0.0,2000000.0,0.0,0.0,0.0,0.0,19500000.0
632870245,mukono,7,120000.0,0.0,0.0,0.0,15000.0,0.0,0.0,0.0,135000.0
633860192,mukono,7,15000000.0,0.0,0.0,1000000.0,600000.0,0.0,0.0,0.0,16600000.0
633861646,mukono,7,3000000.0,0.0,0.0,0.0,2800000.0,0.0,0.0,0.0,5800000.0
634322667,mukono,7,160000.0,0.0,0.0,0.0,0.0,0.0,0.0,0.0,160000.0
634322758,mukono,7,800000.0,0.0,0.0,0.0,0.0,0.0,0.0,0.0,800000.0
635625535,mukono,7,900000.0,0.0,0.0,0.0,40000.0,0.0,0.0,0.0,940000.0
635860119,mukono,7,1200000.0,200000.0,0.0,300000.0,300000.0,0.0,0.0,0.0,2000000.0
636602799,mukono,7,1500000.0,200000.0,0.0,0.0,200000.0,0.0,0.0,0.0,1900000.0
558422222,nakaseke,7,1180000.0,240000.0,0.0,0.0,0.0,0.0,0.0,0.0,1420000.0
559666954,nakaseke,7,494000.0,0.0,0.0,0.0,0.0,0.0,0.0,0.0,494000.0
560448617,nakaseke,7,560000.0,0.0,0.0,0.0,0.0,0.0,0.0,0.0,560000.0
583505993,nakaseke,7,450000.0,0.0,180000.0,0.0,0.0,0.0,0.0,0.0,630000.0
584452976,nakaseke,7,286000.0,1500000.0,250000.0,0.0,0.0,0.0,0.0,0.0,2036000.0
586809899,nakaseke,7,298900.0,250000.0,150000.0,0.0,0.0,0.0,0.0,0.0,698900.0
618738329,mukono,7,1200000.0,0.0,0.0,0.0,0.0,0.0,0.0,0.0,1200000.0
623981362,mukono,7,800000.0,0.0,0.0,0.0,0.0,0.0,0.0,0.0,800000.0
633706233,mukono,7,180000.0,0.0,0.0,0.0,0.0,0.0,0.0,0.0,180000.0
555219650,nakaseke,7,700000.0,0.0,0.0,0.0,0.0,0.0,0.0,0.0,700000.0
581666974,nakaseke,7,663600.0,0.0,0.0,250000.0,162000.0,0.0,0.0,0.0,1075600.0
589566940,nakaseke,7,420000.0,0.0,0.0,0.0,0.0,0.0,0.0,0.0,420000.0
615760019,mukono,7,600000.0,300000.0,0.0,0.0,0.0,0.0,0.0,0.0,900000.0
615825276,mukono,7,1200000.0,0.0,0.0,0.0,0.0,0.0,0.0,0.0,1200000.0
616698945,mukono,7,6000000.0,0.0,0.0,0.0,1500000.0,0.0,0.0,0.0,7500000.0
616699320,mukono,7,1800000.0,0.0,0.0,0.0,0.0,0.0,0.0,0.0,1800000.0
619769782,mukono,7,1800000.0,0.0,0.0,0.0,0.0,0.0,0.0,0.0,1800000.0
621639263,mukono,7,100000.0,0.0,0.0,0.0,0.0,0.0,0.0,0.0,100000.0
622484708,mukono,7,1600000.0,0.0,0.0,0.0,0.0,0.0,0.0,0.0,1600000.0
623981163,mukono,7,1800000.0,0.0,0.0,0.0,2200000.0,0.0,0.0,0.0,4000000.0
550732746,nakaseke,7,1200000.0,499999.99999999977,0.0,0.0,0.0,0.0,0.0,0.0,1699999.9999999998
615825485,mukono,7,2400000.0,0.0,0.0,0.0,0.0,0.0,0.0,0.0,2400000.0
551438282,nakaseke,7,1250000.0,0.0,0.0,0.0,0.0,0.0,0.0,0.0,1250000.0
585181910,nakaseke,7,468000.0,230000.0,0.0,250000.0,0.0,0.0,0.0,0.0,948000.0
553313598,nakaseke,7,14010000.0,0.0,0.0,0.0,499999.9999999997,0.0,0.0,0.0,14510000.0
555219886,nakaseke,7,1900000.0,420000.0,0.0,0.0,0.0,0.0,0.0,0.0,2320000.0
561236657,nakaseke,7,1296000.0,0.0,0.0,500000.0,221000.0,0.0,0.0,0.0,2017000.0
583502844,nakaseke,7,510000.0,0.0,0.0,0.0,0.0,0.0,0.0,0.0,510000.0
584472197,nakaseke,7,702000.0,0.0,300000.0,0.0,466200.0,0.0,0.0,0.0,1468200.0
588619360,nakaseke,7,492000.0,0.0,0.0,0.0,0.0,0.0,0.0,0.0,492000.0
613814407,nakaseke,7,2560000.0,0.0,0.0,0.0,0.0,0.0,0.0,0.0,2560000.0
614850687,mukono,7,200000.0,0.0,0.0,200000.0,0.0,0.0,0.0,0.0,400000.0
615773237,mukono,7,700000.0,0.0,300000.0,200000.0,120000.0,200000.0,0.0,0.0,1520000.0
616679140,mukono,7,3000000.0,1000000.0,0.0,0.0,6000000.0,10000000.0,0.0,0.0,20000000.0
618056509,mukono,7,3000000.0,0.0,0.0,100000.0,0.0,0.0,0.0,0.0,3100000.0
618502947,mukono,7,1000000.0,0.0,0.0,300000.0,200000.0,0.0,0.0,0.0,1500000.0
618503261,mukono,7,900000.0,0.0,0.0,0.0,0.0,0.0,0.0,1000000.0,1900000.0
618738549,mukono,7,900000.0,0.0,0.0,0.0,0.0,0.0,0.0,0.0,900000.0
619307564,mukono,7,1300000.0,0.0,0.0,200000.0,500000.0,0.0,0.0,0.0,2000000.0
619543012,mukono,7,400000.0,360000.0,0.0,0.0,0.0,5100000.0,0.0,0.0,5860000.0
620136574,mukono,7,900000.0,300000.0,200000.0,0.0,300000.0,0.0,0.0,0.0,1700000.0
620155076,mukono,7,500000.0,500000.0,0.0,0.0,300000.0,0.0,0.0,0.0,1300000.0
621076849,mukono,7,1500000.0,0.0,0.0,0.0,2000000.0,0.0,0.0,2000000.0,5500000.0
622287746,mukono,7,700000.0,0.0,0.0,100000.0,70000.0,0.0,0.0,0.0,870000.0
622484987,mukono,7,2400000.0,0.0,0.0,0.0,0.0,0.0,0.0,0.0,2400000.0
631647870,mukono,7,1800000.0,0.0,0.0,0.0,0.0,0.0,0.0,0.0,1800000.0
632483673,mukono,7,2000000.0,200000.0,0.0,300000.0,300000.0,0.0,0.0,0.0,2800000.0
632532023,mukono,7,4800000.0,0.0,0.0,0.0,1000000.0,0.0,0.0,0.0,5800000.0
633706958,mukono,7,320000.0,0.0,0.0,0.0,150000.0,0.0,0.0,0.0,470000.0
634023370,mukono,7,2000000.0,0.0,0.0,200000.0,0.0,0.0,0.0,100000.0,2300000.0
634718078,mukono,7,3000000.0,300000.0,0.0,0.0,300000.0,0.0,0.0,100000.0,3700000.0
634718387,mukono,7,1000000.0,100000.0,100000.0,100000.0,200000.0,0.0,0.0,0.0,1500000.0
635238203,mukono,7,700000.0,100000.0,300000.0,0.0,100000.0,0.0,0.0,0.0,1200000.0
635859907,mukono,7,1800000.0,200000.0,0.0,300000.0,30000.0,0.0,0.0,0.0,2330000.0
636603192,mukono,7,7000000.0,0.0,0.0,0.0,500000.0,2000000.0,0.0,0.0,9500000.0
551433371,nakaseke,7,930000.0,350000.0000000001,0.0,0.0,0.0,0.0,0.0,0.0,1280000.0
581719428,nakaseke,7,554400.0,0.0,0.0,0.0,0.0,0.0,0.0,0.0,554400.0
584453809,nakaseke,7,1008000.0,0.0,0.0,300000.0,0.0,0.0,0.0,0.0,1308000.0
588629366,nakaseke,7,552000.0,350000.0,0.0,0.0,0.0,0.0,0.0,0.0,902000.0
593198085,nakaseke,7,456000.0,0.0,0.0,0.0,0.0,0.0,0.0,0.0,456000.0
614850630,mukono,7,500000.0,0.0,100000.0,0.0,100000.0,0.0,0.0,0.0,700000.0
558415060,nakaseke,7,694400.0,0.0,0.0,250000.0,0.0,0.0,0.0,0.0,944400.0
561237697,nakaseke,7,499200.0,450000.0,0.0,0.0,500000.0,0.0,0.0,0.0,1449200.0
582502398,nakaseke,7,480000.0,0.0,0.0,0.0,225000.0,0.0,0.0,0.0,705000.0
586028388,nakaseke,7,617400.0,0.0,300000.0,0.0,200000.0,0.0,0.0,0.0,1117400.0
613819661,nakaseke,7,336000.0,0.0,0.0,0.0,0.0,0.0,0.0,0.0,336000.0
619770045,mukono,7,900000.0,0.0,0.0,0.0,0.0,0.0,0.0,0.0,900000.0
553313800,nakaseke,7,14000000.0,0.0,0.0,0.0,1999999.9999999993,0.0,0.0,0.0,16000000.0
560449000,nakaseke,7,680400.0,0.0,0.0,0.0,150000.0,0.0,0.0,0.0,830400.0
560449862,nakaseke,7,610000.0,0.0,0.0,300000.0,0.0,0.0,0.0,0.0,910000.0
583505325,nakaseke,7,1500000.0,0.0,0.0,0.0,0.0,0.0,0.0,0.0,1500000.0
613821415,nakaseke,7,2232000.0,0.0,0.0,0.0,0.0,0.0,0.0,0.0,2232000.0
561257600,nakaseke,7,325000.0,0.0,0.0,0.0,0.0,0.0,0.0,0.0,325000.0
585193571,nakaseke,7,545200.0,0.0,200000.0,0.0,640800.0,0.0,0.0,0.0,1386000.0
621639988,mukono,7,600000.0,0.0,0.0,0.0,1200000.0,0.0,0.0,0.0,1800000.0
550731204,nakaseke,7,600000.0,0.0,0.0,0.0,0.0,0.0,0.0,0.0,600000.0
550739292,nakaseke,7,500000.0,0.0,0.0,0.0,0.0,0.0,0.0,0.0,500000.0
550740686,nakaseke,7,1000000.0,0.0,0.0,0.0,0.0,0.0,0.0,0.0,1000000.0
551433006,nakaseke,7,1210000.0,299999.9999999999,0.0,0.0,0.0,0.0,0.0,0.0,1510000.0
552803009,nakaseke,7,7950000.0,0.0,0.0,0.0,0.0,0.0,0.0,0.0,7950000.0
554395712,nakaseke,7,2360000.0,0.0,0.0,0.0,100000.00000000001,0.0,0.0,0.0,2460000.0
554399870,,7,8800000.0,0.0,0.0,0.0,499999.9999999997,0.0,0.0,0.0,9300000.0
555219447,nakaseke,7,1050000.0,0.0,0.0,0.0,0.0,0.0,0.0,0.0,1050000.0
559669939,nakaseke,7,2697500.0,0.0,0.0,0.0,520000.0,0.0,0.0,0.0,3217500.0
581666409,nakaseke,7,680400.0,0.0,100000.0,0.0,180000.0,0.0,0.0,0.0,960400.0
585208171,nakaseke,7,975000.0,0.0,300000.0,0.0,0.0,0.0,0.0,0.0,1275000.0
613829595,nakaseke,7,1003400.0,0.0,0.0,0.0,0.0,0.0,0.0,0.0,1003400.0
614807717,mukono,7,800000.0,0.0,0.0,500000.0,0.0,0.0,0.0,0.0,1300000.0
615773415,mukono,7,900000.0,200000.0,0.0,300000.0,300000.0,500000.0,0.0,0.0,2200000.0
616587562,mukono,7,1500000.0,20000.0,0.0,0.0,200000.0,0.0,0.0,0.0,1720000.0
617648818,mukono,7,1200000.0,0.0,0.0,0.0,0.0,0.0,0.0,0.0,1200000.0
617656724,mukono,7,3200000.0,0.0,0.0,0.0,0.0,0.0,0.0,0.0,3200000.0
618738718,mukono,7,2400000.0,0.0,0.0,0.0,0.0,0.0,0.0,0.0,2400000.0
618740822,mukono,7,2400000.0,0.0,0.0,0.0,0.0,0.0,0.0,0.0,2400000.0
619306835,mukono,7,1200000.0,300000.0,0.0,200000.0,0.0,300000.0,0.0,0.0,2000000.0
619559199,mukono,7,6000000.0,0.0,0.0,0.0,12000000.0,0.0,0.0,0.0,18000000.0
619769613,mukono,7,4500000.0,0.0,0.0,0.0,0.0,0.0,0.0,0.0,4500000.0
620129760,mukono,7,3500000.0,500000.0,0.0,0.0,500000.0,0.0,0.0,0.0,4500000.0
620157158,mukono,7,2500000.0,0.0,0.0,2000000.0,1000000.0,300000.0,0.0,0.0,5800000.0
620418682,mukono,7,12000000.0,1800000.0,0.0,0.0,1000000.0,0.0,0.0,0.0,14800000.0
620699865,mukono,7,2400000.0,0.0,0.0,0.0,0.0,0.0,0.0,0.0,2400000.0
620699988,mukono,7,36000000.0,0.0,0.0,0.0,0.0,0.0,0.0,0.0,36000000.0
621075678,mukono,7,1200000.0,0.0,0.0,0.0,0.0,0.0,0.0,100000.0,1300000.0
621078199,mukono,7,1200000.0,0.0,0.0,0.0,500000.0,0.0,0.0,1000000.0,2700000.0
621497521,mukono,7,750000.0,0.0,0.0,500000.0,200000.0,0.0,0.0,0.0,1450000.0
622288485,mukono,7,2000000.0,2500000.0,0.0,0.0,1000000.0,500000.0,0.0,0.0,6000000.0
622289226,mukono,7,900000.0,200000.0,100000.0,0.0,500000.0,0.0,0.0,300000.0,2000000.0
622950844,mukono,7,2600000.0,400000.0,0.0,0.0,1500000.0,0.0,0.0,0.0,4500000.0
622950959,mukono,7,700000.0,100000.0,0.0,200000.0,0.0,0.0,0.0,0.0,1000000.0
622951178,mukono,7,2100000.0,0.0,0.0,0.0,2000000.0,0.0,0.0,0.0,4100000.0
623479319,mukono,7,400000.0,0.0,0.0,0.0,2800000.0,0.0,0.0,0.0,3200000.0
623704150,mukono,7,1000000.0,500000.0,0.0,500000.0,300000.0,0.0,0.0,0.0,2300000.0
623704380,mukono,7,300000.0,0.0,200000.0,0.0,200000.0,0.0,0.0,0.0,700000.0
624715344,mukono,7,200000.0,0.0,0.0,0.0,200000.0,0.0,0.0,1000000.0,1400000.0
631647480,mukono,7,3200000.0,0.0,0.0,0.0,700000.0,0.0,0.0,0.0,3900000.0
632449589,mukono,7,3000000.0,0.0,0.0,500000.0,0.0,0.0,0.0,0.0,3500000.0
632465838,mukono,7,2500000.0,200000.0,0.0,300000.0,300000.0,0.0,0.0,0.0,3300000.0
633165465,mukono,7,2000000.0,400000.0,0.0,500000.0,500000.0,0.0,0.0,0.0,3400000.0
633165662,mukono,7,2000000.0,300000.0,0.0,0.0,300000.0,200000.0,0.0,0.0,2800000.0
634022615,mukono,7,4000000.0,1000000.0,0.0,1000000.0,300000.0,0.0,0.0,0.0,6300000.0
634718321,mukono,7,1000000.0,0.0,0.0,0.0,300000.0,500000.0,0.0,0.0,1800000.0
634929270,mukono,7,80000.0,0.0,0.0,0.0,0.0,0.0,0.0,0.0,80000.0
635102819,mukono,7,1000000.0,0.0,500000.0,0.0,500000.0,0.0,0.0,0.0,2000000.0
635238371,mukono,7,2000000.0,1000000.0,0.0,500000.0,500000.0,0.0,0.0,0.0,4000000.0
635238449,mukono,7,2500000.0,100000.0,0.0,300000.0,300000.0,0.0,0.0,0.0,3200000.0
635238630,mukono,7,1500000.0,500000.0,0.0,300000.0,300000.0,0.0,0.0,0.0,2600000.0
635625333,mukono,7,400000.0,0.0,0.0,0.0,0.0,0.0,0.0,0.0,400000.0
635859825,mukono,7,1500000.0,0.0,0.0,500000.0,0.0,0.0,0.0,0.0,2000000.0
635860002,mukono,7,3000000.0,200000.0,0.0,0.0,0.0,0.0,0.0,0.0,3200000.0
635860179,mukono,7,3000000.0,1000000.0,0.0,500000.0,500000.0,0.0,0.0,0.0,5000000.0
636134719,mukono,7,24000000.0,0.0,0.0,1000000.0,1950000.0,0.0,0.0,0.0,26950000.0
636135880,mukono,7,1400000.0,0.0,1500000.0,0.0,500000.0,0.0,0.0,0.0,3400000.0
636603058,mukono,7,900000.0,0.0,0.0,0.0,200000.0,0.0,0.0,0.0,1100000.0
636603136,mukono,7,700000.0,0.0,0.0,300000.0,500000.0,0.0,0.0,0.0,1500000.0
644152753,mukono,7,2000000.0,200000.0,0.0,300000.0,300000.0,0.0,0.0,300000.0,3100000.0
644152847,mukono,7,700000.0,100000.0,0.0,200000.0,200000.0,0.0,0.0,0.0,1200000.0
644159669,mukono,7,3200000.0,0.0,0.0,0.0,420000.0,0.0,0.0,0.0,3620000.0
554400498,nakaseke,7,7000000.0,0.0,0.0,0.0,499999.9999999997,0.0,0.0,0.0,7500000.0
559666632,nakaseke,7,990000.0,0.0,0.0,150000.0,0.0,0.0,0.0,0.0,1140000.0
619306547,mukono,7,2000000.0,500000.0,0.0,0.0,0.0,0.0,0.0,320000.0,2820000.0
622485261,mukono,7,800000.0,0.0,0.0,0.0,0.0,0.0,0.0,0.0,800000.0
631647195,mukono,7,600000.0,0.0,0.0,0.0,150000.0,0.0,0.0,0.0,750000.0
565368592,nakaseke,7,571200.0,0.0,0.0,0.0,127000.0,0.0,0.0,0.0,698200.0
584454693,nakaseke,7,250000.0,0.0,250000.0,0.0,0.0,0.0,0.0,0.0,500000.0
618738814,mukono,7,2600000.0,0.0,0.0,0.0,0.0,0.0,0.0,0.0,2600000.0
582503421,nakaseke,7,690000.0,0.0,0.0,0.0,0.0,0.0,0.0,0.0,690000.0
589565846,nakaseke,7,720000.0,0.0,0.0,0.0,850000.0,0.0,0.0,0.0,1570000.0
614850459,mukono,7,1100000.0,0.0,0.0,0.0,550000.0,0.0,0.0,0.0,1650000.0
556032422,nakaseke,7,2500000.0,1800000.0,0.0,300000.0,0.0,0.0,0.0,0.0,4600000.0
558422563,nakaseke,7,1750000.0,0.0,0.0,0.0,950000.0,0.0,0.0,0.0,2700000.0
585223034,nakaseke,7,342000.0,0.0,0.0,0.0,0.0,0.0,0.0,0.0,342000.0
623704362,mukono,7,700000.0,500000.0,0.0,0.0,500000.0,0.0,0.0,0.0,1700000.0
633165535,mukono,7,1800000.0,0.0,0.0,500000.0,500000.0,0.0,0.0,0.0,2800000.0
634929225,mukono,7,4000000.0,0.0,0.0,0.0,100000.0,0.0,0.0,0.0,4100000.0
636602878,mukono,7,3500000.0,200000.0,0.0,200000.0,300000.0,0.0,0.0,0.0,4200000.0
558418973,nakaseke,7,1664000.0,0.0,0.0,0.0,1800000.0,2500000.0,0.0,0.0,5964000.0
613827164,nakaseke,7,1560200.0,0.0,450000.0,0.0,950000.0,0.0,0.0,0.0,2960200.0
632876809,mukono,7,320000.0,0.0,0.0,0.0,0.0,0.0,0.0,0.0,320000.0
559670838,nakaseke,7,2073500.0,0.0,0.0,200000.0,0.0,0.0,0.0,0.0,2273500.0
588625655,nakaseke,7,2496000.0,0.0,300000.0,0.0,1050000.0,0.0,0.0,0.0,3846000.0
550732633,nakaseke,7,1050000.0,0.0,299999.99999999977,0.0,0.0,0.0,0.0,0.0,1349999.9999999998
550740078,nakaseke,7,1100000.0,30000.000000000007,0.0,0.0,0.0,0.0,0.0,0.0,1130000.0
552802393,nakaseke,7,8800000.0,999999.9999999995,0.0,0.0,200000.00000000006,0.0,0.0,0.0,10000000.0
553314788,nakaseke,7,7500000.0,0.0,0.0,0.0,200000.00000000006,0.0,0.0,0.0,7700000.0
556033462,nakaseke,7,4032000.0,0.0,0.0,0.0,1755000.0,0.0,0.0,0.0,5787000.0
557694485,nakaseke,7,90000.0,0.0,0.0,50000.0,0.0,0.0,0.0,0.0,140000.0
557694682,nakaseke,7,90000.0,0.0,0.0,25000.0,0.0,0.0,0.0,0.0,115000.0
557711753,nakaseke,7,1750000.0,0.0,0.0,0.0,0.0,0.0,0.0,0.0,1750000.0
557713215,nakaseke,7,1100000.0000000002,0.0,0.0,0.0,0.0,0.0,0.0,0.0,1100000.0000000002
558375556,nakaseke,7,300000.0,0.0,0.0,50000.0,60000.0,0.0,0.0,0.0,410000.0
565368815,nakaseke,7,1150000.0,0.0,0.0,300000.0,0.0,0.0,0.0,0.0,1450000.0
583503314,nakaseke,7,3060000.0,0.0,0.0,0.0,639000.0,0.0,0.0,0.0,3699000.0
592192864,nakaseke,7,2400000.0,0.0,0.0,0.0,0.0,0.0,0.0,0.0,2400000.0
614807974,mukono,7,700000.0,0.0,0.0,400000.0,0.0,0.0,0.0,0.0,1100000.0
614850566,mukono,7,3200000.0,0.0,0.0,0.0,3000000.0,0.0,0.0,0.0,6200000.0
615761193,mukono,7,7000000.0,1000000.0,0.0,0.0,1000000.0,0.0,500000.0,0.0,9500000.0
615773611,mukono,7,1000000.0,200000.0,100000.0,0.0,100000.0,0.0,0.0,0.0,1400000.0
616675567,mukono,7,300000.0,0.0,0.0,0.0,0.0,1000000.0,600000.0,0.0,1900000.0
617462488,mukono,7,650000.0,0.0,0.0,0.0,0.0,4000000.0,0.0,0.0,4650000.0
617463415,mukono,7,300000.0,0.0,0.0,0.0,300000.0,2400000.0,0.0,0.0,3000000.0
617648934,mukono,7,2400000.0,0.0,0.0,0.0,0.0,0.0,0.0,0.0,2400000.0
619547863,mukono,7,1000000.0,0.0,0.0,0.0,250000.0,1000000.0,0.0,0.0,2250000.0
619769827,mukono,7,560000.0,0.0,0.0,0.0,0.0,0.0,0.0,250000.0,810000.0
619769984,mukono,7,1800000.0,0.0,0.0,0.0,0.0,0.0,0.0,0.0,1800000.0
620417365,mukono,7,600000.0,0.0,0.0,0.0,0.0,5000000.0,1000000.0,0.0,6600000.0
620699936,mukono,7,3200000.0,0.0,0.0,0.0,0.0,0.0,0.0,0.0,3200000.0
620700057,mukono,7,1200000.0,0.0,0.0,0.0,1600000.0,0.0,0.0,0.0,2800000.0
621078668,mukono,7,1100000.0,200000.0,0.0,0.0,800000.0,0.0,4800000.0,500000.0,7400000.0
621640204,mukono,7,130000.0,0.0,0.0,0.0,0.0,0.0,0.0,0.0,130000.0
621642449,mukono,7,200000.0,0.0,0.0,0.0,0.0,0.0,0.0,0.0,200000.0
622289483,mukono,7,400000.0,200000.0,100000.0,0.0,200000.0,0.0,0.0,0.0,900000.0
622485078,mukono,7,8000000.0,0.0,0.0,0.0,4500000.0,0.0,0.0,0.0,12500000.0
623981243,mukono,7,100000.0,0.0,0.0,0.0,250000.0,0.0,0.0,0.0,350000.0
624290457,mukono,7,1800000.0,500000.0,0.0,1000000.0,500000.0,600000.0,0.0,0.0,4400000.0
624291333,mukono,7,700000.0,600000.0,0.0,600000.0,500000.0,0.0,0.0,0.0,2400000.0
624292438,mukono,7,700000.0,700000.0,200000.0,200000.0,200000.0,0.0,0.0,0.0,2000000.0
631647010,mukono,7,1200000.0,0.0,0.0,0.0,75000.0,0.0,0.0,0.0,1275000.0
633165312,mukono,7,1200000.0,0.0,0.0,200000.0,0.0,0.0,0.0,0.0,1400000.0
633706793,mukono,7,300000.0,0.0,0.0,0.0,500000.0,0.0,0.0,0.0,800000.0
634022985,mukono,7,900000.0,0.0,0.0,300000.0,0.0,0.0,0.0,100000.0,1300000.0
634718242,mukono,7,5000000.0,1000000.0,0.0,1000000.0,1000000.0,0.0,0.0,0.0,8000000.0
635238561,mukono,7,1200000.0,0.0,0.0,500000.0,300000.0,0.0,0.0,0.0,2000000.0
636135365,mukono,7,3000000.0,0.0,500000.0,300000.0,100000.0,0.0,0.0,0.0,3900000.0
636136285,mukono,7,2400000.0,0.0,0.0,1000000.0,0.0,0.0,0.0,3000000.0,6400000.0
616674531,mukono,7,5100000.0,0.0,0.0,0.0,0.0,0.0,2000000.0,0.0,7100000.0
557715625,nakaseke,7,1650000.0,0.0,0.0,0.0,0.0,0.0,0.0,0.0,1650000.0
582503133,nakaseke,7,1260000.0,0.0,0.0,500000.0,0.0,0.0,0.0,0.0,1760000.0
586804272,nakaseke,7,3217800.0,300000.0,1000000.0,0.0,560000.0,0.0,0.0,0.0,5077800.0
620699783,mukono,7,2800000.0,0.0,0.0,0.0,0.0,0.0,0.0,0.0,2800000.0
550738751,nakaseke,7,400000.0,0.0,0.0,0.0,0.0,0.0,0.0,0.0,400000.0
589566299,nakaseke,7,540000.0,0.0,0.0,0.0,0.0,0.0,0.0,0.0,540000.0
556042851,nakaseke,7,700000.0,0.0,0.0,300000.0,250000.0,0.0,0.0,0.0,1250000.0
581667076,nakaseke,7,831600.0,0.0,300000.0,150000.0,0.0,0.0,0.0,0.0,1281600.0
561201812,nakaseke,7,600000.0,0.0,250000.0,90000.0,90000.0,0.0,0.0,0.0,1030000.0
561202655,nakaseke,7,300000.0,60000.0,55000.0,150000.0,70000.0,0.0,0.0,0.0,635000.0
622951271,mukono,7,1800000.0,1000000.0,0.0,0.0,1200000.0,0.0,0.0,0.0,4000000.0
623479194,mukono,7,2400000.0,0.0,0.0,0.0,1200000.0,0.0,0.0,0.0,3600000.0
633859954,mukono,7,1200000.0,0.0,1000000.0,0.0,500000.0,0.0,0.0,0.0,2700000.0
634322609,mukono,7,1800000.0,0.0,0.0,0.0,0.0,0.0,0.0,0.0,1800000.0
634718422,mukono,7,1000000.0,0.0,0.0,0.0,230000.0000000001,0.0,0.0,0.0,1230000.0
618738459,mukono,7,5400000.0,0.0,0.0,0.0,0.0,0.0,0.0,0.0,5400000.0
552806909,nakaseke,7,1120000.0,0.0,0.0,0.0,39999.99999999997,0.0,0.0,0.0,1160000.0
557694859,nakaseke,7,90000.0,0.0,0.0,0.0,0.0,0.0,0.0,0.0,90000.0
589566059,nakaseke,7,6300000.0,1000000.0,0.0,300000.0,0.0,0.0,0.0,0.0,7600000.0
593200247,nakaseke,7,31200005.0,1000000.0,0.0,0.0,1080000.0,0.0,0.0,0.0,33280005.0
613820537,nakaseke,7,5040000.0,500000.0,0.0,0.0,0.0,0.0,0.0,0.0,5540000.0
614808240,mukono,7,1000000.0,0.0,0.0,600000.0,0.0,200000.0,0.0,0.0,1800000.0
615773753,mukono,7,1500000.0,1000000.0,0.0,200000.0,0.0,0.0,0.0,0.0,2700000.0
617460629,mukono,7,800000.0,0.0,0.0,0.0,0.0,20000000.0,0.0,500000.0,21300000.0
617461111,mukono,7,400000.0,0.0,0.0,300000.0,0.0,0.0,0.0,0.0,700000.0
617461597,mukono,7,120000.0,0.0,0.0,0.0,0.0,0.0,0.0,0.0,120000.0
618056660,mukono,7,1200000.0,0.0,0.0,200000.0,0.0,500000.0,0.0,0.0,1900000.0
618502638,mukono,7,2000000.0,0.0,0.0,0.0,300000.0,0.0,0.0,200000.00000000006,2500000.0
618738618,mukono,7,3400000.0,0.0,0.0,0.0,0.0,0.0,0.0,0.0,3400000.0
619308856,mukono,7,3000000.0,500000.0,0.0,0.0,500000.0,0.0,0.0,9000000.0,13000000.0
620131758,mukono,7,700000.0,500000.0,0.0,0.0,500000.0,0.0,0.0,0.0,1700000.0
621077765,mukono,7,2500000.0,0.0,0.0,0.0,0.0,0.0,0.0,1000000.0,3500000.0
622950517,mukono,7,8000000.0,300000.0,0.0,500000.0,4000000.0,0.0,0.0,0.0,12800000.0
623178431,mukono,7,1600000.0,0.0,1000000.0,240000.0,0.0,0.0,0.0,0.0,2840000.0
623271316,mukono,7,750000.0,0.0,0.0,0.0,10000000.0,2000000.0,0.0,0.0,12750000.0
623272577,mukono,7,1000000.0,0.0,0.0,0.0,20000000.0,0.0,0.0,0.0,21000000.0
624293459,mukono,7,1100000.0,1000000.0,0.0,0.0,0.0,0.0,0.0,0.0,2100000.0
624713073,mukono,7,400000.0,0.0,0.0,5000000.0,0.0,0.0,0.0,0.0,5400000.0
624713879,mukono,7,685000.0,0.0,0.0,0.0,0.0,2000000.0,0.0,0.0,2685000.0
625320144,mukono,7,800000.0,360000.0,0.0,0.0,6000000.0,0.0,0.0,0.0,7160000.0
628089142,mukono,7,840000.0,0.0,0.0,0.0,0.0,0.0,5000000.0,0.0,5840000.0
628089849,mukono,7,1400000.0,0.0,0.0,0.0,0.0,3000000.0,0.0,0.0,4400000.0
628775275,mukono,7,45000000.0,0.0,0.0,1000000.0,0.0,10000000.0,0.0,0.0,56000000.0
630120893,mukono,7,2400000.0,0.0,0.0,500000.0,0.0,1000000.0,0.0,0.0,3900000.0
632524617,mukono,7,6500000.0,0.0,0.0,0.0,240000.0,2000000.0,0.0,0.0,8740000.0
633860632,mukono,7,2400000.0,0.0,0.0,0.0,1200000.0,0.0,4800000.0,0.0,8400000.0
633861486,mukono,7,1410000.0,0.0,0.0,0.0,0.0,0.0,6000000.0,0.0,7410000.0
634021883,mukono,7,5000000.0,1000000.0,0.0,0.0,600000.0,0.0,0.0,0.0,6600000.0
634952329,mukono,7,49000000.0,0.0,0.0,0.0,2000000.0,0.0,6000000.0,0.0,57000000.0
635102211,mukono,7,4000000.0,10000000.0,0.0,0.0,5000000.0,0.0,0.0,2000000.0,21000000.0
635102285,mukono,7,1200000.0,0.0,2000000.0,0.0,500000.0,0.0,0.0,0.0,3700000.0
623184098,mukono,7,1500000.0,0.0,0.0,0.0,500000.0,0.0,1000000.0,0.0,3000000.0
554408234,nakaseke,7,550000.0,0.0,0.0,0.0,0.0,0.0,0.0,0.0,550000.0
556042141,nakaseke,7,300000.0,0.0,0.0,0.0,120000.0,0.0,0.0,0.0,420000.0
559614978,nakaseke,7,600000.0,0.0,500000.0,0.0,400000.0,0.0,0.0,0.0,1500000.0
581570782,nakaseke,7,1000000.0,0.0,0.0,500000.0,299999.9999999999,0.0,0.0,0.0,1800000.0
552806065,,7,500000.0,0.0,0.0,0.0,0.0,0.0,0.0,0.0,500000.0
553316435,nakaseke,7,1700000.0,399999.9999999999,0.0,0.0,150000.00000000006,0.0,0.0,0.0,2250000.0
558375760,nakaseke,7,150000.0,0.0,0.0,0.0,0.0,0.0,0.0,0.0,150000.0
559615316,nakaseke,7,500000.0,0.0,400000.0,250000.0,50000.0,0.0,0.0,0.0,1200000.0
630121155,mukono,7,4200000.0,1000000.0,0.0,0.0,200000.0,0.0,0.0,0.0,5400000.0
630121646,mukono,7,2800000.0,0.0,0.0,700000.0,120000.0,0.0,0.0,0.0,3620000.0
560425493,nakaseke,7,250000.0,0.0,0.0,100000.0,50000.0,0.0,0.0,0.0,400000.0
560424556,nakaseke,7,600000.0,0.0,500000.0,90000.0,200000.0,0.0,0.0,0.0,1390000.0
561200542,nakaseke,7,600000.0,450000.0,0.0,90000.0,50000.0,0.0,0.0,0.0,1190000.0
561202398,nakaseke,7,350000.0,0.0,200000.0,100000.0,60000.0,0.0,0.0,0.0,710000.0
560425197,nakaseke,7,500000.0,0.0,350000.0,160000.0,90000.0,0.0,0.0,0.0,1100000.0
628088416,mukono,7,1300000.0,3000000.0,0.0,500000.0,0.0,2000000.0,0.0,0.0,6800000.0
628089405,mukono,7,1400000.0,0.0,0.0,0.0,0.0,6000000.0,0.0,0.0,7400000.0
628774965,mukono,7,1000000.0,0.0,2000000.0,500000.0,0.0,0.0,0.0,0.0,3500000.0
632530379,mukono,7,1000000.0,0.0,0.0,5000000.0,500000.0,0.0,0.0,0.0,6500000.0
636135085,mukono,7,20800000.0,1000000.0,0.0,0.0,500000.0,0.0,0.0,0.0,22300000.0
556039009,nakaseke,7,20000.0,0.0,0.0,50000.0,120000.0,0.0,0.0,0.0,190000.0
553316712,nakaseke,7,370000.0,0.0,0.0,0.0,200000.00000000006,0.0,0.0,0.0,570000.0
621496649,mukono,7,2400000.0,0.0,0.0,2400000.0,100000.0,0.0,0.0,0.0,4900000.0
629845932,mukono,7,2000000.0,0.0,0.0,3000000.0,360000.0,0.0,0.0,0.0,5360000.0
632528316,mukono,7,5000000.0,0.0,0.0,1500000.0,0.0,0.0,0.0,0.0,6500000.0
633861263,mukono,7,8400000.0,10000000.0,0.0,0.0,6000000.0,0.0,0.0,0.0,24400000.0
635102642,mukono,7,7000000.0,0.0,0.0,0.0,10000000.0,0.0,0.0,0.0,17000000.0
560423470,nakaseke,7,450000.0,0.0,240000.0,0.0,300000.0,0.0,0.0,0.0,990000.0
551439101,nakaseke,7,1100000.0,0.0,0.0,0.0,0.0,0.0,0.0,0.0,1100000.0
553316111,nakaseke,7,380000.0,0.0,0.0,0.0,499999.9999999997,0.0,0.0,0.0,879999.9999999998
554407800,nakaseke,7,900000.0,0.0,0.0,0.0,249999.9999999998,0.0,0.0,0.0,1149999.9999999998
558374654,nakaseke,7,450000.0,230000.0000000002,250000.0,100000.0,0.0,0.0,0.0,0.0,1030000.0000000002
558375246,nakaseke,7,220000.0,0.0,50000.0,150000.0,0.0,0.0,0.0,0.0,420000.0
581569323,nakaseke,7,1350000.0,0.0,0.0,0.0,560000.0000000003,0.0,0.0,0.0,1910000.0000000005
581571879,nakaseke,7,500000.0,0.0,200000.0,150000.0,60000.0,0.0,0.0,0.0,910000.0
564861263,nakaseke,7,500000.0,150000.0,50000.0,100000.0,60000.0,0.0,0.0,0.0,860000.0
559615143,nakaseke,7,300000.0,0.0,50000.0,60000.0,100000.0,0.0,0.0,0.0,510000.0
564864365,nakaseke,7,300000.0,60000.0,58000.0,100000.0,60000.0,0.0,0.0,0.0,578000.0
553315619,nakaseke,7,350000.0,0.0,0.0,0.0,0.0,0.0,0.0,0.0,350000.0
556039301,nakaseke,7,500000.0,0.0,0.0,90000.0,150000.0,0.0,0.0,0.0,740000.0
615757479,mukono,7,800000.0,0.0,0.0,0.0,100000.0,0.0,0.0,0.0,900000.0
615773011,mukono,7,1500000.0,0.0,0.0,0.0,0.0,0.0,0.0,200000.0,1700000.0
619554974,mukono,7,3600000.0,2000000.0,0.0,0.0,1000000.0,0.0,0.0,0.0,6600000.0
620416772,mukono,7,500000.0,0.0,0.0,600000.0,0.0,180000.0,0.0,0.0,1280000.0
620419799,mukono,7,4000000.0,0.0,0.0,0.0,125000.0,0.0,0.0,0.0,4125000.0
621494958,mukono,7,500000.0,0.0,0.0,0.0,0.0,0.0,0.0,5000000.0,5500000.0
621496210,mukono,7,6000000.0,1000000.0,0.0,500000.0,0.0,0.0,0.0,0.0,7500000.0
621498584,mukono,7,16800000.0,0.0,0.0,0.0,500000.0,1000000.0,0.0,0.0,18300000.0
621639094,mukono,7,400000.0,0.0,0.0,0.0,300000.0,0.0,499999.9999999997,0.0,1199999.9999999998
623187149,mukono,7,560000.0,0.0,0.0,240000.0,0.0,1000000.0,0.0,0.0,1800000.0
623270536,mukono,7,13500000.0,0.0,0.0,0.0,1900000.0,0.0,0.0,0.0,15400000.0
624711692,mukono,7,1200000.0,1000000.0,0.0,0.0,2000000.0,0.0,0.0,0.0,4200000.0
624712163,mukono,7,2400000.0,1080000.0,0.0,0.0,0.0,5000000.0,0.0,0.0,8480000.0
625315993,mukono,7,1200000.0,0.0,0.0,500000.0,100000.0,0.0,0.0,0.0,1800000.0
628080096,mukono,7,7000000.0,0.0,0.0,0.0,2000000.0,0.0,0.0,0.0,9000000.0
628775775,mukono,7,36000000.0,3000000.0,0.0,0.0,0.0,1000000.0,0.0,0.0,40000000.0
630120684,mukono,7,7000000.0,2000000.0,0.0,0.0,0.0,3000000.0,0.0,0.0,12000000.0
632531024,mukono,7,3500000.0,0.0,0.0,1000000.0,0.0,0.0,5000000.0,0.0,9500000.0
632870785,mukono,7,3200000.0,0.0,0.0,0.0,70000.0,0.0,0.0,0.0,3270000.0
634322563,mukono,7,1200000.0,0.0,0.0,0.0,2000000.0,0.0,0.0,0.0,3200000.0
634951268,mukono,7,1000000.0,0.0,0.0,1300000.0,0.0,0.0,0.0,0.0,2300000.0
619307991,mukono,7,6000000.0,1000000.0,0.0,500000.0,15000000.0,0.0,6000000.0,0.0,28500000.0
634929055,mukono,7,2400000.0,0.0,0.0,0.0,500000.0,0.0,0.0,0.0,2900000.0
635625431,mukono,7,1200000.0,0.0,0.0,0.0,800000.0,0.0,0.0,0.0,2000000.0
625318562,mukono,7,400000.0,0.0,2000000.0,1000000.0,0.0,0.0,0.0,0.0,3400000.0
628776109,mukono,7,4900000.0,0.0,0.0,450000.0,0.0,2000000.0,0.0,0.0,7350000.0
633860413,mukono,7,42000000.0,0.0,0.0,1000000.0,500000.0,0.0,0.0,12000000.0,55500000.0
557694292,nakaseke,7,300000.0,0.0,0.0,50000.0,60000.0,0.0,0.0,0.0,410000.0
582450581,nakaseke,7,350000.0,50000.0,90000.0,0.0,0.0,0.0,0.0,0.0,490000.0
613185259,nakaseke,7,390000.0,0.0,0.0,0.0,400000.0,0.0,0.0,0.0,790000.0
614810845,mukono,7,800000.0,0.0,0.0,0.0,0.0,0.0,0.0,0.0,800000.0
617648764,mukono,7,1200000.0,0.0,0.0,0.0,0.0,0.0,0.0,0.0,1200000.0
551438934,nakaseke,7,1700000.0,0.0,0.0,0.0,0.0,0.0,0.0,0.0,1700000.0
589548879,nakaseke,7,20000.0,0.0,100000.0,0.0,250000.0,0.0,0.0,0.0,370000.0
554402613,nakaseke,7,0.0,0.0,0.0,0.0,249999.99999999983,0.0,0.0,0.0,249999.99999999983
589547568,nakaseke,7,350000.0,0.0,0.0,120000.00000000006,0.0,999999.9999999995,0.0,0.0,1469999.9999999995
592180125,nakaseke,7,350000.0,0.0,0.0,0.0,200000.0,0.0,0.0,0.0,550000.0
613184766,nakaseke,7,600000.0,0.0,0.0,100000.0,250000.0,0.0,0.0,0.0,950000.0
613185864,nakaseke,7,600000.0,20000.0,0.0,120000.00000000006,500000.0,0.0,0.0,0.0,1240000.0
593216040,nakaseke,7,400000.0,250000.0,69000.0,0.0,200000.0,0.0,0.0,0.0,919000.0
552806578,nakaseke,7,1300000.0,0.0,0.0,0.0,0.0,0.0,0.0,0.0,1300000.0
554403180,,7,1100000.0,0.0,0.0,0.0,0.0,0.0,0.0,0.0,1100000.0
554997531,nakaseke,7,400000.0,0.0,0.0,60000.0,250000.0,0.0,0.0,0.0,710000.0
581568916,nakaseke,7,500000.0,0.0,90000.0,60000.0,170000.0,0.0,0.0,0.0,820000.0
582449149,nakaseke,7,600000.0,250000.0,0.0,150000.0,50000.0,0.0,0.0,0.0,1050000.0
583384059,nakaseke,7,9000000.0,350000.0,0.0,0.0,250000.0,0.0,0.0,0.0,9600000.0
584465855,nakaseke,7,400000.0,150000.0,0.0,0.0,0.0,0.0,0.0,0.0,550000.0
585291611,nakaseke,7,9000000.0,30000.0,0.0,60000.0,350000.0,0.0,0.0,0.0,9440000.0
588618114,nakaseke,7,600000.0,0.0,0.0,120000.0,30000.0,0.0,0.0,0.0,750000.0
589549118,nakaseke,7,600000.0,0.0,90000.0,0.0,250000.0,0.0,0.0,0.0,940000.0
592179551,nakaseke,7,200000.0,0.0,0.0,150000.0,150000.0,0.0,0.0,0.0,500000.0
613185857,nakaseke,7,600000.0,300000.0,0.0,120000.0,350000.0,0.0,0.0,0.0,1370000.0
613185868,nakaseke,7,500000.0,350000.0,0.0,0.0,400000.0,0.0,0.0,0.0,1250000.0
618737230,mukono,7,1800000.0,0.0,0.0,0.0,0.0,0.0,0.0,0.0,1800000.0
625321534,mukono,7,5600000.0,0.0,0.0,0.0,2000000.0,10000000.0,0.0,0.0,17600000.0
613185262,nakaseke,7,260000.0,0.0,300000.0,100000.0,250000.0,0.0,0.0,0.0,910000.0
586823072,nakaseke,7,600000.0,0.0,0.0,159999.9999999999,600000.0,0.0,0.0,0.0,1360000.0
586821078,nakaseke,7,800000.0,0.0,0.0,20000.0,96000.0,0.0,0.0,0.0,916000.0
586823179,nakaseke,7,600000.0,0.0,0.0,100000.0,600000.0,0.0,0.0,0.0,1300000.0
588618032,nakaseke,7,1000000.0,200000.0,0.0,150000.0,350000.0,0.0,0.0,0.0,1700000.0
592179319,nakaseke,7,300000.0,0.0,0.0,0.0,200000.0,0.0,0.0,0.0,500000.0
613185254,nakaseke,7,350000.0,400000.0,299999.9999999999,0.0,230000.0,0.0,0.0,0.0,1280000.0
613184756,nakaseke,7,380000.0,0.0,299999.9999999999,0.0,350000.0,0.0,0.0,0.0,1029999.9999999999
613184762,nakaseke,7,5000000.0,0.0,89999.99999999997,700000.0,250000.0,100000.0,0.0,0.0,6140000.0
593216705,nakaseke,7,350000.0,109.0,0.0,0.0,200000.0,0.0,0.0,0.0,550109.0
582448458,nakaseke,7,600000.0,300000.0,0.0,150000.0,200000.0,0.0,0.0,0.0,1250000.0
583383308,nakaseke,7,560000.0,30000.0,90000.0,3.0,20000.0,0.0,0.0,0.0,700003.0
584457728,nakaseke,7,350000.0,0.0,0.0,0.0,0.0,0.0,0.0,0.0,350000.0
584460556,nakaseke,7,250000.0,100000.0,0.0,150000.0,499999.9999999997,0.0,0.0,0.0,999999.9999999998
586822745,nakaseke,7,600000.0,300000.0,0.0,0.0,200000.0,0.0,0.0,0.0,1100000.0
588618956,nakaseke,7,600000.0,0.0,150000.0,0.0,250000.0,0.0,0.0,0.0,1000000.0
588619984,nakaseke,7,500000.0,0.0,0.0,0.0,250000.0,0.0,0.0,0.0,750000.0
589548430,nakaseke,7,300000.0,0.0,25000.0,0.0,500000.0,0.0,0.0,0.0,825000.0
613184214,nakaseke,7,200000.0,0.0,50000.0,0.0,130000.0,0.0,0.0,0.0,380000.0
551438775,nakaseke,7,1200000.0,0.0,0.0,0.0,0.0,0.0,0.0,0.0,1200000.0
552805506,nakaseke,7,9700000.0,0.0,0.0,0.0,0.0,0.0,0.0,0.0,9700000.0
582449815,nakaseke,7,500000.0,200000.0,0.0,0.0,60000.0,999999.9999999995,0.0,0.0,1759999.9999999995
583383783,nakaseke,7,500000.0,200000.0,0.0,0.0,300000.0,0.0,0.0,0.0,1000000.0
583384470,nakaseke,7,500000.0,250000.0,0.0,60000.00000000002,200000.0,0.0,0.0,0.0,1010000.0
585919910,nakaseke,7,2000000.0,500000.0,89999.99999999997,500000.0,600000.0,0.0,0.0,0.0,3690000.0
585937638,nakaseke,7,600000.0,250000.0,89999.99999999997,60000.0,260000.0,0.0,0.0,0.0,1260000.0
592179023,nakaseke,7,1000000.0,200000.0,0.0,100000.0,0.0,0.0,0.0,0.0,1300000.0
551439238,nakaseke,7,1500000.0,0.0,0.0,0.0,0.0,0.0,0.0,0.0,1500000.0
555070994,nakaseke,7,600000.0,250000.0,0.0,100000.0,60000.0,0.0,0.0,0.0,1010000.0
555112218,nakaseke,7,1050000.0,0.0,68999.99999999997,499999.99999999977,100000.00000000004,0.0,0.0,0.0,1718999.9999999998
555148547,nakaseke,7,400000.0,250000.0,0.0,90000.0,400000.0,0.0,0.0,0.0,1140000.0
584458624,nakaseke,7,600000.0,250000.0,400000.0,100000.0,0.0,0.0,0.0,0.0,1350000.0
585290674,nakaseke,7,500000.0,250000.0,0.0,100000.0,900000.0,0.0,0.0,0.0,1750000.0
585290890,nakaseke,7,700000.0,300000.0,50000.0,120000.0,350000.0,0.0,0.0,0.0,1520000.0
585309665,nakaseke,7,500000.0,0.0,0.0,0.0,200000.0,0.0,0.0,0.0,700000.0
585924133,nakaseke,7,600000.0,200000.0,0.0,150000.0,300000.0,0.0,0.0,0.0,1250000.0
585929887,nakaseke,7,500000.0,0.0,0.0,0.0,0.0,0.0,0.0,0.0,500000.0
613834815,nakaseke,7,2100000.0,0.0,0.0,0.0,0.0,0.0,0.0,200000.00000000006,2300000.0
613836978,nakaseke,7,700000.0,0.0,0.0,0.0,0.0,0.0,0.0,0.0,700000.0
617656696,mukono,7,1099999.9999999998,0.0,0.0,0.0,0.0,0.0,0.0,0.0,1099999.9999999998
633860938,mukono,7,3000000.0,1000000.0,0.0,0.0,5000000.0,0.0,0.0,0.0,9000000.0
616677841,mukono,8,70000.0,0.0,6000000.0,0.0,0.0,0.0,0.0,0.0,6070000.0
551440657,nakaseke,8,280000.0,0.0,0.0,0.0,0.0,0.0,0.0,0.0,280000.0
592191523,nakaseke,8,312000.0,0.0,0.0,0.0,500000.0,0.0,0.0,0.0,812000.0
552803559,nakaseke,8,3440000.0,499999.9999999997,0.0,0.0,225000.00000000015,0.0,0.0,0.0,4164999.9999999995
613177526,nakaseke,8,50000000.0,0.0,0.0,0.0,0.0,0.0,0.0,0.0,50000000.0
613831899,nakaseke,8,203000.0,0.0,0.0,0.0,0.0,0.0,0.0,0.0,203000.0
614880484,mukono,8,120000.0,0.0,0.0,0.0,0.0,0.0,0.0,0.0,120000.0
550714067,nakaseke,8,800000.0,0.0,0.0,0.0,100799.99999999999,0.0,0.0,0.0,900800.0
550714208,nakaseke,8,1000000.0,0.0,0.0,0.0,200000.00000000006,0.0,0.0,0.0,1200000.0
556045414,nakaseke,8,1000000.0,0.0,0.0,0.0,500000.0,0.0,0.0,0.0,1500000.0
556046788,nakaseke,8,800000.0,0.0,0.0,300000.0,0.0,0.0,0.0,0.0,1100000.0
557695958,nakaseke,8,1000000.0,500000.0,0.0,0.0,200000.0,0.0,0.0,0.0,1700000.0
560461977,nakaseke,8,3000000.0,500000.0,0.0,0.0,0.0,0.0,0.0,0.0,3500000.0
592361767,nakaseke,8,5000000.0,0.0,0.0,0.0,250000.0,0.0,0.0,0.0,5250000.0
592363240,nakaseke,8,3000000.0,200000.0,0.0,0.0,500000.0,0.0,0.0,0.0,3700000.0
616701192,mukono,8,520000.0,0.0,0.0,0.0,0.0,0.0,0.0,0.0,520000.0
624293019,mukono,8,900000.0,500000.0,200000.0,300000.0,300000.0,0.0,0.0,0.0,2200000.0
550715350,nakaseke,8,800000.0,0.0,0.0,0.0,0.0,0.0,0.0,0.0,800000.0
552803832,nakaseke,8,2300000.0,0.0,0.0,0.0,299999.9999999999,0.0,0.0,0.0,2600000.0
553311655,nakaseke,8,950000.0,0.0,0.0,299999.99999999977,0.0,0.0,0.0,0.0,1249999.9999999998
554396495,nakaseke,8,900000.0,0.0,0.0,0.0,0.0,0.0,0.0,0.0,900000.0
555218845,nakaseke,8,4500000.0,0.0,0.0,400000.0,0.0,0.0,0.0,0.0,4900000.0
556047384,nakaseke,8,1500000.0,0.0,0.0,300000.0,0.0,500000.0,0.0,0.0,2300000.0
557713875,nakaseke,8,700000.0,0.0,0.0,0.0,0.0,0.0,0.0,0.0,700000.0
558376731,nakaseke,8,800000.0,0.0,0.0,0.0,0.0,0.0,0.0,0.0,800000.0
558377788,nakaseke,8,1250000.0,0.0,0.0,350000.0,40000.0,0.0,0.0,0.0,1640000.0
558378029,nakaseke,8,1000000.0,0.0,0.0,0.0,250000.0,0.0,0.0,0.0,1250000.0
559605691,nakaseke,8,4000000.0,300000.0,0.0,0.0,250000.0,0.0,0.0,0.0,4550000.0
560460598,nakaseke,8,4000000.0,0.0,0.0,0.0,0.0,0.0,0.0,0.0,4000000.0
560460842,nakaseke,8,2000000.0,0.0,0.0,0.0,400000.0,0.0,0.0,0.0,2400000.0
561199081,nakaseke,8,2500000.0,400000.0,0.0,0.0,200000.0,0.0,0.0,0.0,3100000.0
561203340,nakaseke,8,2500000.0,0.0,0.0,0.0,0.0,0.0,0.0,0.0,2500000.0
561250862,nakaseke,8,399600.0,0.0,0.0,300000.0,0.0,0.0,0.0,0.0,699600.0
582704845,nakaseke,8,7000000.0,400000.0,0.0,0.0,0.0,0.0,0.0,0.0,7400000.0
585217011,nakaseke,8,8000000.0,0.0,200000.0,0.0,0.0,0.0,0.0,0.0,8200000.0
588626659,nakaseke,8,156000.0,500000.0,300000.0,0.0,0.0,0.0,0.0,0.0,956000.0
588783193,nakaseke,8,7000000.0,0.0,0.0,0.0,0.0,0.0,0.0,0.0,7000000.0
613810847,nakaseke,8,360000.0,0.0,0.0,0.0,0.0,0.0,0.0,0.0,360000.0
614880582,mukono,8,400000.0,0.0,0.0,0.0,0.0,0.0,0.0,0.0,400000.0
616579050,mukono,8,500000.0,0.0,0.0,0.0,0.0,0.0,0.0,90000.0,590000.0
616701381,mukono,8,400000.0,0.0,0.0,0.0,0.0,0.0,0.0,180000.0,580000.0
623704503,mukono,8,300000.0,0.0,0.0,100000.0,0.0,0.0,0.0,100000.0,500000.0
550714829,nakaseke,8,600000.0,0.0,0.0,0.0,0.0,0.0,0.0,0.0,600000.0
551432268,nakaseke,8,650000.0,0.0,0.0,0.0,299999.99999999977,0.0,0.0,0.0,949999.9999999998
551438359,nakaseke,8,3800000.0,0.0,0.0,0.0,199999.99999999997,0.0,0.0,0.0,4000000.0
551438847,nakaseke,8,750000.0,0.0,0.0,0.0,74999.99999999996,0.0,0.0,0.0,825000.0
552834713,nakaseke,8,2500000.0,0.0,0.0,0.0,499999.99999999977,0.0,0.0,0.0,3000000.0
553313606,nakaseke,8,1100000.0,0.0,0.0,0.0,200000.00000000006,0.0,0.0,0.0,1300000.0
553314110,nakaseke,8,6500000.0,0.0,0.0,0.0,420000.00000000023,0.0,0.0,0.0,6920000.0
553314852,nakaseke,8,6380000.0,0.0,0.0,0.0,499999.9999999997,0.0,0.0,0.0,6880000.0
554382238,nakaseke,8,5500000.0,0.0,200000.00000000006,0.0,69999.99999999994,0.0,0.0,0.0,5770000.0
554383042,nakaseke,8,5500000.0,0.0,0.0,0.0,200000.00000000006,0.0,0.0,0.0,5700000.0
554388188,nakaseke,8,7500000.0,0.0,299999.9999999999,0.0,999999.9999999995,0.0,0.0,0.0,8800000.0
555219221,nakaseke,8,4000000.0,0.0,0.0,0.0,1000000.0,0.0,6000000.0,0.0,11000000.0
555219441,nakaseke,8,8000000.0,0.0,0.0,0.0,1000000.0,0.0,0.0,0.0,9000000.0
555219813,nakaseke,8,800000.0,0.0,0.0,0.0,150000.0,0.0,0.0,0.0,950000.0
556046148,nakaseke,8,500000.0,0.0,0.0,200000.0,150000.0,0.0,0.0,0.0,850000.0
557695618,nakaseke,8,800000.0,0.0,0.0,0.0,300000.0,0.0,0.0,0.0,1100000.0
557695779,nakaseke,8,5000000.0,0.0,200000.0,0.0,0.0,0.0,0.0,0.0,5200000.0
557696080,nakaseke,8,2000000.0,800000.0,0.0,250000.0,0.0,0.0,0.0,0.0,3050000.0
559607285,nakaseke,8,1000000.0,0.0,150000.0,300000.0,0.0,0.0,0.0,0.0,1450000.0
559607680,nakaseke,8,3500000.0,0.0,0.0,350000.0,0.0,0.0,0.0,0.0,3850000.0
559615651,nakaseke,8,2000000.0,0.0,0.0,0.0,0.0,0.0,0.0,0.0,2000000.0
560459965,nakaseke,8,3000000.0,0.0,0.0,0.0,0.0,0.0,1500000.0,0.0,4500000.0
561202301,nakaseke,8,3500000.0,0.0,150000.0,0.0,0.0,0.0,0.0,0.0,3650000.0
567488224,nakaseke,8,3000000.0,0.0,0.0,0.0,300000.0,0.0,0.0,0.0,3300000.0
581728335,nakaseke,8,6000000.0,400000.0,0.0,0.0,0.0,0.0,0.0,0.0,6400000.0
581800534,nakaseke,8,5000000.0,0.0,0.0,0.0,400000.0,0.0,0.0,0.0,5400000.0
581801301,nakaseke,8,4000000.0,0.0,0.0,0.0,0.0,0.0,0.0,0.0,4000000.0
582682579,nakaseke,8,3000000.0,0.0,0.0,0.0,400000.0,0.0,0.0,0.0,3400000.0
582684638,nakaseke,8,2000000.0,0.0,0.0,0.0,0.0,0.0,0.0,0.0,2000000.0
583582238,nakaseke,8,15000000.0,500000.0,0.0,0.0,0.0,0.0,0.0,0.0,15500000.0
584447265,nakaseke,8,8000000.0,0.0,0.0,0.0,500000.0,0.0,0.0,0.0,8500000.0
585215638,nakaseke,8,15000000.0,0.0,0.0,0.0,0.0,0.0,0.0,0.0,15000000.0
585216305,nakaseke,8,3000000.0,0.0,0.0,0.0,0.0,0.0,0.0,0.0,3000000.0
587012670,nakaseke,8,15000000.0,0.0,0.0,0.0,0.0,0.0,0.0,0.0,15000000.0
587012983,nakaseke,8,8000000.0,0.0,0.0,0.0,200000.0,0.0,0.0,0.0,8200000.0
587013280,nakaseke,8,25000000.0,0.0,0.0,0.0,0.0,2000000.0,0.0,0.0,27000000.0
588781706,nakaseke,8,14000000.0,300000.0,0.0,0.0,0.0,0.0,0.0,0.0,14300000.0
589705500,nakaseke,8,5000000.0,0.0,0.0,0.0,400000.0,0.0,0.0,0.0,5400000.0
589705733,nakaseke,8,12000000.0,450000.0,0.0,0.0,0.0,0.0,0.0,0.0,12450000.0
592193539,nakaseke,8,7998000.0,0.0,0.0,0.0,0.0,0.0,0.0,0.0,7998000.0
593223241,nakaseke,8,3000000.0,3000000.0,0.0,0.0,5000000.0,0.0,0.0,0.0,11000000.0
593223559,nakaseke,8,5000000.0,450000.0,0.0,0.0,0.0,0.0,0.0,0.0,5450000.0
613174996,nakaseke,8,3500000.0,0.0,0.0,0.0,300000.0,0.0,0.0,0.0,3800000.0
613177861,nakaseke,8,2000000.0,0.0,0.0,0.0,500000.0,0.0,0.0,0.0,2500000.0
613177864,nakaseke,8,5000000.0,0.0,0.0,0.0,0.0,0.0,0.0,0.0,5000000.0
613178463,nakaseke,8,8000000.0,0.0,0.0,0.0,0.0,5000000.0,0.0,0.0,13000000.0
613178868,nakaseke,8,500000.0,0.0,0.0,0.0,300000.0,0.0,0.0,0.0,800000.0
613180603,nakaseke,8,2000000.0,0.0,0.0,0.0,0.0,0.0,0.0,0.0,2000000.0
613822490,nakaseke,8,180000.0,150000.0,250000.0,0.0,0.0,0.0,0.0,0.0,580000.0
613825443,nakaseke,8,754000.0,250000.0,0.0,100000.0,0.0,0.0,0.0,0.0,1104000.0
618055484,mukono,8,750000.0,0.0,0.0,0.0,0.0,0.0,0.0,500000.0,1250000.0
619558400,mukono,8,350000.0,0.0,0.0,200000.0,100000.0,0.0,0.0,0.0,650000.0
621499875,mukono,8,800000.0,0.0,3600000.0,0.0,0.0,0.0,0.0,0.0,4400000.0
623176650,mukono,8,500000.0,0.0,12000000.0,1000000.0,0.0,0.0,0.0,0.0,13500000.0
623183149,mukono,8,288000.0,0.0,0.0,0.0,0.0,1000000.0,0.0,5000000.0,6288000.0
623185581,mukono,8,500000.0,0.0,0.0,1000000.0,0.0,2400000.0,0.0,0.0,3900000.0
633165095,mukono,8,500000.0,0.0,0.0,3000000.0,20000000.0,0.0,0.0,0.0,23500000.0
633861862,mukono,8,2000000.0,0.0,1000000.0,20000000.0,0.0,0.0,0.0,0.0,23000000.0
634022320,mukono,8,300000.0,0.0,0.0,300000.0,0.0,0.0,0.0,0.0,600000.0
634322498,mukono,8,120000.0,0.0,0.0,0.0,0.0,0.0,0.0,0.0,120000.0
634928993,mukono,8,60000.0,0.0,0.0,0.0,0.0,0.0,0.0,0.0,60000.0
634952733,mukono,8,1400000.0,0.0,0.0,0.0,500000.0,10000000.0,0.0,0.0,11900000.0
634953204,mukono,8,1200000.0,720000.0,0.0,0.0,500000.0,0.0,0.0,0.0,2420000.0
635102101,mukono,8,500000.0,0.0,0.0,0.0,0.0,20000000.0,12000000.0,0.0,32500000.0
635102513,mukono,8,800000.0,0.0,0.0,10000000.0,1000000.0,0.0,0.0,0.0,11800000.0
644159914,mukono,8,15000000.0,0.0,0.0,0.0,2800000.0,0.0,0.0,0.0,17800000.0
644420047,mukono,8,800000.0,0.0,0.0,0.0,0.0,2000000.0,0.0,0.0,2800000.0
551439754,nakaseke,8,4000000.0,349999.9999999997,0.0,0.0,259999.9999999998,0.0,2000000.0000000016,0.0,6610000.000000002
552968706,nakaseke,8,8000000.0,0.0,0.0,0.0,499999.9999999997,0.0,0.0,0.0,8500000.0
552969446,nakaseke,8,2500000.0,0.0,0.0,0.0,249999.99999999983,0.0,0.0,0.0,2750000.0
552970239,nakaseke,8,3500000.0,0.0,0.0,0.0,0.0,0.0,0.0,0.0,3500000.0
554387935,nakaseke,8,5500000.0,0.0,0.0,0.0,1049999.9999999998,0.0,0.0,0.0,6550000.0
558377096,nakaseke,8,2500000.0,500000.0,0.0,0.0,0.0,1000000.0,0.0,0.0,4000000.0
559607458,nakaseke,8,4000000.0,500000.0,0.0,0.0,200000.0,0.0,0.0,0.0,4700000.0
567493335,nakaseke,8,2000000.0,0.0,0.0,400000.0,800000.0,0.0,0.0,0.0,3200000.0
581802079,nakaseke,8,7000000.0,0.0,150000.0,0.0,300000.0,0.0,0.0,0.0,7450000.0
582619340,nakaseke,8,2000000.0,0.0,0.0,0.0,0.0,0.0,0.0,0.0,2000000.0
583580839,nakaseke,8,25000000.0,0.0,0.0,0.0,0.0,10000000.0,0.0,0.0,35000000.0
584444811,nakaseke,8,4000000.0,0.0,0.0,300000.0,0.0,0.0,0.0,0.0,4300000.0
585215286,nakaseke,8,6500000.0,500000.0,0.0,500000.0,0.0,0.0,0.0,0.0,7500000.0
587013182,nakaseke,8,6000000.0,0.0,150000.0,0.0,450000.0,0.0,0.0,0.0,6600000.0
588782700,nakaseke,8,12000000.0,0.0,0.0,500000.0,0.0,0.0,0.0,0.0,12500000.0
589705993,nakaseke,8,10000000.0,0.0,0.0,0.0,0.0,0.0,0.0,0.0,10000000.0
613178458,nakaseke,8,30000000.0,500000.0,0.0,0.0,0.0,0.0,0.0,0.0,30500000.0
613178880,nakaseke,8,3000000.0,800000.0,300000.0,0.0,0.0,0.0,0.0,0.0,4100000.0
613179574,nakaseke,8,4000000.0,0.0,0.0,0.0,400000.0,0.0,0.0,0.0,4400000.0
615825416,mukono,8,50000.0,0.0,0.0,0.0,0.0,0.0,0.0,0.0,50000.0
619544793,mukono,8,1000000.0,0.0,0.0,0.0,0.0,1000000.0,0.0,0.0,2000000.0
623479229,mukono,8,120000.0,0.0,0.0,0.0,0.0,0.0,0.0,0.0,120000.0
633706398,mukono,8,600000.0,0.0,0.0,0.0,0.0,0.0,0.0,0.0,600000.0
633706854,mukono,8,150000.0,0.0,0.0,0.0,80000.0,0.0,0.0,0.0,230000.0
553314312,nakaseke,8,11000000.0,0.0,0.0,0.0,499999.9999999997,0.0,0.0,0.0,11500000.0
555219512,nakaseke,8,1200000.0,2000000.0,0.0,0.0,0.0,0.0,0.0,0.0,3200000.0
561200684,nakaseke,8,4000000.0,0.0,0.0,200000.0,0.0,0.0,0.0,0.0,4200000.0
583583184,nakaseke,8,20000000.0,0.0,0.0,0.0,500000.0,0.0,0.0,0.0,20500000.0
584444125,nakaseke,8,8000000.0,0.0,0.0,0.0,0.0,1000000.0,0.0,0.0,9000000.0
584446459,nakaseke,8,4000000.0,0.0,200000.0,0.0,0.0,0.0,0.0,0.0,4200000.0
586786507,nakaseke,8,551800.0,160000.0,0.0,0.0,0.0,0.0,0.0,0.0,711800.0
586805028,nakaseke,8,384400.0,180000.0,0.0,0.0,100800.0,0.0,0.0,0.0,665200.0
588783732,nakaseke,8,8000000.0,0.0,0.0,300000.0,0.0,0.0,0.0,0.0,8300000.0
589705256,nakaseke,8,10000000.0,0.0,0.0,0.0,0.0,8000000.0,0.0,0.0,18000000.0
592362627,nakaseke,8,4000000.0,500000.0,0.0,0.0,0.0,0.0,0.0,0.0,4500000.0
592363516,nakaseke,8,9900000.0,0.0,0.0,0.0,0.0,0.0,0.0,0.0,9900000.0
615755561,mukono,8,24000000.0,2000000.0,0.0,0.0,1000000.0,5000000.0,0.0,0.0,32000000.0
616699698,mukono,8,600000.0,0.0,0.0,0.0,0.0,0.0,0.0,0.0,600000.0
618056804,mukono,8,1400000.0,0.0,0.0,200000.0,50000.0,0.0,0.0,0.0,1650000.0
623479343,mukono,8,150000.0,0.0,0.0,0.0,70000.0,0.0,0.0,0.0,220000.0
631647706,mukono,8,230000.0,0.0,0.0,0.0,0.0,0.0,0.0,0.0,230000.0
632871446,mukono,8,800000.0,0.0,0.0,0.0,0.0,0.0,0.0,0.0,800000.0
644420087,mukono,8,600000.0,0.0,0.0,1500000.0,0.0,0.0,0.0,0.0,2100000.0
583581711,nakaseke,8,8000000.0,0.0,200000.0,0.0,0.0,0.0,0.0,0.0,8200000.0
592192218,nakaseke,8,2400000.0,0.0,0.0,0.0,250000.0,0.0,0.0,0.0,2650000.0
614880682,mukono,8,1400000.0,0.0,0.0,0.0,0.0,0.0,0.0,0.0,1400000.0
618739011,mukono,8,6400000.0,0.0,0.0,0.0,0.0,0.0,0.0,0.0,6400000.0
618739107,mukono,8,1800000.0,0.0,0.0,0.0,0.0,0.0,0.0,0.0,1800000.0
622484850,mukono,8,600000.0,0.0,0.0,0.0,0.0,0.0,0.0,0.0,600000.0
623479274,mukono,8,150000.0,0.0,0.0,0.0,0.0,0.0,0.0,0.0,150000.0
623981062,mukono,8,400000.0,0.0,0.0,0.0,180000.0,0.0,0.0,0.0,580000.0
634929144,mukono,8,40000.0,0.0,0.0,0.0,75000.0,0.0,0.0,0.0,115000.0
635625391,mukono,8,120000.0,0.0,0.0,0.0,0.0,0.0,0.0,0.0,120000.0
635625490,mukono,8,80000.0,0.0,0.0,0.0,0.0,0.0,0.0,0.0,80000.0
556031317,nakaseke,8,450000.0,0.0,0.0,0.0,0.0,0.0,0.0,0.0,450000.0
556037719,nakaseke,8,400000.0,0.0,0.0,0.0,0.0,0.0,0.0,0.0,400000.0
560449324,nakaseke,8,2666000.0,0.0,0.0,0.0,1425600.0,0.0,0.0,0.0,4091600.0
586026956,nakaseke,8,354000.0,0.0,300000.0,0.0,0.0,0.0,0.0,0.0,654000.0
616680304,mukono,8,400000.0,0.0,800000.0,0.0,0.0,3600000.0,0.0,0.0,4800000.0
616700114,mukono,8,360000.0,0.0,0.0,0.0,0.0,0.0,0.0,0.0,360000.0
623980936,mukono,8,180000.0,0.0,0.0,0.0,0.0,0.0,0.0,0.0,180000.0
632872132,mukono,8,590000.0,0.0,0.0,0.0,0.0,0.0,0.0,0.0,590000.0
550732883,nakaseke,8,2800000.0,0.0,0.0,0.0,0.0,0.0,0.0,0.0,2800000.0
582502735,nakaseke,8,450000.0,0.0,0.0,0.0,0.0,0.0,0.0,0.0,450000.0
586030936,nakaseke,8,195000.0,0.0,150000.0,0.0,0.0,0.0,0.0,0.0,345000.0
614807290,mukono,8,900000.0,0.0,0.0,0.0,0.0,0.0,0.0,600000.0,1500000.0
614850521,mukono,8,200000.0,0.0,150000.0,0.0,300000.0,0.0,0.0,0.0,650000.0
614880379,mukono,8,2600000.0,0.0,0.0,20000.0,1600000.000000001,0.0,0.0,0.0,4220000.000000001
615759274,mukono,8,1000000.0,0.0,0.0,0.0,0.0,0.0,500000.0,0.0,1500000.0
615825361,mukono,8,2600000.0,0.0,0.0,0.0,0.0,0.0,0.0,0.0,2600000.0
616578776,mukono,8,1200000.0,300000.0,200000.0,0.0,0.0,1500000.0,0.0,0.0,3200000.0
616579437,mukono,8,1500000.0,0.0,0.0,500000.0,0.0,0.0,0.0,0.0,2000000.0
616580090,mukono,8,300000.0,100000.0,100000.0,100000.0,300000.0,0.0,0.0,0.0,900000.0
616699119,mukono,8,90000.0,0.0,0.0,0.0,0.0,0.0,0.0,0.0,90000.0
617648886,mukono,8,320000.0,0.0,0.0,0.0,0.0,0.0,0.0,0.0,320000.0
618056277,mukono,8,900000.0,0.0,0.0,100000.0,0.0,0.0,0.0,0.0,1000000.0
618502771,mukono,8,500000.0,0.0,200000.0,0.0,0.0,0.0,0.0,0.0,700000.0
618503624,mukono,8,1100000.0,0.0,0.0,1000000.0,0.0,0.0,0.0,0.0,2100000.0
619549456,mukono,8,1600000.0,0.0,0.0,0.0,0.0,1200000.0,0.0,1400000.0,4200000.0
619551006,mukono,8,480000.0,0.0,0.0,500000.0,0.0,0.0,0.0,0.0,980000.0
619552154,mukono,8,1200000.0,0.0,0.0,0.0,1000000.0,0.0,0.0,0.0,2200000.0
619559855,mukono,8,1800000.0,0.0,0.0,0.0,2000000.0,1350000.0,0.0,0.0,5150000.0
622292961,mukono,8,500000.0,0.0,0.0,400000.0,0.0,0.0,0.0,0.0,900000.0
623188000,mukono,8,600000.0,0.0,0.0,0.0,15000000.0,6000000.0,0.0,0.0,21600000.0
623704256,mukono,8,3500000.0,0.0,0.0,600000.0,500000.0,0.0,0.0,0.0,4600000.0
624717557,mukono,8,400000.0,0.0,2000000.0,0.0,0.0,0.0,0.0,0.0,2400000.0
628775538,mukono,8,1000000.0,0.0,0.0,1000000.0,0.0,0.0,0.0,0.0,2000000.0
632457381,mukono,8,1200000.0,0.0,0.0,600000.0,300000.0,0.0,0.0,0.0,2100000.0
632479613,mukono,8,800000.0,100000.0,0.0,200000.0,100000.0,0.0,0.0,0.0,1200000.0
632526756,mukono,8,17500000.0,0.0,0.0,2000000.0,0.0,0.0,0.0,0.0,19500000.0
632870245,mukono,8,120000.0,0.0,0.0,0.0,15000.0,0.0,0.0,0.0,135000.0
633860192,mukono,8,15000000.0,0.0,0.0,1000000.0,600000.0,0.0,0.0,0.0,16600000.0
633861646,mukono,8,3000000.0,0.0,0.0,0.0,2800000.0,0.0,0.0,0.0,5800000.0
634322667,mukono,8,160000.0,0.0,0.0,0.0,0.0,0.0,0.0,0.0,160000.0
634322758,mukono,8,800000.0,0.0,0.0,0.0,0.0,0.0,0.0,0.0,800000.0
635625535,mukono,8,900000.0,0.0,0.0,0.0,40000.0,0.0,0.0,0.0,940000.0
635860119,mukono,8,1200000.0,200000.0,0.0,300000.0,300000.0,0.0,0.0,0.0,2000000.0
636602799,mukono,8,1500000.0,200000.0,0.0,0.0,200000.0,0.0,0.0,0.0,1900000.0
558422222,nakaseke,8,1180000.0,240000.0,0.0,0.0,0.0,0.0,0.0,0.0,1420000.0
559666954,nakaseke,8,494000.0,0.0,0.0,0.0,0.0,0.0,0.0,0.0,494000.0
560448617,nakaseke,8,560000.0,0.0,0.0,0.0,0.0,0.0,0.0,0.0,560000.0
583505993,nakaseke,8,450000.0,0.0,180000.0,0.0,0.0,0.0,0.0,0.0,630000.0
584452976,nakaseke,8,286000.0,1500000.0,250000.0,0.0,0.0,0.0,0.0,0.0,2036000.0
586809899,nakaseke,8,298900.0,250000.0,150000.0,0.0,0.0,0.0,0.0,0.0,698900.0
618738329,mukono,8,1200000.0,0.0,0.0,0.0,0.0,0.0,0.0,0.0,1200000.0
623981362,mukono,8,800000.0,0.0,0.0,0.0,0.0,0.0,0.0,0.0,800000.0
633706233,mukono,8,180000.0,0.0,0.0,0.0,0.0,0.0,0.0,0.0,180000.0
555219650,nakaseke,8,700000.0,0.0,0.0,0.0,0.0,0.0,0.0,0.0,700000.0
581666974,nakaseke,8,663600.0,0.0,0.0,250000.0,162000.0,0.0,0.0,0.0,1075600.0
589566940,nakaseke,8,420000.0,0.0,0.0,0.0,0.0,0.0,0.0,0.0,420000.0
615760019,mukono,8,600000.0,300000.0,0.0,0.0,0.0,0.0,0.0,0.0,900000.0
615825276,mukono,8,1200000.0,0.0,0.0,0.0,0.0,0.0,0.0,0.0,1200000.0
616698945,mukono,8,6000000.0,0.0,0.0,0.0,1500000.0,0.0,0.0,0.0,7500000.0
616699320,mukono,8,1800000.0,0.0,0.0,0.0,0.0,0.0,0.0,0.0,1800000.0
619769782,mukono,8,1800000.0,0.0,0.0,0.0,0.0,0.0,0.0,0.0,1800000.0
621639263,mukono,8,100000.0,0.0,0.0,0.0,0.0,0.0,0.0,0.0,100000.0
622484708,mukono,8,1600000.0,0.0,0.0,0.0,0.0,0.0,0.0,0.0,1600000.0
623981163,mukono,8,1800000.0,0.0,0.0,0.0,2200000.0,0.0,0.0,0.0,4000000.0
550732746,nakaseke,8,1200000.0,0.0,0.0,0.0,0.0,0.0,0.0,0.0,1200000.0
615825485,mukono,8,2400000.0,0.0,0.0,0.0,0.0,0.0,0.0,0.0,2400000.0
551438282,nakaseke,8,1250000.0,0.0,0.0,0.0,0.0,0.0,0.0,0.0,1250000.0
585181910,nakaseke,8,468000.0,230000.0,0.0,250000.0,0.0,0.0,0.0,0.0,948000.0
553313598,nakaseke,8,14010000.0,0.0,0.0,0.0,6000000.000000005,0.0,0.0,0.0,20010000.000000004
555219886,nakaseke,8,1900000.0,420000.0,0.0,0.0,0.0,0.0,0.0,0.0,2320000.0
561236657,nakaseke,8,1296000.0,0.0,0.0,500000.0,221000.0,0.0,0.0,0.0,2017000.0
583502844,nakaseke,8,510000.0,0.0,0.0,0.0,0.0,0.0,0.0,0.0,510000.0
584472197,nakaseke,8,702000.0,0.0,300000.0,0.0,466200.0,0.0,0.0,0.0,1468200.0
588619360,nakaseke,8,492000.0,0.0,0.0,0.0,0.0,0.0,0.0,0.0,492000.0
613814407,nakaseke,8,2560000.0,0.0,0.0,0.0,0.0,0.0,0.0,0.0,2560000.0
614850687,mukono,8,200000.0,0.0,0.0,200000.0,0.0,0.0,0.0,0.0,400000.0
615773237,mukono,8,700000.0,0.0,300000.0,200000.0,120000.0,200000.0,0.0,0.0,1520000.0
616679140,mukono,8,3000000.0,1000000.0,0.0,0.0,6000000.0,10000000.0,0.0,0.0,20000000.0
618056509,mukono,8,3000000.0,0.0,0.0,100000.0,0.0,0.0,0.0,0.0,3100000.0
618502947,mukono,8,1000000.0,0.0,0.0,300000.0,200000.0,0.0,0.0,0.0,1500000.0
618503261,mukono,8,900000.0,0.0,0.0,0.0,0.0,0.0,0.0,1000000.0,1900000.0
618738549,mukono,8,900000.0,0.0,0.0,0.0,0.0,0.0,0.0,0.0,900000.0
619307564,mukono,8,1300000.0,0.0,0.0,200000.0,500000.0,0.0,0.0,0.0,2000000.0
619543012,mukono,8,400000.0,360000.0,0.0,0.0,0.0,5100000.0,0.0,0.0,5860000.0
620136574,mukono,8,900000.0,300000.0,200000.0,0.0,300000.0,0.0,0.0,0.0,1700000.0
620155076,mukono,8,500000.0,500000.0,0.0,0.0,300000.0,0.0,0.0,0.0,1300000.0
621076849,mukono,8,1500000.0,0.0,0.0,0.0,2000000.0,0.0,0.0,2000000.0,5500000.0
622287746,mukono,8,700000.0,0.0,0.0,100000.0,70000.0,0.0,0.0,0.0,870000.0
622484987,mukono,8,2400000.0,0.0,0.0,0.0,0.0,0.0,0.0,0.0,2400000.0
631647870,mukono,8,1800000.0,0.0,0.0,0.0,0.0,0.0,0.0,0.0,1800000.0
632483673,mukono,8,2000000.0,200000.0,0.0,300000.0,300000.0,0.0,0.0,0.0,2800000.0
632532023,mukono,8,4800000.0,0.0,0.0,0.0,1000000.0,0.0,0.0,0.0,5800000.0
633706958,mukono,8,320000.0,0.0,0.0,0.0,150000.0,0.0,0.0,0.0,470000.0
634023370,mukono,8,2000000.0,0.0,0.0,200000.0,0.0,0.0,0.0,100000.0,2300000.0
634718078,mukono,8,3000000.0,300000.0,0.0,0.0,300000.0,0.0,0.0,100000.0,3700000.0
634718387,mukono,8,1000000.0,100000.0,100000.0,100000.0,200000.0,0.0,0.0,0.0,1500000.0
635238203,mukono,8,700000.0,100000.0,300000.0,0.0,100000.0,0.0,0.0,0.0,1200000.0
635859907,mukono,8,1800000.0,200000.0,0.0,300000.0,30000.0,0.0,0.0,0.0,2330000.0
636603192,mukono,8,7000000.0,0.0,0.0,0.0,500000.0,2000000.0,0.0,0.0,9500000.0
551433371,nakaseke,8,930000.0,499999.9999999997,0.0,0.0,0.0,0.0,0.0,0.0,1429999.9999999998
581719428,nakaseke,8,554400.0,0.0,0.0,0.0,0.0,0.0,0.0,0.0,554400.0
584453809,nakaseke,8,1008000.0,0.0,0.0,300000.0,0.0,0.0,0.0,0.0,1308000.0
588629366,nakaseke,8,552000.0,350000.0,0.0,0.0,0.0,0.0,0.0,0.0,902000.0
593198085,nakaseke,8,456000.0,0.0,0.0,0.0,0.0,0.0,0.0,0.0,456000.0
614850630,mukono,8,500000.0,0.0,100000.0,0.0,100000.0,0.0,0.0,0.0,700000.0
558415060,nakaseke,8,694400.0,0.0,0.0,250000.0,0.0,0.0,0.0,0.0,944400.0
561237697,nakaseke,8,499200.0,450000.0,0.0,0.0,500000.0,0.0,0.0,0.0,1449200.0
582502398,nakaseke,8,480000.0,0.0,0.0,0.0,225000.0,0.0,0.0,0.0,705000.0
586028388,nakaseke,8,617400.0,0.0,300000.0,0.0,200000.0,0.0,0.0,0.0,1117400.0
613819661,nakaseke,8,336000.0,0.0,0.0,0.0,0.0,0.0,0.0,0.0,336000.0
619770045,mukono,8,900000.0,0.0,0.0,0.0,0.0,0.0,0.0,0.0,900000.0
553313800,nakaseke,8,14000000.0,0.0,0.0,0.0,1500000.000000001,0.0,0.0,0.0,15500000.0
560449000,nakaseke,8,680400.0,0.0,0.0,0.0,150000.0,0.0,0.0,0.0,830400.0
560449862,nakaseke,8,610000.0,0.0,0.0,300000.0,0.0,0.0,0.0,0.0,910000.0
583505325,nakaseke,8,1500000.0,0.0,0.0,0.0,0.0,0.0,0.0,0.0,1500000.0
613821415,nakaseke,8,2232000.0,0.0,0.0,0.0,0.0,0.0,0.0,0.0,2232000.0
561257600,nakaseke,8,325000.0,0.0,0.0,0.0,0.0,0.0,0.0,0.0,325000.0
585193571,nakaseke,8,545200.0,0.0,200000.0,0.0,640800.0,0.0,0.0,0.0,1386000.0
621639988,mukono,8,600000.0,0.0,0.0,0.0,1200000.0,0.0,0.0,0.0,1800000.0
550731204,nakaseke,8,600000.0,0.0,0.0,0.0,0.0,0.0,0.0,0.0,600000.0
550739292,nakaseke,8,500000.0,0.0,0.0,0.0,0.0,0.0,0.0,0.0,500000.0
550740686,nakaseke,8,1000000.0,0.0,0.0,0.0,0.0,0.0,0.0,0.0,1000000.0
551433006,nakaseke,8,1210000.0,450000.00000000035,0.0,0.0,0.0,0.0,0.0,0.0,1660000.0000000005
552803009,nakaseke,8,7950000.0,0.0,0.0,0.0,0.0,0.0,0.0,0.0,7950000.0
554395712,nakaseke,8,2360000.0,0.0,0.0,0.0,249999.99999999983,0.0,0.0,0.0,2610000.0
554399870,,8,8800000.0,0.0,0.0,0.0,1900000.0,0.0,0.0,0.0,10700000.0
555219447,nakaseke,8,1050000.0,0.0,0.0,0.0,0.0,0.0,0.0,0.0,1050000.0
559669939,nakaseke,8,2697500.0,0.0,0.0,0.0,520000.0,0.0,0.0,0.0,3217500.0
581666409,nakaseke,8,680400.0,0.0,100000.0,0.0,180000.0,0.0,0.0,0.0,960400.0
585208171,nakaseke,8,975000.0,0.0,300000.0,0.0,0.0,0.0,0.0,0.0,1275000.0
613829595,nakaseke,8,1003400.0,0.0,0.0,0.0,0.0,0.0,0.0,0.0,1003400.0
614807717,mukono,8,800000.0,0.0,0.0,500000.0,0.0,0.0,0.0,0.0,1300000.0
615773415,mukono,8,900000.0,200000.0,0.0,300000.0,300000.0,500000.0,0.0,0.0,2200000.0
616587562,mukono,8,1500000.0,20000.0,0.0,0.0,200000.0,0.0,0.0,0.0,1720000.0
617648818,mukono,8,1200000.0,0.0,0.0,0.0,0.0,0.0,0.0,0.0,1200000.0
617656724,mukono,8,3200000.0,0.0,0.0,0.0,0.0,0.0,0.0,0.0,3200000.0
618738718,mukono,8,2400000.0,0.0,0.0,0.0,0.0,0.0,0.0,0.0,2400000.0
618740822,mukono,8,2400000.0,0.0,0.0,0.0,0.0,0.0,0.0,0.0,2400000.0
619306835,mukono,8,1200000.0,300000.0,0.0,200000.0,0.0,300000.0,0.0,0.0,2000000.0
619559199,mukono,8,6000000.0,0.0,0.0,0.0,12000000.0,0.0,0.0,0.0,18000000.0
619769613,mukono,8,4500000.0,0.0,0.0,0.0,0.0,0.0,0.0,0.0,4500000.0
620129760,mukono,8,3500000.0,500000.0,0.0,0.0,500000.0,0.0,0.0,0.0,4500000.0
620157158,mukono,8,2500000.0,0.0,0.0,2000000.0,1000000.0,300000.0,0.0,0.0,5800000.0
620418682,mukono,8,12000000.0,1800000.0,0.0,0.0,1000000.0,0.0,0.0,0.0,14800000.0
620699865,mukono,8,2400000.0,0.0,0.0,0.0,0.0,0.0,0.0,0.0,2400000.0
620699988,mukono,8,36000000.0,0.0,0.0,0.0,0.0,0.0,0.0,0.0,36000000.0
621075678,mukono,8,1200000.0,0.0,0.0,0.0,0.0,0.0,0.0,100000.0,1300000.0
621078199,mukono,8,1200000.0,0.0,0.0,0.0,500000.0,0.0,0.0,1000000.0,2700000.0
621497521,mukono,8,750000.0,0.0,0.0,500000.0,200000.0,0.0,0.0,0.0,1450000.0
622288485,mukono,8,2000000.0,2500000.0,0.0,0.0,1000000.0,500000.0,0.0,0.0,6000000.0
622289226,mukono,8,900000.0,200000.0,100000.0,0.0,500000.0,0.0,0.0,300000.0,2000000.0
622950844,mukono,8,2600000.0,400000.0,0.0,0.0,1500000.0,0.0,0.0,0.0,4500000.0
622950959,mukono,8,700000.0,100000.0,0.0,200000.0,0.0,0.0,0.0,0.0,1000000.0
622951178,mukono,8,2100000.0,0.0,0.0,0.0,2000000.0,0.0,0.0,0.0,4100000.0
623479319,mukono,8,400000.0,0.0,0.0,0.0,2800000.0,0.0,0.0,0.0,3200000.0
623704150,mukono,8,1000000.0,500000.0,0.0,500000.0,300000.0,0.0,0.0,0.0,2300000.0
623704380,mukono,8,300000.0,0.0,200000.0,0.0,200000.0,0.0,0.0,0.0,700000.0
624715344,mukono,8,200000.0,0.0,0.0,0.0,200000.0,0.0,0.0,1000000.0,1400000.0
631647480,mukono,8,3200000.0,0.0,0.0,0.0,700000.0,0.0,0.0,0.0,3900000.0
632449589,mukono,8,3000000.0,0.0,0.0,500000.0,0.0,0.0,0.0,0.0,3500000.0
632465838,mukono,8,2500000.0,200000.0,0.0,300000.0,300000.0,0.0,0.0,0.0,3300000.0
633165465,mukono,8,2000000.0,400000.0,0.0,500000.0,500000.0,0.0,0.0,0.0,3400000.0
633165662,mukono,8,2000000.0,300000.0,0.0,0.0,300000.0,200000.0,0.0,0.0,2800000.0
634022615,mukono,8,4000000.0,1000000.0,0.0,1000000.0,300000.0,0.0,0.0,0.0,6300000.0
634718321,mukono,8,1000000.0,0.0,0.0,0.0,300000.0,500000.0,0.0,0.0,1800000.0
634929270,mukono,8,80000.0,0.0,0.0,0.0,0.0,0.0,0.0,0.0,80000.0
635102819,mukono,8,1000000.0,0.0,500000.0,0.0,500000.0,0.0,0.0,0.0,2000000.0
635238371,mukono,8,2000000.0,1000000.0,0.0,500000.0,500000.0,0.0,0.0,0.0,4000000.0
635238449,mukono,8,2500000.0,100000.0,0.0,300000.0,300000.0,0.0,0.0,0.0,3200000.0
635238630,mukono,8,1500000.0,500000.0,0.0,300000.0,300000.0,0.0,0.0,0.0,2600000.0
635625333,mukono,8,400000.0,0.0,0.0,0.0,0.0,0.0,0.0,0.0,400000.0
635859825,mukono,8,1500000.0,0.0,0.0,500000.0,0.0,0.0,0.0,0.0,2000000.0
635860002,mukono,8,3000000.0,200000.0,0.0,0.0,0.0,0.0,0.0,0.0,3200000.0
635860179,mukono,8,3000000.0,1000000.0,0.0,500000.0,500000.0,0.0,0.0,0.0,5000000.0
636134719,mukono,8,24000000.0,0.0,0.0,1000000.0,1950000.0,0.0,0.0,0.0,26950000.0
636135880,mukono,8,1400000.0,0.0,1500000.0,0.0,500000.0,0.0,0.0,0.0,3400000.0
636603058,mukono,8,900000.0,0.0,0.0,0.0,200000.0,0.0,0.0,0.0,1100000.0
636603136,mukono,8,700000.0,0.0,0.0,300000.0,500000.0,0.0,0.0,0.0,1500000.0
644152753,mukono,8,2000000.0,200000.0,0.0,300000.0,300000.0,0.0,0.0,300000.0,3100000.0
644152847,mukono,8,700000.0,100000.0,0.0,200000.0,200000.0,0.0,0.0,0.0,1200000.0
644159669,mukono,8,3200000.0,0.0,0.0,0.0,420000.0,0.0,0.0,0.0,3620000.0
554400498,nakaseke,8,7000000.0,0.0,0.0,0.0,299999.9999999999,0.0,0.0,0.0,7300000.0
559666632,nakaseke,8,990000.0,0.0,0.0,150000.0,0.0,0.0,0.0,0.0,1140000.0
619306547,mukono,8,2000000.0,500000.0,0.0,0.0,0.0,0.0,0.0,320000.0,2820000.0
622485261,mukono,8,800000.0,0.0,0.0,0.0,0.0,0.0,0.0,0.0,800000.0
631647195,mukono,8,600000.0,0.0,0.0,0.0,150000.0,0.0,0.0,0.0,750000.0
565368592,nakaseke,8,571200.0,0.0,0.0,0.0,127000.0,0.0,0.0,0.0,698200.0
584454693,nakaseke,8,250000.0,0.0,250000.0,0.0,0.0,0.0,0.0,0.0,500000.0
618738814,mukono,8,2600000.0,0.0,0.0,0.0,0.0,0.0,0.0,0.0,2600000.0
582503421,nakaseke,8,690000.0,0.0,0.0,0.0,0.0,0.0,0.0,0.0,690000.0
589565846,nakaseke,8,720000.0,0.0,0.0,0.0,850000.0,0.0,0.0,0.0,1570000.0
614850459,mukono,8,1100000.0,0.0,0.0,0.0,550000.0,0.0,0.0,0.0,1650000.0
556032422,nakaseke,8,2500000.0,1800000.0,0.0,300000.0,0.0,0.0,0.0,0.0,4600000.0
558422563,nakaseke,8,1750000.0,0.0,0.0,0.0,950000.0,0.0,0.0,0.0,2700000.0
585223034,nakaseke,8,342000.0,0.0,0.0,0.0,0.0,0.0,0.0,0.0,342000.0
623704362,mukono,8,700000.0,500000.0,0.0,0.0,500000.0,0.0,0.0,0.0,1700000.0
633165535,mukono,8,1800000.0,0.0,0.0,500000.0,500000.0,0.0,0.0,0.0,2800000.0
634929225,mukono,8,4000000.0,0.0,0.0,0.0,100000.0,0.0,0.0,0.0,4100000.0
636602878,mukono,8,3500000.0,200000.0,0.0,200000.0,300000.0,0.0,0.0,0.0,4200000.0
558418973,nakaseke,8,1664000.0,0.0,0.0,0.0,1800000.0,2500000.0,0.0,0.0,5964000.0
613827164,nakaseke,8,1560200.0,0.0,450000.0,0.0,950000.0,0.0,0.0,0.0,2960200.0
632876809,mukono,8,320000.0,0.0,0.0,0.0,0.0,0.0,0.0,0.0,320000.0
559670838,nakaseke,8,2073500.0,0.0,0.0,200000.0,0.0,0.0,0.0,0.0,2273500.0
588625655,nakaseke,8,2496000.0,0.0,300000.0,0.0,1050000.0,0.0,0.0,0.0,3846000.0
550732633,nakaseke,8,1050000.0,0.0,0.0,700000.0000000006,0.0,0.0,0.0,0.0,1750000.0000000005
550740078,nakaseke,8,1100000.0,50000.00000000001,0.0,0.0,0.0,0.0,0.0,0.0,1150000.0
552802393,nakaseke,8,8800000.0,450000.00000000035,0.0,0.0,400000.0000000001,0.0,0.0,0.0,9650000.0
553314788,nakaseke,8,7500000.0,0.0,0.0,0.0,299999.9999999999,0.0,0.0,0.0,7800000.0
556033462,nakaseke,8,4032000.0,0.0,0.0,0.0,1755000.0,0.0,0.0,0.0,5787000.0
557694485,nakaseke,8,90000.0,0.0,0.0,50000.0,0.0,0.0,0.0,0.0,140000.0
557694682,nakaseke,8,90000.0,0.0,0.0,25000.0,0.0,0.0,0.0,0.0,115000.0
557711753,nakaseke,8,1750000.0,0.0,0.0,0.0,0.0,0.0,0.0,0.0,1750000.0
557713215,nakaseke,8,1100000.0000000002,0.0,0.0,0.0,0.0,0.0,0.0,0.0,1100000.0000000002
558375556,nakaseke,8,300000.0,0.0,0.0,50000.0,60000.0,0.0,0.0,0.0,410000.0
565368815,nakaseke,8,1150000.0,0.0,0.0,300000.0,0.0,0.0,0.0,0.0,1450000.0
583503314,nakaseke,8,3060000.0,0.0,0.0,0.0,639000.0,0.0,0.0,0.0,3699000.0
592192864,nakaseke,8,2400000.0,0.0,0.0,0.0,0.0,0.0,0.0,0.0,2400000.0
614807974,mukono,8,700000.0,0.0,0.0,400000.0,0.0,0.0,0.0,0.0,1100000.0
614850566,mukono,8,3200000.0,0.0,0.0,0.0,3000000.0,0.0,0.0,0.0,6200000.0
615761193,mukono,8,7000000.0,1000000.0,0.0,0.0,1000000.0,0.0,500000.0,0.0,9500000.0
615773611,mukono,8,1000000.0,200000.0,100000.0,0.0,100000.0,0.0,0.0,0.0,1400000.0
616675567,mukono,8,300000.0,0.0,0.0,0.0,0.0,1000000.0,600000.0,0.0,1900000.0
617462488,mukono,8,650000.0,0.0,0.0,0.0,0.0,4000000.0,0.0,0.0,4650000.0
617463415,mukono,8,300000.0,0.0,0.0,0.0,300000.0,2400000.0,0.0,0.0,3000000.0
617648934,mukono,8,2400000.0,0.0,0.0,0.0,0.0,0.0,0.0,0.0,2400000.0
619547863,mukono,8,1000000.0,0.0,0.0,0.0,250000.0,1000000.0,0.0,0.0,2250000.0
619769827,mukono,8,560000.0,0.0,0.0,0.0,0.0,0.0,0.0,250000.0,810000.0
619769984,mukono,8,1800000.0,0.0,0.0,0.0,0.0,0.0,0.0,0.0,1800000.0
620417365,mukono,8,600000.0,0.0,0.0,0.0,0.0,5000000.0,1000000.0,0.0,6600000.0
620699936,mukono,8,3200000.0,0.0,0.0,0.0,0.0,0.0,0.0,0.0,3200000.0
620700057,mukono,8,1200000.0,0.0,0.0,0.0,1600000.0,0.0,0.0,0.0,2800000.0
621078668,mukono,8,1100000.0,200000.0,0.0,0.0,800000.0,0.0,4800000.0,500000.0,7400000.0
621640204,mukono,8,130000.0,0.0,0.0,0.0,0.0,0.0,0.0,0.0,130000.0
621642449,mukono,8,200000.0,0.0,0.0,0.0,0.0,0.0,0.0,0.0,200000.0
622289483,mukono,8,400000.0,200000.0,100000.0,0.0,200000.0,0.0,0.0,0.0,900000.0
622485078,mukono,8,8000000.0,0.0,0.0,0.0,4500000.0,0.0,0.0,0.0,12500000.0
623981243,mukono,8,100000.0,0.0,0.0,0.0,250000.0,0.0,0.0,0.0,350000.0
624290457,mukono,8,1800000.0,500000.0,0.0,1000000.0,500000.0,600000.0,0.0,0.0,4400000.0
624291333,mukono,8,700000.0,600000.0,0.0,600000.0,500000.0,0.0,0.0,0.0,2400000.0
624292438,mukono,8,700000.0,700000.0,200000.0,200000.0,200000.0,0.0,0.0,0.0,2000000.0
631647010,mukono,8,1200000.0,0.0,0.0,0.0,75000.0,0.0,0.0,0.0,1275000.0
633165312,mukono,8,1200000.0,0.0,0.0,200000.0,0.0,0.0,0.0,0.0,1400000.0
633706793,mukono,8,300000.0,0.0,0.0,0.0,500000.0,0.0,0.0,0.0,800000.0
634022985,mukono,8,900000.0,0.0,0.0,300000.0,0.0,0.0,0.0,100000.0,1300000.0
634718242,mukono,8,5000000.0,1000000.0,0.0,1000000.0,1000000.0,0.0,0.0,0.0,8000000.0
635238561,mukono,8,1200000.0,0.0,0.0,500000.0,300000.0,0.0,0.0,0.0,2000000.0
636135365,mukono,8,3000000.0,0.0,500000.0,300000.0,100000.0,0.0,0.0,0.0,3900000.0
636136285,mukono,8,2400000.0,0.0,0.0,1000000.0,0.0,0.0,0.0,3000000.0,6400000.0
616674531,mukono,8,5100000.0,0.0,0.0,0.0,0.0,0.0,2000000.0,0.0,7100000.0
557715625,nakaseke,8,1650000.0,0.0,0.0,0.0,0.0,0.0,0.0,0.0,1650000.0
582503133,nakaseke,8,1260000.0,0.0,0.0,500000.0,0.0,0.0,0.0,0.0,1760000.0
586804272,nakaseke,8,3217800.0,300000.0,1000000.0,0.0,560000.0,0.0,0.0,0.0,5077800.0
620699783,mukono,8,2800000.0,0.0,0.0,0.0,0.0,0.0,0.0,0.0,2800000.0
550738751,nakaseke,8,400000.0,0.0,0.0,0.0,0.0,0.0,0.0,0.0,400000.0
589566299,nakaseke,8,540000.0,0.0,0.0,0.0,0.0,0.0,0.0,0.0,540000.0
556042851,nakaseke,8,700000.0,0.0,0.0,300000.0,250000.0,0.0,0.0,0.0,1250000.0
581667076,nakaseke,8,831600.0,0.0,300000.0,150000.0,0.0,0.0,0.0,0.0,1281600.0
561201812,nakaseke,8,600000.0,0.0,250000.0,90000.0,90000.0,0.0,0.0,0.0,1030000.0
561202655,nakaseke,8,300000.0,60000.0,55000.0,150000.0,70000.0,0.0,0.0,0.0,635000.0
622951271,mukono,8,1800000.0,1000000.0,0.0,0.0,1200000.0,0.0,0.0,0.0,4000000.0
623479194,mukono,8,2400000.0,0.0,0.0,0.0,1200000.0,0.0,0.0,0.0,3600000.0
633859954,mukono,8,1200000.0,0.0,1000000.0,0.0,500000.0,0.0,0.0,0.0,2700000.0
634322609,mukono,8,1800000.0,0.0,0.0,0.0,0.0,0.0,0.0,0.0,1800000.0
634718422,mukono,8,1000000.0,0.0,0.0,0.0,0.0,0.0,0.0,0.0,1000000.0
618738459,mukono,8,5400000.0,0.0,0.0,0.0,0.0,0.0,0.0,0.0,5400000.0
552806909,nakaseke,8,1120000.0,0.0,0.0,0.0,149999.99999999994,0.0,0.0,0.0,1270000.0
557694859,nakaseke,8,90000.0,0.0,0.0,0.0,0.0,0.0,0.0,0.0,90000.0
589566059,nakaseke,8,6300000.0,1000000.0,0.0,300000.0,0.0,0.0,0.0,0.0,7600000.0
593200247,nakaseke,8,31200005.0,1000000.0,0.0,0.0,1080000.0,0.0,0.0,0.0,33280005.0
613820537,nakaseke,8,5040000.0,500000.0,0.0,0.0,0.0,0.0,0.0,0.0,5540000.0
614808240,mukono,8,1000000.0,0.0,0.0,600000.0,0.0,200000.0,0.0,0.0,1800000.0
615773753,mukono,8,1500000.0,1000000.0,0.0,200000.0,0.0,0.0,0.0,0.0,2700000.0
617460629,mukono,8,800000.0,0.0,0.0,0.0,0.0,20000000.0,0.0,500000.0,21300000.0
617461111,mukono,8,400000.0,0.0,0.0,300000.0,0.0,0.0,0.0,0.0,700000.0
617461597,mukono,8,120000.0,0.0,0.0,0.0,0.0,0.0,0.0,0.0,120000.0
618056660,mukono,8,1200000.0,0.0,0.0,200000.0,0.0,500000.0,0.0,0.0,1900000.0
618502638,mukono,8,2000000.0,0.0,0.0,0.0,300000.0,0.0,0.0,1999999.9999999993,4299999.999999999
618738618,mukono,8,3400000.0,0.0,0.0,0.0,0.0,0.0,0.0,0.0,3400000.0
619308856,mukono,8,3000000.0,500000.0,0.0,0.0,500000.0,0.0,0.0,9000000.0,13000000.0
620131758,mukono,8,700000.0,500000.0,0.0,0.0,500000.0,0.0,0.0,0.0,1700000.0
621077765,mukono,8,2500000.0,0.0,0.0,0.0,0.0,0.0,0.0,1000000.0,3500000.0
622950517,mukono,8,8000000.0,300000.0,0.0,500000.0,4000000.0,0.0,0.0,0.0,12800000.0
623178431,mukono,8,1600000.0,0.0,1000000.0,240000.0,0.0,0.0,0.0,0.0,2840000.0
623271316,mukono,8,750000.0,0.0,0.0,0.0,10000000.0,2000000.0,0.0,0.0,12750000.0
623272577,mukono,8,1000000.0,0.0,0.0,0.0,20000000.0,0.0,0.0,0.0,21000000.0
624293459,mukono,8,1100000.0,1000000.0,0.0,0.0,0.0,0.0,0.0,0.0,2100000.0
624713073,mukono,8,400000.0,0.0,0.0,5000000.0,0.0,0.0,0.0,0.0,5400000.0
624713879,mukono,8,685000.0,0.0,0.0,0.0,0.0,2000000.0,0.0,0.0,2685000.0
625320144,mukono,8,800000.0,360000.0,0.0,0.0,6000000.0,0.0,0.0,0.0,7160000.0
628089142,mukono,8,840000.0,0.0,0.0,0.0,0.0,0.0,5000000.0,0.0,5840000.0
628089849,mukono,8,1400000.0,0.0,0.0,0.0,0.0,3000000.0,0.0,0.0,4400000.0
628775275,mukono,8,45000000.0,0.0,0.0,1000000.0,0.0,10000000.0,0.0,0.0,56000000.0
630120893,mukono,8,2400000.0,0.0,0.0,500000.0,0.0,1000000.0,0.0,0.0,3900000.0
632524617,mukono,8,6500000.0,0.0,0.0,0.0,240000.0,2000000.0,0.0,0.0,8740000.0
633860632,mukono,8,2400000.0,0.0,0.0,0.0,1200000.0,0.0,4800000.0,0.0,8400000.0
633861486,mukono,8,1410000.0,0.0,0.0,0.0,0.0,0.0,6000000.0,0.0,7410000.0
634021883,mukono,8,5000000.0,1000000.0,0.0,0.0,600000.0,0.0,0.0,0.0,6600000.0
634952329,mukono,8,49000000.0,0.0,0.0,0.0,2000000.0,0.0,6000000.0,0.0,57000000.0
635102211,mukono,8,4000000.0,10000000.0,0.0,0.0,5000000.0,0.0,0.0,2000000.0,21000000.0
635102285,mukono,8,1200000.0,0.0,2000000.0,0.0,500000.0,0.0,0.0,0.0,3700000.0
623184098,mukono,8,1500000.0,0.0,0.0,0.0,500000.0,0.0,1000000.0,0.0,3000000.0
554408234,nakaseke,8,550000.0,0.0,0.0,0.0,0.0,0.0,0.0,0.0,550000.0
556042141,nakaseke,8,300000.0,0.0,0.0,0.0,120000.0,0.0,0.0,0.0,420000.0
559614978,nakaseke,8,600000.0,0.0,500000.0,0.0,400000.0,0.0,0.0,0.0,1500000.0
581570782,nakaseke,8,1000000.0,0.0,0.0,500000.0,400000.0000000001,0.0,0.0,0.0,1900000.0
552806065,,8,500000.0,0.0,0.0,0.0,0.0,0.0,0.0,0.0,500000.0
553316435,nakaseke,8,1700000.0,0.0,0.0,0.0,499999.99999999977,0.0,0.0,0.0,2200000.0
558375760,nakaseke,8,150000.0,0.0,0.0,0.0,0.0,0.0,0.0,0.0,150000.0
559615316,nakaseke,8,500000.0,0.0,400000.0,250000.0,50000.0,0.0,0.0,0.0,1200000.0
630121155,mukono,8,4200000.0,1000000.0,0.0,0.0,200000.0,0.0,0.0,0.0,5400000.0
630121646,mukono,8,2800000.0,0.0,0.0,700000.0,120000.0,0.0,0.0,0.0,3620000.0
560425493,nakaseke,8,250000.0,0.0,0.0,100000.0,50000.0,0.0,0.0,0.0,400000.0
560424556,nakaseke,8,600000.0,0.0,500000.0,90000.0,200000.0,0.0,0.0,0.0,1390000.0
561200542,nakaseke,8,600000.0,450000.0,0.0,90000.0,50000.0,0.0,0.0,0.0,1190000.0
561202398,nakaseke,8,350000.0,0.0,200000.0,100000.0,60000.0,0.0,0.0,0.0,710000.0
560425197,nakaseke,8,500000.0,0.0,350000.0,160000.0,90000.0,0.0,0.0,0.0,1100000.0
628088416,mukono,8,1300000.0,3000000.0,0.0,500000.0,0.0,2000000.0,0.0,0.0,6800000.0
628089405,mukono,8,1400000.0,0.0,0.0,0.0,0.0,6000000.0,0.0,0.0,7400000.0
628774965,mukono,8,1000000.0,0.0,2000000.0,500000.0,0.0,0.0,0.0,0.0,3500000.0
632530379,mukono,8,1000000.0,0.0,0.0,5000000.0,500000.0,0.0,0.0,0.0,6500000.0
636135085,mukono,8,20800000.0,1000000.0,0.0,0.0,500000.0,0.0,0.0,0.0,22300000.0
556039009,nakaseke,8,20000.0,0.0,0.0,50000.0,120000.0,0.0,0.0,0.0,190000.0
553316712,nakaseke,8,370000.0,0.0,0.0,0.0,350000.0000000001,0.0,0.0,0.0,720000.0000000001
621496649,mukono,8,2400000.0,0.0,0.0,2400000.0,100000.0,0.0,0.0,0.0,4900000.0
629845932,mukono,8,2000000.0,0.0,0.0,3000000.0,360000.0,0.0,0.0,0.0,5360000.0
632528316,mukono,8,5000000.0,0.0,0.0,1500000.0,0.0,0.0,0.0,0.0,6500000.0
633861263,mukono,8,8400000.0,10000000.0,0.0,0.0,6000000.0,0.0,0.0,0.0,24400000.0
635102642,mukono,8,7000000.0,0.0,0.0,0.0,10000000.0,0.0,0.0,0.0,17000000.0
560423470,nakaseke,8,450000.0,0.0,240000.0,0.0,300000.0,0.0,0.0,0.0,990000.0
551439101,nakaseke,8,1100000.0,0.0,0.0,0.0,0.0,0.0,0.0,0.0,1100000.0
553316111,nakaseke,8,380000.0,0.0,0.0,0.0,161999.99999999988,0.0,0.0,0.0,541999.9999999999
554407800,nakaseke,8,900000.0,299999.99999999977,0.0,0.0,0.0,0.0,0.0,0.0,1199999.9999999998
558374654,nakaseke,8,450000.0,249999.99999999983,250000.0,100000.0,0.0,0.0,0.0,0.0,1049999.9999999998
558375246,nakaseke,8,220000.0,0.0,50000.0,150000.0,0.0,0.0,0.0,0.0,420000.0
581569323,nakaseke,8,1350000.0,199999.99999999997,0.0,0.0,349999.9999999997,0.0,0.0,0.0,1899999.9999999998
581571879,nakaseke,8,500000.0,0.0,200000.0,150000.0,60000.0,0.0,0.0,0.0,910000.0
564861263,nakaseke,8,500000.0,150000.0,50000.0,100000.0,60000.0,0.0,0.0,0.0,860000.0
559615143,nakaseke,8,300000.0,0.0,50000.0,60000.0,100000.0,0.0,0.0,0.0,510000.0
564864365,nakaseke,8,300000.0,60000.0,58000.0,100000.0,60000.0,0.0,0.0,0.0,578000.0
553315619,nakaseke,8,350000.0,0.0,0.0,0.0,0.0,0.0,0.0,0.0,350000.0
556039301,nakaseke,8,500000.0,0.0,0.0,90000.0,150000.0,0.0,0.0,0.0,740000.0
615757479,mukono,8,800000.0,0.0,0.0,0.0,100000.0,0.0,0.0,0.0,900000.0
615773011,mukono,8,1500000.0,0.0,0.0,0.0,0.0,0.0,0.0,200000.0,1700000.0
619554974,mukono,8,3600000.0,2000000.0,0.0,0.0,1000000.0,0.0,0.0,0.0,6600000.0
620416772,mukono,8,500000.0,0.0,0.0,600000.0,0.0,180000.0,0.0,0.0,1280000.0
620419799,mukono,8,4000000.0,0.0,0.0,0.0,125000.0,0.0,0.0,0.0,4125000.0
621494958,mukono,8,500000.0,0.0,0.0,0.0,0.0,0.0,0.0,5000000.0,5500000.0
621496210,mukono,8,6000000.0,1000000.0,0.0,500000.0,0.0,0.0,0.0,0.0,7500000.0
621498584,mukono,8,16800000.0,0.0,0.0,0.0,500000.0,1000000.0,0.0,0.0,18300000.0
621639094,mukono,8,400000.0,0.0,0.0,0.0,300000.0,0.0,6000000.000000005,0.0,6700000.000000005
623187149,mukono,8,560000.0,0.0,0.0,240000.0,0.0,1000000.0,0.0,0.0,1800000.0
623270536,mukono,8,13500000.0,0.0,0.0,0.0,1900000.0,0.0,0.0,0.0,15400000.0
624711692,mukono,8,1200000.0,1000000.0,0.0,0.0,2000000.0,0.0,0.0,0.0,4200000.0
624712163,mukono,8,2400000.0,1080000.0,0.0,0.0,0.0,5000000.0,0.0,0.0,8480000.0
625315993,mukono,8,1200000.0,0.0,0.0,500000.0,100000.0,0.0,0.0,0.0,1800000.0
628080096,mukono,8,7000000.0,0.0,0.0,0.0,2000000.0,0.0,0.0,0.0,9000000.0
628775775,mukono,8,36000000.0,3000000.0,0.0,0.0,0.0,1000000.0,0.0,0.0,40000000.0
630120684,mukono,8,7000000.0,2000000.0,0.0,0.0,0.0,3000000.0,0.0,0.0,12000000.0
632531024,mukono,8,3500000.0,0.0,0.0,1000000.0,0.0,0.0,5000000.0,0.0,9500000.0
632870785,mukono,8,3200000.0,0.0,0.0,0.0,70000.0,0.0,0.0,0.0,3270000.0
634322563,mukono,8,1200000.0,0.0,0.0,0.0,2000000.0,0.0,0.0,0.0,3200000.0
634951268,mukono,8,1000000.0,0.0,0.0,1300000.0,0.0,0.0,0.0,0.0,2300000.0
619307991,mukono,8,6000000.0,1000000.0,0.0,500000.0,15000000.0,0.0,6000000.0,0.0,28500000.0
634929055,mukono,8,2400000.0,0.0,0.0,0.0,500000.0,0.0,0.0,0.0,2900000.0
635625431,mukono,8,1200000.0,0.0,0.0,0.0,800000.0,0.0,0.0,0.0,2000000.0
625318562,mukono,8,400000.0,0.0,2000000.0,1000000.0,0.0,0.0,0.0,0.0,3400000.0
628776109,mukono,8,4900000.0,0.0,0.0,450000.0,0.0,2000000.0,0.0,0.0,7350000.0
633860413,mukono,8,42000000.0,0.0,0.0,1000000.0,500000.0,0.0,0.0,12000000.0,55500000.0
557694292,nakaseke,8,300000.0,0.0,0.0,50000.0,60000.0,0.0,0.0,0.0,410000.0
582450581,nakaseke,8,350000.0,50000.0,90000.0,0.0,0.0,0.0,0.0,0.0,490000.0
613185259,nakaseke,8,390000.0,0.0,0.0,0.0,400000.0,0.0,0.0,0.0,790000.0
614810845,mukono,8,800000.0,0.0,0.0,0.0,0.0,0.0,0.0,0.0,800000.0
617648764,mukono,8,1200000.0,0.0,0.0,0.0,0.0,0.0,0.0,0.0,1200000.0
551438934,nakaseke,8,1700000.0,0.0,0.0,0.0,0.0,0.0,0.0,0.0,1700000.0
589548879,nakaseke,8,20000.0,0.0,100000.0,0.0,250000.0,0.0,0.0,0.0,370000.0
554402613,nakaseke,8,0.0,0.0,0.0,0.0,60000.00000000002,0.0,0.0,0.0,60000.00000000002
589547568,nakaseke,8,350000.0,0.0,0.0,149999.99999999994,0.0,299999.9999999999,0.0,0.0,799999.9999999998
592180125,nakaseke,8,350000.0,0.0,0.0,0.0,200000.0,0.0,0.0,0.0,550000.0
613184766,nakaseke,8,600000.0,0.0,0.0,100000.0,250000.0,0.0,0.0,0.0,950000.0
613185864,nakaseke,8,600000.0,20000.0,0.0,120000.00000000006,500000.0,0.0,0.0,0.0,1240000.0
593216040,nakaseke,8,400000.0,250000.0,69000.0,0.0,200000.0,0.0,0.0,0.0,919000.0
552806578,nakaseke,8,1300000.0,0.0,0.0,0.0,0.0,0.0,0.0,0.0,1300000.0
554403180,,8,1100000.0,0.0,0.0,299999.99999999977,499999.99999999977,299999.99999999977,0.0,0.0,2199999.999999999
554997531,nakaseke,8,400000.0,0.0,0.0,60000.0,250000.0,0.0,0.0,0.0,710000.0
581568916,nakaseke,8,500000.0,0.0,90000.0,60000.0,170000.0,0.0,0.0,0.0,820000.0
582449149,nakaseke,8,600000.0,250000.0,0.0,150000.0,50000.0,0.0,0.0,0.0,1050000.0
583384059,nakaseke,8,9000000.0,350000.0,0.0,0.0,250000.0,0.0,0.0,0.0,9600000.0
584465855,nakaseke,8,400000.0,150000.0,0.0,0.0,0.0,0.0,0.0,0.0,550000.0
585291611,nakaseke,8,9000000.0,30000.0,0.0,60000.0,350000.0,0.0,0.0,0.0,9440000.0
588618114,nakaseke,8,600000.0,0.0,0.0,120000.0,30000.0,0.0,0.0,0.0,750000.0
589549118,nakaseke,8,600000.0,0.0,90000.0,0.0,250000.0,0.0,0.0,0.0,940000.0
592179551,nakaseke,8,200000.0,0.0,0.0,150000.0,150000.0,0.0,0.0,0.0,500000.0
613185857,nakaseke,8,600000.0,300000.0,0.0,120000.0,350000.0,0.0,0.0,0.0,1370000.0
613185868,nakaseke,8,500000.0,350000.0,0.0,0.0,400000.0,0.0,0.0,0.0,1250000.0
618737230,mukono,8,1800000.0,0.0,0.0,0.0,0.0,0.0,0.0,0.0,1800000.0
625321534,mukono,8,5600000.0,0.0,0.0,0.0,2000000.0,10000000.0,0.0,0.0,17600000.0
613185262,nakaseke,8,260000.0,0.0,300000.0,100000.0,250000.0,0.0,0.0,0.0,910000.0
586823072,nakaseke,8,600000.0,0.0,0.0,499999.9999999997,600000.0,0.0,0.0,0.0,1699999.9999999998
586821078,nakaseke,8,800000.0,0.0,0.0,20000.0,96000.0,0.0,0.0,0.0,916000.0
586823179,nakaseke,8,600000.0,0.0,0.0,100000.0,600000.0,0.0,0.0,0.0,1300000.0
588618032,nakaseke,8,1000000.0,200000.0,0.0,150000.0,350000.0,0.0,0.0,0.0,1700000.0
592179319,nakaseke,8,300000.0,0.0,0.0,0.0,200000.0,0.0,0.0,0.0,500000.0
613185254,nakaseke,8,350000.0,400000.0,25000.0,0.0,230000.0,0.0,0.0,0.0,1005000.0
613184756,nakaseke,8,380000.0,0.0,89999.99999999997,0.0,350000.0,0.0,0.0,0.0,820000.0
613184762,nakaseke,8,5000000.0,0.0,200000.00000000006,700000.0,250000.0,100000.0,0.0,0.0,6250000.0
593216705,nakaseke,8,350000.0,109.0,0.0,0.0,200000.0,0.0,0.0,0.0,550109.0
582448458,nakaseke,8,600000.0,300000.0,0.0,150000.0,200000.0,0.0,0.0,0.0,1250000.0
583383308,nakaseke,8,560000.0,30000.0,90000.0,3.0,20000.0,0.0,0.0,0.0,700003.0
584457728,nakaseke,8,350000.0,0.0,0.0,0.0,0.0,0.0,0.0,0.0,350000.0
584460556,nakaseke,8,250000.0,100000.0,0.0,150000.0,170000.0,0.0,0.0,0.0,670000.0
586822745,nakaseke,8,600000.0,300000.0,0.0,0.0,200000.0,0.0,0.0,0.0,1100000.0
588618956,nakaseke,8,600000.0,0.0,150000.0,0.0,250000.0,0.0,0.0,0.0,1000000.0
588619984,nakaseke,8,500000.0,0.0,0.0,0.0,250000.0,0.0,0.0,0.0,750000.0
589548430,nakaseke,8,300000.0,0.0,25000.0,0.0,500000.0,0.0,0.0,0.0,825000.0
613184214,nakaseke,8,200000.0,0.0,50000.0,0.0,130000.0,0.0,0.0,0.0,380000.0
551438775,nakaseke,8,1200000.0,0.0,0.0,0.0,0.0,0.0,0.0,0.0,1200000.0
552805506,nakaseke,8,9700000.0,0.0,0.0,0.0,0.0,0.0,0.0,0.0,9700000.0
582449815,nakaseke,8,500000.0,200000.0,0.0,0.0,60000.0,3000000.0000000023,0.0,0.0,3760000.0000000023
583383783,nakaseke,8,500000.0,200000.0,0.0,0.0,300000.0,0.0,0.0,0.0,1000000.0
583384470,nakaseke,8,500000.0,250000.0,0.0,499999.9999999997,200000.0,0.0,0.0,0.0,1449999.9999999998
585919910,nakaseke,8,2000000.0,500000.0,50000.00000000001,500000.0,600000.0,0.0,0.0,0.0,3650000.0
585937638,nakaseke,8,600000.0,250000.0,299999.9999999999,60000.0,260000.0,0.0,0.0,0.0,1470000.0
592179023,nakaseke,8,1000000.0,200000.0,0.0,100000.0,0.0,0.0,0.0,0.0,1300000.0
551439238,nakaseke,8,1500000.0,0.0,0.0,0.0,0.0,0.0,0.0,0.0,1500000.0
555070994,nakaseke,8,600000.0,250000.0,0.0,100000.0,60000.0,0.0,0.0,0.0,1010000.0
555112218,nakaseke,8,1050000.0,2000000.0000000016,0.0,0.0,0.0,0.0,0.0,0.0,3050000.000000002
555148547,nakaseke,8,400000.0,250000.0,0.0,90000.0,400000.0,0.0,0.0,0.0,1140000.0
584458624,nakaseke,8,600000.0,250000.0,400000.0,100000.0,0.0,0.0,0.0,0.0,1350000.0
585290674,nakaseke,8,500000.0,250000.0,0.0,100000.0,900000.0,0.0,0.0,0.0,1750000.0
585290890,nakaseke,8,700000.0,300000.0,50000.0,120000.0,350000.0,0.0,0.0,0.0,1520000.0
585309665,nakaseke,8,500000.0,0.0,0.0,0.0,200000.0,0.0,0.0,0.0,700000.0
585924133,nakaseke,8,600000.0,200000.0,0.0,150000.0,300000.0,0.0,0.0,0.0,1250000.0
585929887,nakaseke,8,500000.0,0.0,0.0,0.0,0.0,0.0,0.0,0.0,500000.0
613834815,nakaseke,8,2100000.0,0.0,0.0,0.0,0.0,0.0,0.0,100000.00000000001,2200000.0
613836978,nakaseke,8,700000.0,0.0,0.0,0.0,0.0,0.0,0.0,0.0,700000.0
617656696,mukono,8,1099999.9999999998,0.0,0.0,0.0,199999.99999999997,2000000.0000000016,0.0,0.0,3300000.0000000014
633860938,mukono,8,3000000.0,1000000.0,0.0,0.0,5000000.0,0.0,0.0,0.0,9000000.0
616677841,mukono,9,70000.0,0.0,6000000.0,0.0,0.0,0.0,0.0,0.0,6070000.0
551440657,nakaseke,9,280000.0,0.0,0.0,0.0,0.0,0.0,0.0,0.0,280000.0
592191523,nakaseke,9,312000.0,0.0,0.0,0.0,500000.0,0.0,0.0,0.0,812000.0
552803559,nakaseke,9,3440000.0,299999.9999999999,0.0,0.0,499999.9999999997,0.0,0.0,0.0,4240000.0
613177526,nakaseke,9,50000000.0,0.0,0.0,0.0,0.0,0.0,0.0,0.0,50000000.0
613831899,nakaseke,9,203000.0,0.0,0.0,0.0,0.0,0.0,0.0,0.0,203000.0
614880484,mukono,9,120000.0,0.0,0.0,0.0,0.0,0.0,0.0,0.0,120000.0
550714067,nakaseke,9,800000.0,0.0,0.0,0.0,350000.0000000001,0.0,0.0,0.0,1150000.0
550714208,nakaseke,9,1000000.0,0.0,0.0,0.0,200000.00000000006,0.0,0.0,0.0,1200000.0
556045414,nakaseke,9,1000000.0,0.0,0.0,0.0,500000.0,0.0,0.0,0.0,1500000.0
556046788,nakaseke,9,800000.0,0.0,0.0,300000.0,0.0,0.0,0.0,0.0,1100000.0
557695958,nakaseke,9,1000000.0,500000.0,0.0,0.0,200000.0,0.0,0.0,0.0,1700000.0
560461977,nakaseke,9,3000000.0,500000.0,0.0,0.0,0.0,0.0,0.0,0.0,3500000.0
592361767,nakaseke,9,5000000.0,0.0,0.0,0.0,250000.0,0.0,0.0,0.0,5250000.0
592363240,nakaseke,9,3000000.0,200000.0,0.0,0.0,500000.0,0.0,0.0,0.0,3700000.0
616701192,mukono,9,520000.0,0.0,0.0,0.0,0.0,0.0,0.0,0.0,520000.0
624293019,mukono,9,900000.0,500000.0,200000.0,300000.0,300000.0,0.0,0.0,0.0,2200000.0
550715350,nakaseke,9,800000.0,0.0,0.0,0.0,0.0,0.0,0.0,0.0,800000.0
552803832,nakaseke,9,2300000.0,0.0,0.0,0.0,499999.9999999997,0.0,0.0,0.0,2799999.9999999995
553311655,nakaseke,9,950000.0,0.0,0.0,499999.99999999977,0.0,0.0,0.0,0.0,1449999.9999999998
554396495,nakaseke,9,900000.0,0.0,0.0,0.0,0.0,0.0,0.0,0.0,900000.0
555218845,nakaseke,9,4500000.0,0.0,0.0,400000.0,0.0,0.0,0.0,0.0,4900000.0
556047384,nakaseke,9,1500000.0,0.0,0.0,300000.0,0.0,500000.0,0.0,0.0,2300000.0
557713875,nakaseke,9,700000.0,0.0,0.0,0.0,0.0,0.0,0.0,0.0,700000.0
558376731,nakaseke,9,800000.0,0.0,0.0,0.0,0.0,0.0,0.0,0.0,800000.0
558377788,nakaseke,9,1250000.0,0.0,0.0,350000.0,40000.0,0.0,0.0,0.0,1640000.0
558378029,nakaseke,9,1000000.0,0.0,0.0,0.0,250000.0,0.0,0.0,0.0,1250000.0
559605691,nakaseke,9,4000000.0,300000.0,0.0,0.0,250000.0,0.0,0.0,0.0,4550000.0
560460598,nakaseke,9,4000000.0,0.0,0.0,0.0,0.0,0.0,0.0,0.0,4000000.0
560460842,nakaseke,9,2000000.0,0.0,0.0,0.0,400000.0,0.0,0.0,0.0,2400000.0
561199081,nakaseke,9,2500000.0,400000.0,0.0,0.0,200000.0,0.0,0.0,0.0,3100000.0
561203340,nakaseke,9,2500000.0,0.0,0.0,0.0,0.0,0.0,0.0,0.0,2500000.0
561250862,nakaseke,9,399600.0,0.0,0.0,300000.0,0.0,0.0,0.0,0.0,699600.0
582704845,nakaseke,9,7000000.0,400000.0,0.0,0.0,0.0,0.0,0.0,0.0,7400000.0
585217011,nakaseke,9,8000000.0,0.0,200000.0,0.0,0.0,0.0,0.0,0.0,8200000.0
588626659,nakaseke,9,156000.0,500000.0,300000.0,0.0,0.0,0.0,0.0,0.0,956000.0
588783193,nakaseke,9,7000000.0,0.0,0.0,0.0,0.0,0.0,0.0,0.0,7000000.0
613810847,nakaseke,9,360000.0,0.0,0.0,0.0,0.0,0.0,0.0,0.0,360000.0
614880582,mukono,9,400000.0,0.0,0.0,0.0,0.0,0.0,0.0,0.0,400000.0
616579050,mukono,9,500000.0,0.0,0.0,0.0,0.0,0.0,0.0,90000.0,590000.0
616701381,mukono,9,400000.0,0.0,0.0,0.0,0.0,0.0,0.0,180000.0,580000.0
623704503,mukono,9,300000.0,0.0,0.0,100000.0,0.0,0.0,0.0,100000.0,500000.0
550714829,nakaseke,9,600000.0,0.0,0.0,0.0,0.0,0.0,0.0,0.0,600000.0
551432268,nakaseke,9,650000.0,0.0,150000.00000000006,0.0,0.0,0.0,0.0,0.0,800000.0
551438359,nakaseke,9,3800000.0,199999.99999999997,0.0,0.0,0.0,0.0,0.0,0.0,4000000.0
551438847,nakaseke,9,750000.0,0.0,0.0,0.0,499999.9999999997,0.0,0.0,0.0,1249999.9999999998
552834713,nakaseke,9,2500000.0,0.0,0.0,0.0,0.0,0.0,0.0,0.0,2500000.0
553313606,nakaseke,9,1100000.0,0.0,0.0,0.0,149999.99999999994,0.0,0.0,0.0,1250000.0
553314110,nakaseke,9,6500000.0,0.0,0.0,0.0,299999.9999999999,0.0,0.0,0.0,6800000.0
553314852,nakaseke,9,6380000.0,0.0,0.0,0.0,249999.99999999983,0.0,0.0,0.0,6630000.0
554382238,nakaseke,9,5500000.0,0.0,299999.9999999999,0.0,100000.00000000001,0.0,0.0,0.0,5900000.0
554383042,nakaseke,9,5500000.0,0.0,0.0,0.0,299999.9999999999,0.0,0.0,0.0,5800000.0
554388188,nakaseke,9,7500000.0,0.0,149999.99999999994,0.0,200000.00000000006,0.0,0.0,0.0,7850000.0
555219221,nakaseke,9,4000000.0,0.0,0.0,0.0,1000000.0,0.0,6000000.0,0.0,11000000.0
555219441,nakaseke,9,8000000.0,0.0,0.0,0.0,1000000.0,0.0,0.0,0.0,9000000.0
555219813,nakaseke,9,800000.0,0.0,0.0,0.0,150000.0,0.0,0.0,0.0,950000.0
556046148,nakaseke,9,500000.0,0.0,0.0,200000.0,150000.0,0.0,0.0,0.0,850000.0
557695618,nakaseke,9,800000.0,0.0,0.0,0.0,300000.0,0.0,0.0,0.0,1100000.0
557695779,nakaseke,9,5000000.0,0.0,200000.0,0.0,0.0,0.0,0.0,0.0,5200000.0
557696080,nakaseke,9,2000000.0,800000.0,0.0,250000.0,0.0,0.0,0.0,0.0,3050000.0
559607285,nakaseke,9,1000000.0,0.0,150000.0,300000.0,0.0,0.0,0.0,0.0,1450000.0
559607680,nakaseke,9,3500000.0,0.0,0.0,350000.0,0.0,0.0,0.0,0.0,3850000.0
559615651,nakaseke,9,2000000.0,0.0,0.0,0.0,0.0,0.0,0.0,0.0,2000000.0
560459965,nakaseke,9,3000000.0,0.0,0.0,0.0,0.0,0.0,1500000.0,0.0,4500000.0
561202301,nakaseke,9,3500000.0,0.0,150000.0,0.0,0.0,0.0,0.0,0.0,3650000.0
567488224,nakaseke,9,3000000.0,0.0,0.0,0.0,300000.0,0.0,0.0,0.0,3300000.0
581728335,nakaseke,9,6000000.0,400000.0,0.0,0.0,0.0,0.0,0.0,0.0,6400000.0
581800534,nakaseke,9,5000000.0,0.0,0.0,0.0,400000.0,0.0,0.0,0.0,5400000.0
581801301,nakaseke,9,4000000.0,0.0,0.0,0.0,0.0,0.0,0.0,0.0,4000000.0
582682579,nakaseke,9,3000000.0,0.0,0.0,0.0,400000.0,0.0,0.0,0.0,3400000.0
582684638,nakaseke,9,2000000.0,0.0,0.0,0.0,0.0,0.0,0.0,0.0,2000000.0
583582238,nakaseke,9,15000000.0,500000.0,0.0,0.0,0.0,0.0,0.0,0.0,15500000.0
584447265,nakaseke,9,8000000.0,0.0,0.0,0.0,500000.0,0.0,0.0,0.0,8500000.0
585215638,nakaseke,9,15000000.0,0.0,0.0,0.0,0.0,0.0,0.0,0.0,15000000.0
585216305,nakaseke,9,3000000.0,0.0,0.0,0.0,0.0,0.0,0.0,0.0,3000000.0
587012670,nakaseke,9,15000000.0,0.0,0.0,0.0,0.0,0.0,0.0,0.0,15000000.0
587012983,nakaseke,9,8000000.0,0.0,0.0,0.0,200000.0,0.0,0.0,0.0,8200000.0
587013280,nakaseke,9,25000000.0,0.0,0.0,0.0,0.0,2000000.0,0.0,0.0,27000000.0
588781706,nakaseke,9,14000000.0,300000.0,0.0,0.0,0.0,0.0,0.0,0.0,14300000.0
589705500,nakaseke,9,5000000.0,0.0,0.0,0.0,400000.0,0.0,0.0,0.0,5400000.0
589705733,nakaseke,9,12000000.0,450000.0,0.0,0.0,0.0,0.0,0.0,0.0,12450000.0
592193539,nakaseke,9,7998000.0,0.0,0.0,0.0,0.0,0.0,0.0,0.0,7998000.0
593223241,nakaseke,9,3000000.0,3000000.0,0.0,0.0,5000000.0,0.0,0.0,0.0,11000000.0
593223559,nakaseke,9,5000000.0,450000.0,0.0,0.0,0.0,0.0,0.0,0.0,5450000.0
613174996,nakaseke,9,3500000.0,0.0,0.0,0.0,300000.0,0.0,0.0,0.0,3800000.0
613177861,nakaseke,9,2000000.0,0.0,0.0,0.0,500000.0,0.0,0.0,0.0,2500000.0
613177864,nakaseke,9,5000000.0,0.0,0.0,0.0,0.0,0.0,0.0,0.0,5000000.0
613178463,nakaseke,9,8000000.0,0.0,0.0,0.0,0.0,5000000.0,0.0,0.0,13000000.0
613178868,nakaseke,9,500000.0,0.0,0.0,0.0,300000.0,0.0,0.0,0.0,800000.0
613180603,nakaseke,9,2000000.0,0.0,0.0,0.0,0.0,0.0,0.0,0.0,2000000.0
613822490,nakaseke,9,180000.0,150000.0,250000.0,0.0,0.0,0.0,0.0,0.0,580000.0
613825443,nakaseke,9,754000.0,250000.0,0.0,100000.0,0.0,0.0,0.0,0.0,1104000.0
618055484,mukono,9,750000.0,0.0,0.0,0.0,0.0,0.0,0.0,500000.0,1250000.0
619558400,mukono,9,350000.0,0.0,0.0,200000.0,100000.0,0.0,0.0,0.0,650000.0
621499875,mukono,9,800000.0,0.0,3600000.0,0.0,0.0,0.0,0.0,0.0,4400000.0
623176650,mukono,9,500000.0,0.0,12000000.0,1000000.0,0.0,0.0,0.0,0.0,13500000.0
623183149,mukono,9,288000.0,0.0,0.0,0.0,0.0,1000000.0,0.0,5000000.0,6288000.0
623185581,mukono,9,500000.0,0.0,0.0,1000000.0,0.0,2400000.0,0.0,0.0,3900000.0
633165095,mukono,9,500000.0,0.0,0.0,3000000.0,20000000.0,0.0,0.0,0.0,23500000.0
633861862,mukono,9,2000000.0,0.0,1000000.0,20000000.0,0.0,0.0,0.0,0.0,23000000.0
634022320,mukono,9,300000.0,0.0,0.0,300000.0,0.0,0.0,0.0,0.0,600000.0
634322498,mukono,9,120000.0,0.0,0.0,0.0,0.0,0.0,0.0,0.0,120000.0
634928993,mukono,9,60000.0,0.0,0.0,0.0,0.0,0.0,0.0,0.0,60000.0
634952733,mukono,9,1400000.0,0.0,0.0,0.0,500000.0,10000000.0,0.0,0.0,11900000.0
634953204,mukono,9,1200000.0,720000.0,0.0,0.0,500000.0,0.0,0.0,0.0,2420000.0
635102101,mukono,9,500000.0,0.0,0.0,0.0,0.0,20000000.0,12000000.0,0.0,32500000.0
635102513,mukono,9,800000.0,0.0,0.0,10000000.0,1000000.0,0.0,0.0,0.0,11800000.0
644159914,mukono,9,15000000.0,0.0,0.0,0.0,2800000.0,0.0,0.0,0.0,17800000.0
644420047,mukono,9,800000.0,0.0,0.0,0.0,0.0,2000000.0,0.0,0.0,2800000.0
551439754,nakaseke,9,4000000.0,0.0,0.0,0.0,0.0,0.0,0.0,0.0,4000000.0
552968706,nakaseke,9,8000000.0,0.0,0.0,0.0,100000.00000000001,0.0,0.0,0.0,8100000.0
552969446,nakaseke,9,2500000.0,0.0,0.0,0.0,200000.00000000006,0.0,0.0,0.0,2700000.0
552970239,nakaseke,9,3500000.0,0.0,0.0,299999.99999999977,0.0,0.0,0.0,0.0,3800000.0
554387935,nakaseke,9,5500000.0,0.0,0.0,0.0,499999.9999999997,0.0,0.0,0.0,6000000.0
558377096,nakaseke,9,2500000.0,500000.0,0.0,0.0,0.0,1000000.0,0.0,0.0,4000000.0
559607458,nakaseke,9,4000000.0,500000.0,0.0,0.0,200000.0,0.0,0.0,0.0,4700000.0
567493335,nakaseke,9,2000000.0,0.0,0.0,400000.0,800000.0,0.0,0.0,0.0,3200000.0
581802079,nakaseke,9,7000000.0,0.0,150000.0,0.0,300000.0,0.0,0.0,0.0,7450000.0
582619340,nakaseke,9,2000000.0,0.0,0.0,0.0,0.0,0.0,0.0,0.0,2000000.0
583580839,nakaseke,9,25000000.0,0.0,0.0,0.0,0.0,10000000.0,0.0,0.0,35000000.0
584444811,nakaseke,9,4000000.0,0.0,0.0,300000.0,0.0,0.0,0.0,0.0,4300000.0
585215286,nakaseke,9,6500000.0,500000.0,0.0,500000.0,0.0,0.0,0.0,0.0,7500000.0
587013182,nakaseke,9,6000000.0,0.0,150000.0,0.0,450000.0,0.0,0.0,0.0,6600000.0
588782700,nakaseke,9,12000000.0,0.0,0.0,500000.0,0.0,0.0,0.0,0.0,12500000.0
589705993,nakaseke,9,10000000.0,0.0,0.0,0.0,0.0,0.0,0.0,0.0,10000000.0
613178458,nakaseke,9,30000000.0,500000.0,0.0,0.0,0.0,0.0,0.0,0.0,30500000.0
613178880,nakaseke,9,3000000.0,800000.0,300000.0,0.0,0.0,0.0,0.0,0.0,4100000.0
613179574,nakaseke,9,4000000.0,0.0,0.0,0.0,400000.0,0.0,0.0,0.0,4400000.0
615825416,mukono,9,50000.0,0.0,0.0,0.0,0.0,0.0,0.0,0.0,50000.0
619544793,mukono,9,1000000.0,0.0,0.0,0.0,0.0,1000000.0,0.0,0.0,2000000.0
623479229,mukono,9,120000.0,0.0,0.0,0.0,0.0,0.0,0.0,0.0,120000.0
633706398,mukono,9,600000.0,0.0,0.0,0.0,0.0,0.0,0.0,0.0,600000.0
633706854,mukono,9,150000.0,0.0,0.0,0.0,80000.0,0.0,0.0,0.0,230000.0
553314312,nakaseke,9,11000000.0,0.0,0.0,0.0,499999.9999999997,0.0,0.0,0.0,11500000.0
555219512,nakaseke,9,1200000.0,2000000.0,0.0,0.0,0.0,0.0,0.0,0.0,3200000.0
561200684,nakaseke,9,4000000.0,0.0,0.0,200000.0,0.0,0.0,0.0,0.0,4200000.0
583583184,nakaseke,9,20000000.0,0.0,0.0,0.0,500000.0,0.0,0.0,0.0,20500000.0
584444125,nakaseke,9,8000000.0,0.0,0.0,0.0,0.0,1000000.0,0.0,0.0,9000000.0
584446459,nakaseke,9,4000000.0,0.0,200000.0,0.0,0.0,0.0,0.0,0.0,4200000.0
586786507,nakaseke,9,551800.0,160000.0,0.0,0.0,0.0,0.0,0.0,0.0,711800.0
586805028,nakaseke,9,384400.0,180000.0,0.0,0.0,100800.0,0.0,0.0,0.0,665200.0
588783732,nakaseke,9,8000000.0,0.0,0.0,300000.0,0.0,0.0,0.0,0.0,8300000.0
589705256,nakaseke,9,10000000.0,0.0,0.0,0.0,0.0,8000000.0,0.0,0.0,18000000.0
592362627,nakaseke,9,4000000.0,500000.0,0.0,0.0,0.0,0.0,0.0,0.0,4500000.0
592363516,nakaseke,9,9900000.0,0.0,0.0,0.0,0.0,0.0,0.0,0.0,9900000.0
615755561,mukono,9,24000000.0,2000000.0,0.0,0.0,1000000.0,5000000.0,0.0,0.0,32000000.0
616699698,mukono,9,600000.0,0.0,0.0,0.0,0.0,0.0,0.0,0.0,600000.0
618056804,mukono,9,1400000.0,0.0,0.0,200000.0,50000.0,0.0,0.0,0.0,1650000.0
623479343,mukono,9,150000.0,0.0,0.0,0.0,70000.0,0.0,0.0,0.0,220000.0
631647706,mukono,9,230000.0,0.0,0.0,0.0,0.0,0.0,0.0,0.0,230000.0
632871446,mukono,9,800000.0,0.0,0.0,0.0,0.0,0.0,0.0,0.0,800000.0
644420087,mukono,9,600000.0,0.0,0.0,1500000.0,0.0,0.0,0.0,0.0,2100000.0
583581711,nakaseke,9,8000000.0,0.0,200000.0,0.0,0.0,0.0,0.0,0.0,8200000.0
592192218,nakaseke,9,2400000.0,0.0,0.0,0.0,250000.0,0.0,0.0,0.0,2650000.0
614880682,mukono,9,1400000.0,0.0,0.0,0.0,0.0,0.0,0.0,0.0,1400000.0
618739011,mukono,9,6400000.0,0.0,0.0,0.0,0.0,0.0,0.0,0.0,6400000.0
618739107,mukono,9,1800000.0,0.0,0.0,0.0,0.0,0.0,0.0,0.0,1800000.0
622484850,mukono,9,600000.0,0.0,0.0,0.0,0.0,0.0,0.0,0.0,600000.0
623479274,mukono,9,150000.0,0.0,0.0,0.0,0.0,0.0,0.0,0.0,150000.0
623981062,mukono,9,400000.0,0.0,0.0,0.0,180000.0,0.0,0.0,0.0,580000.0
634929144,mukono,9,40000.0,0.0,0.0,0.0,75000.0,0.0,0.0,0.0,115000.0
635625391,mukono,9,120000.0,0.0,0.0,0.0,0.0,0.0,0.0,0.0,120000.0
635625490,mukono,9,80000.0,0.0,0.0,0.0,0.0,0.0,0.0,0.0,80000.0
556031317,nakaseke,9,450000.0,0.0,0.0,0.0,0.0,0.0,0.0,0.0,450000.0
556037719,nakaseke,9,400000.0,0.0,0.0,0.0,0.0,0.0,0.0,0.0,400000.0
560449324,nakaseke,9,2666000.0,0.0,0.0,0.0,1425600.0,0.0,0.0,0.0,4091600.0
586026956,nakaseke,9,354000.0,0.0,300000.0,0.0,0.0,0.0,0.0,0.0,654000.0
616680304,mukono,9,400000.0,0.0,800000.0,0.0,0.0,3600000.0,0.0,0.0,4800000.0
616700114,mukono,9,360000.0,0.0,0.0,0.0,0.0,0.0,0.0,0.0,360000.0
623980936,mukono,9,180000.0,0.0,0.0,0.0,0.0,0.0,0.0,0.0,180000.0
632872132,mukono,9,590000.0,0.0,0.0,0.0,0.0,0.0,0.0,0.0,590000.0
550732883,nakaseke,9,2800000.0,0.0,0.0,0.0,0.0,0.0,0.0,0.0,2800000.0
582502735,nakaseke,9,450000.0,0.0,0.0,0.0,0.0,0.0,0.0,0.0,450000.0
586030936,nakaseke,9,195000.0,0.0,150000.0,0.0,0.0,0.0,0.0,0.0,345000.0
614807290,mukono,9,900000.0,0.0,0.0,0.0,0.0,0.0,0.0,600000.0,1500000.0
614850521,mukono,9,200000.0,0.0,150000.0,0.0,300000.0,0.0,0.0,0.0,650000.0
614880379,mukono,9,2600000.0,0.0,0.0,20000.0,1999999.9999999993,0.0,0.0,0.0,4619999.999999999
615759274,mukono,9,1000000.0,0.0,0.0,0.0,0.0,0.0,500000.0,0.0,1500000.0
615825361,mukono,9,2600000.0,0.0,0.0,0.0,0.0,0.0,0.0,0.0,2600000.0
616578776,mukono,9,1200000.0,300000.0,200000.0,0.0,0.0,1500000.0,0.0,0.0,3200000.0
616579437,mukono,9,1500000.0,0.0,0.0,500000.0,0.0,0.0,0.0,0.0,2000000.0
616580090,mukono,9,300000.0,100000.0,100000.0,100000.0,300000.0,0.0,0.0,0.0,900000.0
616699119,mukono,9,90000.0,0.0,0.0,0.0,0.0,0.0,0.0,0.0,90000.0
617648886,mukono,9,320000.0,0.0,0.0,0.0,0.0,0.0,0.0,0.0,320000.0
618056277,mukono,9,900000.0,0.0,0.0,100000.0,0.0,0.0,0.0,0.0,1000000.0
618502771,mukono,9,500000.0,0.0,200000.0,0.0,0.0,0.0,0.0,0.0,700000.0
618503624,mukono,9,1100000.0,0.0,0.0,1000000.0,0.0,0.0,0.0,0.0,2100000.0
619549456,mukono,9,1600000.0,0.0,0.0,0.0,0.0,1200000.0,0.0,1400000.0,4200000.0
619551006,mukono,9,480000.0,0.0,0.0,500000.0,0.0,0.0,0.0,0.0,980000.0
619552154,mukono,9,1200000.0,0.0,0.0,0.0,1000000.0,0.0,0.0,0.0,2200000.0
619559855,mukono,9,1800000.0,0.0,0.0,0.0,2000000.0,1350000.0,0.0,0.0,5150000.0
622292961,mukono,9,500000.0,0.0,0.0,400000.0,0.0,0.0,0.0,0.0,900000.0
623188000,mukono,9,600000.0,0.0,0.0,0.0,15000000.0,6000000.0,0.0,0.0,21600000.0
623704256,mukono,9,3500000.0,0.0,0.0,600000.0,500000.0,0.0,0.0,0.0,4600000.0
624717557,mukono,9,400000.0,0.0,2000000.0,0.0,0.0,0.0,0.0,0.0,2400000.0
628775538,mukono,9,1000000.0,0.0,0.0,1000000.0,0.0,0.0,0.0,0.0,2000000.0
632457381,mukono,9,1200000.0,0.0,0.0,600000.0,300000.0,0.0,0.0,0.0,2100000.0
632479613,mukono,9,800000.0,100000.0,0.0,200000.0,100000.0,0.0,0.0,0.0,1200000.0
632526756,mukono,9,17500000.0,0.0,0.0,2000000.0,0.0,0.0,0.0,0.0,19500000.0
632870245,mukono,9,120000.0,0.0,0.0,0.0,15000.0,0.0,0.0,0.0,135000.0
633860192,mukono,9,15000000.0,0.0,0.0,1000000.0,600000.0,0.0,0.0,0.0,16600000.0
633861646,mukono,9,3000000.0,0.0,0.0,0.0,2800000.0,0.0,0.0,0.0,5800000.0
634322667,mukono,9,160000.0,0.0,0.0,0.0,0.0,0.0,0.0,0.0,160000.0
634322758,mukono,9,800000.0,0.0,0.0,0.0,0.0,0.0,0.0,0.0,800000.0
635625535,mukono,9,900000.0,0.0,0.0,0.0,40000.0,0.0,0.0,0.0,940000.0
635860119,mukono,9,1200000.0,200000.0,0.0,300000.0,300000.0,0.0,0.0,0.0,2000000.0
636602799,mukono,9,1500000.0,200000.0,0.0,0.0,200000.0,0.0,0.0,0.0,1900000.0
558422222,nakaseke,9,1180000.0,240000.0,0.0,0.0,0.0,0.0,0.0,0.0,1420000.0
559666954,nakaseke,9,494000.0,0.0,0.0,0.0,0.0,0.0,0.0,0.0,494000.0
560448617,nakaseke,9,560000.0,0.0,0.0,0.0,0.0,0.0,0.0,0.0,560000.0
583505993,nakaseke,9,450000.0,0.0,180000.0,0.0,0.0,0.0,0.0,0.0,630000.0
584452976,nakaseke,9,286000.0,1500000.0,250000.0,0.0,0.0,0.0,0.0,0.0,2036000.0
586809899,nakaseke,9,298900.0,250000.0,150000.0,0.0,0.0,0.0,0.0,0.0,698900.0
618738329,mukono,9,1200000.0,0.0,0.0,0.0,0.0,0.0,0.0,0.0,1200000.0
623981362,mukono,9,800000.0,0.0,0.0,0.0,0.0,0.0,0.0,0.0,800000.0
633706233,mukono,9,180000.0,0.0,0.0,0.0,0.0,0.0,0.0,0.0,180000.0
555219650,nakaseke,9,700000.0,0.0,0.0,0.0,0.0,0.0,0.0,0.0,700000.0
581666974,nakaseke,9,663600.0,0.0,0.0,250000.0,162000.0,0.0,0.0,0.0,1075600.0
589566940,nakaseke,9,420000.0,0.0,0.0,0.0,0.0,0.0,0.0,0.0,420000.0
615760019,mukono,9,600000.0,300000.0,0.0,0.0,0.0,0.0,0.0,0.0,900000.0
615825276,mukono,9,1200000.0,0.0,0.0,0.0,0.0,0.0,0.0,0.0,1200000.0
616698945,mukono,9,6000000.0,0.0,0.0,0.0,1500000.0,0.0,0.0,0.0,7500000.0
616699320,mukono,9,1800000.0,0.0,0.0,0.0,0.0,0.0,0.0,0.0,1800000.0
619769782,mukono,9,1800000.0,0.0,0.0,0.0,0.0,0.0,0.0,0.0,1800000.0
621639263,mukono,9,100000.0,0.0,0.0,0.0,0.0,0.0,0.0,0.0,100000.0
622484708,mukono,9,1600000.0,0.0,0.0,0.0,0.0,0.0,0.0,0.0,1600000.0
623981163,mukono,9,1800000.0,0.0,0.0,0.0,2200000.0,0.0,0.0,0.0,4000000.0
550732746,nakaseke,9,1200000.0,0.0,0.0,0.0,90000.00000000001,0.0,0.0,0.0,1290000.0
615825485,mukono,9,2400000.0,0.0,0.0,0.0,0.0,0.0,0.0,0.0,2400000.0
551438282,nakaseke,9,1250000.0,0.0,0.0,0.0,0.0,0.0,0.0,0.0,1250000.0
585181910,nakaseke,9,468000.0,230000.0,0.0,250000.0,0.0,0.0,0.0,0.0,948000.0
553313598,nakaseke,9,14010000.0,0.0,0.0,0.0,240000.00000000015,0.0,0.0,0.0,14250000.0
555219886,nakaseke,9,1900000.0,420000.0,0.0,0.0,0.0,0.0,0.0,0.0,2320000.0
561236657,nakaseke,9,1296000.0,0.0,0.0,500000.0,221000.0,0.0,0.0,0.0,2017000.0
583502844,nakaseke,9,510000.0,0.0,0.0,0.0,0.0,0.0,0.0,0.0,510000.0
584472197,nakaseke,9,702000.0,0.0,300000.0,0.0,466200.0,0.0,0.0,0.0,1468200.0
588619360,nakaseke,9,492000.0,0.0,0.0,0.0,0.0,0.0,0.0,0.0,492000.0
613814407,nakaseke,9,2560000.0,0.0,0.0,0.0,0.0,0.0,0.0,0.0,2560000.0
614850687,mukono,9,200000.0,0.0,0.0,200000.0,0.0,0.0,0.0,0.0,400000.0
615773237,mukono,9,700000.0,0.0,300000.0,200000.0,120000.0,200000.0,0.0,0.0,1520000.0
616679140,mukono,9,3000000.0,1000000.0,0.0,0.0,6000000.0,10000000.0,0.0,0.0,20000000.0
618056509,mukono,9,3000000.0,0.0,0.0,100000.0,0.0,0.0,0.0,0.0,3100000.0
618502947,mukono,9,1000000.0,0.0,0.0,300000.0,200000.0,0.0,0.0,0.0,1500000.0
618503261,mukono,9,900000.0,0.0,0.0,0.0,0.0,0.0,0.0,1000000.0,1900000.0
618738549,mukono,9,900000.0,0.0,0.0,0.0,0.0,0.0,0.0,0.0,900000.0
619307564,mukono,9,1300000.0,0.0,0.0,200000.0,500000.0,0.0,0.0,0.0,2000000.0
619543012,mukono,9,400000.0,360000.0,0.0,0.0,0.0,5100000.0,0.0,0.0,5860000.0
620136574,mukono,9,900000.0,300000.0,200000.0,0.0,300000.0,0.0,0.0,0.0,1700000.0
620155076,mukono,9,500000.0,500000.0,0.0,0.0,300000.0,0.0,0.0,0.0,1300000.0
621076849,mukono,9,1500000.0,0.0,0.0,0.0,2000000.0,0.0,0.0,2000000.0,5500000.0
622287746,mukono,9,700000.0,0.0,0.0,100000.0,70000.0,0.0,0.0,0.0,870000.0
622484987,mukono,9,2400000.0,0.0,0.0,0.0,0.0,0.0,0.0,0.0,2400000.0
631647870,mukono,9,1800000.0,0.0,0.0,0.0,0.0,0.0,0.0,0.0,1800000.0
632483673,mukono,9,2000000.0,200000.0,0.0,300000.0,300000.0,0.0,0.0,0.0,2800000.0
632532023,mukono,9,4800000.0,0.0,0.0,0.0,1000000.0,0.0,0.0,0.0,5800000.0
633706958,mukono,9,320000.0,0.0,0.0,0.0,150000.0,0.0,0.0,0.0,470000.0
634023370,mukono,9,2000000.0,0.0,0.0,200000.0,0.0,0.0,0.0,100000.0,2300000.0
634718078,mukono,9,3000000.0,300000.0,0.0,0.0,300000.0,0.0,0.0,100000.0,3700000.0
634718387,mukono,9,1000000.0,100000.0,100000.0,100000.0,200000.0,0.0,0.0,0.0,1500000.0
635238203,mukono,9,700000.0,100000.0,300000.0,0.0,100000.0,0.0,0.0,0.0,1200000.0
635859907,mukono,9,1800000.0,200000.0,0.0,300000.0,30000.0,0.0,0.0,0.0,2330000.0
636603192,mukono,9,7000000.0,0.0,0.0,0.0,500000.0,2000000.0,0.0,0.0,9500000.0
551433371,nakaseke,9,930000.0,200000.00000000006,0.0,0.0,0.0,0.0,0.0,0.0,1130000.0
581719428,nakaseke,9,554400.0,0.0,0.0,0.0,0.0,0.0,0.0,0.0,554400.0
584453809,nakaseke,9,1008000.0,0.0,0.0,300000.0,0.0,0.0,0.0,0.0,1308000.0
588629366,nakaseke,9,552000.0,350000.0,0.0,0.0,0.0,0.0,0.0,0.0,902000.0
593198085,nakaseke,9,456000.0,0.0,0.0,0.0,0.0,0.0,0.0,0.0,456000.0
614850630,mukono,9,500000.0,0.0,100000.0,0.0,100000.0,0.0,0.0,0.0,700000.0
558415060,nakaseke,9,694400.0,0.0,0.0,250000.0,0.0,0.0,0.0,0.0,944400.0
561237697,nakaseke,9,499200.0,450000.0,0.0,0.0,500000.0,0.0,0.0,0.0,1449200.0
582502398,nakaseke,9,480000.0,0.0,0.0,0.0,225000.0,0.0,0.0,0.0,705000.0
586028388,nakaseke,9,617400.0,0.0,300000.0,0.0,200000.0,0.0,0.0,0.0,1117400.0
613819661,nakaseke,9,336000.0,0.0,0.0,0.0,0.0,0.0,0.0,0.0,336000.0
619770045,mukono,9,900000.0,0.0,0.0,0.0,0.0,0.0,0.0,0.0,900000.0
553313800,nakaseke,9,14000000.0,0.0,0.0,0.0,3000000.0000000023,0.0,0.0,0.0,17000000.000000004
560449000,nakaseke,9,680400.0,0.0,0.0,0.0,150000.0,0.0,0.0,0.0,830400.0
560449862,nakaseke,9,610000.0,0.0,0.0,300000.0,0.0,0.0,0.0,0.0,910000.0
583505325,nakaseke,9,1500000.0,0.0,0.0,0.0,0.0,0.0,0.0,0.0,1500000.0
613821415,nakaseke,9,2232000.0,0.0,0.0,0.0,0.0,0.0,0.0,0.0,2232000.0
561257600,nakaseke,9,325000.0,0.0,0.0,0.0,0.0,0.0,0.0,0.0,325000.0
585193571,nakaseke,9,545200.0,0.0,200000.0,0.0,640800.0,0.0,0.0,0.0,1386000.0
621639988,mukono,9,600000.0,0.0,0.0,0.0,1200000.0,0.0,0.0,0.0,1800000.0
550731204,nakaseke,9,600000.0,0.0,0.0,0.0,0.0,0.0,0.0,0.0,600000.0
550739292,nakaseke,9,500000.0,0.0,0.0,0.0,0.0,0.0,0.0,0.0,500000.0
550740686,nakaseke,9,1000000.0,0.0,0.0,0.0,0.0,0.0,0.0,0.0,1000000.0
551433006,nakaseke,9,1210000.0,350000.0000000001,0.0,0.0,0.0,0.0,0.0,0.0,1560000.0
552803009,nakaseke,9,7950000.0,0.0,0.0,0.0,0.0,0.0,0.0,0.0,7950000.0
554395712,nakaseke,9,2360000.0,0.0,0.0,0.0,599999.9999999998,0.0,0.0,0.0,2960000.0
554399870,,9,8800000.0,0.0,0.0,0.0,15000000.0,0.0,0.0,0.0,23800000.0
555219447,nakaseke,9,1050000.0,0.0,0.0,0.0,0.0,0.0,0.0,0.0,1050000.0
559669939,nakaseke,9,2697500.0,0.0,0.0,0.0,520000.0,0.0,0.0,0.0,3217500.0
581666409,nakaseke,9,680400.0,0.0,100000.0,0.0,180000.0,0.0,0.0,0.0,960400.0
585208171,nakaseke,9,975000.0,0.0,300000.0,0.0,0.0,0.0,0.0,0.0,1275000.0
613829595,nakaseke,9,1003400.0,0.0,0.0,0.0,0.0,0.0,0.0,0.0,1003400.0
614807717,mukono,9,800000.0,0.0,0.0,500000.0,0.0,0.0,0.0,0.0,1300000.0
615773415,mukono,9,900000.0,200000.0,0.0,300000.0,300000.0,500000.0,0.0,0.0,2200000.0
616587562,mukono,9,1500000.0,20000.0,0.0,0.0,200000.0,0.0,0.0,0.0,1720000.0
617648818,mukono,9,1200000.0,0.0,0.0,0.0,0.0,0.0,0.0,0.0,1200000.0
617656724,mukono,9,3200000.0,0.0,0.0,0.0,0.0,0.0,0.0,0.0,3200000.0
618738718,mukono,9,2400000.0,0.0,0.0,0.0,0.0,0.0,0.0,0.0,2400000.0
618740822,mukono,9,2400000.0,0.0,0.0,0.0,0.0,0.0,0.0,0.0,2400000.0
619306835,mukono,9,1200000.0,300000.0,0.0,200000.0,0.0,300000.0,0.0,0.0,2000000.0
619559199,mukono,9,6000000.0,0.0,0.0,0.0,12000000.0,0.0,0.0,0.0,18000000.0
619769613,mukono,9,4500000.0,0.0,0.0,0.0,0.0,0.0,0.0,0.0,4500000.0
620129760,mukono,9,3500000.0,500000.0,0.0,0.0,500000.0,0.0,0.0,0.0,4500000.0
620157158,mukono,9,2500000.0,0.0,0.0,2000000.0,1000000.0,300000.0,0.0,0.0,5800000.0
620418682,mukono,9,12000000.0,1800000.0,0.0,0.0,1000000.0,0.0,0.0,0.0,14800000.0
620699865,mukono,9,2400000.0,0.0,0.0,0.0,0.0,0.0,0.0,0.0,2400000.0
620699988,mukono,9,36000000.0,0.0,0.0,0.0,0.0,0.0,0.0,0.0,36000000.0
621075678,mukono,9,1200000.0,0.0,0.0,0.0,0.0,0.0,0.0,100000.0,1300000.0
621078199,mukono,9,1200000.0,0.0,0.0,0.0,500000.0,0.0,0.0,1000000.0,2700000.0
621497521,mukono,9,750000.0,0.0,0.0,500000.0,200000.0,0.0,0.0,0.0,1450000.0
622288485,mukono,9,2000000.0,2500000.0,0.0,0.0,1000000.0,500000.0,0.0,0.0,6000000.0
622289226,mukono,9,900000.0,200000.0,100000.0,0.0,500000.0,0.0,0.0,300000.0,2000000.0
622950844,mukono,9,2600000.0,400000.0,0.0,0.0,1500000.0,0.0,0.0,0.0,4500000.0
622950959,mukono,9,700000.0,100000.0,0.0,200000.0,0.0,0.0,0.0,0.0,1000000.0
622951178,mukono,9,2100000.0,0.0,0.0,0.0,2000000.0,0.0,0.0,0.0,4100000.0
623479319,mukono,9,400000.0,0.0,0.0,0.0,2800000.0,0.0,0.0,0.0,3200000.0
623704150,mukono,9,1000000.0,500000.0,0.0,500000.0,300000.0,0.0,0.0,0.0,2300000.0
623704380,mukono,9,300000.0,0.0,200000.0,0.0,200000.0,0.0,0.0,0.0,700000.0
624715344,mukono,9,200000.0,0.0,0.0,0.0,200000.0,0.0,0.0,1000000.0,1400000.0
631647480,mukono,9,3200000.0,0.0,0.0,0.0,700000.0,0.0,0.0,0.0,3900000.0
632449589,mukono,9,3000000.0,0.0,0.0,500000.0,0.0,0.0,0.0,0.0,3500000.0
632465838,mukono,9,2500000.0,200000.0,0.0,300000.0,300000.0,0.0,0.0,0.0,3300000.0
633165465,mukono,9,2000000.0,400000.0,0.0,500000.0,500000.0,0.0,0.0,0.0,3400000.0
633165662,mukono,9,2000000.0,300000.0,0.0,0.0,300000.0,200000.0,0.0,0.0,2800000.0
634022615,mukono,9,4000000.0,1000000.0,0.0,1000000.0,300000.0,0.0,0.0,0.0,6300000.0
634718321,mukono,9,1000000.0,0.0,0.0,0.0,300000.0,500000.0,0.0,0.0,1800000.0
634929270,mukono,9,80000.0,0.0,0.0,0.0,0.0,0.0,0.0,0.0,80000.0
635102819,mukono,9,1000000.0,0.0,500000.0,0.0,500000.0,0.0,0.0,0.0,2000000.0
635238371,mukono,9,2000000.0,1000000.0,0.0,500000.0,500000.0,0.0,0.0,0.0,4000000.0
635238449,mukono,9,2500000.0,100000.0,0.0,300000.0,300000.0,0.0,0.0,0.0,3200000.0
635238630,mukono,9,1500000.0,500000.0,0.0,300000.0,300000.0,0.0,0.0,0.0,2600000.0
635625333,mukono,9,400000.0,0.0,0.0,0.0,0.0,0.0,0.0,0.0,400000.0
635859825,mukono,9,1500000.0,0.0,0.0,500000.0,0.0,0.0,0.0,0.0,2000000.0
635860002,mukono,9,3000000.0,200000.0,0.0,0.0,0.0,0.0,0.0,0.0,3200000.0
635860179,mukono,9,3000000.0,1000000.0,0.0,500000.0,500000.0,0.0,0.0,0.0,5000000.0
636134719,mukono,9,24000000.0,0.0,0.0,1000000.0,1950000.0,0.0,0.0,0.0,26950000.0
636135880,mukono,9,1400000.0,0.0,1500000.0,0.0,500000.0,0.0,0.0,0.0,3400000.0
636603058,mukono,9,900000.0,0.0,0.0,0.0,200000.0,0.0,0.0,0.0,1100000.0
636603136,mukono,9,700000.0,0.0,0.0,300000.0,500000.0,0.0,0.0,0.0,1500000.0
644152753,mukono,9,2000000.0,200000.0,0.0,300000.0,300000.0,0.0,0.0,300000.0,3100000.0
644152847,mukono,9,700000.0,100000.0,0.0,200000.0,200000.0,0.0,0.0,0.0,1200000.0
644159669,mukono,9,3200000.0,0.0,0.0,0.0,420000.0,0.0,0.0,0.0,3620000.0
554400498,nakaseke,9,7000000.0,0.0,0.0,0.0,499999.9999999997,0.0,0.0,0.0,7500000.0
559666632,nakaseke,9,990000.0,0.0,0.0,150000.0,0.0,0.0,0.0,0.0,1140000.0
619306547,mukono,9,2000000.0,500000.0,0.0,0.0,0.0,0.0,0.0,320000.0,2820000.0
622485261,mukono,9,800000.0,0.0,0.0,0.0,0.0,0.0,0.0,0.0,800000.0
631647195,mukono,9,600000.0,0.0,0.0,0.0,150000.0,0.0,0.0,0.0,750000.0
565368592,nakaseke,9,571200.0,0.0,0.0,0.0,127000.0,0.0,0.0,0.0,698200.0
584454693,nakaseke,9,250000.0,0.0,250000.0,0.0,0.0,0.0,0.0,0.0,500000.0
618738814,mukono,9,2600000.0,0.0,0.0,0.0,0.0,0.0,0.0,0.0,2600000.0
582503421,nakaseke,9,690000.0,0.0,0.0,0.0,0.0,0.0,0.0,0.0,690000.0
589565846,nakaseke,9,720000.0,0.0,0.0,0.0,850000.0,0.0,0.0,0.0,1570000.0
614850459,mukono,9,1100000.0,0.0,0.0,0.0,550000.0,0.0,0.0,0.0,1650000.0
556032422,nakaseke,9,2500000.0,1800000.0,0.0,300000.0,0.0,0.0,0.0,0.0,4600000.0
558422563,nakaseke,9,1750000.0,0.0,0.0,0.0,950000.0,0.0,0.0,0.0,2700000.0
585223034,nakaseke,9,342000.0,0.0,0.0,0.0,0.0,0.0,0.0,0.0,342000.0
623704362,mukono,9,700000.0,500000.0,0.0,0.0,500000.0,0.0,0.0,0.0,1700000.0
633165535,mukono,9,1800000.0,0.0,0.0,500000.0,500000.0,0.0,0.0,0.0,2800000.0
634929225,mukono,9,4000000.0,0.0,0.0,0.0,100000.0,0.0,0.0,0.0,4100000.0
636602878,mukono,9,3500000.0,200000.0,0.0,200000.0,300000.0,0.0,0.0,0.0,4200000.0
558418973,nakaseke,9,1664000.0,0.0,0.0,0.0,1800000.0,2500000.0,0.0,0.0,5964000.0
613827164,nakaseke,9,1560200.0,0.0,450000.0,0.0,950000.0,0.0,0.0,0.0,2960200.0
632876809,mukono,9,320000.0,0.0,0.0,0.0,0.0,0.0,0.0,0.0,320000.0
559670838,nakaseke,9,2073500.0,0.0,0.0,200000.0,0.0,0.0,0.0,0.0,2273500.0
588625655,nakaseke,9,2496000.0,0.0,300000.0,0.0,1050000.0,0.0,0.0,0.0,3846000.0
550732633,nakaseke,9,1050000.0,0.0,0.0,0.0,0.0,0.0,0.0,0.0,1050000.0
550740078,nakaseke,9,1100000.0,50000.00000000001,0.0,0.0,0.0,0.0,0.0,0.0,1150000.0
552802393,nakaseke,9,8800000.0,3000000.0000000023,0.0,0.0,400000.0000000001,0.0,0.0,0.0,12200000.000000002
553314788,nakaseke,9,7500000.0,0.0,0.0,0.0,299999.9999999999,0.0,0.0,0.0,7800000.0
556033462,nakaseke,9,4032000.0,0.0,0.0,0.0,1755000.0,0.0,0.0,0.0,5787000.0
557694485,nakaseke,9,90000.0,0.0,0.0,50000.0,0.0,0.0,0.0,0.0,140000.0
557694682,nakaseke,9,90000.0,0.0,0.0,25000.0,0.0,0.0,0.0,0.0,115000.0
557711753,nakaseke,9,1750000.0,0.0,0.0,0.0,0.0,0.0,0.0,0.0,1750000.0
557713215,nakaseke,9,1100000.0000000002,0.0,0.0,0.0,0.0,0.0,0.0,0.0,1100000.0000000002
558375556,nakaseke,9,300000.0,0.0,0.0,50000.0,60000.0,0.0,0.0,0.0,410000.0
565368815,nakaseke,9,1150000.0,0.0,0.0,300000.0,0.0,0.0,0.0,0.0,1450000.0
583503314,nakaseke,9,3060000.0,0.0,0.0,0.0,639000.0,0.0,0.0,0.0,3699000.0
592192864,nakaseke,9,2400000.0,0.0,0.0,0.0,0.0,0.0,0.0,0.0,2400000.0
614807974,mukono,9,700000.0,0.0,0.0,400000.0,0.0,0.0,0.0,0.0,1100000.0
614850566,mukono,9,3200000.0,0.0,0.0,0.0,3000000.0,0.0,0.0,0.0,6200000.0
615761193,mukono,9,7000000.0,1000000.0,0.0,0.0,1000000.0,0.0,500000.0,0.0,9500000.0
615773611,mukono,9,1000000.0,200000.0,100000.0,0.0,100000.0,0.0,0.0,0.0,1400000.0
616675567,mukono,9,300000.0,0.0,0.0,0.0,0.0,1000000.0,600000.0,0.0,1900000.0
617462488,mukono,9,650000.0,0.0,0.0,0.0,0.0,4000000.0,0.0,0.0,4650000.0
617463415,mukono,9,300000.0,0.0,0.0,0.0,300000.0,2400000.0,0.0,0.0,3000000.0
617648934,mukono,9,2400000.0,0.0,0.0,0.0,0.0,0.0,0.0,0.0,2400000.0
619547863,mukono,9,1000000.0,0.0,0.0,0.0,250000.0,1000000.0,0.0,0.0,2250000.0
619769827,mukono,9,560000.0,0.0,0.0,0.0,0.0,0.0,0.0,250000.0,810000.0
619769984,mukono,9,1800000.0,0.0,0.0,0.0,0.0,0.0,0.0,0.0,1800000.0
620417365,mukono,9,600000.0,0.0,0.0,0.0,0.0,5000000.0,1000000.0,0.0,6600000.0
620699936,mukono,9,3200000.0,0.0,0.0,0.0,0.0,0.0,0.0,0.0,3200000.0
620700057,mukono,9,1200000.0,0.0,0.0,0.0,1600000.0,0.0,0.0,0.0,2800000.0
621078668,mukono,9,1100000.0,200000.0,0.0,0.0,800000.0,0.0,4800000.0,500000.0,7400000.0
621640204,mukono,9,130000.0,0.0,0.0,0.0,0.0,0.0,0.0,0.0,130000.0
621642449,mukono,9,200000.0,0.0,0.0,0.0,0.0,0.0,0.0,0.0,200000.0
622289483,mukono,9,400000.0,200000.0,100000.0,0.0,200000.0,0.0,0.0,0.0,900000.0
622485078,mukono,9,8000000.0,0.0,0.0,0.0,4500000.0,0.0,0.0,0.0,12500000.0
623981243,mukono,9,100000.0,0.0,0.0,0.0,250000.0,0.0,0.0,0.0,350000.0
624290457,mukono,9,1800000.0,500000.0,0.0,1000000.0,500000.0,600000.0,0.0,0.0,4400000.0
624291333,mukono,9,700000.0,600000.0,0.0,600000.0,500000.0,0.0,0.0,0.0,2400000.0
624292438,mukono,9,700000.0,700000.0,200000.0,200000.0,200000.0,0.0,0.0,0.0,2000000.0
631647010,mukono,9,1200000.0,0.0,0.0,0.0,75000.0,0.0,0.0,0.0,1275000.0
633165312,mukono,9,1200000.0,0.0,0.0,200000.0,0.0,0.0,0.0,0.0,1400000.0
633706793,mukono,9,300000.0,0.0,0.0,0.0,500000.0,0.0,0.0,0.0,800000.0
634022985,mukono,9,900000.0,0.0,0.0,300000.0,0.0,0.0,0.0,100000.0,1300000.0
634718242,mukono,9,5000000.0,1000000.0,0.0,1000000.0,1000000.0,0.0,0.0,0.0,8000000.0
635238561,mukono,9,1200000.0,0.0,0.0,500000.0,300000.0,0.0,0.0,0.0,2000000.0
636135365,mukono,9,3000000.0,0.0,500000.0,300000.0,100000.0,0.0,0.0,0.0,3900000.0
636136285,mukono,9,2400000.0,0.0,0.0,1000000.0,0.0,0.0,0.0,3000000.0,6400000.0
616674531,mukono,9,5100000.0,0.0,0.0,0.0,0.0,0.0,2000000.0,0.0,7100000.0
557715625,nakaseke,9,1650000.0,0.0,0.0,0.0,0.0,0.0,0.0,0.0,1650000.0
582503133,nakaseke,9,1260000.0,0.0,0.0,500000.0,0.0,0.0,0.0,0.0,1760000.0
586804272,nakaseke,9,3217800.0,300000.0,1000000.0,0.0,560000.0,0.0,0.0,0.0,5077800.0
620699783,mukono,9,2800000.0,0.0,0.0,0.0,0.0,0.0,0.0,0.0,2800000.0
550738751,nakaseke,9,400000.0,0.0,0.0,0.0,0.0,0.0,0.0,0.0,400000.0
589566299,nakaseke,9,540000.0,0.0,0.0,0.0,0.0,0.0,0.0,0.0,540000.0
556042851,nakaseke,9,700000.0,0.0,0.0,300000.0,250000.0,0.0,0.0,0.0,1250000.0
581667076,nakaseke,9,831600.0,0.0,300000.0,150000.0,0.0,0.0,0.0,0.0,1281600.0
561201812,nakaseke,9,600000.0,0.0,250000.0,90000.0,90000.0,0.0,0.0,0.0,1030000.0
561202655,nakaseke,9,300000.0,60000.0,55000.0,150000.0,70000.0,0.0,0.0,0.0,635000.0
622951271,mukono,9,1800000.0,1000000.0,0.0,0.0,1200000.0,0.0,0.0,0.0,4000000.0
623479194,mukono,9,2400000.0,0.0,0.0,0.0,1200000.0,0.0,0.0,0.0,3600000.0
633859954,mukono,9,1200000.0,0.0,1000000.0,0.0,500000.0,0.0,0.0,0.0,2700000.0
634322609,mukono,9,1800000.0,0.0,0.0,0.0,0.0,0.0,0.0,0.0,1800000.0
634718422,mukono,9,1000000.0,349999.9999999997,0.0,0.0,199999.99999999997,0.0,0.0,0.0,1549999.9999999998
618738459,mukono,9,5400000.0,0.0,0.0,0.0,0.0,0.0,0.0,0.0,5400000.0
552806909,nakaseke,9,1120000.0,0.0,0.0,0.0,849999.9999999994,0.0,0.0,0.0,1969999.9999999995
557694859,nakaseke,9,90000.0,0.0,0.0,0.0,0.0,0.0,0.0,0.0,90000.0
589566059,nakaseke,9,6300000.0,1000000.0,0.0,300000.0,0.0,0.0,0.0,0.0,7600000.0
593200247,nakaseke,9,31200005.0,1000000.0,0.0,0.0,1080000.0,0.0,0.0,0.0,33280005.0
613820537,nakaseke,9,5040000.0,500000.0,0.0,0.0,0.0,0.0,0.0,0.0,5540000.0
614808240,mukono,9,1000000.0,0.0,0.0,600000.0,0.0,200000.0,0.0,0.0,1800000.0
615773753,mukono,9,1500000.0,1000000.0,0.0,200000.0,0.0,0.0,0.0,0.0,2700000.0
617460629,mukono,9,800000.0,0.0,0.0,0.0,0.0,20000000.0,0.0,500000.0,21300000.0
617461111,mukono,9,400000.0,0.0,0.0,300000.0,0.0,0.0,0.0,0.0,700000.0
617461597,mukono,9,120000.0,0.0,0.0,0.0,0.0,0.0,0.0,0.0,120000.0
618056660,mukono,9,1200000.0,0.0,0.0,200000.0,0.0,500000.0,0.0,0.0,1900000.0
618502638,mukono,9,2000000.0,0.0,0.0,0.0,300000.0,0.0,0.0,100000.00000000001,2400000.0
618738618,mukono,9,3400000.0,0.0,0.0,0.0,0.0,0.0,0.0,0.0,3400000.0
619308856,mukono,9,3000000.0,500000.0,0.0,0.0,500000.0,0.0,0.0,9000000.0,13000000.0
620131758,mukono,9,700000.0,500000.0,0.0,0.0,500000.0,0.0,0.0,0.0,1700000.0
621077765,mukono,9,2500000.0,0.0,0.0,0.0,0.0,0.0,0.0,1000000.0,3500000.0
622950517,mukono,9,8000000.0,300000.0,0.0,500000.0,4000000.0,0.0,0.0,0.0,12800000.0
623178431,mukono,9,1600000.0,0.0,1000000.0,240000.0,0.0,0.0,0.0,0.0,2840000.0
623271316,mukono,9,750000.0,0.0,0.0,0.0,10000000.0,2000000.0,0.0,0.0,12750000.0
623272577,mukono,9,1000000.0,0.0,0.0,0.0,20000000.0,0.0,0.0,0.0,21000000.0
624293459,mukono,9,1100000.0,1000000.0,0.0,0.0,0.0,0.0,0.0,0.0,2100000.0
624713073,mukono,9,400000.0,0.0,0.0,5000000.0,0.0,0.0,0.0,0.0,5400000.0
624713879,mukono,9,685000.0,0.0,0.0,0.0,0.0,2000000.0,0.0,0.0,2685000.0
625320144,mukono,9,800000.0,360000.0,0.0,0.0,6000000.0,0.0,0.0,0.0,7160000.0
628089142,mukono,9,840000.0,0.0,0.0,0.0,0.0,0.0,5000000.0,0.0,5840000.0
628089849,mukono,9,1400000.0,0.0,0.0,0.0,0.0,3000000.0,0.0,0.0,4400000.0
628775275,mukono,9,45000000.0,0.0,0.0,1000000.0,0.0,10000000.0,0.0,0.0,56000000.0
630120893,mukono,9,2400000.0,0.0,0.0,500000.0,0.0,1000000.0,0.0,0.0,3900000.0
632524617,mukono,9,6500000.0,0.0,0.0,0.0,240000.0,2000000.0,0.0,0.0,8740000.0
633860632,mukono,9,2400000.0,0.0,0.0,0.0,1200000.0,0.0,4800000.0,0.0,8400000.0
633861486,mukono,9,1410000.0,0.0,0.0,0.0,0.0,0.0,6000000.0,0.0,7410000.0
634021883,mukono,9,5000000.0,1000000.0,0.0,0.0,600000.0,0.0,0.0,0.0,6600000.0
634952329,mukono,9,49000000.0,0.0,0.0,0.0,2000000.0,0.0,6000000.0,0.0,57000000.0
635102211,mukono,9,4000000.0,10000000.0,0.0,0.0,5000000.0,0.0,0.0,2000000.0,21000000.0
635102285,mukono,9,1200000.0,0.0,2000000.0,0.0,500000.0,0.0,0.0,0.0,3700000.0
623184098,mukono,9,1500000.0,0.0,0.0,0.0,500000.0,0.0,1000000.0,0.0,3000000.0
554408234,nakaseke,9,550000.0,0.0,0.0,0.0,0.0,0.0,0.0,0.0,550000.0
556042141,nakaseke,9,300000.0,0.0,0.0,0.0,120000.0,0.0,0.0,0.0,420000.0
559614978,nakaseke,9,600000.0,0.0,500000.0,0.0,400000.0,0.0,0.0,0.0,1500000.0
581570782,nakaseke,9,1000000.0,0.0,0.0,500000.0,249999.99999999983,0.0,0.0,0.0,1749999.9999999998
552806065,,9,500000.0,0.0,0.0,0.0,0.0,0.0,0.0,0.0,500000.0
553316435,nakaseke,9,1700000.0,0.0,0.0,0.0,0.0,0.0,0.0,0.0,1700000.0
558375760,nakaseke,9,150000.0,0.0,0.0,0.0,0.0,0.0,0.0,0.0,150000.0
559615316,nakaseke,9,500000.0,0.0,400000.0,250000.0,50000.0,0.0,0.0,0.0,1200000.0
630121155,mukono,9,4200000.0,1000000.0,0.0,0.0,200000.0,0.0,0.0,0.0,5400000.0
630121646,mukono,9,2800000.0,0.0,0.0,700000.0,120000.0,0.0,0.0,0.0,3620000.0
560425493,nakaseke,9,250000.0,0.0,0.0,100000.0,50000.0,0.0,0.0,0.0,400000.0
560424556,nakaseke,9,600000.0,0.0,500000.0,90000.0,200000.0,0.0,0.0,0.0,1390000.0
561200542,nakaseke,9,600000.0,450000.0,0.0,90000.0,50000.0,0.0,0.0,0.0,1190000.0
561202398,nakaseke,9,350000.0,0.0,200000.0,100000.0,60000.0,0.0,0.0,0.0,710000.0
560425197,nakaseke,9,500000.0,0.0,350000.0,160000.0,90000.0,0.0,0.0,0.0,1100000.0
628088416,mukono,9,1300000.0,3000000.0,0.0,500000.0,0.0,2000000.0,0.0,0.0,6800000.0
628089405,mukono,9,1400000.0,0.0,0.0,0.0,0.0,6000000.0,0.0,0.0,7400000.0
628774965,mukono,9,1000000.0,0.0,2000000.0,500000.0,0.0,0.0,0.0,0.0,3500000.0
632530379,mukono,9,1000000.0,0.0,0.0,5000000.0,500000.0,0.0,0.0,0.0,6500000.0
636135085,mukono,9,20800000.0,1000000.0,0.0,0.0,500000.0,0.0,0.0,0.0,22300000.0
556039009,nakaseke,9,20000.0,0.0,0.0,50000.0,120000.0,0.0,0.0,0.0,190000.0
553316712,nakaseke,9,370000.0,0.0,0.0,0.0,60000.00000000002,0.0,0.0,0.0,430000.0
621496649,mukono,9,2400000.0,0.0,0.0,2400000.0,100000.0,0.0,0.0,0.0,4900000.0
629845932,mukono,9,2000000.0,0.0,0.0,3000000.0,360000.0,0.0,0.0,0.0,5360000.0
632528316,mukono,9,5000000.0,0.0,0.0,1500000.0,0.0,0.0,0.0,0.0,6500000.0
633861263,mukono,9,8400000.0,10000000.0,0.0,0.0,6000000.0,0.0,0.0,0.0,24400000.0
635102642,mukono,9,7000000.0,0.0,0.0,0.0,10000000.0,0.0,0.0,0.0,17000000.0
560423470,nakaseke,9,450000.0,0.0,240000.0,0.0,300000.0,0.0,0.0,0.0,990000.0
551439101,nakaseke,9,1100000.0,0.0,0.0,0.0,0.0,0.0,0.0,0.0,1100000.0
553316111,nakaseke,9,380000.0,0.0,0.0,0.0,60000.00000000002,0.0,0.0,0.0,440000.0
554407800,nakaseke,9,900000.0,0.0,0.0,299999.99999999977,0.0,0.0,0.0,0.0,1199999.9999999998
558374654,nakaseke,9,450000.0,450000.00000000035,250000.0,100000.0,0.0,0.0,0.0,0.0,1250000.0000000005
558375246,nakaseke,9,220000.0,0.0,50000.0,150000.0,0.0,0.0,0.0,0.0,420000.0
581569323,nakaseke,9,1350000.0,0.0,0.0,299999.99999999977,800000.0000000005,0.0,0.0,0.0,2450000.0
581571879,nakaseke,9,500000.0,0.0,200000.0,150000.0,60000.0,0.0,0.0,0.0,910000.0
564861263,nakaseke,9,500000.0,150000.0,50000.0,100000.0,60000.0,0.0,0.0,0.0,860000.0
559615143,nakaseke,9,300000.0,0.0,50000.0,60000.0,100000.0,0.0,0.0,0.0,510000.0
564864365,nakaseke,9,300000.0,60000.0,58000.0,100000.0,60000.0,0.0,0.0,0.0,578000.0
553315619,nakaseke,9,350000.0,0.0,0.0,0.0,0.0,0.0,0.0,0.0,350000.0
556039301,nakaseke,9,500000.0,0.0,0.0,90000.0,150000.0,0.0,0.0,0.0,740000.0
615757479,mukono,9,800000.0,0.0,0.0,0.0,100000.0,0.0,0.0,0.0,900000.0
615773011,mukono,9,1500000.0,0.0,0.0,0.0,0.0,0.0,0.0,200000.0,1700000.0
619554974,mukono,9,3600000.0,2000000.0,0.0,0.0,1000000.0,0.0,0.0,0.0,6600000.0
620416772,mukono,9,500000.0,0.0,0.0,600000.0,0.0,180000.0,0.0,0.0,1280000.0
620419799,mukono,9,4000000.0,0.0,0.0,0.0,125000.0,0.0,0.0,0.0,4125000.0
621494958,mukono,9,500000.0,0.0,0.0,0.0,0.0,0.0,0.0,5000000.0,5500000.0
621496210,mukono,9,6000000.0,1000000.0,0.0,500000.0,0.0,0.0,0.0,0.0,7500000.0
621498584,mukono,9,16800000.0,0.0,0.0,0.0,500000.0,1000000.0,0.0,0.0,18300000.0
621639094,mukono,9,400000.0,0.0,0.0,0.0,300000.0,0.0,6000000.000000005,0.0,6700000.000000005
623187149,mukono,9,560000.0,0.0,0.0,240000.0,0.0,1000000.0,0.0,0.0,1800000.0
623270536,mukono,9,13500000.0,0.0,0.0,0.0,1900000.0,0.0,0.0,0.0,15400000.0
624711692,mukono,9,1200000.0,1000000.0,0.0,0.0,2000000.0,0.0,0.0,0.0,4200000.0
624712163,mukono,9,2400000.0,1080000.0,0.0,0.0,0.0,5000000.0,0.0,0.0,8480000.0
625315993,mukono,9,1200000.0,0.0,0.0,500000.0,100000.0,0.0,0.0,0.0,1800000.0
628080096,mukono,9,7000000.0,0.0,0.0,0.0,2000000.0,0.0,0.0,0.0,9000000.0
628775775,mukono,9,36000000.0,3000000.0,0.0,0.0,0.0,1000000.0,0.0,0.0,40000000.0
630120684,mukono,9,7000000.0,2000000.0,0.0,0.0,0.0,3000000.0,0.0,0.0,12000000.0
632531024,mukono,9,3500000.0,0.0,0.0,1000000.0,0.0,0.0,5000000.0,0.0,9500000.0
632870785,mukono,9,3200000.0,0.0,0.0,0.0,70000.0,0.0,0.0,0.0,3270000.0
634322563,mukono,9,1200000.0,0.0,0.0,0.0,2000000.0,0.0,0.0,0.0,3200000.0
634951268,mukono,9,1000000.0,0.0,0.0,1300000.0,0.0,0.0,0.0,0.0,2300000.0
619307991,mukono,9,6000000.0,1000000.0,0.0,500000.0,15000000.0,0.0,6000000.0,0.0,28500000.0
634929055,mukono,9,2400000.0,0.0,0.0,0.0,500000.0,0.0,0.0,0.0,2900000.0
635625431,mukono,9,1200000.0,0.0,0.0,0.0,800000.0,0.0,0.0,0.0,2000000.0
625318562,mukono,9,400000.0,0.0,2000000.0,1000000.0,0.0,0.0,0.0,0.0,3400000.0
628776109,mukono,9,4900000.0,0.0,0.0,450000.0,0.0,2000000.0,0.0,0.0,7350000.0
633860413,mukono,9,42000000.0,0.0,0.0,1000000.0,500000.0,0.0,0.0,12000000.0,55500000.0
557694292,nakaseke,9,300000.0,0.0,0.0,50000.0,60000.0,0.0,0.0,0.0,410000.0
582450581,nakaseke,9,350000.0,50000.0,90000.0,0.0,0.0,0.0,0.0,0.0,490000.0
613185259,nakaseke,9,390000.0,0.0,0.0,0.0,400000.0,0.0,0.0,0.0,790000.0
614810845,mukono,9,800000.0,0.0,0.0,0.0,0.0,0.0,0.0,0.0,800000.0
617648764,mukono,9,1200000.0,0.0,0.0,0.0,0.0,0.0,0.0,0.0,1200000.0
551438934,nakaseke,9,1700000.0,0.0,0.0,0.0,0.0,0.0,0.0,0.0,1700000.0
589548879,nakaseke,9,20000.0,0.0,100000.0,0.0,250000.0,0.0,0.0,0.0,370000.0
554402613,nakaseke,9,0.0,0.0,0.0,0.0,60000.00000000002,0.0,0.0,0.0,60000.00000000002
589547568,nakaseke,9,350000.0,0.0,0.0,89999.99999999997,0.0,10000000.000000006,0.0,0.0,10440000.000000006
592180125,nakaseke,9,350000.0,0.0,0.0,0.0,200000.0,0.0,0.0,0.0,550000.0
613184766,nakaseke,9,600000.0,0.0,0.0,100000.0,250000.0,0.0,0.0,0.0,950000.0
613185864,nakaseke,9,600000.0,20000.0,0.0,100000.00000000001,500000.0,0.0,0.0,0.0,1220000.0
593216040,nakaseke,9,400000.0,250000.0,69000.0,0.0,200000.0,0.0,0.0,0.0,919000.0
552806578,nakaseke,9,1300000.0,0.0,0.0,0.0,0.0,0.0,0.0,0.0,1300000.0
554403180,,9,1100000.0,0.0,0.0,0.0,199999.99999999997,0.0,0.0,0.0,1300000.0
554997531,nakaseke,9,400000.0,0.0,0.0,60000.0,250000.0,0.0,0.0,0.0,710000.0
581568916,nakaseke,9,500000.0,0.0,90000.0,60000.0,170000.0,0.0,0.0,0.0,820000.0
582449149,nakaseke,9,600000.0,250000.0,0.0,150000.0,50000.0,0.0,0.0,0.0,1050000.0
583384059,nakaseke,9,9000000.0,350000.0,0.0,0.0,250000.0,0.0,0.0,0.0,9600000.0
584465855,nakaseke,9,400000.0,150000.0,0.0,0.0,0.0,0.0,0.0,0.0,550000.0
585291611,nakaseke,9,9000000.0,30000.0,0.0,60000.0,350000.0,0.0,0.0,0.0,9440000.0
588618114,nakaseke,9,600000.0,0.0,0.0,120000.0,30000.0,0.0,0.0,0.0,750000.0
589549118,nakaseke,9,600000.0,0.0,90000.0,0.0,250000.0,0.0,0.0,0.0,940000.0
592179551,nakaseke,9,200000.0,0.0,0.0,150000.0,150000.0,0.0,0.0,0.0,500000.0
613185857,nakaseke,9,600000.0,300000.0,0.0,120000.0,350000.0,0.0,0.0,0.0,1370000.0
613185868,nakaseke,9,500000.0,350000.0,0.0,0.0,400000.0,0.0,0.0,0.0,1250000.0
618737230,mukono,9,1800000.0,0.0,0.0,0.0,0.0,0.0,0.0,0.0,1800000.0
625321534,mukono,9,5600000.0,0.0,0.0,0.0,2000000.0,10000000.0,0.0,0.0,17600000.0
613185262,nakaseke,9,260000.0,0.0,300000.0,100000.0,250000.0,0.0,0.0,0.0,910000.0
586823072,nakaseke,9,600000.0,0.0,0.0,100000.00000000001,600000.0,0.0,0.0,0.0,1300000.0
586821078,nakaseke,9,800000.0,0.0,0.0,20000.0,96000.0,0.0,0.0,0.0,916000.0
586823179,nakaseke,9,600000.0,0.0,0.0,100000.0,600000.0,0.0,0.0,0.0,1300000.0
588618032,nakaseke,9,1000000.0,200000.0,0.0,150000.0,350000.0,0.0,0.0,0.0,1700000.0
592179319,nakaseke,9,300000.0,0.0,0.0,0.0,200000.0,0.0,0.0,0.0,500000.0
613185254,nakaseke,9,350000.0,400000.0,249999.99999999983,0.0,230000.0,0.0,0.0,0.0,1229999.9999999998
613184756,nakaseke,9,380000.0,0.0,400000.0000000001,0.0,350000.0,0.0,0.0,0.0,1130000.0
613184762,nakaseke,9,5000000.0,0.0,299999.9999999999,700000.0,250000.0,100000.0,0.0,0.0,6350000.0
593216705,nakaseke,9,350000.0,109.0,0.0,0.0,200000.0,0.0,0.0,0.0,550109.0
582448458,nakaseke,9,600000.0,300000.0,0.0,150000.0,200000.0,0.0,0.0,0.0,1250000.0
583383308,nakaseke,9,560000.0,30000.0,90000.0,3.0,20000.0,0.0,0.0,0.0,700003.0
584457728,nakaseke,9,350000.0,0.0,0.0,0.0,0.0,0.0,0.0,0.0,350000.0
584460556,nakaseke,9,250000.0,100000.0,0.0,150000.0,100799.99999999999,0.0,0.0,0.0,600800.0
586822745,nakaseke,9,600000.0,300000.0,0.0,0.0,200000.0,0.0,0.0,0.0,1100000.0
588618956,nakaseke,9,600000.0,0.0,150000.0,0.0,250000.0,0.0,0.0,0.0,1000000.0
588619984,nakaseke,9,500000.0,0.0,0.0,0.0,250000.0,0.0,0.0,0.0,750000.0
589548430,nakaseke,9,300000.0,0.0,25000.0,0.0,500000.0,0.0,0.0,0.0,825000.0
613184214,nakaseke,9,200000.0,0.0,50000.0,0.0,130000.0,0.0,0.0,0.0,380000.0
551438775,nakaseke,9,1200000.0,0.0,0.0,0.0,0.0,0.0,0.0,0.0,1200000.0
552805506,nakaseke,9,9700000.0,0.0,0.0,0.0,0.0,0.0,0.0,0.0,9700000.0
582449815,nakaseke,9,500000.0,200000.0,0.0,0.0,60000.0,999999.9999999995,0.0,0.0,1759999.9999999995
583383783,nakaseke,9,500000.0,200000.0,0.0,0.0,300000.0,0.0,0.0,0.0,1000000.0
583384470,nakaseke,9,500000.0,250000.0,0.0,499999.9999999997,200000.0,0.0,0.0,0.0,1449999.9999999998
585919910,nakaseke,9,2000000.0,500000.0,400000.0000000001,500000.0,600000.0,0.0,0.0,0.0,4000000.0
585937638,nakaseke,9,600000.0,250000.0,89999.99999999997,60000.0,260000.0,0.0,0.0,0.0,1260000.0
592179023,nakaseke,9,1000000.0,200000.0,0.0,100000.0,0.0,0.0,0.0,0.0,1300000.0
551439238,nakaseke,9,1500000.0,0.0,0.0,0.0,0.0,0.0,0.0,0.0,1500000.0
555070994,nakaseke,9,600000.0,250000.0,0.0,100000.0,60000.0,0.0,0.0,0.0,1010000.0
555112218,nakaseke,9,1050000.0,0.0,499999.99999999977,0.0,0.0,0.0,0.0,0.0,1549999.9999999998
555148547,nakaseke,9,400000.0,250000.0,0.0,90000.0,400000.0,0.0,0.0,0.0,1140000.0
584458624,nakaseke,9,600000.0,250000.0,400000.0,100000.0,0.0,0.0,0.0,0.0,1350000.0
585290674,nakaseke,9,500000.0,250000.0,0.0,100000.0,900000.0,0.0,0.0,0.0,1750000.0
585290890,nakaseke,9,700000.0,300000.0,50000.0,120000.0,350000.0,0.0,0.0,0.0,1520000.0
585309665,nakaseke,9,500000.0,0.0,0.0,0.0,200000.0,0.0,0.0,0.0,700000.0
585924133,nakaseke,9,600000.0,200000.0,0.0,150000.0,300000.0,0.0,0.0,0.0,1250000.0
585929887,nakaseke,9,500000.0,0.0,0.0,0.0,0.0,0.0,0.0,0.0,500000.0
613834815,nakaseke,9,2100000.0,0.0,0.0,0.0,0.0,0.0,0.0,5000000.000000003,7100000.000000003
613836978,nakaseke,9,700000.0,0.0,0.0,0.0,0.0,0.0,0.0,0.0,700000.0
617656696,mukono,9,1099999.9999999998,299999.99999999977,0.0,0.0,1425599.9999999993,999999.9999999997,0.0,0.0,3825599.9999999986
633860938,mukono,9,3000000.0,1000000.0,0.0,0.0,5000000.0,0.0,0.0,0.0,9000000.0
616677841,mukono,10,70000.0,0.0,6000000.0,0.0,0.0,0.0,0.0,0.0,6070000.0
551440657,nakaseke,10,280000.0,0.0,0.0,0.0,0.0,0.0,0.0,0.0,280000.0
592191523,nakaseke,10,312000.0,0.0,0.0,0.0,500000.0,0.0,0.0,0.0,812000.0
552803559,nakaseke,10,3440000.0,499999.9999999997,0.0,0.0,149999.99999999994,0.0,0.0,0.0,4089999.9999999995
613177526,nakaseke,10,50000000.0,0.0,0.0,0.0,0.0,0.0,0.0,0.0,50000000.0
613831899,nakaseke,10,203000.0,0.0,0.0,0.0,0.0,0.0,0.0,0.0,203000.0
614880484,mukono,10,120000.0,0.0,0.0,0.0,0.0,0.0,0.0,0.0,120000.0
550714067,nakaseke,10,800000.0,0.0,0.0,0.0,400000.0000000001,0.0,0.0,0.0,1200000.0
550714208,nakaseke,10,1000000.0,0.0,0.0,0.0,249999.99999999983,0.0,0.0,0.0,1249999.9999999998
556045414,nakaseke,10,1000000.0,0.0,0.0,0.0,500000.0,0.0,0.0,0.0,1500000.0
556046788,nakaseke,10,800000.0,0.0,0.0,300000.0,0.0,0.0,0.0,0.0,1100000.0
557695958,nakaseke,10,1000000.0,500000.0,0.0,0.0,200000.0,0.0,0.0,0.0,1700000.0
560461977,nakaseke,10,3000000.0,500000.0,0.0,0.0,0.0,0.0,0.0,0.0,3500000.0
592361767,nakaseke,10,5000000.0,0.0,0.0,0.0,250000.0,0.0,0.0,0.0,5250000.0
592363240,nakaseke,10,3000000.0,200000.0,0.0,0.0,500000.0,0.0,0.0,0.0,3700000.0
616701192,mukono,10,520000.0,0.0,0.0,0.0,0.0,0.0,0.0,0.0,520000.0
624293019,mukono,10,900000.0,500000.0,200000.0,300000.0,300000.0,0.0,0.0,0.0,2200000.0
550715350,nakaseke,10,800000.0,0.0,0.0,0.0,0.0,0.0,0.0,0.0,800000.0
552803832,nakaseke,10,2300000.0,0.0,0.0,0.0,200000.00000000006,0.0,0.0,0.0,2500000.0
553311655,nakaseke,10,950000.0,0.0,0.0,299999.99999999977,0.0,0.0,0.0,0.0,1249999.9999999998
554396495,nakaseke,10,900000.0,0.0,0.0,0.0,0.0,0.0,0.0,0.0,900000.0
555218845,nakaseke,10,4500000.0,0.0,0.0,400000.0,0.0,0.0,0.0,0.0,4900000.0
556047384,nakaseke,10,1500000.0,0.0,0.0,300000.0,0.0,500000.0,0.0,0.0,2300000.0
557713875,nakaseke,10,700000.0,0.0,0.0,0.0,0.0,0.0,0.0,0.0,700000.0
558376731,nakaseke,10,800000.0,0.0,0.0,0.0,0.0,0.0,0.0,0.0,800000.0
558377788,nakaseke,10,1250000.0,0.0,0.0,350000.0,40000.0,0.0,0.0,0.0,1640000.0
558378029,nakaseke,10,1000000.0,0.0,0.0,0.0,250000.0,0.0,0.0,0.0,1250000.0
559605691,nakaseke,10,4000000.0,300000.0,0.0,0.0,250000.0,0.0,0.0,0.0,4550000.0
560460598,nakaseke,10,4000000.0,0.0,0.0,0.0,0.0,0.0,0.0,0.0,4000000.0
560460842,nakaseke,10,2000000.0,0.0,0.0,0.0,400000.0,0.0,0.0,0.0,2400000.0
561199081,nakaseke,10,2500000.0,400000.0,0.0,0.0,200000.0,0.0,0.0,0.0,3100000.0
561203340,nakaseke,10,2500000.0,0.0,0.0,0.0,0.0,0.0,0.0,0.0,2500000.0
561250862,nakaseke,10,399600.0,0.0,0.0,300000.0,0.0,0.0,0.0,0.0,699600.0
582704845,nakaseke,10,7000000.0,400000.0,0.0,0.0,0.0,0.0,0.0,0.0,7400000.0
585217011,nakaseke,10,8000000.0,0.0,200000.0,0.0,0.0,0.0,0.0,0.0,8200000.0
588626659,nakaseke,10,156000.0,500000.0,300000.0,0.0,0.0,0.0,0.0,0.0,956000.0
588783193,nakaseke,10,7000000.0,0.0,0.0,0.0,0.0,0.0,0.0,0.0,7000000.0
613810847,nakaseke,10,360000.0,0.0,0.0,0.0,0.0,0.0,0.0,0.0,360000.0
614880582,mukono,10,400000.0,0.0,0.0,0.0,0.0,0.0,0.0,0.0,400000.0
616579050,mukono,10,500000.0,0.0,0.0,0.0,0.0,0.0,0.0,90000.0,590000.0
616701381,mukono,10,400000.0,0.0,0.0,0.0,0.0,0.0,0.0,180000.0,580000.0
623704503,mukono,10,300000.0,0.0,0.0,100000.0,0.0,0.0,0.0,100000.0,500000.0
550714829,nakaseke,10,600000.0,0.0,0.0,0.0,0.0,0.0,0.0,0.0,600000.0
551432268,nakaseke,10,650000.0,0.0,0.0,0.0,0.0,0.0,0.0,0.0,650000.0
551438359,nakaseke,10,3800000.0,299999.99999999977,0.0,0.0,299999.99999999977,0.0,0.0,0.0,4400000.0
551438847,nakaseke,10,750000.0,0.0,0.0,0.0,60000.00000000002,0.0,0.0,0.0,810000.0
552834713,nakaseke,10,2500000.0,0.0,0.0,0.0,0.0,0.0,0.0,0.0,2500000.0
553313606,nakaseke,10,1100000.0,0.0,0.0,0.0,299999.9999999999,0.0,0.0,0.0,1400000.0
553314110,nakaseke,10,6500000.0,0.0,0.0,0.0,400000.0000000001,0.0,0.0,0.0,6900000.0
553314852,nakaseke,10,6380000.0,0.0,0.0,0.0,30000.000000000007,0.0,0.0,0.0,6410000.0
554382238,nakaseke,10,5500000.0,0.0,200000.00000000006,0.0,69999.99999999994,0.0,0.0,0.0,5770000.0
554383042,nakaseke,10,5500000.0,0.0,0.0,0.0,499999.9999999997,0.0,0.0,0.0,6000000.0
554388188,nakaseke,10,7500000.0,0.0,200000.00000000006,0.0,50000.00000000001,0.0,0.0,0.0,7750000.0
555219221,nakaseke,10,4000000.0,0.0,0.0,0.0,1000000.0,0.0,6000000.0,0.0,11000000.0
555219441,nakaseke,10,8000000.0,0.0,0.0,0.0,1000000.0,0.0,0.0,0.0,9000000.0
555219813,nakaseke,10,800000.0,0.0,0.0,0.0,150000.0,0.0,0.0,0.0,950000.0
556046148,nakaseke,10,500000.0,0.0,0.0,200000.0,150000.0,0.0,0.0,0.0,850000.0
557695618,nakaseke,10,800000.0,0.0,0.0,0.0,300000.0,0.0,0.0,0.0,1100000.0
557695779,nakaseke,10,5000000.0,0.0,200000.0,0.0,0.0,0.0,0.0,0.0,5200000.0
557696080,nakaseke,10,2000000.0,800000.0,0.0,250000.0,0.0,0.0,0.0,0.0,3050000.0
559607285,nakaseke,10,1000000.0,0.0,150000.0,300000.0,0.0,0.0,0.0,0.0,1450000.0
559607680,nakaseke,10,3500000.0,0.0,0.0,350000.0,0.0,0.0,0.0,0.0,3850000.0
559615651,nakaseke,10,2000000.0,0.0,0.0,0.0,0.0,0.0,0.0,0.0,2000000.0
560459965,nakaseke,10,3000000.0,0.0,0.0,0.0,0.0,0.0,1500000.0,0.0,4500000.0
561202301,nakaseke,10,3500000.0,0.0,150000.0,0.0,0.0,0.0,0.0,0.0,3650000.0
567488224,nakaseke,10,3000000.0,0.0,0.0,0.0,300000.0,0.0,0.0,0.0,3300000.0
581728335,nakaseke,10,6000000.0,400000.0,0.0,0.0,0.0,0.0,0.0,0.0,6400000.0
581800534,nakaseke,10,5000000.0,0.0,0.0,0.0,400000.0,0.0,0.0,0.0,5400000.0
581801301,nakaseke,10,4000000.0,0.0,0.0,0.0,0.0,0.0,0.0,0.0,4000000.0
582682579,nakaseke,10,3000000.0,0.0,0.0,0.0,400000.0,0.0,0.0,0.0,3400000.0
582684638,nakaseke,10,2000000.0,0.0,0.0,0.0,0.0,0.0,0.0,0.0,2000000.0
583582238,nakaseke,10,15000000.0,500000.0,0.0,0.0,0.0,0.0,0.0,0.0,15500000.0
584447265,nakaseke,10,8000000.0,0.0,0.0,0.0,500000.0,0.0,0.0,0.0,8500000.0
585215638,nakaseke,10,15000000.0,0.0,0.0,0.0,0.0,0.0,0.0,0.0,15000000.0
585216305,nakaseke,10,3000000.0,0.0,0.0,0.0,0.0,0.0,0.0,0.0,3000000.0
587012670,nakaseke,10,15000000.0,0.0,0.0,0.0,0.0,0.0,0.0,0.0,15000000.0
587012983,nakaseke,10,8000000.0,0.0,0.0,0.0,200000.0,0.0,0.0,0.0,8200000.0
587013280,nakaseke,10,25000000.0,0.0,0.0,0.0,0.0,2000000.0,0.0,0.0,27000000.0
588781706,nakaseke,10,14000000.0,300000.0,0.0,0.0,0.0,0.0,0.0,0.0,14300000.0
589705500,nakaseke,10,5000000.0,0.0,0.0,0.0,400000.0,0.0,0.0,0.0,5400000.0
589705733,nakaseke,10,12000000.0,450000.0,0.0,0.0,0.0,0.0,0.0,0.0,12450000.0
592193539,nakaseke,10,7998000.0,0.0,0.0,0.0,0.0,0.0,0.0,0.0,7998000.0
593223241,nakaseke,10,3000000.0,3000000.0,0.0,0.0,5000000.0,0.0,0.0,0.0,11000000.0
593223559,nakaseke,10,5000000.0,450000.0,0.0,0.0,0.0,0.0,0.0,0.0,5450000.0
613174996,nakaseke,10,3500000.0,0.0,0.0,0.0,300000.0,0.0,0.0,0.0,3800000.0
613177861,nakaseke,10,2000000.0,0.0,0.0,0.0,500000.0,0.0,0.0,0.0,2500000.0
613177864,nakaseke,10,5000000.0,0.0,0.0,0.0,0.0,0.0,0.0,0.0,5000000.0
613178463,nakaseke,10,8000000.0,0.0,0.0,0.0,0.0,5000000.0,0.0,0.0,13000000.0
613178868,nakaseke,10,500000.0,0.0,0.0,0.0,300000.0,0.0,0.0,0.0,800000.0
613180603,nakaseke,10,2000000.0,0.0,0.0,0.0,0.0,0.0,0.0,0.0,2000000.0
613822490,nakaseke,10,180000.0,150000.0,250000.0,0.0,0.0,0.0,0.0,0.0,580000.0
613825443,nakaseke,10,754000.0,250000.0,0.0,100000.0,0.0,0.0,0.0,0.0,1104000.0
618055484,mukono,10,750000.0,0.0,0.0,0.0,0.0,0.0,0.0,500000.0,1250000.0
619558400,mukono,10,350000.0,0.0,0.0,200000.0,100000.0,0.0,0.0,0.0,650000.0
621499875,mukono,10,800000.0,0.0,3600000.0,0.0,0.0,0.0,0.0,0.0,4400000.0
623176650,mukono,10,500000.0,0.0,12000000.0,1000000.0,0.0,0.0,0.0,0.0,13500000.0
623183149,mukono,10,288000.0,0.0,0.0,0.0,0.0,1000000.0,0.0,5000000.0,6288000.0
623185581,mukono,10,500000.0,0.0,0.0,1000000.0,0.0,2400000.0,0.0,0.0,3900000.0
633165095,mukono,10,500000.0,0.0,0.0,3000000.0,20000000.0,0.0,0.0,0.0,23500000.0
633861862,mukono,10,2000000.0,0.0,1000000.0,20000000.0,0.0,0.0,0.0,0.0,23000000.0
634022320,mukono,10,300000.0,0.0,0.0,300000.0,0.0,0.0,0.0,0.0,600000.0
634322498,mukono,10,120000.0,0.0,0.0,0.0,0.0,0.0,0.0,0.0,120000.0
634928993,mukono,10,60000.0,0.0,0.0,0.0,0.0,0.0,0.0,0.0,60000.0
634952733,mukono,10,1400000.0,0.0,0.0,0.0,500000.0,10000000.0,0.0,0.0,11900000.0
634953204,mukono,10,1200000.0,720000.0,0.0,0.0,500000.0,0.0,0.0,0.0,2420000.0
635102101,mukono,10,500000.0,0.0,0.0,0.0,0.0,20000000.0,12000000.0,0.0,32500000.0
635102513,mukono,10,800000.0,0.0,0.0,10000000.0,1000000.0,0.0,0.0,0.0,11800000.0
644159914,mukono,10,15000000.0,0.0,0.0,0.0,2800000.0,0.0,0.0,0.0,17800000.0
644420047,mukono,10,800000.0,0.0,0.0,0.0,0.0,2000000.0,0.0,0.0,2800000.0
551439754,nakaseke,10,4000000.0,0.0,0.0,999999.9999999997,1899999.9999999993,0.0,0.0,0.0,6899999.999999999
552968706,nakaseke,10,8000000.0,0.0,0.0,0.0,19999999.999999978,0.0,0.0,0.0,27999999.999999978
552969446,nakaseke,10,2500000.0,0.0,0.0,0.0,249999.99999999983,0.0,0.0,0.0,2750000.0
552970239,nakaseke,10,3500000.0,0.0,0.0,0.0,0.0,0.0,0.0,0.0,3500000.0
554387935,nakaseke,10,5500000.0,0.0,0.0,0.0,350000.0000000001,0.0,0.0,0.0,5850000.0
558377096,nakaseke,10,2500000.0,500000.0,0.0,0.0,0.0,1000000.0,0.0,0.0,4000000.0
559607458,nakaseke,10,4000000.0,500000.0,0.0,0.0,200000.0,0.0,0.0,0.0,4700000.0
567493335,nakaseke,10,2000000.0,0.0,0.0,400000.0,800000.0,0.0,0.0,0.0,3200000.0
581802079,nakaseke,10,7000000.0,0.0,150000.0,0.0,300000.0,0.0,0.0,0.0,7450000.0
582619340,nakaseke,10,2000000.0,0.0,0.0,0.0,0.0,0.0,0.0,0.0,2000000.0
583580839,nakaseke,10,25000000.0,0.0,0.0,0.0,0.0,10000000.0,0.0,0.0,35000000.0
584444811,nakaseke,10,4000000.0,0.0,0.0,300000.0,0.0,0.0,0.0,0.0,4300000.0
585215286,nakaseke,10,6500000.0,500000.0,0.0,500000.0,0.0,0.0,0.0,0.0,7500000.0
587013182,nakaseke,10,6000000.0,0.0,150000.0,0.0,450000.0,0.0,0.0,0.0,6600000.0
588782700,nakaseke,10,12000000.0,0.0,0.0,500000.0,0.0,0.0,0.0,0.0,12500000.0
589705993,nakaseke,10,10000000.0,0.0,0.0,0.0,0.0,0.0,0.0,0.0,10000000.0
613178458,nakaseke,10,30000000.0,500000.0,0.0,0.0,0.0,0.0,0.0,0.0,30500000.0
613178880,nakaseke,10,3000000.0,800000.0,300000.0,0.0,0.0,0.0,0.0,0.0,4100000.0
613179574,nakaseke,10,4000000.0,0.0,0.0,0.0,400000.0,0.0,0.0,0.0,4400000.0
615825416,mukono,10,50000.0,0.0,0.0,0.0,0.0,0.0,0.0,0.0,50000.0
619544793,mukono,10,1000000.0,0.0,0.0,0.0,0.0,1000000.0,0.0,0.0,2000000.0
623479229,mukono,10,120000.0,0.0,0.0,0.0,0.0,0.0,0.0,0.0,120000.0
633706398,mukono,10,600000.0,0.0,0.0,0.0,0.0,0.0,0.0,0.0,600000.0
633706854,mukono,10,150000.0,0.0,0.0,0.0,80000.0,0.0,0.0,0.0,230000.0
553314312,nakaseke,10,11000000.0,0.0,0.0,0.0,499999.9999999997,0.0,0.0,0.0,11500000.0
555219512,nakaseke,10,1200000.0,2000000.0,0.0,0.0,0.0,0.0,0.0,0.0,3200000.0
561200684,nakaseke,10,4000000.0,0.0,0.0,200000.0,0.0,0.0,0.0,0.0,4200000.0
583583184,nakaseke,10,20000000.0,0.0,0.0,0.0,500000.0,0.0,0.0,0.0,20500000.0
584444125,nakaseke,10,8000000.0,0.0,0.0,0.0,0.0,1000000.0,0.0,0.0,9000000.0
584446459,nakaseke,10,4000000.0,0.0,200000.0,0.0,0.0,0.0,0.0,0.0,4200000.0
586786507,nakaseke,10,551800.0,160000.0,0.0,0.0,0.0,0.0,0.0,0.0,711800.0
586805028,nakaseke,10,384400.0,180000.0,0.0,0.0,100800.0,0.0,0.0,0.0,665200.0
588783732,nakaseke,10,8000000.0,0.0,0.0,300000.0,0.0,0.0,0.0,0.0,8300000.0
589705256,nakaseke,10,10000000.0,0.0,0.0,0.0,0.0,8000000.0,0.0,0.0,18000000.0
592362627,nakaseke,10,4000000.0,500000.0,0.0,0.0,0.0,0.0,0.0,0.0,4500000.0
592363516,nakaseke,10,9900000.0,0.0,0.0,0.0,0.0,0.0,0.0,0.0,9900000.0
615755561,mukono,10,24000000.0,2000000.0,0.0,0.0,1000000.0,5000000.0,0.0,0.0,32000000.0
616699698,mukono,10,600000.0,0.0,0.0,0.0,0.0,0.0,0.0,0.0,600000.0
618056804,mukono,10,1400000.0,0.0,0.0,200000.0,50000.0,0.0,0.0,0.0,1650000.0
623479343,mukono,10,150000.0,0.0,0.0,0.0,70000.0,0.0,0.0,0.0,220000.0
631647706,mukono,10,230000.0,0.0,0.0,0.0,0.0,0.0,0.0,0.0,230000.0
632871446,mukono,10,800000.0,0.0,0.0,0.0,0.0,0.0,0.0,0.0,800000.0
644420087,mukono,10,600000.0,0.0,0.0,1500000.0,0.0,0.0,0.0,0.0,2100000.0
583581711,nakaseke,10,8000000.0,0.0,200000.0,0.0,0.0,0.0,0.0,0.0,8200000.0
592192218,nakaseke,10,2400000.0,0.0,0.0,0.0,250000.0,0.0,0.0,0.0,2650000.0
614880682,mukono,10,1400000.0,0.0,0.0,0.0,0.0,0.0,0.0,0.0,1400000.0
618739011,mukono,10,6400000.0,0.0,0.0,0.0,0.0,0.0,0.0,0.0,6400000.0
618739107,mukono,10,1800000.0,0.0,0.0,0.0,0.0,0.0,0.0,0.0,1800000.0
622484850,mukono,10,600000.0,0.0,0.0,0.0,0.0,0.0,0.0,0.0,600000.0
623479274,mukono,10,150000.0,0.0,0.0,0.0,0.0,0.0,0.0,0.0,150000.0
623981062,mukono,10,400000.0,0.0,0.0,0.0,180000.0,0.0,0.0,0.0,580000.0
634929144,mukono,10,40000.0,0.0,0.0,0.0,75000.0,0.0,0.0,0.0,115000.0
635625391,mukono,10,120000.0,0.0,0.0,0.0,0.0,0.0,0.0,0.0,120000.0
635625490,mukono,10,80000.0,0.0,0.0,0.0,0.0,0.0,0.0,0.0,80000.0
556031317,nakaseke,10,450000.0,0.0,0.0,0.0,0.0,0.0,0.0,0.0,450000.0
556037719,nakaseke,10,400000.0,0.0,0.0,0.0,0.0,0.0,0.0,0.0,400000.0
560449324,nakaseke,10,2666000.0,0.0,0.0,0.0,1425600.0,0.0,0.0,0.0,4091600.0
586026956,nakaseke,10,354000.0,0.0,300000.0,0.0,0.0,0.0,0.0,0.0,654000.0
616680304,mukono,10,400000.0,0.0,800000.0,0.0,0.0,3600000.0,0.0,0.0,4800000.0
616700114,mukono,10,360000.0,0.0,0.0,0.0,0.0,0.0,0.0,0.0,360000.0
623980936,mukono,10,180000.0,0.0,0.0,0.0,0.0,0.0,0.0,0.0,180000.0
632872132,mukono,10,590000.0,0.0,0.0,0.0,0.0,0.0,0.0,0.0,590000.0
550732883,nakaseke,10,2800000.0,0.0,0.0,0.0,0.0,0.0,0.0,0.0,2800000.0
582502735,nakaseke,10,450000.0,0.0,0.0,0.0,0.0,0.0,0.0,0.0,450000.0
586030936,nakaseke,10,195000.0,0.0,150000.0,0.0,0.0,0.0,0.0,0.0,345000.0
614807290,mukono,10,900000.0,0.0,0.0,0.0,0.0,0.0,0.0,600000.0,1500000.0
614850521,mukono,10,200000.0,0.0,150000.0,0.0,300000.0,0.0,0.0,0.0,650000.0
614880379,mukono,10,2600000.0,0.0,0.0,20000.0,1199999.9999999998,0.0,0.0,0.0,3820000.0
615759274,mukono,10,1000000.0,0.0,0.0,0.0,0.0,0.0,500000.0,0.0,1500000.0
615825361,mukono,10,2600000.0,0.0,0.0,0.0,0.0,0.0,0.0,0.0,2600000.0
616578776,mukono,10,1200000.0,300000.0,200000.0,0.0,0.0,1500000.0,0.0,0.0,3200000.0
616579437,mukono,10,1500000.0,0.0,0.0,500000.0,0.0,0.0,0.0,0.0,2000000.0
616580090,mukono,10,300000.0,100000.0,100000.0,100000.0,300000.0,0.0,0.0,0.0,900000.0
616699119,mukono,10,90000.0,0.0,0.0,0.0,0.0,0.0,0.0,0.0,90000.0
617648886,mukono,10,320000.0,0.0,0.0,0.0,0.0,0.0,0.0,0.0,320000.0
618056277,mukono,10,900000.0,0.0,0.0,100000.0,0.0,0.0,0.0,0.0,1000000.0
618502771,mukono,10,500000.0,0.0,200000.0,0.0,0.0,0.0,0.0,0.0,700000.0
618503624,mukono,10,1100000.0,0.0,0.0,1000000.0,0.0,0.0,0.0,0.0,2100000.0
619549456,mukono,10,1600000.0,0.0,0.0,0.0,0.0,1200000.0,0.0,1400000.0,4200000.0
619551006,mukono,10,480000.0,0.0,0.0,500000.0,0.0,0.0,0.0,0.0,980000.0
619552154,mukono,10,1200000.0,0.0,0.0,0.0,1000000.0,0.0,0.0,0.0,2200000.0
619559855,mukono,10,1800000.0,0.0,0.0,0.0,2000000.0,1350000.0,0.0,0.0,5150000.0
622292961,mukono,10,500000.0,0.0,0.0,400000.0,0.0,0.0,0.0,0.0,900000.0
623188000,mukono,10,600000.0,0.0,0.0,0.0,15000000.0,6000000.0,0.0,0.0,21600000.0
623704256,mukono,10,3500000.0,0.0,0.0,600000.0,500000.0,0.0,0.0,0.0,4600000.0
624717557,mukono,10,400000.0,0.0,2000000.0,0.0,0.0,0.0,0.0,0.0,2400000.0
628775538,mukono,10,1000000.0,0.0,0.0,1000000.0,0.0,0.0,0.0,0.0,2000000.0
632457381,mukono,10,1200000.0,0.0,0.0,600000.0,300000.0,0.0,0.0,0.0,2100000.0
632479613,mukono,10,800000.0,100000.0,0.0,200000.0,100000.0,0.0,0.0,0.0,1200000.0
632526756,mukono,10,17500000.0,0.0,0.0,2000000.0,0.0,0.0,0.0,0.0,19500000.0
632870245,mukono,10,120000.0,0.0,0.0,0.0,15000.0,0.0,0.0,0.0,135000.0
633860192,mukono,10,15000000.0,0.0,0.0,1000000.0,600000.0,0.0,0.0,0.0,16600000.0
633861646,mukono,10,3000000.0,0.0,0.0,0.0,2800000.0,0.0,0.0,0.0,5800000.0
634322667,mukono,10,160000.0,0.0,0.0,0.0,0.0,0.0,0.0,0.0,160000.0
634322758,mukono,10,800000.0,0.0,0.0,0.0,0.0,0.0,0.0,0.0,800000.0
635625535,mukono,10,900000.0,0.0,0.0,0.0,40000.0,0.0,0.0,0.0,940000.0
635860119,mukono,10,1200000.0,200000.0,0.0,300000.0,300000.0,0.0,0.0,0.0,2000000.0
636602799,mukono,10,1500000.0,200000.0,0.0,0.0,200000.0,0.0,0.0,0.0,1900000.0
558422222,nakaseke,10,1180000.0,240000.0,0.0,0.0,0.0,0.0,0.0,0.0,1420000.0
559666954,nakaseke,10,494000.0,0.0,0.0,0.0,0.0,0.0,0.0,0.0,494000.0
560448617,nakaseke,10,560000.0,0.0,0.0,0.0,0.0,0.0,0.0,0.0,560000.0
583505993,nakaseke,10,450000.0,0.0,180000.0,0.0,0.0,0.0,0.0,0.0,630000.0
584452976,nakaseke,10,286000.0,1500000.0,250000.0,0.0,0.0,0.0,0.0,0.0,2036000.0
586809899,nakaseke,10,298900.0,250000.0,150000.0,0.0,0.0,0.0,0.0,0.0,698900.0
618738329,mukono,10,1200000.0,0.0,0.0,0.0,0.0,0.0,0.0,0.0,1200000.0
623981362,mukono,10,800000.0,0.0,0.0,0.0,0.0,0.0,0.0,0.0,800000.0
633706233,mukono,10,180000.0,0.0,0.0,0.0,0.0,0.0,0.0,0.0,180000.0
555219650,nakaseke,10,700000.0,0.0,0.0,0.0,0.0,0.0,0.0,0.0,700000.0
581666974,nakaseke,10,663600.0,0.0,0.0,250000.0,162000.0,0.0,0.0,0.0,1075600.0
589566940,nakaseke,10,420000.0,0.0,0.0,0.0,0.0,0.0,0.0,0.0,420000.0
615760019,mukono,10,600000.0,300000.0,0.0,0.0,0.0,0.0,0.0,0.0,900000.0
615825276,mukono,10,1200000.0,0.0,0.0,0.0,0.0,0.0,0.0,0.0,1200000.0
616698945,mukono,10,6000000.0,0.0,0.0,0.0,1500000.0,0.0,0.0,0.0,7500000.0
616699320,mukono,10,1800000.0,0.0,0.0,0.0,0.0,0.0,0.0,0.0,1800000.0
619769782,mukono,10,1800000.0,0.0,0.0,0.0,0.0,0.0,0.0,0.0,1800000.0
621639263,mukono,10,100000.0,0.0,0.0,0.0,0.0,0.0,0.0,0.0,100000.0
622484708,mukono,10,1600000.0,0.0,0.0,0.0,0.0,0.0,0.0,0.0,1600000.0
623981163,mukono,10,1800000.0,0.0,0.0,0.0,2200000.0,0.0,0.0,0.0,4000000.0
550732746,nakaseke,10,1200000.0,0.0,0.0,0.0,0.0,0.0,0.0,0.0,1200000.0
615825485,mukono,10,2400000.0,0.0,0.0,0.0,0.0,0.0,0.0,0.0,2400000.0
551438282,nakaseke,10,1250000.0,0.0,0.0,0.0,0.0,0.0,0.0,0.0,1250000.0
585181910,nakaseke,10,468000.0,230000.0,0.0,250000.0,0.0,0.0,0.0,0.0,948000.0
553313598,nakaseke,10,14010000.0,0.0,0.0,0.0,200000.00000000006,0.0,0.0,0.0,14210000.0
555219886,nakaseke,10,1900000.0,420000.0,0.0,0.0,0.0,0.0,0.0,0.0,2320000.0
561236657,nakaseke,10,1296000.0,0.0,0.0,500000.0,221000.0,0.0,0.0,0.0,2017000.0
583502844,nakaseke,10,510000.0,0.0,0.0,0.0,0.0,0.0,0.0,0.0,510000.0
584472197,nakaseke,10,702000.0,0.0,300000.0,0.0,466200.0,0.0,0.0,0.0,1468200.0
588619360,nakaseke,10,492000.0,0.0,0.0,0.0,0.0,0.0,0.0,0.0,492000.0
613814407,nakaseke,10,2560000.0,0.0,0.0,0.0,0.0,0.0,0.0,0.0,2560000.0
614850687,mukono,10,200000.0,0.0,0.0,200000.0,0.0,0.0,0.0,0.0,400000.0
615773237,mukono,10,700000.0,0.0,300000.0,200000.0,120000.0,200000.0,0.0,0.0,1520000.0
616679140,mukono,10,3000000.0,1000000.0,0.0,0.0,6000000.0,10000000.0,0.0,0.0,20000000.0
618056509,mukono,10,3000000.0,0.0,0.0,100000.0,0.0,0.0,0.0,0.0,3100000.0
618502947,mukono,10,1000000.0,0.0,0.0,300000.0,200000.0,0.0,0.0,0.0,1500000.0
618503261,mukono,10,900000.0,0.0,0.0,0.0,0.0,0.0,0.0,1000000.0,1900000.0
618738549,mukono,10,900000.0,0.0,0.0,0.0,0.0,0.0,0.0,0.0,900000.0
619307564,mukono,10,1300000.0,0.0,0.0,200000.0,500000.0,0.0,0.0,0.0,2000000.0
619543012,mukono,10,400000.0,360000.0,0.0,0.0,0.0,5100000.0,0.0,0.0,5860000.0
620136574,mukono,10,900000.0,300000.0,200000.0,0.0,300000.0,0.0,0.0,0.0,1700000.0
620155076,mukono,10,500000.0,500000.0,0.0,0.0,300000.0,0.0,0.0,0.0,1300000.0
621076849,mukono,10,1500000.0,0.0,0.0,0.0,2000000.0,0.0,0.0,2000000.0,5500000.0
622287746,mukono,10,700000.0,0.0,0.0,100000.0,70000.0,0.0,0.0,0.0,870000.0
622484987,mukono,10,2400000.0,0.0,0.0,0.0,0.0,0.0,0.0,0.0,2400000.0
631647870,mukono,10,1800000.0,0.0,0.0,0.0,0.0,0.0,0.0,0.0,1800000.0
632483673,mukono,10,2000000.0,200000.0,0.0,300000.0,300000.0,0.0,0.0,0.0,2800000.0
632532023,mukono,10,4800000.0,0.0,0.0,0.0,1000000.0,0.0,0.0,0.0,5800000.0
633706958,mukono,10,320000.0,0.0,0.0,0.0,150000.0,0.0,0.0,0.0,470000.0
634023370,mukono,10,2000000.0,0.0,0.0,200000.0,0.0,0.0,0.0,100000.0,2300000.0
634718078,mukono,10,3000000.0,300000.0,0.0,0.0,300000.0,0.0,0.0,100000.0,3700000.0
634718387,mukono,10,1000000.0,100000.0,100000.0,100000.0,200000.0,0.0,0.0,0.0,1500000.0
635238203,mukono,10,700000.0,100000.0,300000.0,0.0,100000.0,0.0,0.0,0.0,1200000.0
635859907,mukono,10,1800000.0,200000.0,0.0,300000.0,30000.0,0.0,0.0,0.0,2330000.0
636603192,mukono,10,7000000.0,0.0,0.0,0.0,500000.0,2000000.0,0.0,0.0,9500000.0
551433371,nakaseke,10,930000.0,499999.9999999997,0.0,0.0,0.0,0.0,0.0,0.0,1429999.9999999998
581719428,nakaseke,10,554400.0,0.0,0.0,0.0,0.0,0.0,0.0,0.0,554400.0
584453809,nakaseke,10,1008000.0,0.0,0.0,300000.0,0.0,0.0,0.0,0.0,1308000.0
588629366,nakaseke,10,552000.0,350000.0,0.0,0.0,0.0,0.0,0.0,0.0,902000.0
593198085,nakaseke,10,456000.0,0.0,0.0,0.0,0.0,0.0,0.0,0.0,456000.0
614850630,mukono,10,500000.0,0.0,100000.0,0.0,100000.0,0.0,0.0,0.0,700000.0
558415060,nakaseke,10,694400.0,0.0,0.0,250000.0,0.0,0.0,0.0,0.0,944400.0
561237697,nakaseke,10,499200.0,450000.0,0.0,0.0,500000.0,0.0,0.0,0.0,1449200.0
582502398,nakaseke,10,480000.0,0.0,0.0,0.0,225000.0,0.0,0.0,0.0,705000.0
586028388,nakaseke,10,617400.0,0.0,300000.0,0.0,200000.0,0.0,0.0,0.0,1117400.0
613819661,nakaseke,10,336000.0,0.0,0.0,0.0,0.0,0.0,0.0,0.0,336000.0
619770045,mukono,10,900000.0,0.0,0.0,0.0,0.0,0.0,0.0,0.0,900000.0
553313800,nakaseke,10,14000000.0,0.0,0.0,0.0,10000000.000000006,0.0,0.0,0.0,24000000.000000007
560449000,nakaseke,10,680400.0,0.0,0.0,0.0,150000.0,0.0,0.0,0.0,830400.0
560449862,nakaseke,10,610000.0,0.0,0.0,300000.0,0.0,0.0,0.0,0.0,910000.0
583505325,nakaseke,10,1500000.0,0.0,0.0,0.0,0.0,0.0,0.0,0.0,1500000.0
613821415,nakaseke,10,2232000.0,0.0,0.0,0.0,0.0,0.0,0.0,0.0,2232000.0
561257600,nakaseke,10,325000.0,0.0,0.0,0.0,0.0,0.0,0.0,0.0,325000.0
585193571,nakaseke,10,545200.0,0.0,200000.0,0.0,640800.0,0.0,0.0,0.0,1386000.0
621639988,mukono,10,600000.0,0.0,0.0,0.0,1200000.0,0.0,0.0,0.0,1800000.0
550731204,nakaseke,10,600000.0,0.0,0.0,0.0,0.0,0.0,0.0,0.0,600000.0
550739292,nakaseke,10,500000.0,0.0,0.0,0.0,0.0,0.0,0.0,0.0,500000.0
550740686,nakaseke,10,1000000.0,0.0,0.0,0.0,0.0,0.0,0.0,0.0,1000000.0
551433006,nakaseke,10,1210000.0,200000.00000000006,0.0,0.0,0.0,0.0,0.0,0.0,1410000.0
552803009,nakaseke,10,7950000.0,0.0,0.0,0.0,0.0,0.0,0.0,0.0,7950000.0
554395712,nakaseke,10,2360000.0,0.0,0.0,0.0,299999.9999999999,0.0,0.0,0.0,2660000.0
554399870,,10,8800000.0,0.0,0.0,0.0,499999.9999999997,0.0,0.0,0.0,9300000.0
555219447,nakaseke,10,1050000.0,0.0,0.0,0.0,0.0,0.0,0.0,0.0,1050000.0
559669939,nakaseke,10,2697500.0,0.0,0.0,0.0,520000.0,0.0,0.0,0.0,3217500.0
581666409,nakaseke,10,680400.0,0.0,100000.0,0.0,180000.0,0.0,0.0,0.0,960400.0
585208171,nakaseke,10,975000.0,0.0,300000.0,0.0,0.0,0.0,0.0,0.0,1275000.0
613829595,nakaseke,10,1003400.0,0.0,0.0,0.0,0.0,0.0,0.0,0.0,1003400.0
614807717,mukono,10,800000.0,0.0,0.0,500000.0,0.0,0.0,0.0,0.0,1300000.0
615773415,mukono,10,900000.0,200000.0,0.0,300000.0,300000.0,500000.0,0.0,0.0,2200000.0
616587562,mukono,10,1500000.0,20000.0,0.0,0.0,200000.0,0.0,0.0,0.0,1720000.0
617648818,mukono,10,1200000.0,0.0,0.0,0.0,0.0,0.0,0.0,0.0,1200000.0
617656724,mukono,10,3200000.0,0.0,0.0,0.0,0.0,0.0,0.0,0.0,3200000.0
618738718,mukono,10,2400000.0,0.0,0.0,0.0,0.0,0.0,0.0,0.0,2400000.0
618740822,mukono,10,2400000.0,0.0,0.0,0.0,0.0,0.0,0.0,0.0,2400000.0
619306835,mukono,10,1200000.0,300000.0,0.0,200000.0,0.0,300000.0,0.0,0.0,2000000.0
619559199,mukono,10,6000000.0,0.0,0.0,0.0,12000000.0,0.0,0.0,0.0,18000000.0
619769613,mukono,10,4500000.0,0.0,0.0,0.0,0.0,0.0,0.0,0.0,4500000.0
620129760,mukono,10,3500000.0,500000.0,0.0,0.0,500000.0,0.0,0.0,0.0,4500000.0
620157158,mukono,10,2500000.0,0.0,0.0,2000000.0,1000000.0,300000.0,0.0,0.0,5800000.0
620418682,mukono,10,12000000.0,1800000.0,0.0,0.0,1000000.0,0.0,0.0,0.0,14800000.0
620699865,mukono,10,2400000.0,0.0,0.0,0.0,0.0,0.0,0.0,0.0,2400000.0
620699988,mukono,10,36000000.0,0.0,0.0,0.0,0.0,0.0,0.0,0.0,36000000.0
621075678,mukono,10,1200000.0,0.0,0.0,0.0,0.0,0.0,0.0,100000.0,1300000.0
621078199,mukono,10,1200000.0,0.0,0.0,0.0,500000.0,0.0,0.0,1000000.0,2700000.0
621497521,mukono,10,750000.0,0.0,0.0,500000.0,200000.0,0.0,0.0,0.0,1450000.0
622288485,mukono,10,2000000.0,2500000.0,0.0,0.0,1000000.0,500000.0,0.0,0.0,6000000.0
622289226,mukono,10,900000.0,200000.0,100000.0,0.0,500000.0,0.0,0.0,300000.0,2000000.0
622950844,mukono,10,2600000.0,400000.0,0.0,0.0,1500000.0,0.0,0.0,0.0,4500000.0
622950959,mukono,10,700000.0,100000.0,0.0,200000.0,0.0,0.0,0.0,0.0,1000000.0
622951178,mukono,10,2100000.0,0.0,0.0,0.0,2000000.0,0.0,0.0,0.0,4100000.0
623479319,mukono,10,400000.0,0.0,0.0,0.0,2800000.0,0.0,0.0,0.0,3200000.0
623704150,mukono,10,1000000.0,500000.0,0.0,500000.0,300000.0,0.0,0.0,0.0,2300000.0
623704380,mukono,10,300000.0,0.0,200000.0,0.0,200000.0,0.0,0.0,0.0,700000.0
624715344,mukono,10,200000.0,0.0,0.0,0.0,200000.0,0.0,0.0,1000000.0,1400000.0
631647480,mukono,10,3200000.0,0.0,0.0,0.0,700000.0,0.0,0.0,0.0,3900000.0
632449589,mukono,10,3000000.0,0.0,0.0,500000.0,0.0,0.0,0.0,0.0,3500000.0
632465838,mukono,10,2500000.0,200000.0,0.0,300000.0,300000.0,0.0,0.0,0.0,3300000.0
633165465,mukono,10,2000000.0,400000.0,0.0,500000.0,500000.0,0.0,0.0,0.0,3400000.0
633165662,mukono,10,2000000.0,300000.0,0.0,0.0,300000.0,200000.0,0.0,0.0,2800000.0
634022615,mukono,10,4000000.0,1000000.0,0.0,1000000.0,300000.0,0.0,0.0,0.0,6300000.0
634718321,mukono,10,1000000.0,0.0,0.0,0.0,300000.0,500000.0,0.0,0.0,1800000.0
634929270,mukono,10,80000.0,0.0,0.0,0.0,0.0,0.0,0.0,0.0,80000.0
635102819,mukono,10,1000000.0,0.0,500000.0,0.0,500000.0,0.0,0.0,0.0,2000000.0
635238371,mukono,10,2000000.0,1000000.0,0.0,500000.0,500000.0,0.0,0.0,0.0,4000000.0
635238449,mukono,10,2500000.0,100000.0,0.0,300000.0,300000.0,0.0,0.0,0.0,3200000.0
635238630,mukono,10,1500000.0,500000.0,0.0,300000.0,300000.0,0.0,0.0,0.0,2600000.0
635625333,mukono,10,400000.0,0.0,0.0,0.0,0.0,0.0,0.0,0.0,400000.0
635859825,mukono,10,1500000.0,0.0,0.0,500000.0,0.0,0.0,0.0,0.0,2000000.0
635860002,mukono,10,3000000.0,200000.0,0.0,0.0,0.0,0.0,0.0,0.0,3200000.0
635860179,mukono,10,3000000.0,1000000.0,0.0,500000.0,500000.0,0.0,0.0,0.0,5000000.0
636134719,mukono,10,24000000.0,0.0,0.0,1000000.0,1950000.0,0.0,0.0,0.0,26950000.0
636135880,mukono,10,1400000.0,0.0,1500000.0,0.0,500000.0,0.0,0.0,0.0,3400000.0
636603058,mukono,10,900000.0,0.0,0.0,0.0,200000.0,0.0,0.0,0.0,1100000.0
636603136,mukono,10,700000.0,0.0,0.0,300000.0,500000.0,0.0,0.0,0.0,1500000.0
644152753,mukono,10,2000000.0,200000.0,0.0,300000.0,300000.0,0.0,0.0,300000.0,3100000.0
644152847,mukono,10,700000.0,100000.0,0.0,200000.0,200000.0,0.0,0.0,0.0,1200000.0
644159669,mukono,10,3200000.0,0.0,0.0,0.0,420000.0,0.0,0.0,0.0,3620000.0
554400498,nakaseke,10,7000000.0,0.0,0.0,0.0,30000.000000000007,0.0,0.0,0.0,7030000.0
559666632,nakaseke,10,990000.0,0.0,0.0,150000.0,0.0,0.0,0.0,0.0,1140000.0
619306547,mukono,10,2000000.0,500000.0,0.0,0.0,0.0,0.0,0.0,320000.0,2820000.0
622485261,mukono,10,800000.0,0.0,0.0,0.0,0.0,0.0,0.0,0.0,800000.0
631647195,mukono,10,600000.0,0.0,0.0,0.0,150000.0,0.0,0.0,0.0,750000.0
565368592,nakaseke,10,571200.0,0.0,0.0,0.0,127000.0,0.0,0.0,0.0,698200.0
584454693,nakaseke,10,250000.0,0.0,250000.0,0.0,0.0,0.0,0.0,0.0,500000.0
618738814,mukono,10,2600000.0,0.0,0.0,0.0,0.0,0.0,0.0,0.0,2600000.0
582503421,nakaseke,10,690000.0,0.0,0.0,0.0,0.0,0.0,0.0,0.0,690000.0
589565846,nakaseke,10,720000.0,0.0,0.0,0.0,850000.0,0.0,0.0,0.0,1570000.0
614850459,mukono,10,1100000.0,0.0,0.0,0.0,550000.0,0.0,0.0,0.0,1650000.0
556032422,nakaseke,10,2500000.0,1800000.0,0.0,300000.0,0.0,0.0,0.0,0.0,4600000.0
558422563,nakaseke,10,1750000.0,0.0,0.0,0.0,950000.0,0.0,0.0,0.0,2700000.0
585223034,nakaseke,10,342000.0,0.0,0.0,0.0,0.0,0.0,0.0,0.0,342000.0
623704362,mukono,10,700000.0,500000.0,0.0,0.0,500000.0,0.0,0.0,0.0,1700000.0
633165535,mukono,10,1800000.0,0.0,0.0,500000.0,500000.0,0.0,0.0,0.0,2800000.0
634929225,mukono,10,4000000.0,0.0,0.0,0.0,100000.0,0.0,0.0,0.0,4100000.0
636602878,mukono,10,3500000.0,200000.0,0.0,200000.0,300000.0,0.0,0.0,0.0,4200000.0
558418973,nakaseke,10,1664000.0,0.0,0.0,0.0,1800000.0,2500000.0,0.0,0.0,5964000.0
613827164,nakaseke,10,1560200.0,0.0,450000.0,0.0,950000.0,0.0,0.0,0.0,2960200.0
632876809,mukono,10,320000.0,0.0,0.0,0.0,0.0,0.0,0.0,0.0,320000.0
559670838,nakaseke,10,2073500.0,0.0,0.0,200000.0,0.0,0.0,0.0,0.0,2273500.0
588625655,nakaseke,10,2496000.0,0.0,300000.0,0.0,1050000.0,0.0,0.0,0.0,3846000.0
550732633,nakaseke,10,1050000.0,0.0,0.0,0.0,150000.00000000006,0.0,0.0,0.0,1200000.0
550740078,nakaseke,10,1100000.0,1500000.000000001,0.0,0.0,0.0,0.0,0.0,0.0,2600000.000000001
552802393,nakaseke,10,8800000.0,499999.9999999997,0.0,0.0,5000000.000000003,0.0,0.0,0.0,14300000.000000004
553314788,nakaseke,10,7500000.0,0.0,0.0,0.0,100000.00000000001,0.0,0.0,0.0,7600000.0
556033462,nakaseke,10,4032000.0,0.0,0.0,0.0,1755000.0,0.0,0.0,0.0,5787000.0
557694485,nakaseke,10,90000.0,0.0,0.0,50000.0,0.0,0.0,0.0,0.0,140000.0
557694682,nakaseke,10,90000.0,0.0,0.0,25000.0,0.0,0.0,0.0,0.0,115000.0
557711753,nakaseke,10,1750000.0,0.0,0.0,0.0,0.0,0.0,0.0,0.0,1750000.0
557713215,nakaseke,10,1150000.0,0.0,0.0,0.0,0.0,0.0,0.0,0.0,1150000.0
558375556,nakaseke,10,300000.0,0.0,0.0,50000.0,60000.0,0.0,0.0,0.0,410000.0
565368815,nakaseke,10,1150000.0,0.0,0.0,300000.0,0.0,0.0,0.0,0.0,1450000.0
583503314,nakaseke,10,3060000.0,0.0,0.0,0.0,639000.0,0.0,0.0,0.0,3699000.0
592192864,nakaseke,10,2400000.0,0.0,0.0,0.0,0.0,0.0,0.0,0.0,2400000.0
614807974,mukono,10,700000.0,0.0,0.0,400000.0,0.0,0.0,0.0,0.0,1100000.0
614850566,mukono,10,3200000.0,0.0,0.0,0.0,3000000.0,0.0,0.0,0.0,6200000.0
615761193,mukono,10,7000000.0,1000000.0,0.0,0.0,1000000.0,0.0,500000.0,0.0,9500000.0
615773611,mukono,10,1000000.0,200000.0,100000.0,0.0,100000.0,0.0,0.0,0.0,1400000.0
616675567,mukono,10,300000.0,0.0,0.0,0.0,0.0,1000000.0,600000.0,0.0,1900000.0
617462488,mukono,10,650000.0,0.0,0.0,0.0,0.0,4000000.0,0.0,0.0,4650000.0
617463415,mukono,10,300000.0,0.0,0.0,0.0,300000.0,2400000.0,0.0,0.0,3000000.0
617648934,mukono,10,2400000.0,0.0,0.0,0.0,0.0,0.0,0.0,0.0,2400000.0
619547863,mukono,10,1000000.0,0.0,0.0,0.0,250000.0,1000000.0,0.0,0.0,2250000.0
619769827,mukono,10,560000.0,0.0,0.0,0.0,0.0,0.0,0.0,250000.0,810000.0
619769984,mukono,10,1800000.0,0.0,0.0,0.0,0.0,0.0,0.0,0.0,1800000.0
620417365,mukono,10,600000.0,0.0,0.0,0.0,0.0,5000000.0,1000000.0,0.0,6600000.0
620699936,mukono,10,3200000.0,0.0,0.0,0.0,0.0,0.0,0.0,0.0,3200000.0
620700057,mukono,10,1200000.0,0.0,0.0,0.0,1600000.0,0.0,0.0,0.0,2800000.0
621078668,mukono,10,1100000.0,200000.0,0.0,0.0,800000.0,0.0,4800000.0,500000.0,7400000.0
621640204,mukono,10,130000.0,0.0,0.0,0.0,0.0,0.0,0.0,0.0,130000.0
621642449,mukono,10,200000.0,0.0,0.0,0.0,0.0,0.0,0.0,0.0,200000.0
622289483,mukono,10,400000.0,200000.0,100000.0,0.0,200000.0,0.0,0.0,0.0,900000.0
622485078,mukono,10,8000000.0,0.0,0.0,0.0,4500000.0,0.0,0.0,0.0,12500000.0
623981243,mukono,10,100000.0,0.0,0.0,0.0,250000.0,0.0,0.0,0.0,350000.0
624290457,mukono,10,1800000.0,500000.0,0.0,1000000.0,500000.0,600000.0,0.0,0.0,4400000.0
624291333,mukono,10,700000.0,600000.0,0.0,600000.0,500000.0,0.0,0.0,0.0,2400000.0
624292438,mukono,10,700000.0,700000.0,200000.0,200000.0,200000.0,0.0,0.0,0.0,2000000.0
631647010,mukono,10,1200000.0,0.0,0.0,0.0,75000.0,0.0,0.0,0.0,1275000.0
633165312,mukono,10,1200000.0,0.0,0.0,200000.0,0.0,0.0,0.0,0.0,1400000.0
633706793,mukono,10,300000.0,0.0,0.0,0.0,500000.0,0.0,0.0,0.0,800000.0
634022985,mukono,10,900000.0,0.0,0.0,300000.0,0.0,0.0,0.0,100000.0,1300000.0
634718242,mukono,10,5000000.0,1000000.0,0.0,1000000.0,1000000.0,0.0,0.0,0.0,8000000.0
635238561,mukono,10,1200000.0,0.0,0.0,500000.0,300000.0,0.0,0.0,0.0,2000000.0
636135365,mukono,10,3000000.0,0.0,500000.0,300000.0,100000.0,0.0,0.0,0.0,3900000.0
636136285,mukono,10,2400000.0,0.0,0.0,1000000.0,0.0,0.0,0.0,3000000.0,6400000.0
616674531,mukono,10,5100000.0,0.0,0.0,0.0,0.0,0.0,2000000.0,0.0,7100000.0
557715625,nakaseke,10,1650000.0,0.0,0.0,0.0,0.0,0.0,0.0,0.0,1650000.0
582503133,nakaseke,10,1260000.0,0.0,0.0,500000.0,0.0,0.0,0.0,0.0,1760000.0
586804272,nakaseke,10,3217800.0,300000.0,1000000.0,0.0,560000.0,0.0,0.0,0.0,5077800.0
620699783,mukono,10,2800000.0,0.0,0.0,0.0,0.0,0.0,0.0,0.0,2800000.0
550738751,nakaseke,10,400000.0,0.0,0.0,0.0,0.0,0.0,0.0,0.0,400000.0
589566299,nakaseke,10,540000.0,0.0,0.0,0.0,0.0,0.0,0.0,0.0,540000.0
556042851,nakaseke,10,700000.0,0.0,0.0,300000.0,250000.0,0.0,0.0,0.0,1250000.0
581667076,nakaseke,10,831600.0,0.0,300000.0,150000.0,0.0,0.0,0.0,0.0,1281600.0
561201812,nakaseke,10,600000.0,0.0,250000.0,90000.0,90000.0,0.0,0.0,0.0,1030000.0
561202655,nakaseke,10,300000.0,60000.0,55000.0,150000.0,70000.0,0.0,0.0,0.0,635000.0
622951271,mukono,10,1800000.0,1000000.0,0.0,0.0,1200000.0,0.0,0.0,0.0,4000000.0
623479194,mukono,10,2400000.0,0.0,0.0,0.0,1200000.0,0.0,0.0,0.0,3600000.0
633859954,mukono,10,1200000.0,0.0,1000000.0,0.0,500000.0,0.0,0.0,0.0,2700000.0
634322609,mukono,10,1800000.0,0.0,0.0,0.0,0.0,0.0,0.0,0.0,1800000.0
634718422,mukono,10,1000000.0,0.0,0.0,0.0,0.0,0.0,0.0,0.0,1000000.0
618738459,mukono,10,5400000.0,0.0,0.0,0.0,0.0,0.0,0.0,0.0,5400000.0
552806909,nakaseke,10,1120000.0,0.0,0.0,0.0,249999.99999999983,0.0,0.0,0.0,1369999.9999999998
557694859,nakaseke,10,90000.0,0.0,0.0,0.0,0.0,0.0,0.0,0.0,90000.0
589566059,nakaseke,10,6300000.0,1000000.0,0.0,300000.0,0.0,0.0,0.0,0.0,7600000.0
593200247,nakaseke,10,31200005.0,1000000.0,0.0,0.0,1080000.0,0.0,0.0,0.0,33280005.0
613820537,nakaseke,10,5040000.0,500000.0,0.0,0.0,0.0,0.0,0.0,0.0,5540000.0
614808240,mukono,10,1000000.0,0.0,0.0,600000.0,0.0,200000.0,0.0,0.0,1800000.0
615773753,mukono,10,1500000.0,1000000.0,0.0,200000.0,0.0,0.0,0.0,0.0,2700000.0
617460629,mukono,10,800000.0,0.0,0.0,0.0,0.0,20000000.0,0.0,500000.0,21300000.0
617461111,mukono,10,400000.0,0.0,0.0,300000.0,0.0,0.0,0.0,0.0,700000.0
617461597,mukono,10,120000.0,0.0,0.0,0.0,0.0,0.0,0.0,0.0,120000.0
618056660,mukono,10,1200000.0,0.0,0.0,200000.0,0.0,500000.0,0.0,0.0,1900000.0
618502638,mukono,10,2000000.0,0.0,0.0,0.0,300000.0,0.0,0.0,999999.9999999995,3299999.9999999995
618738618,mukono,10,3400000.0,0.0,0.0,0.0,0.0,0.0,0.0,0.0,3400000.0
619308856,mukono,10,3000000.0,500000.0,0.0,0.0,500000.0,0.0,0.0,9000000.0,13000000.0
620131758,mukono,10,700000.0,500000.0,0.0,0.0,500000.0,0.0,0.0,0.0,1700000.0
621077765,mukono,10,2500000.0,0.0,0.0,0.0,0.0,0.0,0.0,1000000.0,3500000.0
622950517,mukono,10,8000000.0,300000.0,0.0,500000.0,4000000.0,0.0,0.0,0.0,12800000.0
623178431,mukono,10,1600000.0,0.0,1000000.0,240000.0,0.0,0.0,0.0,0.0,2840000.0
623271316,mukono,10,750000.0,0.0,0.0,0.0,10000000.0,2000000.0,0.0,0.0,12750000.0
623272577,mukono,10,1000000.0,0.0,0.0,0.0,20000000.0,0.0,0.0,0.0,21000000.0
624293459,mukono,10,1100000.0,1000000.0,0.0,0.0,0.0,0.0,0.0,0.0,2100000.0
624713073,mukono,10,400000.0,0.0,0.0,5000000.0,0.0,0.0,0.0,0.0,5400000.0
624713879,mukono,10,685000.0,0.0,0.0,0.0,0.0,2000000.0,0.0,0.0,2685000.0
625320144,mukono,10,800000.0,360000.0,0.0,0.0,6000000.0,0.0,0.0,0.0,7160000.0
628089142,mukono,10,840000.0,0.0,0.0,0.0,0.0,0.0,5000000.0,0.0,5840000.0
628089849,mukono,10,1400000.0,0.0,0.0,0.0,0.0,3000000.0,0.0,0.0,4400000.0
628775275,mukono,10,45000000.0,0.0,0.0,1000000.0,0.0,10000000.0,0.0,0.0,56000000.0
630120893,mukono,10,2400000.0,0.0,0.0,500000.0,0.0,1000000.0,0.0,0.0,3900000.0
632524617,mukono,10,6500000.0,0.0,0.0,0.0,240000.0,2000000.0,0.0,0.0,8740000.0
633860632,mukono,10,2400000.0,0.0,0.0,0.0,1200000.0,0.0,4800000.0,0.0,8400000.0
633861486,mukono,10,1410000.0,0.0,0.0,0.0,0.0,0.0,6000000.0,0.0,7410000.0
634021883,mukono,10,5000000.0,1000000.0,0.0,0.0,600000.0,0.0,0.0,0.0,6600000.0
634952329,mukono,10,49000000.0,0.0,0.0,0.0,2000000.0,0.0,6000000.0,0.0,57000000.0
635102211,mukono,10,4000000.0,10000000.0,0.0,0.0,5000000.0,0.0,0.0,2000000.0,21000000.0
635102285,mukono,10,1200000.0,0.0,2000000.0,0.0,500000.0,0.0,0.0,0.0,3700000.0
623184098,mukono,10,1500000.0,0.0,0.0,0.0,500000.0,0.0,1000000.0,0.0,3000000.0
554408234,nakaseke,10,550000.0,0.0,0.0,0.0,0.0,0.0,0.0,0.0,550000.0
556042141,nakaseke,10,300000.0,0.0,0.0,0.0,120000.0,0.0,0.0,0.0,420000.0
559614978,nakaseke,10,600000.0,0.0,500000.0,0.0,400000.0,0.0,0.0,0.0,1500000.0
581570782,nakaseke,10,1000000.0,0.0,0.0,500000.0,89999.99999999997,0.0,0.0,0.0,1590000.0
552806065,,10,500000.0,0.0,0.0,0.0,0.0,0.0,0.0,0.0,500000.0
553316435,nakaseke,10,1700000.0,0.0,0.0,0.0,349999.9999999997,0.0,0.0,0.0,2049999.9999999998
558375760,nakaseke,10,150000.0,0.0,0.0,0.0,0.0,0.0,0.0,0.0,150000.0
559615316,nakaseke,10,500000.0,0.0,400000.0,250000.0,50000.0,0.0,0.0,0.0,1200000.0
630121155,mukono,10,4200000.0,1000000.0,0.0,0.0,200000.0,0.0,0.0,0.0,5400000.0
630121646,mukono,10,2800000.0,0.0,0.0,700000.0,120000.0,0.0,0.0,0.0,3620000.0
560425493,nakaseke,10,250000.0,0.0,0.0,100000.0,50000.0,0.0,0.0,0.0,400000.0
560424556,nakaseke,10,600000.0,0.0,500000.0,90000.0,200000.0,0.0,0.0,0.0,1390000.0
561200542,nakaseke,10,600000.0,450000.0,0.0,90000.0,50000.0,0.0,0.0,0.0,1190000.0
561202398,nakaseke,10,350000.0,0.0,200000.0,100000.0,60000.0,0.0,0.0,0.0,710000.0
560425197,nakaseke,10,500000.0,0.0,350000.0,160000.0,90000.0,0.0,0.0,0.0,1100000.0
628088416,mukono,10,1300000.0,3000000.0,0.0,500000.0,0.0,2000000.0,0.0,0.0,6800000.0
628089405,mukono,10,1400000.0,0.0,0.0,0.0,0.0,6000000.0,0.0,0.0,7400000.0
628774965,mukono,10,1000000.0,0.0,2000000.0,500000.0,0.0,0.0,0.0,0.0,3500000.0
632530379,mukono,10,1000000.0,0.0,0.0,5000000.0,500000.0,0.0,0.0,0.0,6500000.0
636135085,mukono,10,20800000.0,1000000.0,0.0,0.0,500000.0,0.0,0.0,0.0,22300000.0
556039009,nakaseke,10,20000.0,0.0,0.0,50000.0,120000.0,0.0,0.0,0.0,190000.0
553316712,nakaseke,10,370000.0,0.0,0.0,0.0,400000.0000000001,0.0,0.0,0.0,770000.0000000001
621496649,mukono,10,2400000.0,0.0,0.0,2400000.0,100000.0,0.0,0.0,0.0,4900000.0
629845932,mukono,10,2000000.0,0.0,0.0,3000000.0,360000.0,0.0,0.0,0.0,5360000.0
632528316,mukono,10,5000000.0,0.0,0.0,1500000.0,0.0,0.0,0.0,0.0,6500000.0
633861263,mukono,10,8400000.0,10000000.0,0.0,0.0,6000000.0,0.0,0.0,0.0,24400000.0
635102642,mukono,10,7000000.0,0.0,0.0,0.0,10000000.0,0.0,0.0,0.0,17000000.0
560423470,nakaseke,10,450000.0,0.0,240000.0,0.0,300000.0,0.0,0.0,0.0,990000.0
551439101,nakaseke,10,1100000.0,0.0,0.0,0.0,0.0,0.0,0.0,0.0,1100000.0
553316111,nakaseke,10,380000.0,0.0,0.0,0.0,60000.00000000002,0.0,0.0,0.0,440000.0
554407800,nakaseke,10,900000.0,0.0,0.0,0.0,0.0,999999.9999999997,0.0,0.0,1899999.9999999995
558374654,nakaseke,10,450000.0,249999.99999999983,250000.0,100000.0,0.0,0.0,0.0,0.0,1049999.9999999998
558375246,nakaseke,10,220000.0,0.0,50000.0,150000.0,0.0,0.0,0.0,0.0,420000.0
581569323,nakaseke,10,1350000.0,0.0,0.0,0.0,2000000.0000000016,180000.00000000003,0.0,0.0,3530000.000000002
581571879,nakaseke,10,500000.0,0.0,200000.0,150000.0,60000.0,0.0,0.0,0.0,910000.0
564861263,nakaseke,10,500000.0,150000.0,50000.0,100000.0,60000.0,0.0,0.0,0.0,860000.0
559615143,nakaseke,10,300000.0,0.0,50000.0,60000.0,100000.0,0.0,0.0,0.0,510000.0
564864365,nakaseke,10,300000.0,60000.0,58000.0,100000.0,60000.0,0.0,0.0,0.0,578000.0
553315619,nakaseke,10,350000.0,0.0,0.0,0.0,0.0,0.0,0.0,0.0,350000.0
556039301,nakaseke,10,500000.0,0.0,0.0,90000.0,150000.0,0.0,0.0,0.0,740000.0
615757479,mukono,10,800000.0,0.0,0.0,0.0,100000.0,0.0,0.0,0.0,900000.0
615773011,mukono,10,1500000.0,0.0,0.0,0.0,0.0,0.0,0.0,200000.0,1700000.0
619554974,mukono,10,3600000.0,2000000.0,0.0,0.0,1000000.0,0.0,0.0,0.0,6600000.0
620416772,mukono,10,500000.0,0.0,0.0,600000.0,0.0,180000.0,0.0,0.0,1280000.0
620419799,mukono,10,4000000.0,0.0,0.0,0.0,125000.0,0.0,0.0,0.0,4125000.0
621494958,mukono,10,500000.0,0.0,0.0,0.0,0.0,0.0,0.0,5000000.0,5500000.0
621496210,mukono,10,6000000.0,1000000.0,0.0,500000.0,0.0,0.0,0.0,0.0,7500000.0
621498584,mukono,10,16800000.0,0.0,0.0,0.0,500000.0,1000000.0,0.0,0.0,18300000.0
621639094,mukono,10,400000.0,0.0,0.0,0.0,300000.0,0.0,499999.9999999997,0.0,1199999.9999999998
623187149,mukono,10,560000.0,0.0,0.0,240000.0,0.0,1000000.0,0.0,0.0,1800000.0
623270536,mukono,10,13500000.0,0.0,0.0,0.0,1900000.0,0.0,0.0,0.0,15400000.0
624711692,mukono,10,1200000.0,1000000.0,0.0,0.0,2000000.0,0.0,0.0,0.0,4200000.0
624712163,mukono,10,2400000.0,1080000.0,0.0,0.0,0.0,5000000.0,0.0,0.0,8480000.0
625315993,mukono,10,1200000.0,0.0,0.0,500000.0,100000.0,0.0,0.0,0.0,1800000.0
628080096,mukono,10,7000000.0,0.0,0.0,0.0,2000000.0,0.0,0.0,0.0,9000000.0
628775775,mukono,10,36000000.0,3000000.0,0.0,0.0,0.0,1000000.0,0.0,0.0,40000000.0
630120684,mukono,10,7000000.0,2000000.0,0.0,0.0,0.0,3000000.0,0.0,0.0,12000000.0
632531024,mukono,10,3500000.0,0.0,0.0,1000000.0,0.0,0.0,5000000.0,0.0,9500000.0
632870785,mukono,10,3200000.0,0.0,0.0,0.0,70000.0,0.0,0.0,0.0,3270000.0
634322563,mukono,10,1200000.0,0.0,0.0,0.0,2000000.0,0.0,0.0,0.0,3200000.0
634951268,mukono,10,1000000.0,0.0,0.0,1300000.0,0.0,0.0,0.0,0.0,2300000.0
619307991,mukono,10,6000000.0,1000000.0,0.0,500000.0,15000000.0,0.0,6000000.0,0.0,28500000.0
634929055,mukono,10,2400000.0,0.0,0.0,0.0,500000.0,0.0,0.0,0.0,2900000.0
635625431,mukono,10,1200000.0,0.0,0.0,0.0,800000.0,0.0,0.0,0.0,2000000.0
625318562,mukono,10,400000.0,0.0,2000000.0,1000000.0,0.0,0.0,0.0,0.0,3400000.0
628776109,mukono,10,4900000.0,0.0,0.0,450000.0,0.0,2000000.0,0.0,0.0,7350000.0
633860413,mukono,10,42000000.0,0.0,0.0,1000000.0,500000.0,0.0,0.0,12000000.0,55500000.0
557694292,nakaseke,10,300000.0,0.0,0.0,50000.0,60000.0,0.0,0.0,0.0,410000.0
582450581,nakaseke,10,350000.0,50000.0,90000.0,0.0,0.0,0.0,0.0,0.0,490000.0
613185259,nakaseke,10,390000.0,0.0,0.0,0.0,400000.0,0.0,0.0,0.0,790000.0
614810845,mukono,10,800000.0,0.0,0.0,0.0,0.0,0.0,0.0,0.0,800000.0
617648764,mukono,10,1200000.0,0.0,0.0,0.0,0.0,0.0,0.0,0.0,1200000.0
551438934,nakaseke,10,1700000.0,0.0,0.0,0.0,0.0,0.0,0.0,0.0,1700000.0
589548879,nakaseke,10,20000.0,0.0,100000.0,0.0,250000.0,0.0,0.0,0.0,370000.0
554402613,nakaseke,10,0.0,0.0,0.0,0.0,74999.99999999996,0.0,0.0,0.0,74999.99999999996
589547568,nakaseke,10,350000.0,0.0,0.0,100000.00000000001,0.0,299999.9999999999,0.0,0.0,749999.9999999999
592180125,nakaseke,10,350000.0,0.0,0.0,0.0,200000.0,0.0,0.0,0.0,550000.0
613184766,nakaseke,10,600000.0,0.0,0.0,100000.0,250000.0,0.0,0.0,0.0,950000.0
613185864,nakaseke,10,600000.0,20000.0,0.0,249999.99999999983,500000.0,0.0,0.0,0.0,1369999.9999999998
593216040,nakaseke,10,400000.0,250000.0,69000.0,0.0,200000.0,0.0,0.0,0.0,919000.0
552806578,nakaseke,10,1300000.0,0.0,0.0,0.0,0.0,0.0,0.0,0.0,1300000.0
554403180,,10,1100000.0,499999.99999999977,0.0,0.0,499999.99999999977,0.0,0.0,0.0,2099999.9999999995
554997531,nakaseke,10,400000.0,0.0,0.0,60000.0,250000.0,0.0,0.0,0.0,710000.0
581568916,nakaseke,10,500000.0,0.0,90000.0,60000.0,170000.0,0.0,0.0,0.0,820000.0
582449149,nakaseke,10,600000.0,250000.0,0.0,150000.0,50000.0,0.0,0.0,0.0,1050000.0
583384059,nakaseke,10,9000000.0,350000.0,0.0,0.0,250000.0,0.0,0.0,0.0,9600000.0
584465855,nakaseke,10,400000.0,150000.0,0.0,0.0,0.0,0.0,0.0,0.0,550000.0
585291611,nakaseke,10,9000000.0,30000.0,0.0,60000.0,350000.0,0.0,0.0,0.0,9440000.0
588618114,nakaseke,10,600000.0,0.0,0.0,120000.0,30000.0,0.0,0.0,0.0,750000.0
589549118,nakaseke,10,600000.0,0.0,90000.0,0.0,250000.0,0.0,0.0,0.0,940000.0
592179551,nakaseke,10,200000.0,0.0,0.0,150000.0,150000.0,0.0,0.0,0.0,500000.0
613185857,nakaseke,10,600000.0,300000.0,0.0,120000.0,350000.0,0.0,0.0,0.0,1370000.0
613185868,nakaseke,10,500000.0,350000.0,0.0,0.0,400000.0,0.0,0.0,0.0,1250000.0
618737230,mukono,10,1800000.0,0.0,0.0,0.0,0.0,0.0,0.0,0.0,1800000.0
625321534,mukono,10,5600000.0,0.0,0.0,0.0,2000000.0,10000000.0,0.0,0.0,17600000.0
613185262,nakaseke,10,260000.0,0.0,300000.0,100000.0,250000.0,0.0,0.0,0.0,910000.0
586823072,nakaseke,10,600000.0,0.0,0.0,100000.00000000001,600000.0,0.0,0.0,0.0,1300000.0
586821078,nakaseke,10,800000.0,0.0,0.0,20000.0,96000.0,0.0,0.0,0.0,916000.0
586823179,nakaseke,10,600000.0,0.0,0.0,100000.0,600000.0,0.0,0.0,0.0,1300000.0
588618032,nakaseke,10,1000000.0,200000.0,0.0,150000.0,350000.0,0.0,0.0,0.0,1700000.0
592179319,nakaseke,10,300000.0,0.0,0.0,0.0,200000.0,0.0,0.0,0.0,500000.0
613185254,nakaseke,10,350000.0,400000.0,50000.00000000001,0.0,230000.0,0.0,0.0,0.0,1030000.0
613184756,nakaseke,10,380000.0,0.0,50000.00000000001,0.0,350000.0,0.0,0.0,0.0,780000.0
613184762,nakaseke,10,5000000.0,0.0,299999.9999999999,700000.0,250000.0,100000.0,0.0,0.0,6350000.0
593216705,nakaseke,10,350000.0,109.0,0.0,0.0,200000.0,0.0,0.0,0.0,550109.0
582448458,nakaseke,10,600000.0,300000.0,0.0,150000.0,200000.0,0.0,0.0,0.0,1250000.0
583383308,nakaseke,10,560000.0,30000.0,90000.0,3.0,20000.0,0.0,0.0,0.0,700003.0
584457728,nakaseke,10,350000.0,0.0,0.0,0.0,0.0,0.0,0.0,0.0,350000.0
584460556,nakaseke,10,250000.0,100000.0,0.0,150000.0,149999.99999999994,0.0,0.0,0.0,650000.0
586822745,nakaseke,10,600000.0,300000.0,0.0,0.0,200000.0,0.0,0.0,0.0,1100000.0
588618956,nakaseke,10,600000.0,0.0,150000.0,0.0,250000.0,0.0,0.0,0.0,1000000.0
588619984,nakaseke,10,500000.0,0.0,0.0,0.0,250000.0,0.0,0.0,0.0,750000.0
589548430,nakaseke,10,300000.0,0.0,25000.0,0.0,500000.0,0.0,0.0,0.0,825000.0
613184214,nakaseke,10,200000.0,0.0,50000.0,0.0,130000.0,0.0,0.0,0.0,380000.0
551438775,nakaseke,10,1200000.0,0.0,0.0,0.0,0.0,0.0,0.0,0.0,1200000.0
552805506,nakaseke,10,9700000.0,0.0,0.0,0.0,0.0,0.0,0.0,0.0,9700000.0
582449815,nakaseke,10,500000.0,200000.0,0.0,0.0,60000.0,179999.99999999997,0.0,0.0,940000.0
583383783,nakaseke,10,500000.0,200000.0,0.0,0.0,300000.0,0.0,0.0,0.0,1000000.0
583384470,nakaseke,10,500000.0,250000.0,0.0,60000.00000000002,200000.0,0.0,0.0,0.0,1010000.0
585919910,nakaseke,10,2000000.0,500000.0,149999.99999999994,500000.0,600000.0,0.0,0.0,0.0,3750000.0
585937638,nakaseke,10,600000.0,250000.0,249999.99999999983,60000.0,260000.0,0.0,0.0,0.0,1419999.9999999998
592179023,nakaseke,10,1000000.0,200000.0,0.0,100000.0,0.0,0.0,0.0,0.0,1300000.0
551439238,nakaseke,10,1500000.0,0.0,0.0,0.0,0.0,0.0,0.0,0.0,1500000.0
555070994,nakaseke,10,600000.0,250000.0,0.0,100000.0,60000.0,0.0,0.0,0.0,1010000.0
555112218,nakaseke,10,1050000.0,0.0,0.0,0.0,0.0,0.0,0.0,0.0,1050000.0
555148547,nakaseke,10,400000.0,250000.0,0.0,90000.0,400000.0,0.0,0.0,0.0,1140000.0
584458624,nakaseke,10,600000.0,250000.0,400000.0,100000.0,0.0,0.0,0.0,0.0,1350000.0
585290674,nakaseke,10,500000.0,250000.0,0.0,100000.0,900000.0,0.0,0.0,0.0,1750000.0
585290890,nakaseke,10,700000.0,300000.0,50000.0,120000.0,350000.0,0.0,0.0,0.0,1520000.0
585309665,nakaseke,10,500000.0,0.0,0.0,0.0,200000.0,0.0,0.0,0.0,700000.0
585924133,nakaseke,10,600000.0,200000.0,0.0,150000.0,300000.0,0.0,0.0,0.0,1250000.0
585929887,nakaseke,10,500000.0,0.0,0.0,0.0,0.0,0.0,0.0,0.0,500000.0
613834815,nakaseke,10,2100000.0,0.0,0.0,0.0,0.0,0.0,0.0,599999.9999999998,2700000.0
613836978,nakaseke,10,700000.0,0.0,0.0,0.0,0.0,0.0,0.0,0.0,700000.0
617656696,mukono,10,1099999.9999999998,100000.00000000004,0.0,0.0,0.0,4999999.999999999,0.0,0.0,6199999.999999999
633860938,mukono,10,3000000.0,1000000.0,0.0,0.0,5000000.0,0.0,0.0,0.0,9000000.0
616677841,mukono,11,70000.0,0.0,6000000.0,0.0,0.0,0.0,0.0,0.0,6070000.0
551440657,nakaseke,11,280000.0,249999.9999999998,0.0,100000.00000000004,199999.99999999997,0.0,0.0,0.0,829999.9999999998
592191523,nakaseke,11,312000.0,0.0,0.0,0.0,500000.0,0.0,0.0,0.0,812000.0
552803559,nakaseke,11,3440000.0,200000.00000000006,0.0,0.0,400000.0000000001,0.0,0.0,0.0,4040000.0
613177526,nakaseke,11,50000000.0,0.0,0.0,0.0,0.0,0.0,0.0,0.0,50000000.0
613831899,nakaseke,11,203000.0,0.0,0.0,0.0,0.0,0.0,0.0,0.0,203000.0
614880484,mukono,11,120000.0,0.0,0.0,0.0,0.0,0.0,0.0,0.0,120000.0
550714067,nakaseke,11,800000.0,0.0,0.0,0.0,179999.99999999997,0.0,0.0,0.0,980000.0
550714208,nakaseke,11,1000000.0,0.0,0.0,0.0,19999.99999999998,0.0,0.0,0.0,1020000.0
556045414,nakaseke,11,1000000.0,0.0,0.0,0.0,500000.0,0.0,0.0,0.0,1500000.0
556046788,nakaseke,11,800000.0,0.0,0.0,300000.0,0.0,0.0,0.0,0.0,1100000.0
557695958,nakaseke,11,1000000.0,500000.0,0.0,0.0,200000.0,0.0,0.0,0.0,1700000.0
560461977,nakaseke,11,3000000.0,500000.0,0.0,0.0,0.0,0.0,0.0,0.0,3500000.0
592361767,nakaseke,11,5000000.0,0.0,0.0,0.0,250000.0,0.0,0.0,0.0,5250000.0
592363240,nakaseke,11,3000000.0,200000.0,0.0,0.0,500000.0,0.0,0.0,0.0,3700000.0
616701192,mukono,11,520000.0,0.0,0.0,0.0,0.0,0.0,0.0,0.0,520000.0
624293019,mukono,11,900000.0,500000.0,200000.0,300000.0,300000.0,0.0,0.0,0.0,2200000.0
550715350,nakaseke,11,800000.0,0.0,0.0,0.0,0.0,0.0,0.0,0.0,800000.0
552803832,nakaseke,11,2300000.0,0.0,0.0,0.0,299999.9999999999,0.0,0.0,0.0,2600000.0
553311655,nakaseke,11,950000.0,0.0,150000.00000000006,499999.99999999977,0.0,0.0,0.0,0.0,1599999.9999999998
554396495,nakaseke,11,900000.0,0.0,0.0,0.0,0.0,0.0,0.0,0.0,900000.0
555218845,nakaseke,11,4500000.0,0.0,0.0,400000.0,0.0,0.0,0.0,0.0,4900000.0
556047384,nakaseke,11,1500000.0,0.0,0.0,300000.0,0.0,500000.0,0.0,0.0,2300000.0
557713875,nakaseke,11,700000.0,0.0,0.0,0.0,0.0,0.0,0.0,0.0,700000.0
558376731,nakaseke,11,800000.0,0.0,0.0,0.0,0.0,0.0,0.0,0.0,800000.0
558377788,nakaseke,11,1250000.0,0.0,0.0,350000.0,40000.0,0.0,0.0,0.0,1640000.0
558378029,nakaseke,11,1000000.0,0.0,0.0,0.0,250000.0,0.0,0.0,0.0,1250000.0
559605691,nakaseke,11,4000000.0,300000.0,0.0,0.0,250000.0,0.0,0.0,0.0,4550000.0
560460598,nakaseke,11,4000000.0,0.0,0.0,0.0,0.0,0.0,0.0,0.0,4000000.0
560460842,nakaseke,11,2000000.0,0.0,0.0,0.0,400000.0,0.0,0.0,0.0,2400000.0
561199081,nakaseke,11,2500000.0,400000.0,0.0,0.0,200000.0,0.0,0.0,0.0,3100000.0
561203340,nakaseke,11,2500000.0,0.0,0.0,0.0,0.0,0.0,0.0,0.0,2500000.0
561250862,nakaseke,11,399600.0,0.0,0.0,300000.0,0.0,0.0,0.0,0.0,699600.0
582704845,nakaseke,11,7000000.0,400000.0,0.0,0.0,0.0,0.0,0.0,0.0,7400000.0
585217011,nakaseke,11,8000000.0,0.0,200000.0,0.0,0.0,0.0,0.0,0.0,8200000.0
588626659,nakaseke,11,156000.0,500000.0,300000.0,0.0,0.0,0.0,0.0,0.0,956000.0
588783193,nakaseke,11,7000000.0,0.0,0.0,0.0,0.0,0.0,0.0,0.0,7000000.0
613810847,nakaseke,11,360000.0,0.0,0.0,0.0,0.0,0.0,0.0,0.0,360000.0
614880582,mukono,11,400000.0,0.0,0.0,0.0,0.0,0.0,0.0,0.0,400000.0
616579050,mukono,11,500000.0,0.0,0.0,0.0,0.0,0.0,0.0,90000.0,590000.0
616701381,mukono,11,400000.0,0.0,0.0,0.0,0.0,0.0,0.0,180000.0,580000.0
623704503,mukono,11,300000.0,0.0,0.0,100000.0,0.0,0.0,0.0,100000.0,500000.0
550714829,nakaseke,11,600000.0,0.0,0.0,0.0,0.0,0.0,0.0,0.0,600000.0
551432268,nakaseke,11,650000.0,0.0,0.0,0.0,0.0,0.0,0.0,0.0,650000.0
551438359,nakaseke,11,3800000.0,0.0,0.0,0.0,29999.99999999999,9999999.999999996,0.0,0.0,13829999.999999996
551438847,nakaseke,11,750000.0,0.0,0.0,0.0,161999.99999999988,0.0,0.0,0.0,911999.9999999999
552834713,nakaseke,11,2500000.0,0.0,0.0,60000.000000000015,499999.99999999977,0.0,0.0,0.0,3060000.0
553313606,nakaseke,11,1100000.0,0.0,0.0,0.0,179999.99999999997,0.0,0.0,0.0,1280000.0
553314110,nakaseke,11,6500000.0,0.0,0.0,0.0,299999.9999999999,0.0,0.0,0.0,6800000.0
553314852,nakaseke,11,6380000.0,0.0,0.0,0.0,1999999.9999999993,0.0,0.0,0.0,8379999.999999999
554382238,nakaseke,11,5500000.0,0.0,200000.00000000006,0.0,1199999.9999999998,0.0,0.0,0.0,6900000.0
554383042,nakaseke,11,5500000.0,0.0,0.0,0.0,638999.9999999997,0.0,0.0,0.0,6139000.0
554388188,nakaseke,11,7500000.0,0.0,299999.9999999999,0.0,5000000.000000003,0.0,0.0,0.0,12800000.000000004
555219221,nakaseke,11,4000000.0,0.0,0.0,0.0,1000000.0,0.0,6000000.0,0.0,11000000.0
555219441,nakaseke,11,8000000.0,0.0,0.0,0.0,1000000.0,0.0,0.0,0.0,9000000.0
555219813,nakaseke,11,800000.0,0.0,0.0,0.0,150000.0,0.0,0.0,0.0,950000.0
556046148,nakaseke,11,500000.0,0.0,0.0,200000.0,150000.0,0.0,0.0,0.0,850000.0
557695618,nakaseke,11,800000.0,0.0,0.0,0.0,300000.0,0.0,0.0,0.0,1100000.0
557695779,nakaseke,11,5000000.0,0.0,200000.0,0.0,0.0,0.0,0.0,0.0,5200000.0
557696080,nakaseke,11,2000000.0,800000.0,0.0,250000.0,0.0,0.0,0.0,0.0,3050000.0
559607285,nakaseke,11,1000000.0,0.0,150000.0,300000.0,0.0,0.0,0.0,0.0,1450000.0
559607680,nakaseke,11,3500000.0,0.0,0.0,350000.0,0.0,0.0,0.0,0.0,3850000.0
559615651,nakaseke,11,2000000.0,0.0,0.0,0.0,0.0,0.0,0.0,0.0,2000000.0
560459965,nakaseke,11,3000000.0,0.0,0.0,0.0,0.0,0.0,1500000.0,0.0,4500000.0
561202301,nakaseke,11,3500000.0,0.0,150000.0,0.0,0.0,0.0,0.0,0.0,3650000.0
567488224,nakaseke,11,3000000.0,0.0,0.0,0.0,300000.0,0.0,0.0,0.0,3300000.0
581728335,nakaseke,11,6000000.0,400000.0,0.0,0.0,0.0,0.0,0.0,0.0,6400000.0
581800534,nakaseke,11,5000000.0,0.0,0.0,0.0,400000.0,0.0,0.0,0.0,5400000.0
581801301,nakaseke,11,4000000.0,0.0,0.0,0.0,0.0,0.0,0.0,0.0,4000000.0
582682579,nakaseke,11,3000000.0,0.0,0.0,0.0,400000.0,0.0,0.0,0.0,3400000.0
582684638,nakaseke,11,2000000.0,0.0,0.0,0.0,0.0,0.0,0.0,0.0,2000000.0
583582238,nakaseke,11,15000000.0,500000.0,0.0,0.0,0.0,0.0,0.0,0.0,15500000.0
584447265,nakaseke,11,8000000.0,0.0,0.0,0.0,500000.0,0.0,0.0,0.0,8500000.0
585215638,nakaseke,11,15000000.0,0.0,0.0,0.0,0.0,0.0,0.0,0.0,15000000.0
585216305,nakaseke,11,3000000.0,0.0,0.0,0.0,0.0,0.0,0.0,0.0,3000000.0
587012670,nakaseke,11,15000000.0,0.0,0.0,0.0,0.0,0.0,0.0,0.0,15000000.0
587012983,nakaseke,11,8000000.0,0.0,0.0,0.0,200000.0,0.0,0.0,0.0,8200000.0
587013280,nakaseke,11,25000000.0,0.0,0.0,0.0,0.0,2000000.0,0.0,0.0,27000000.0
588781706,nakaseke,11,14000000.0,300000.0,0.0,0.0,0.0,0.0,0.0,0.0,14300000.0
589705500,nakaseke,11,5000000.0,0.0,0.0,0.0,400000.0,0.0,0.0,0.0,5400000.0
589705733,nakaseke,11,12000000.0,450000.0,0.0,0.0,0.0,0.0,0.0,0.0,12450000.0
592193539,nakaseke,11,7998000.0,0.0,0.0,0.0,0.0,0.0,0.0,0.0,7998000.0
593223241,nakaseke,11,3000000.0,3000000.0,0.0,0.0,5000000.0,0.0,0.0,0.0,11000000.0
593223559,nakaseke,11,5000000.0,450000.0,0.0,0.0,0.0,0.0,0.0,0.0,5450000.0
613174996,nakaseke,11,3500000.0,0.0,0.0,0.0,300000.0,0.0,0.0,0.0,3800000.0
613177861,nakaseke,11,2000000.0,0.0,0.0,0.0,500000.0,0.0,0.0,0.0,2500000.0
613177864,nakaseke,11,5000000.0,0.0,0.0,0.0,0.0,0.0,0.0,0.0,5000000.0
613178463,nakaseke,11,8000000.0,0.0,0.0,0.0,0.0,5000000.0,0.0,0.0,13000000.0
613178868,nakaseke,11,500000.0,0.0,0.0,0.0,300000.0,0.0,0.0,0.0,800000.0
613180603,nakaseke,11,2000000.0,0.0,0.0,0.0,0.0,0.0,0.0,0.0,2000000.0
613822490,nakaseke,11,180000.0,150000.0,250000.0,0.0,0.0,0.0,0.0,0.0,580000.0
613825443,nakaseke,11,754000.0,250000.0,0.0,100000.0,0.0,0.0,0.0,0.0,1104000.0
618055484,mukono,11,750000.0,0.0,0.0,0.0,0.0,0.0,0.0,500000.0,1250000.0
619558400,mukono,11,350000.0,0.0,0.0,200000.0,100000.0,0.0,0.0,0.0,650000.0
621499875,mukono,11,800000.0,0.0,3600000.0,0.0,0.0,0.0,0.0,0.0,4400000.0
623176650,mukono,11,500000.0,0.0,12000000.0,1000000.0,0.0,0.0,0.0,0.0,13500000.0
623183149,mukono,11,288000.0,0.0,0.0,0.0,0.0,1000000.0,0.0,5000000.0,6288000.0
623185581,mukono,11,500000.0,0.0,0.0,1000000.0,0.0,2400000.0,0.0,0.0,3900000.0
633165095,mukono,11,500000.0,0.0,0.0,3000000.0,20000000.0,0.0,0.0,0.0,23500000.0
633861862,mukono,11,2000000.0,0.0,1000000.0,20000000.0,0.0,0.0,0.0,0.0,23000000.0
634022320,mukono,11,300000.0,0.0,0.0,300000.0,0.0,0.0,0.0,0.0,600000.0
634322498,mukono,11,120000.0,0.0,0.0,0.0,0.0,0.0,0.0,0.0,120000.0
634928993,mukono,11,60000.0,0.0,0.0,0.0,0.0,0.0,0.0,0.0,60000.0
634952733,mukono,11,1400000.0,0.0,0.0,0.0,500000.0,10000000.0,0.0,0.0,11900000.0
634953204,mukono,11,1200000.0,720000.0,0.0,0.0,500000.0,0.0,0.0,0.0,2420000.0
635102101,mukono,11,500000.0,0.0,0.0,0.0,0.0,20000000.0,12000000.0,0.0,32500000.0
635102513,mukono,11,800000.0,0.0,0.0,10000000.0,1000000.0,0.0,0.0,0.0,11800000.0
644159914,mukono,11,15000000.0,0.0,0.0,0.0,2800000.0,0.0,0.0,0.0,17800000.0
644420047,mukono,11,800000.0,0.0,0.0,0.0,0.0,2000000.0,0.0,0.0,2800000.0
551439754,nakaseke,11,4000000.0,0.0,0.0,299999.99999999977,899999.9999999995,499999.99999999977,0.0,0.0,5700000.0
552968706,nakaseke,11,8000000.0,0.0,0.0,0.0,249999.99999999983,0.0,0.0,0.0,8250000.0
552969446,nakaseke,11,2500000.0,0.0,0.0,0.0,350000.0000000001,0.0,0.0,0.0,2850000.0
552970239,nakaseke,11,3500000.0,349999.9999999997,0.0,50000.000000000015,126999.99999999991,0.0,0.0,0.0,4026999.9999999995
554387935,nakaseke,11,5500000.0,0.0,0.0,0.0,19999999.999999978,0.0,0.0,0.0,25499999.999999978
558377096,nakaseke,11,2500000.0,500000.0,0.0,0.0,0.0,1000000.0,0.0,0.0,4000000.0
559607458,nakaseke,11,4000000.0,500000.0,0.0,0.0,200000.0,0.0,0.0,0.0,4700000.0
567493335,nakaseke,11,2000000.0,0.0,0.0,400000.0,800000.0,0.0,0.0,0.0,3200000.0
581802079,nakaseke,11,7000000.0,0.0,150000.0,0.0,300000.0,0.0,0.0,0.0,7450000.0
582619340,nakaseke,11,2000000.0,0.0,0.0,0.0,0.0,0.0,0.0,0.0,2000000.0
583580839,nakaseke,11,25000000.0,0.0,0.0,0.0,0.0,10000000.0,0.0,0.0,35000000.0
584444811,nakaseke,11,4000000.0,0.0,0.0,300000.0,0.0,0.0,0.0,0.0,4300000.0
585215286,nakaseke,11,6500000.0,500000.0,0.0,500000.0,0.0,0.0,0.0,0.0,7500000.0
587013182,nakaseke,11,6000000.0,0.0,150000.0,0.0,450000.0,0.0,0.0,0.0,6600000.0
588782700,nakaseke,11,12000000.0,0.0,0.0,500000.0,0.0,0.0,0.0,0.0,12500000.0
589705993,nakaseke,11,10000000.0,0.0,0.0,0.0,0.0,0.0,0.0,0.0,10000000.0
613178458,nakaseke,11,30000000.0,500000.0,0.0,0.0,0.0,0.0,0.0,0.0,30500000.0
613178880,nakaseke,11,3000000.0,800000.0,300000.0,0.0,0.0,0.0,0.0,0.0,4100000.0
613179574,nakaseke,11,4000000.0,0.0,0.0,0.0,400000.0,0.0,0.0,0.0,4400000.0
615825416,mukono,11,50000.0,0.0,0.0,0.0,0.0,0.0,0.0,0.0,50000.0
619544793,mukono,11,1000000.0,0.0,0.0,0.0,0.0,1000000.0,0.0,0.0,2000000.0
623479229,mukono,11,120000.0,0.0,0.0,0.0,0.0,0.0,0.0,0.0,120000.0
633706398,mukono,11,600000.0,0.0,0.0,0.0,0.0,0.0,0.0,0.0,600000.0
633706854,mukono,11,150000.0,0.0,0.0,0.0,80000.0,0.0,0.0,0.0,230000.0
553314312,nakaseke,11,11000000.0,0.0,0.0,0.0,599999.9999999998,0.0,0.0,0.0,11600000.0
555219512,nakaseke,11,1200000.0,2000000.0,0.0,0.0,0.0,0.0,0.0,0.0,3200000.0
561200684,nakaseke,11,4000000.0,0.0,0.0,200000.0,0.0,0.0,0.0,0.0,4200000.0
583583184,nakaseke,11,20000000.0,0.0,0.0,0.0,500000.0,0.0,0.0,0.0,20500000.0
584444125,nakaseke,11,8000000.0,0.0,0.0,0.0,0.0,1000000.0,0.0,0.0,9000000.0
584446459,nakaseke,11,4000000.0,0.0,200000.0,0.0,0.0,0.0,0.0,0.0,4200000.0
586786507,nakaseke,11,551800.0,160000.0,0.0,0.0,0.0,0.0,0.0,0.0,711800.0
586805028,nakaseke,11,384400.0,180000.0,0.0,0.0,100800.0,0.0,0.0,0.0,665200.0
588783732,nakaseke,11,8000000.0,0.0,0.0,300000.0,0.0,0.0,0.0,0.0,8300000.0
589705256,nakaseke,11,10000000.0,0.0,0.0,0.0,0.0,8000000.0,0.0,0.0,18000000.0
592362627,nakaseke,11,4000000.0,500000.0,0.0,0.0,0.0,0.0,0.0,0.0,4500000.0
592363516,nakaseke,11,9900000.0,0.0,0.0,0.0,0.0,0.0,0.0,0.0,9900000.0
615755561,mukono,11,24000000.0,2000000.0,0.0,0.0,1000000.0,5000000.0,0.0,0.0,32000000.0
616699698,mukono,11,600000.0,0.0,0.0,0.0,0.0,0.0,0.0,0.0,600000.0
618056804,mukono,11,1400000.0,0.0,0.0,200000.0,50000.0,0.0,0.0,0.0,1650000.0
623479343,mukono,11,150000.0,0.0,0.0,0.0,70000.0,0.0,0.0,0.0,220000.0
631647706,mukono,11,230000.0,0.0,0.0,0.0,0.0,0.0,0.0,0.0,230000.0
632871446,mukono,11,800000.0,0.0,0.0,0.0,0.0,0.0,0.0,0.0,800000.0
644420087,mukono,11,600000.0,0.0,0.0,1500000.0,0.0,0.0,0.0,0.0,2100000.0
583581711,nakaseke,11,8000000.0,0.0,200000.0,0.0,0.0,0.0,0.0,0.0,8200000.0
592192218,nakaseke,11,2400000.0,0.0,0.0,0.0,250000.0,0.0,0.0,0.0,2650000.0
614880682,mukono,11,1400000.0,0.0,0.0,0.0,0.0,0.0,0.0,0.0,1400000.0
618739011,mukono,11,6400000.0,0.0,0.0,0.0,0.0,0.0,0.0,0.0,6400000.0
618739107,mukono,11,1800000.0,0.0,0.0,0.0,0.0,0.0,0.0,0.0,1800000.0
622484850,mukono,11,600000.0,0.0,0.0,0.0,0.0,0.0,0.0,0.0,600000.0
623479274,mukono,11,150000.0,0.0,0.0,0.0,0.0,0.0,0.0,0.0,150000.0
623981062,mukono,11,400000.0,0.0,0.0,0.0,180000.0,0.0,0.0,0.0,580000.0
634929144,mukono,11,40000.0,0.0,0.0,0.0,75000.0,0.0,0.0,0.0,115000.0
635625391,mukono,11,120000.0,0.0,0.0,0.0,0.0,0.0,0.0,0.0,120000.0
635625490,mukono,11,80000.0,0.0,0.0,0.0,0.0,0.0,0.0,0.0,80000.0
556031317,nakaseke,11,450000.0,0.0,0.0,0.0,0.0,0.0,0.0,0.0,450000.0
556037719,nakaseke,11,400000.0,0.0,0.0,0.0,0.0,0.0,0.0,0.0,400000.0
560449324,nakaseke,11,2666000.0,0.0,0.0,0.0,1425600.0,0.0,0.0,0.0,4091600.0
586026956,nakaseke,11,354000.0,0.0,300000.0,0.0,0.0,0.0,0.0,0.0,654000.0
616680304,mukono,11,400000.0,0.0,800000.0,0.0,0.0,3600000.0,0.0,0.0,4800000.0
616700114,mukono,11,360000.0,0.0,0.0,0.0,0.0,0.0,0.0,0.0,360000.0
623980936,mukono,11,180000.0,0.0,0.0,0.0,0.0,0.0,0.0,0.0,180000.0
632872132,mukono,11,590000.0,0.0,0.0,0.0,0.0,0.0,0.0,0.0,590000.0
550732883,nakaseke,11,2800000.0,0.0,0.0,0.0,0.0,0.0,0.0,0.0,2800000.0
582502735,nakaseke,11,450000.0,0.0,0.0,0.0,0.0,0.0,0.0,0.0,450000.0
586030936,nakaseke,11,195000.0,0.0,150000.0,0.0,0.0,0.0,0.0,0.0,345000.0
614807290,mukono,11,900000.0,0.0,0.0,0.0,0.0,0.0,0.0,600000.0,1500000.0
614850521,mukono,11,200000.0,0.0,150000.0,0.0,300000.0,0.0,0.0,0.0,650000.0
614880379,mukono,11,2600000.0,0.0,0.0,20000.0,1199999.9999999998,0.0,0.0,0.0,3820000.0
615759274,mukono,11,1000000.0,0.0,0.0,0.0,0.0,0.0,500000.0,0.0,1500000.0
615825361,mukono,11,2600000.0,0.0,0.0,0.0,0.0,0.0,0.0,0.0,2600000.0
616578776,mukono,11,1200000.0,300000.0,200000.0,0.0,0.0,1500000.0,0.0,0.0,3200000.0
616579437,mukono,11,1500000.0,0.0,0.0,500000.0,0.0,0.0,0.0,0.0,2000000.0
616580090,mukono,11,300000.0,100000.0,100000.0,100000.0,300000.0,0.0,0.0,0.0,900000.0
616699119,mukono,11,90000.0,0.0,0.0,0.0,0.0,0.0,0.0,0.0,90000.0
617648886,mukono,11,320000.0,0.0,0.0,0.0,0.0,0.0,0.0,0.0,320000.0
618056277,mukono,11,900000.0,0.0,0.0,100000.0,0.0,0.0,0.0,0.0,1000000.0
618502771,mukono,11,500000.0,0.0,200000.0,0.0,0.0,0.0,0.0,0.0,700000.0
618503624,mukono,11,1100000.0,0.0,0.0,1000000.0,0.0,0.0,0.0,0.0,2100000.0
619549456,mukono,11,1600000.0,0.0,0.0,0.0,0.0,1200000.0,0.0,1400000.0,4200000.0
619551006,mukono,11,480000.0,0.0,0.0,500000.0,0.0,0.0,0.0,0.0,980000.0
619552154,mukono,11,1200000.0,0.0,0.0,0.0,1000000.0,0.0,0.0,0.0,2200000.0
619559855,mukono,11,1800000.0,0.0,0.0,0.0,2000000.0,1350000.0,0.0,0.0,5150000.0
622292961,mukono,11,500000.0,0.0,0.0,400000.0,0.0,0.0,0.0,0.0,900000.0
623188000,mukono,11,600000.0,0.0,0.0,0.0,15000000.0,6000000.0,0.0,0.0,21600000.0
623704256,mukono,11,3500000.0,0.0,0.0,600000.0,500000.0,0.0,0.0,0.0,4600000.0
624717557,mukono,11,400000.0,0.0,2000000.0,0.0,0.0,0.0,0.0,0.0,2400000.0
628775538,mukono,11,1000000.0,0.0,0.0,1000000.0,0.0,0.0,0.0,0.0,2000000.0
632457381,mukono,11,1200000.0,0.0,0.0,600000.0,300000.0,0.0,0.0,0.0,2100000.0
632479613,mukono,11,800000.0,100000.0,0.0,200000.0,100000.0,0.0,0.0,0.0,1200000.0
632526756,mukono,11,17500000.0,0.0,0.0,2000000.0,0.0,0.0,0.0,0.0,19500000.0
632870245,mukono,11,120000.0,0.0,0.0,0.0,15000.0,0.0,0.0,0.0,135000.0
633860192,mukono,11,15000000.0,0.0,0.0,1000000.0,600000.0,0.0,0.0,0.0,16600000.0
633861646,mukono,11,3000000.0,0.0,0.0,0.0,2800000.0,0.0,0.0,0.0,5800000.0
634322667,mukono,11,160000.0,0.0,0.0,0.0,0.0,0.0,0.0,0.0,160000.0
634322758,mukono,11,800000.0,0.0,0.0,0.0,0.0,0.0,0.0,0.0,800000.0
635625535,mukono,11,900000.0,0.0,0.0,0.0,40000.0,0.0,0.0,0.0,940000.0
635860119,mukono,11,1200000.0,200000.0,0.0,300000.0,300000.0,0.0,0.0,0.0,2000000.0
636602799,mukono,11,1500000.0,200000.0,0.0,0.0,200000.0,0.0,0.0,0.0,1900000.0
558422222,nakaseke,11,1180000.0,240000.0,0.0,0.0,0.0,0.0,0.0,0.0,1420000.0
559666954,nakaseke,11,494000.0,0.0,0.0,0.0,0.0,0.0,0.0,0.0,494000.0
560448617,nakaseke,11,560000.0,0.0,0.0,0.0,0.0,0.0,0.0,0.0,560000.0
583505993,nakaseke,11,450000.0,0.0,180000.0,0.0,0.0,0.0,0.0,0.0,630000.0
584452976,nakaseke,11,286000.0,1500000.0,250000.0,0.0,0.0,0.0,0.0,0.0,2036000.0
586809899,nakaseke,11,298900.0,250000.0,150000.0,0.0,0.0,0.0,0.0,0.0,698900.0
618738329,mukono,11,1200000.0,0.0,0.0,0.0,0.0,0.0,0.0,0.0,1200000.0
623981362,mukono,11,800000.0,0.0,0.0,0.0,0.0,0.0,0.0,0.0,800000.0
633706233,mukono,11,180000.0,0.0,0.0,0.0,0.0,0.0,0.0,0.0,180000.0
555219650,nakaseke,11,700000.0,0.0,0.0,0.0,0.0,0.0,0.0,0.0,700000.0
581666974,nakaseke,11,663600.0,0.0,0.0,250000.0,162000.0,0.0,0.0,0.0,1075600.0
589566940,nakaseke,11,420000.0,0.0,0.0,0.0,0.0,0.0,0.0,0.0,420000.0
615760019,mukono,11,600000.0,300000.0,0.0,0.0,0.0,0.0,0.0,0.0,900000.0
615825276,mukono,11,1200000.0,0.0,0.0,0.0,0.0,0.0,0.0,0.0,1200000.0
616698945,mukono,11,6000000.0,0.0,0.0,0.0,1500000.0,0.0,0.0,0.0,7500000.0
616699320,mukono,11,1800000.0,0.0,0.0,0.0,0.0,0.0,0.0,0.0,1800000.0
619769782,mukono,11,1800000.0,0.0,0.0,0.0,0.0,0.0,0.0,0.0,1800000.0
621639263,mukono,11,100000.0,0.0,0.0,0.0,0.0,0.0,0.0,0.0,100000.0
622484708,mukono,11,1600000.0,0.0,0.0,0.0,0.0,0.0,0.0,0.0,1600000.0
623981163,mukono,11,1800000.0,0.0,0.0,0.0,2200000.0,0.0,0.0,0.0,4000000.0
550732746,nakaseke,11,1200000.0,249999.9999999998,0.0,0.0,0.0,0.0,0.0,0.0,1449999.9999999998
615825485,mukono,11,2400000.0,0.0,0.0,0.0,0.0,0.0,0.0,0.0,2400000.0
551438282,nakaseke,11,1250000.0,0.0,0.0,0.0,0.0,0.0,0.0,0.0,1250000.0
585181910,nakaseke,11,468000.0,230000.0,0.0,250000.0,0.0,0.0,0.0,0.0,948000.0
553313598,nakaseke,11,14010000.0,0.0,0.0,0.0,999999.9999999995,0.0,0.0,0.0,15010000.0
555219886,nakaseke,11,1900000.0,420000.0,0.0,0.0,0.0,0.0,0.0,0.0,2320000.0
561236657,nakaseke,11,1296000.0,0.0,0.0,500000.0,221000.0,0.0,0.0,0.0,2017000.0
583502844,nakaseke,11,510000.0,0.0,0.0,0.0,0.0,0.0,0.0,0.0,510000.0
584472197,nakaseke,11,702000.0,0.0,300000.0,0.0,466200.0,0.0,0.0,0.0,1468200.0
588619360,nakaseke,11,492000.0,0.0,0.0,0.0,0.0,0.0,0.0,0.0,492000.0
613814407,nakaseke,11,2560000.0,0.0,0.0,0.0,0.0,0.0,0.0,0.0,2560000.0
614850687,mukono,11,200000.0,0.0,0.0,200000.0,0.0,0.0,0.0,0.0,400000.0
615773237,mukono,11,700000.0,0.0,300000.0,200000.0,120000.0,200000.0,0.0,0.0,1520000.0
616679140,mukono,11,3000000.0,1000000.0,0.0,0.0,6000000.0,10000000.0,0.0,0.0,20000000.0
618056509,mukono,11,3000000.0,0.0,0.0,100000.0,0.0,0.0,0.0,0.0,3100000.0
618502947,mukono,11,1000000.0,0.0,0.0,300000.0,200000.0,0.0,0.0,0.0,1500000.0
618503261,mukono,11,900000.0,0.0,0.0,0.0,0.0,0.0,0.0,1000000.0,1900000.0
618738549,mukono,11,900000.0,0.0,0.0,0.0,0.0,0.0,0.0,0.0,900000.0
619307564,mukono,11,1300000.0,0.0,0.0,200000.0,500000.0,0.0,0.0,0.0,2000000.0
619543012,mukono,11,400000.0,360000.0,0.0,0.0,0.0,5100000.0,0.0,0.0,5860000.0
620136574,mukono,11,900000.0,300000.0,200000.0,0.0,300000.0,0.0,0.0,0.0,1700000.0
620155076,mukono,11,500000.0,500000.0,0.0,0.0,300000.0,0.0,0.0,0.0,1300000.0
621076849,mukono,11,1500000.0,0.0,0.0,0.0,2000000.0,0.0,0.0,2000000.0,5500000.0
622287746,mukono,11,700000.0,0.0,0.0,100000.0,70000.0,0.0,0.0,0.0,870000.0
622484987,mukono,11,2400000.0,0.0,0.0,0.0,0.0,0.0,0.0,0.0,2400000.0
631647870,mukono,11,1800000.0,0.0,0.0,0.0,0.0,0.0,0.0,0.0,1800000.0
632483673,mukono,11,2000000.0,200000.0,0.0,300000.0,300000.0,0.0,0.0,0.0,2800000.0
632532023,mukono,11,4800000.0,0.0,0.0,0.0,1000000.0,0.0,0.0,0.0,5800000.0
633706958,mukono,11,320000.0,0.0,0.0,0.0,150000.0,0.0,0.0,0.0,470000.0
634023370,mukono,11,2000000.0,0.0,0.0,200000.0,0.0,0.0,0.0,100000.0,2300000.0
634718078,mukono,11,3000000.0,300000.0,0.0,0.0,300000.0,0.0,0.0,100000.0,3700000.0
634718387,mukono,11,1000000.0,100000.0,100000.0,100000.0,200000.0,0.0,0.0,0.0,1500000.0
635238203,mukono,11,700000.0,100000.0,300000.0,0.0,100000.0,0.0,0.0,0.0,1200000.0
635859907,mukono,11,1800000.0,200000.0,0.0,300000.0,30000.0,0.0,0.0,0.0,2330000.0
636603192,mukono,11,7000000.0,0.0,0.0,0.0,500000.0,2000000.0,0.0,0.0,9500000.0
551433371,nakaseke,11,930000.0,800000.0000000003,0.0,0.0,0.0,0.0,0.0,0.0,1730000.0000000005
581719428,nakaseke,11,554400.0,0.0,0.0,0.0,0.0,0.0,0.0,0.0,554400.0
584453809,nakaseke,11,1008000.0,0.0,0.0,300000.0,0.0,0.0,0.0,0.0,1308000.0
588629366,nakaseke,11,552000.0,350000.0,0.0,0.0,0.0,0.0,0.0,0.0,902000.0
593198085,nakaseke,11,456000.0,0.0,0.0,0.0,0.0,0.0,0.0,0.0,456000.0
614850630,mukono,11,500000.0,0.0,100000.0,0.0,100000.0,0.0,0.0,0.0,700000.0
558415060,nakaseke,11,694400.0,0.0,0.0,250000.0,0.0,0.0,0.0,0.0,944400.0
561237697,nakaseke,11,499200.0,450000.0,0.0,0.0,500000.0,0.0,0.0,0.0,1449200.0
582502398,nakaseke,11,480000.0,0.0,0.0,0.0,225000.0,0.0,0.0,0.0,705000.0
586028388,nakaseke,11,617400.0,0.0,300000.0,0.0,200000.0,0.0,0.0,0.0,1117400.0
613819661,nakaseke,11,336000.0,0.0,0.0,0.0,0.0,0.0,0.0,0.0,336000.0
619770045,mukono,11,900000.0,0.0,0.0,0.0,0.0,0.0,0.0,0.0,900000.0
553313800,nakaseke,11,14000000.0,0.0,0.0,0.0,4500000.0,0.0,0.0,0.0,18500000.0
560449000,nakaseke,11,680400.0,0.0,0.0,0.0,150000.0,0.0,0.0,0.0,830400.0
560449862,nakaseke,11,610000.0,0.0,0.0,300000.0,0.0,0.0,0.0,0.0,910000.0
583505325,nakaseke,11,1500000.0,0.0,0.0,0.0,0.0,0.0,0.0,0.0,1500000.0
613821415,nakaseke,11,2232000.0,0.0,0.0,0.0,0.0,0.0,0.0,0.0,2232000.0
561257600,nakaseke,11,325000.0,0.0,0.0,0.0,0.0,0.0,0.0,0.0,325000.0
585193571,nakaseke,11,545200.0,0.0,200000.0,0.0,640800.0,0.0,0.0,0.0,1386000.0
621639988,mukono,11,600000.0,0.0,0.0,0.0,1200000.0,0.0,0.0,0.0,1800000.0
550731204,nakaseke,11,600000.0,0.0,0.0,0.0,0.0,0.0,0.0,0.0,600000.0
550739292,nakaseke,11,500000.0,0.0,0.0,0.0,0.0,0.0,0.0,0.0,500000.0
550740686,nakaseke,11,1000000.0,0.0,0.0,0.0,0.0,0.0,0.0,0.0,1000000.0
551433006,nakaseke,11,1210000.0,200000.00000000006,0.0,0.0,0.0,0.0,0.0,0.0,1410000.0
552803009,nakaseke,11,7950000.0,0.0,0.0,0.0,0.0,0.0,0.0,0.0,7950000.0
554395712,nakaseke,11,2360000.0,0.0,0.0,0.0,299999.9999999999,0.0,0.0,0.0,2660000.0
554399870,,11,8800000.0,0.0,0.0,0.0,499999.9999999997,0.0,0.0,0.0,9300000.0
555219447,nakaseke,11,1050000.0,0.0,0.0,0.0,0.0,0.0,0.0,0.0,1050000.0
559669939,nakaseke,11,2697500.0,0.0,0.0,0.0,520000.0,0.0,0.0,0.0,3217500.0
581666409,nakaseke,11,680400.0,0.0,100000.0,0.0,180000.0,0.0,0.0,0.0,960400.0
585208171,nakaseke,11,975000.0,0.0,300000.0,0.0,0.0,0.0,0.0,0.0,1275000.0
613829595,nakaseke,11,1003400.0,0.0,0.0,0.0,0.0,0.0,0.0,0.0,1003400.0
614807717,mukono,11,800000.0,0.0,0.0,500000.0,0.0,0.0,0.0,0.0,1300000.0
615773415,mukono,11,900000.0,200000.0,0.0,300000.0,300000.0,500000.0,0.0,0.0,2200000.0
616587562,mukono,11,1500000.0,20000.0,0.0,0.0,200000.0,0.0,0.0,0.0,1720000.0
617648818,mukono,11,1200000.0,0.0,0.0,0.0,0.0,0.0,0.0,0.0,1200000.0
617656724,mukono,11,3200000.0,0.0,0.0,0.0,0.0,0.0,0.0,0.0,3200000.0
618738718,mukono,11,2400000.0,0.0,0.0,0.0,0.0,0.0,0.0,0.0,2400000.0
618740822,mukono,11,2400000.0,0.0,0.0,0.0,0.0,0.0,0.0,0.0,2400000.0
619306835,mukono,11,1200000.0,300000.0,0.0,200000.0,0.0,300000.0,0.0,0.0,2000000.0
619559199,mukono,11,6000000.0,0.0,0.0,0.0,12000000.0,0.0,0.0,0.0,18000000.0
619769613,mukono,11,4500000.0,0.0,0.0,0.0,0.0,0.0,0.0,0.0,4500000.0
620129760,mukono,11,3500000.0,500000.0,0.0,0.0,500000.0,0.0,0.0,0.0,4500000.0
620157158,mukono,11,2500000.0,0.0,0.0,2000000.0,1000000.0,300000.0,0.0,0.0,5800000.0
620418682,mukono,11,12000000.0,1800000.0,0.0,0.0,1000000.0,0.0,0.0,0.0,14800000.0
620699865,mukono,11,2400000.0,0.0,0.0,0.0,0.0,0.0,0.0,0.0,2400000.0
620699988,mukono,11,36000000.0,0.0,0.0,0.0,0.0,0.0,0.0,0.0,36000000.0
621075678,mukono,11,1200000.0,0.0,0.0,0.0,0.0,0.0,0.0,100000.0,1300000.0
621078199,mukono,11,1200000.0,0.0,0.0,0.0,500000.0,0.0,0.0,1000000.0,2700000.0
621497521,mukono,11,750000.0,0.0,0.0,500000.0,200000.0,0.0,0.0,0.0,1450000.0
622288485,mukono,11,2000000.0,2500000.0,0.0,0.0,1000000.0,500000.0,0.0,0.0,6000000.0
622289226,mukono,11,900000.0,200000.0,100000.0,0.0,500000.0,0.0,0.0,300000.0,2000000.0
622950844,mukono,11,2600000.0,400000.0,0.0,0.0,1500000.0,0.0,0.0,0.0,4500000.0
622950959,mukono,11,700000.0,100000.0,0.0,200000.0,0.0,0.0,0.0,0.0,1000000.0
622951178,mukono,11,2100000.0,0.0,0.0,0.0,2000000.0,0.0,0.0,0.0,4100000.0
623479319,mukono,11,400000.0,0.0,0.0,0.0,2800000.0,0.0,0.0,0.0,3200000.0
623704150,mukono,11,1000000.0,500000.0,0.0,500000.0,300000.0,0.0,0.0,0.0,2300000.0
623704380,mukono,11,300000.0,0.0,200000.0,0.0,200000.0,0.0,0.0,0.0,700000.0
624715344,mukono,11,200000.0,0.0,0.0,0.0,200000.0,0.0,0.0,1000000.0,1400000.0
631647480,mukono,11,3200000.0,0.0,0.0,0.0,700000.0,0.0,0.0,0.0,3900000.0
632449589,mukono,11,3000000.0,0.0,0.0,500000.0,0.0,0.0,0.0,0.0,3500000.0
632465838,mukono,11,2500000.0,200000.0,0.0,300000.0,300000.0,0.0,0.0,0.0,3300000.0
633165465,mukono,11,2000000.0,400000.0,0.0,500000.0,500000.0,0.0,0.0,0.0,3400000.0
633165662,mukono,11,2000000.0,300000.0,0.0,0.0,300000.0,200000.0,0.0,0.0,2800000.0
634022615,mukono,11,4000000.0,1000000.0,0.0,1000000.0,300000.0,0.0,0.0,0.0,6300000.0
634718321,mukono,11,1000000.0,0.0,0.0,0.0,300000.0,500000.0,0.0,0.0,1800000.0
634929270,mukono,11,80000.0,0.0,0.0,0.0,0.0,0.0,0.0,0.0,80000.0
635102819,mukono,11,1000000.0,0.0,500000.0,0.0,500000.0,0.0,0.0,0.0,2000000.0
635238371,mukono,11,2000000.0,1000000.0,0.0,500000.0,500000.0,0.0,0.0,0.0,4000000.0
635238449,mukono,11,2500000.0,100000.0,0.0,300000.0,300000.0,0.0,0.0,0.0,3200000.0
635238630,mukono,11,1500000.0,500000.0,0.0,300000.0,300000.0,0.0,0.0,0.0,2600000.0
635625333,mukono,11,400000.0,0.0,0.0,0.0,0.0,0.0,0.0,0.0,400000.0
635859825,mukono,11,1500000.0,0.0,0.0,500000.0,0.0,0.0,0.0,0.0,2000000.0
635860002,mukono,11,3000000.0,200000.0,0.0,0.0,0.0,0.0,0.0,0.0,3200000.0
635860179,mukono,11,3000000.0,1000000.0,0.0,500000.0,500000.0,0.0,0.0,0.0,5000000.0
636134719,mukono,11,24000000.0,0.0,0.0,1000000.0,1950000.0,0.0,0.0,0.0,26950000.0
636135880,mukono,11,1400000.0,0.0,1500000.0,0.0,500000.0,0.0,0.0,0.0,3400000.0
636603058,mukono,11,900000.0,0.0,0.0,0.0,200000.0,0.0,0.0,0.0,1100000.0
636603136,mukono,11,700000.0,0.0,0.0,300000.0,500000.0,0.0,0.0,0.0,1500000.0
644152753,mukono,11,2000000.0,200000.0,0.0,300000.0,300000.0,0.0,0.0,300000.0,3100000.0
644152847,mukono,11,700000.0,100000.0,0.0,200000.0,200000.0,0.0,0.0,0.0,1200000.0
644159669,mukono,11,3200000.0,0.0,0.0,0.0,420000.0,0.0,0.0,0.0,3620000.0
554400498,nakaseke,11,7000000.0,0.0,0.0,0.0,550000.0000000001,0.0,0.0,0.0,7550000.0
559666632,nakaseke,11,990000.0,0.0,0.0,150000.0,0.0,0.0,0.0,0.0,1140000.0
619306547,mukono,11,2000000.0,500000.0,0.0,0.0,0.0,0.0,0.0,320000.0,2820000.0
622485261,mukono,11,800000.0,0.0,0.0,0.0,0.0,0.0,0.0,0.0,800000.0
631647195,mukono,11,600000.0,0.0,0.0,0.0,150000.0,0.0,0.0,0.0,750000.0
565368592,nakaseke,11,571200.0,0.0,0.0,0.0,127000.0,0.0,0.0,0.0,698200.0
584454693,nakaseke,11,250000.0,0.0,250000.0,0.0,0.0,0.0,0.0,0.0,500000.0
618738814,mukono,11,2600000.0,0.0,0.0,0.0,0.0,0.0,0.0,0.0,2600000.0
582503421,nakaseke,11,690000.0,0.0,0.0,0.0,0.0,0.0,0.0,0.0,690000.0
589565846,nakaseke,11,720000.0,0.0,0.0,0.0,850000.0,0.0,0.0,0.0,1570000.0
614850459,mukono,11,1100000.0,0.0,0.0,0.0,550000.0,0.0,0.0,0.0,1650000.0
556032422,nakaseke,11,2500000.0,1800000.0,0.0,300000.0,0.0,0.0,0.0,0.0,4600000.0
558422563,nakaseke,11,1750000.0,0.0,0.0,0.0,950000.0,0.0,0.0,0.0,2700000.0
585223034,nakaseke,11,342000.0,0.0,0.0,0.0,0.0,0.0,0.0,0.0,342000.0
623704362,mukono,11,700000.0,500000.0,0.0,0.0,500000.0,0.0,0.0,0.0,1700000.0
633165535,mukono,11,1800000.0,0.0,0.0,500000.0,500000.0,0.0,0.0,0.0,2800000.0
634929225,mukono,11,4000000.0,0.0,0.0,0.0,100000.0,0.0,0.0,0.0,4100000.0
636602878,mukono,11,3500000.0,200000.0,0.0,200000.0,300000.0,0.0,0.0,0.0,4200000.0
558418973,nakaseke,11,1664000.0,0.0,0.0,0.0,1800000.0,2500000.0,0.0,0.0,5964000.0
613827164,nakaseke,11,1560200.0,0.0,450000.0,0.0,950000.0,0.0,0.0,0.0,2960200.0
632876809,mukono,11,320000.0,0.0,0.0,0.0,0.0,0.0,0.0,0.0,320000.0
559670838,nakaseke,11,2073500.0,0.0,0.0,200000.0,0.0,0.0,0.0,0.0,2273500.0
588625655,nakaseke,11,2496000.0,0.0,300000.0,0.0,1050000.0,0.0,0.0,0.0,3846000.0
550732633,nakaseke,11,1050000.0,0.0,0.0,0.0,100000.00000000004,0.0,0.0,0.0,1150000.0
550740078,nakaseke,11,1100000.0,30000.000000000007,0.0,0.0,0.0,0.0,0.0,0.0,1130000.0
552802393,nakaseke,11,8800000.0,100000.00000000001,0.0,0.0,200000.00000000006,0.0,0.0,0.0,9100000.0
553314788,nakaseke,11,7500000.0,0.0,0.0,0.0,499999.9999999997,0.0,0.0,0.0,8000000.0
556033462,nakaseke,11,4032000.0,0.0,0.0,0.0,1755000.0,0.0,0.0,0.0,5787000.0
557694485,nakaseke,11,90000.0,0.0,0.0,50000.0,0.0,0.0,0.0,0.0,140000.0
557694682,nakaseke,11,90000.0,0.0,0.0,25000.0,0.0,0.0,0.0,0.0,115000.0
557711753,nakaseke,11,1750000.0,0.0,0.0,0.0,0.0,0.0,0.0,0.0,1750000.0
557713215,nakaseke,11,1100000.0000000002,0.0,0.0,0.0,0.0,0.0,0.0,0.0,1100000.0000000002
558375556,nakaseke,11,300000.0,0.0,0.0,50000.0,60000.0,0.0,0.0,0.0,410000.0
565368815,nakaseke,11,1150000.0,0.0,0.0,300000.0,0.0,0.0,0.0,0.0,1450000.0
583503314,nakaseke,11,3060000.0,0.0,0.0,0.0,639000.0,0.0,0.0,0.0,3699000.0
592192864,nakaseke,11,2400000.0,0.0,0.0,0.0,0.0,0.0,0.0,0.0,2400000.0
614807974,mukono,11,700000.0,0.0,0.0,400000.0,0.0,0.0,0.0,0.0,1100000.0
614850566,mukono,11,3200000.0,0.0,0.0,0.0,3000000.0,0.0,0.0,0.0,6200000.0
615761193,mukono,11,7000000.0,1000000.0,0.0,0.0,1000000.0,0.0,500000.0,0.0,9500000.0
615773611,mukono,11,1000000.0,200000.0,100000.0,0.0,100000.0,0.0,0.0,0.0,1400000.0
616675567,mukono,11,300000.0,0.0,0.0,0.0,0.0,1000000.0,600000.0,0.0,1900000.0
617462488,mukono,11,650000.0,0.0,0.0,0.0,0.0,4000000.0,0.0,0.0,4650000.0
617463415,mukono,11,300000.0,0.0,0.0,0.0,300000.0,2400000.0,0.0,0.0,3000000.0
617648934,mukono,11,2400000.0,0.0,0.0,0.0,0.0,0.0,0.0,0.0,2400000.0
619547863,mukono,11,1000000.0,0.0,0.0,0.0,250000.0,1000000.0,0.0,0.0,2250000.0
619769827,mukono,11,560000.0,0.0,0.0,0.0,0.0,0.0,0.0,250000.0,810000.0
619769984,mukono,11,1800000.0,0.0,0.0,0.0,0.0,0.0,0.0,0.0,1800000.0
620417365,mukono,11,600000.0,0.0,0.0,0.0,0.0,5000000.0,1000000.0,0.0,6600000.0
620699936,mukono,11,3200000.0,0.0,0.0,0.0,0.0,0.0,0.0,0.0,3200000.0
620700057,mukono,11,1200000.0,0.0,0.0,0.0,1600000.0,0.0,0.0,0.0,2800000.0
621078668,mukono,11,1100000.0,200000.0,0.0,0.0,800000.0,0.0,4800000.0,500000.0,7400000.0
621640204,mukono,11,130000.0,0.0,0.0,0.0,0.0,0.0,0.0,0.0,130000.0
621642449,mukono,11,200000.0,0.0,0.0,0.0,0.0,0.0,0.0,0.0,200000.0
622289483,mukono,11,400000.0,200000.0,100000.0,0.0,200000.0,0.0,0.0,0.0,900000.0
622485078,mukono,11,8000000.0,0.0,0.0,0.0,4500000.0,0.0,0.0,0.0,12500000.0
623981243,mukono,11,100000.0,0.0,0.0,0.0,250000.0,0.0,0.0,0.0,350000.0
624290457,mukono,11,1800000.0,500000.0,0.0,1000000.0,500000.0,600000.0,0.0,0.0,4400000.0
624291333,mukono,11,700000.0,600000.0,0.0,600000.0,500000.0,0.0,0.0,0.0,2400000.0
624292438,mukono,11,700000.0,700000.0,200000.0,200000.0,200000.0,0.0,0.0,0.0,2000000.0
631647010,mukono,11,1200000.0,0.0,0.0,0.0,75000.0,0.0,0.0,0.0,1275000.0
633165312,mukono,11,1200000.0,0.0,0.0,200000.0,0.0,0.0,0.0,0.0,1400000.0
633706793,mukono,11,300000.0,0.0,0.0,0.0,500000.0,0.0,0.0,0.0,800000.0
634022985,mukono,11,900000.0,0.0,0.0,300000.0,0.0,0.0,0.0,100000.0,1300000.0
634718242,mukono,11,5000000.0,1000000.0,0.0,1000000.0,1000000.0,0.0,0.0,0.0,8000000.0
635238561,mukono,11,1200000.0,0.0,0.0,500000.0,300000.0,0.0,0.0,0.0,2000000.0
636135365,mukono,11,3000000.0,0.0,500000.0,300000.0,100000.0,0.0,0.0,0.0,3900000.0
636136285,mukono,11,2400000.0,0.0,0.0,1000000.0,0.0,0.0,0.0,3000000.0,6400000.0
616674531,mukono,11,5100000.0,0.0,0.0,0.0,0.0,0.0,2000000.0,0.0,7100000.0
557715625,nakaseke,11,1650000.0,0.0,0.0,0.0,0.0,0.0,0.0,0.0,1650000.0
582503133,nakaseke,11,1260000.0,0.0,0.0,500000.0,0.0,0.0,0.0,0.0,1760000.0
586804272,nakaseke,11,3217800.0,300000.0,1000000.0,0.0,560000.0,0.0,0.0,0.0,5077800.0
620699783,mukono,11,2800000.0,0.0,0.0,0.0,0.0,0.0,0.0,0.0,2800000.0
550738751,nakaseke,11,400000.0,0.0,0.0,0.0,0.0,0.0,0.0,0.0,400000.0
589566299,nakaseke,11,540000.0,0.0,0.0,0.0,0.0,0.0,0.0,0.0,540000.0
556042851,nakaseke,11,700000.0,0.0,0.0,300000.0,250000.0,0.0,0.0,0.0,1250000.0
581667076,nakaseke,11,831600.0,0.0,300000.0,150000.0,0.0,0.0,0.0,0.0,1281600.0
561201812,nakaseke,11,600000.0,0.0,250000.0,90000.0,90000.0,0.0,0.0,0.0,1030000.0
561202655,nakaseke,11,300000.0,60000.0,55000.0,150000.0,70000.0,0.0,0.0,0.0,635000.0
622951271,mukono,11,1800000.0,1000000.0,0.0,0.0,1200000.0,0.0,0.0,0.0,4000000.0
623479194,mukono,11,2400000.0,0.0,0.0,0.0,1200000.0,0.0,0.0,0.0,3600000.0
633859954,mukono,11,1200000.0,0.0,1000000.0,0.0,500000.0,0.0,0.0,0.0,2700000.0
634322609,mukono,11,1800000.0,0.0,0.0,0.0,0.0,0.0,0.0,0.0,1800000.0
634718422,mukono,11,1000000.0,180000.00000000003,0.0,0.0,1800000.000000001,0.0,0.0,0.0,2980000.000000001
618738459,mukono,11,5400000.0,0.0,0.0,0.0,0.0,0.0,0.0,0.0,5400000.0
552806909,nakaseke,11,1120000.0,0.0,0.0,0.0,466200.00000000035,0.0,0.0,0.0,1586200.0000000005
557694859,nakaseke,11,90000.0,0.0,0.0,0.0,0.0,0.0,0.0,0.0,90000.0
589566059,nakaseke,11,6300000.0,1000000.0,0.0,300000.0,0.0,0.0,0.0,0.0,7600000.0
593200247,nakaseke,11,31200005.0,1000000.0,0.0,0.0,1080000.0,0.0,0.0,0.0,33280005.0
613820537,nakaseke,11,5040000.0,500000.0,0.0,0.0,0.0,0.0,0.0,0.0,5540000.0
614808240,mukono,11,1000000.0,0.0,0.0,600000.0,0.0,200000.0,0.0,0.0,1800000.0
615773753,mukono,11,1500000.0,1000000.0,0.0,200000.0,0.0,0.0,0.0,0.0,2700000.0
617460629,mukono,11,800000.0,0.0,0.0,0.0,0.0,20000000.0,0.0,500000.0,21300000.0
617461111,mukono,11,400000.0,0.0,0.0,300000.0,0.0,0.0,0.0,0.0,700000.0
617461597,mukono,11,120000.0,0.0,0.0,0.0,0.0,0.0,0.0,0.0,120000.0
618056660,mukono,11,1200000.0,0.0,0.0,200000.0,0.0,500000.0,0.0,0.0,1900000.0
618502638,mukono,11,2000000.0,0.0,0.0,0.0,300000.0,0.0,0.0,1999999.9999999993,4299999.999999999
618738618,mukono,11,3400000.0,0.0,0.0,0.0,0.0,0.0,0.0,0.0,3400000.0
619308856,mukono,11,3000000.0,500000.0,0.0,0.0,500000.0,0.0,0.0,9000000.0,13000000.0
620131758,mukono,11,700000.0,500000.0,0.0,0.0,500000.0,0.0,0.0,0.0,1700000.0
621077765,mukono,11,2500000.0,0.0,0.0,0.0,0.0,0.0,0.0,1000000.0,3500000.0
622950517,mukono,11,8000000.0,300000.0,0.0,500000.0,4000000.0,0.0,0.0,0.0,12800000.0
623178431,mukono,11,1600000.0,0.0,1000000.0,240000.0,0.0,0.0,0.0,0.0,2840000.0
623271316,mukono,11,750000.0,0.0,0.0,0.0,10000000.0,2000000.0,0.0,0.0,12750000.0
623272577,mukono,11,1000000.0,0.0,0.0,0.0,20000000.0,0.0,0.0,0.0,21000000.0
624293459,mukono,11,1100000.0,1000000.0,0.0,0.0,0.0,0.0,0.0,0.0,2100000.0
624713073,mukono,11,400000.0,0.0,0.0,5000000.0,0.0,0.0,0.0,0.0,5400000.0
624713879,mukono,11,685000.0,0.0,0.0,0.0,0.0,2000000.0,0.0,0.0,2685000.0
625320144,mukono,11,800000.0,360000.0,0.0,0.0,6000000.0,0.0,0.0,0.0,7160000.0
628089142,mukono,11,840000.0,0.0,0.0,0.0,0.0,0.0,5000000.0,0.0,5840000.0
628089849,mukono,11,1400000.0,0.0,0.0,0.0,0.0,3000000.0,0.0,0.0,4400000.0
628775275,mukono,11,45000000.0,0.0,0.0,1000000.0,0.0,10000000.0,0.0,0.0,56000000.0
630120893,mukono,11,2400000.0,0.0,0.0,500000.0,0.0,1000000.0,0.0,0.0,3900000.0
632524617,mukono,11,6500000.0,0.0,0.0,0.0,240000.0,2000000.0,0.0,0.0,8740000.0
633860632,mukono,11,2400000.0,0.0,0.0,0.0,1200000.0,0.0,4800000.0,0.0,8400000.0
633861486,mukono,11,1410000.0,0.0,0.0,0.0,0.0,0.0,6000000.0,0.0,7410000.0
634021883,mukono,11,5000000.0,1000000.0,0.0,0.0,600000.0,0.0,0.0,0.0,6600000.0
634952329,mukono,11,49000000.0,0.0,0.0,0.0,2000000.0,0.0,6000000.0,0.0,57000000.0
635102211,mukono,11,4000000.0,10000000.0,0.0,0.0,5000000.0,0.0,0.0,2000000.0,21000000.0
635102285,mukono,11,1200000.0,0.0,2000000.0,0.0,500000.0,0.0,0.0,0.0,3700000.0
623184098,mukono,11,1500000.0,0.0,0.0,0.0,500000.0,0.0,1000000.0,0.0,3000000.0
554408234,nakaseke,11,550000.0,0.0,0.0,0.0,0.0,0.0,0.0,0.0,550000.0
556042141,nakaseke,11,300000.0,0.0,0.0,0.0,120000.0,0.0,0.0,0.0,420000.0
559614978,nakaseke,11,600000.0,0.0,500000.0,0.0,400000.0,0.0,0.0,0.0,1500000.0
581570782,nakaseke,11,1000000.0,0.0,0.0,500000.0,221000.00000000006,0.0,0.0,0.0,1721000.0
552806065,,11,500000.0,0.0,0.0,0.0,0.0,0.0,0.0,0.0,500000.0
553316435,nakaseke,11,1700000.0,299999.99999999977,0.0,0.0,0.0,0.0,0.0,0.0,1999999.9999999998
558375760,nakaseke,11,150000.0,0.0,0.0,0.0,0.0,0.0,0.0,0.0,150000.0
559615316,nakaseke,11,500000.0,0.0,400000.0,250000.0,50000.0,0.0,0.0,0.0,1200000.0
630121155,mukono,11,4200000.0,1000000.0,0.0,0.0,200000.0,0.0,0.0,0.0,5400000.0
630121646,mukono,11,2800000.0,0.0,0.0,700000.0,120000.0,0.0,0.0,0.0,3620000.0
560425493,nakaseke,11,250000.0,0.0,0.0,100000.0,50000.0,0.0,0.0,0.0,400000.0
560424556,nakaseke,11,600000.0,0.0,500000.0,90000.0,200000.0,0.0,0.0,0.0,1390000.0
561200542,nakaseke,11,600000.0,450000.0,0.0,90000.0,50000.0,0.0,0.0,0.0,1190000.0
561202398,nakaseke,11,350000.0,0.0,200000.0,100000.0,60000.0,0.0,0.0,0.0,710000.0
560425197,nakaseke,11,500000.0,0.0,350000.0,160000.0,90000.0,0.0,0.0,0.0,1100000.0
628088416,mukono,11,1300000.0,3000000.0,0.0,500000.0,0.0,2000000.0,0.0,0.0,6800000.0
628089405,mukono,11,1400000.0,0.0,0.0,0.0,0.0,6000000.0,0.0,0.0,7400000.0
628774965,mukono,11,1000000.0,0.0,2000000.0,500000.0,0.0,0.0,0.0,0.0,3500000.0
632530379,mukono,11,1000000.0,0.0,0.0,5000000.0,500000.0,0.0,0.0,0.0,6500000.0
636135085,mukono,11,20800000.0,1000000.0,0.0,0.0,500000.0,0.0,0.0,0.0,22300000.0
556039009,nakaseke,11,20000.0,0.0,0.0,50000.0,120000.0,0.0,0.0,0.0,190000.0
553316712,nakaseke,11,370000.0,0.0,0.0,0.0,50000.00000000001,0.0,0.0,0.0,420000.0
621496649,mukono,11,2400000.0,0.0,0.0,2400000.0,100000.0,0.0,0.0,0.0,4900000.0
629845932,mukono,11,2000000.0,0.0,0.0,3000000.0,360000.0,0.0,0.0,0.0,5360000.0
632528316,mukono,11,5000000.0,0.0,0.0,1500000.0,0.0,0.0,0.0,0.0,6500000.0
633861263,mukono,11,8400000.0,10000000.0,0.0,0.0,6000000.0,0.0,0.0,0.0,24400000.0
635102642,mukono,11,7000000.0,0.0,0.0,0.0,10000000.0,0.0,0.0,0.0,17000000.0
560423470,nakaseke,11,450000.0,0.0,240000.0,0.0,300000.0,0.0,0.0,0.0,990000.0
551439101,nakaseke,11,1100000.0,0.0,0.0,0.0,0.0,0.0,0.0,0.0,1100000.0
553316111,nakaseke,11,380000.0,0.0,0.0,0.0,200000.00000000006,0.0,0.0,0.0,580000.0
554407800,nakaseke,11,900000.0,0.0,0.0,349999.9999999997,50000.000000000015,0.0,0.0,0.0,1299999.9999999998
558374654,nakaseke,11,450000.0,200000.00000000006,250000.0,100000.0,0.0,0.0,0.0,0.0,1000000.0
558375246,nakaseke,11,220000.0,0.0,50000.0,150000.0,0.0,0.0,0.0,0.0,420000.0
581569323,nakaseke,11,1350000.0,199999.99999999997,180000.00000000003,0.0,0.0,0.0,0.0,0.0,1730000.0
581571879,nakaseke,11,500000.0,0.0,200000.0,150000.0,60000.0,0.0,0.0,0.0,910000.0
564861263,nakaseke,11,500000.0,150000.0,50000.0,100000.0,60000.0,0.0,0.0,0.0,860000.0
559615143,nakaseke,11,300000.0,0.0,50000.0,60000.0,100000.0,0.0,0.0,0.0,510000.0
564864365,nakaseke,11,300000.0,60000.0,58000.0,100000.0,60000.0,0.0,0.0,0.0,578000.0
553315619,nakaseke,11,350000.0,0.0,0.0,0.0,0.0,0.0,0.0,0.0,350000.0
556039301,nakaseke,11,500000.0,0.0,0.0,90000.0,150000.0,0.0,0.0,0.0,740000.0
615757479,mukono,11,800000.0,0.0,0.0,0.0,100000.0,0.0,0.0,0.0,900000.0
615773011,mukono,11,1500000.0,0.0,0.0,0.0,0.0,0.0,0.0,200000.0,1700000.0
619554974,mukono,11,3600000.0,2000000.0,0.0,0.0,1000000.0,0.0,0.0,0.0,6600000.0
620416772,mukono,11,500000.0,0.0,0.0,600000.0,0.0,180000.0,0.0,0.0,1280000.0
620419799,mukono,11,4000000.0,0.0,0.0,0.0,125000.0,0.0,0.0,0.0,4125000.0
621494958,mukono,11,500000.0,0.0,0.0,0.0,0.0,0.0,0.0,5000000.0,5500000.0
621496210,mukono,11,6000000.0,1000000.0,0.0,500000.0,0.0,0.0,0.0,0.0,7500000.0
621498584,mukono,11,16800000.0,0.0,0.0,0.0,500000.0,1000000.0,0.0,0.0,18300000.0
621639094,mukono,11,400000.0,0.0,0.0,0.0,300000.0,0.0,499999.9999999997,0.0,1199999.9999999998
623187149,mukono,11,560000.0,0.0,0.0,240000.0,0.0,1000000.0,0.0,0.0,1800000.0
623270536,mukono,11,13500000.0,0.0,0.0,0.0,1900000.0,0.0,0.0,0.0,15400000.0
624711692,mukono,11,1200000.0,1000000.0,0.0,0.0,2000000.0,0.0,0.0,0.0,4200000.0
624712163,mukono,11,2400000.0,1080000.0,0.0,0.0,0.0,5000000.0,0.0,0.0,8480000.0
625315993,mukono,11,1200000.0,0.0,0.0,500000.0,100000.0,0.0,0.0,0.0,1800000.0
628080096,mukono,11,7000000.0,0.0,0.0,0.0,2000000.0,0.0,0.0,0.0,9000000.0
628775775,mukono,11,36000000.0,3000000.0,0.0,0.0,0.0,1000000.0,0.0,0.0,40000000.0
630120684,mukono,11,7000000.0,2000000.0,0.0,0.0,0.0,3000000.0,0.0,0.0,12000000.0
632531024,mukono,11,3500000.0,0.0,0.0,1000000.0,0.0,0.0,5000000.0,0.0,9500000.0
632870785,mukono,11,3200000.0,0.0,0.0,0.0,70000.0,0.0,0.0,0.0,3270000.0
634322563,mukono,11,1200000.0,0.0,0.0,0.0,2000000.0,0.0,0.0,0.0,3200000.0
634951268,mukono,11,1000000.0,0.0,0.0,1300000.0,0.0,0.0,0.0,0.0,2300000.0
619307991,mukono,11,6000000.0,1000000.0,0.0,500000.0,15000000.0,0.0,6000000.0,0.0,28500000.0
634929055,mukono,11,2400000.0,0.0,0.0,0.0,500000.0,0.0,0.0,0.0,2900000.0
635625431,mukono,11,1200000.0,0.0,0.0,0.0,800000.0,0.0,0.0,0.0,2000000.0
625318562,mukono,11,400000.0,0.0,2000000.0,1000000.0,0.0,0.0,0.0,0.0,3400000.0
628776109,mukono,11,4900000.0,0.0,0.0,450000.0,0.0,2000000.0,0.0,0.0,7350000.0
633860413,mukono,11,42000000.0,0.0,0.0,1000000.0,500000.0,0.0,0.0,12000000.0,55500000.0
557694292,nakaseke,11,300000.0,0.0,0.0,50000.0,60000.0,0.0,0.0,0.0,410000.0
582450581,nakaseke,11,350000.0,50000.0,90000.0,0.0,0.0,0.0,0.0,0.0,490000.0
613185259,nakaseke,11,390000.0,0.0,0.0,0.0,400000.0,0.0,0.0,0.0,790000.0
614810845,mukono,11,800000.0,0.0,0.0,0.0,0.0,0.0,0.0,0.0,800000.0
617648764,mukono,11,1200000.0,0.0,0.0,0.0,0.0,0.0,0.0,0.0,1200000.0
551438934,nakaseke,11,1700000.0,0.0,0.0,0.0,0.0,0.0,0.0,0.0,1700000.0
589548879,nakaseke,11,20000.0,0.0,100000.0,0.0,250000.0,0.0,0.0,0.0,370000.0
554402613,nakaseke,11,0.0,0.0,0.0,0.0,249999.99999999983,0.0,0.0,0.0,249999.99999999983
589547568,nakaseke,11,350000.0,0.0,0.0,50000.00000000001,0.0,7999999.999999998,0.0,0.0,8399999.999999998
592180125,nakaseke,11,350000.0,0.0,0.0,0.0,200000.0,0.0,0.0,0.0,550000.0
613184766,nakaseke,11,600000.0,0.0,0.0,100000.0,250000.0,0.0,0.0,0.0,950000.0
613185864,nakaseke,11,600000.0,20000.0,0.0,89999.99999999997,500000.0,0.0,0.0,0.0,1210000.0
593216040,nakaseke,11,400000.0,250000.0,69000.0,0.0,200000.0,0.0,0.0,0.0,919000.0
552806578,nakaseke,11,1300000.0,0.0,0.0,0.0,0.0,0.0,0.0,0.0,1300000.0
554403180,,11,1100000.0,0.0,0.0,0.0,0.0,0.0,0.0,999999.9999999997,2099999.9999999995
554997531,nakaseke,11,400000.0,0.0,0.0,60000.0,250000.0,0.0,0.0,0.0,710000.0
581568916,nakaseke,11,500000.0,0.0,90000.0,60000.0,170000.0,0.0,0.0,0.0,820000.0
582449149,nakaseke,11,600000.0,250000.0,0.0,150000.0,50000.0,0.0,0.0,0.0,1050000.0
583384059,nakaseke,11,9000000.0,350000.0,0.0,0.0,250000.0,0.0,0.0,0.0,9600000.0
584465855,nakaseke,11,400000.0,150000.0,0.0,0.0,0.0,0.0,0.0,0.0,550000.0
585291611,nakaseke,11,9000000.0,30000.0,0.0,60000.0,350000.0,0.0,0.0,0.0,9440000.0
588618114,nakaseke,11,600000.0,0.0,0.0,120000.0,30000.0,0.0,0.0,0.0,750000.0
589549118,nakaseke,11,600000.0,0.0,90000.0,0.0,250000.0,0.0,0.0,0.0,940000.0
592179551,nakaseke,11,200000.0,0.0,0.0,150000.0,150000.0,0.0,0.0,0.0,500000.0
613185857,nakaseke,11,600000.0,300000.0,0.0,120000.0,350000.0,0.0,0.0,0.0,1370000.0
613185868,nakaseke,11,500000.0,350000.0,0.0,0.0,400000.0,0.0,0.0,0.0,1250000.0
618737230,mukono,11,1800000.0,0.0,0.0,0.0,0.0,0.0,0.0,0.0,1800000.0
625321534,mukono,11,5600000.0,0.0,0.0,0.0,2000000.0,10000000.0,0.0,0.0,17600000.0
613185262,nakaseke,11,260000.0,0.0,300000.0,100000.0,250000.0,0.0,0.0,0.0,910000.0
586823072,nakaseke,11,600000.0,0.0,0.0,100000.00000000001,600000.0,0.0,0.0,0.0,1300000.0
586821078,nakaseke,11,800000.0,0.0,0.0,20000.0,96000.0,0.0,0.0,0.0,916000.0
586823179,nakaseke,11,600000.0,0.0,0.0,100000.0,600000.0,0.0,0.0,0.0,1300000.0
588618032,nakaseke,11,1000000.0,200000.0,0.0,150000.0,350000.0,0.0,0.0,0.0,1700000.0
592179319,nakaseke,11,300000.0,0.0,0.0,0.0,200000.0,0.0,0.0,0.0,500000.0
613185254,nakaseke,11,350000.0,400000.0,89999.99999999997,0.0,230000.0,0.0,0.0,0.0,1070000.0
613184756,nakaseke,11,380000.0,0.0,100000.00000000001,0.0,350000.0,0.0,0.0,0.0,830000.0
613184762,nakaseke,11,5000000.0,0.0,89999.99999999997,700000.0,250000.0,100000.0,0.0,0.0,6140000.0
593216705,nakaseke,11,350000.0,109.0,0.0,0.0,200000.0,0.0,0.0,0.0,550109.0
582448458,nakaseke,11,600000.0,300000.0,0.0,150000.0,200000.0,0.0,0.0,0.0,1250000.0
583383308,nakaseke,11,560000.0,30000.0,90000.0,3.0,20000.0,0.0,0.0,0.0,700003.0
584457728,nakaseke,11,350000.0,0.0,0.0,0.0,0.0,0.0,0.0,0.0,350000.0
584460556,nakaseke,11,250000.0,100000.0,0.0,150000.0,400000.0000000001,0.0,0.0,0.0,900000.0000000001
586822745,nakaseke,11,600000.0,300000.0,0.0,0.0,200000.0,0.0,0.0,0.0,1100000.0
588618956,nakaseke,11,600000.0,0.0,150000.0,0.0,250000.0,0.0,0.0,0.0,1000000.0
588619984,nakaseke,11,500000.0,0.0,0.0,0.0,250000.0,0.0,0.0,0.0,750000.0
589548430,nakaseke,11,300000.0,0.0,25000.0,0.0,500000.0,0.0,0.0,0.0,825000.0
613184214,nakaseke,11,200000.0,0.0,50000.0,0.0,130000.0,0.0,0.0,0.0,380000.0
551438775,nakaseke,11,1200000.0,0.0,0.0,0.0,0.0,0.0,0.0,0.0,1200000.0
552805506,nakaseke,11,9700000.0,0.0,0.0,0.0,0.0,0.0,0.0,0.0,9700000.0
582449815,nakaseke,11,500000.0,200000.0,0.0,0.0,60000.0,499999.9999999997,0.0,0.0,1259999.9999999998
583383783,nakaseke,11,500000.0,200000.0,0.0,0.0,300000.0,0.0,0.0,0.0,1000000.0
583384470,nakaseke,11,500000.0,250000.0,0.0,149999.99999999994,200000.0,0.0,0.0,0.0,1100000.0
585919910,nakaseke,11,2000000.0,500000.0,299999.9999999999,500000.0,600000.0,0.0,0.0,0.0,3900000.0
585937638,nakaseke,11,600000.0,250000.0,50000.00000000001,60000.0,260000.0,0.0,0.0,0.0,1220000.0
592179023,nakaseke,11,1000000.0,200000.0,0.0,100000.0,0.0,0.0,0.0,0.0,1300000.0
551439238,nakaseke,11,1500000.0,0.0,0.0,0.0,0.0,0.0,0.0,0.0,1500000.0
555070994,nakaseke,11,600000.0,250000.0,0.0,100000.0,60000.0,0.0,0.0,0.0,1010000.0
555112218,nakaseke,11,1050000.0,0.0,0.0,0.0,0.0,0.0,0.0,0.0,1050000.0
555148547,nakaseke,11,400000.0,250000.0,0.0,90000.0,400000.0,0.0,0.0,0.0,1140000.0
584458624,nakaseke,11,600000.0,250000.0,400000.0,100000.0,0.0,0.0,0.0,0.0,1350000.0
585290674,nakaseke,11,500000.0,250000.0,0.0,100000.0,900000.0,0.0,0.0,0.0,1750000.0
585290890,nakaseke,11,700000.0,300000.0,50000.0,120000.0,350000.0,0.0,0.0,0.0,1520000.0
585309665,nakaseke,11,500000.0,0.0,0.0,0.0,200000.0,0.0,0.0,0.0,700000.0
585924133,nakaseke,11,600000.0,200000.0,0.0,150000.0,300000.0,0.0,0.0,0.0,1250000.0
585929887,nakaseke,11,500000.0,0.0,0.0,0.0,0.0,0.0,0.0,0.0,500000.0
613834815,nakaseke,11,2100000.0,0.0,0.0,0.0,0.0,0.0,0.0,8999999.999999985,11099999.999999985
613836978,nakaseke,11,700000.0,0.0,0.0,0.0,0.0,0.0,0.0,0.0,700000.0
617656696,mukono,11,1099999.9999999998,0.0,199999.99999999997,0.0,0.0,999999.9999999997,0.0,0.0,2299999.9999999995
633860938,mukono,11,3000000.0,1000000.0,0.0,0.0,5000000.0,0.0,0.0,0.0,9000000.0
616677841,mukono,12,70000.0,0.0,6000000.0,0.0,0.0,0.0,0.0,0.0,6070000.0
551440657,nakaseke,12,280000.0,0.0,0.0,0.0,0.0,0.0,0.0,0.0,280000.0
592191523,nakaseke,12,312000.0,0.0,0.0,0.0,500000.0,0.0,0.0,0.0,812000.0
552803559,nakaseke,12,3440000.0,499999.9999999997,0.0,0.0,1799999.9999999984,0.0,0.0,0.0,5739999.999999998
613177526,nakaseke,12,50000000.0,0.0,0.0,0.0,0.0,0.0,0.0,0.0,50000000.0
613831899,nakaseke,12,203000.0,0.0,0.0,0.0,0.0,0.0,0.0,0.0,203000.0
614880484,mukono,12,120000.0,0.0,0.0,0.0,0.0,0.0,0.0,0.0,120000.0
550714067,nakaseke,12,800000.0,0.0,0.0,0.0,200000.00000000006,0.0,0.0,0.0,1000000.0
550714208,nakaseke,12,1000000.0,0.0,0.0,0.0,149999.99999999994,0.0,0.0,0.0,1150000.0
556045414,nakaseke,12,1000000.0,0.0,0.0,0.0,500000.0,0.0,0.0,0.0,1500000.0
556046788,nakaseke,12,800000.0,0.0,0.0,300000.0,0.0,0.0,0.0,0.0,1100000.0
557695958,nakaseke,12,1000000.0,500000.0,0.0,0.0,200000.0,0.0,0.0,0.0,1700000.0
560461977,nakaseke,12,3000000.0,500000.0,0.0,0.0,0.0,0.0,0.0,0.0,3500000.0
592361767,nakaseke,12,5000000.0,0.0,0.0,0.0,250000.0,0.0,0.0,0.0,5250000.0
592363240,nakaseke,12,3000000.0,200000.0,0.0,0.0,500000.0,0.0,0.0,0.0,3700000.0
616701192,mukono,12,520000.0,0.0,0.0,0.0,0.0,0.0,0.0,0.0,520000.0
624293019,mukono,12,900000.0,500000.0,200000.0,300000.0,300000.0,0.0,0.0,0.0,2200000.0
550715350,nakaseke,12,800000.0,0.0,0.0,0.0,0.0,0.0,0.0,0.0,800000.0
552803832,nakaseke,12,2300000.0,0.0,0.0,0.0,74999.99999999996,0.0,0.0,0.0,2375000.0
553311655,nakaseke,12,950000.0,0.0,0.0,0.0,0.0,0.0,0.0,0.0,950000.0
554396495,nakaseke,12,900000.0,0.0,0.0,0.0,0.0,0.0,0.0,0.0,900000.0
555218845,nakaseke,12,4500000.0,0.0,0.0,400000.0,0.0,0.0,0.0,0.0,4900000.0
556047384,nakaseke,12,1500000.0,0.0,0.0,300000.0,0.0,500000.0,0.0,0.0,2300000.0
557713875,nakaseke,12,700000.0,0.0,0.0,0.0,0.0,0.0,0.0,0.0,700000.0
558376731,nakaseke,12,800000.0,0.0,0.0,0.0,0.0,0.0,0.0,0.0,800000.0
558377788,nakaseke,12,1250000.0,0.0,0.0,350000.0,40000.0,0.0,0.0,0.0,1640000.0
558378029,nakaseke,12,1000000.0,0.0,0.0,0.0,250000.0,0.0,0.0,0.0,1250000.0
559605691,nakaseke,12,4000000.0,300000.0,0.0,0.0,250000.0,0.0,0.0,0.0,4550000.0
560460598,nakaseke,12,4000000.0,0.0,0.0,0.0,0.0,0.0,0.0,0.0,4000000.0
560460842,nakaseke,12,2000000.0,0.0,0.0,0.0,400000.0,0.0,0.0,0.0,2400000.0
561199081,nakaseke,12,2500000.0,400000.0,0.0,0.0,200000.0,0.0,0.0,0.0,3100000.0
561203340,nakaseke,12,2500000.0,0.0,0.0,0.0,0.0,0.0,0.0,0.0,2500000.0
561250862,nakaseke,12,399600.0,0.0,0.0,300000.0,0.0,0.0,0.0,0.0,699600.0
582704845,nakaseke,12,7000000.0,400000.0,0.0,0.0,0.0,0.0,0.0,0.0,7400000.0
585217011,nakaseke,12,8000000.0,0.0,200000.0,0.0,0.0,0.0,0.0,0.0,8200000.0
588626659,nakaseke,12,156000.0,500000.0,300000.0,0.0,0.0,0.0,0.0,0.0,956000.0
588783193,nakaseke,12,7000000.0,0.0,0.0,0.0,0.0,0.0,0.0,0.0,7000000.0
613810847,nakaseke,12,360000.0,0.0,0.0,0.0,0.0,0.0,0.0,0.0,360000.0
614880582,mukono,12,400000.0,0.0,0.0,0.0,0.0,0.0,0.0,0.0,400000.0
616579050,mukono,12,500000.0,0.0,0.0,0.0,0.0,0.0,0.0,90000.0,590000.0
616701381,mukono,12,400000.0,0.0,0.0,0.0,0.0,0.0,0.0,180000.0,580000.0
623704503,mukono,12,300000.0,0.0,0.0,100000.0,0.0,0.0,0.0,100000.0,500000.0
550714829,nakaseke,12,600000.0,0.0,0.0,0.0,0.0,0.0,0.0,0.0,600000.0
551432268,nakaseke,12,650000.0,0.0,0.0,0.0,0.0,0.0,0.0,0.0,650000.0
551438359,nakaseke,12,3800000.0,0.0,0.0,0.0,0.0,0.0,0.0,0.0,3800000.0
551438847,nakaseke,12,750000.0,0.0,0.0,0.0,69999.99999999994,0.0,0.0,0.0,820000.0
552834713,nakaseke,12,2500000.0,299999.99999999977,299999.99999999977,0.0,0.0,0.0,0.0,0.0,3100000.0
553313606,nakaseke,12,1100000.0,0.0,0.0,0.0,249999.99999999983,0.0,0.0,0.0,1349999.9999999998
553314110,nakaseke,12,6500000.0,0.0,0.0,0.0,100000.00000000001,0.0,0.0,0.0,6600000.0
553314852,nakaseke,12,6380000.0,0.0,0.0,0.0,69999.99999999994,0.0,0.0,0.0,6450000.0
554382238,nakaseke,12,5500000.0,0.0,149999.99999999994,0.0,10000000.000000006,0.0,0.0,0.0,15650000.000000006
554383042,nakaseke,12,5500000.0,0.0,0.0,0.0,200000.00000000006,0.0,0.0,0.0,5700000.0
554388188,nakaseke,12,7500000.0,0.0,299999.9999999999,0.0,1199999.9999999998,0.0,0.0,0.0,9000000.0
555219221,nakaseke,12,4000000.0,0.0,0.0,0.0,1000000.0,0.0,6000000.0,0.0,11000000.0
555219441,nakaseke,12,8000000.0,0.0,0.0,0.0,1000000.0,0.0,0.0,0.0,9000000.0
555219813,nakaseke,12,800000.0,0.0,0.0,0.0,150000.0,0.0,0.0,0.0,950000.0
556046148,nakaseke,12,500000.0,0.0,0.0,200000.0,150000.0,0.0,0.0,0.0,850000.0
557695618,nakaseke,12,800000.0,0.0,0.0,0.0,300000.0,0.0,0.0,0.0,1100000.0
557695779,nakaseke,12,5000000.0,0.0,200000.0,0.0,0.0,0.0,0.0,0.0,5200000.0
557696080,nakaseke,12,2000000.0,800000.0,0.0,250000.0,0.0,0.0,0.0,0.0,3050000.0
559607285,nakaseke,12,1000000.0,0.0,150000.0,300000.0,0.0,0.0,0.0,0.0,1450000.0
559607680,nakaseke,12,3500000.0,0.0,0.0,350000.0,0.0,0.0,0.0,0.0,3850000.0
559615651,nakaseke,12,2000000.0,0.0,0.0,0.0,0.0,0.0,0.0,0.0,2000000.0
560459965,nakaseke,12,3000000.0,0.0,0.0,0.0,0.0,0.0,1500000.0,0.0,4500000.0
561202301,nakaseke,12,3500000.0,0.0,150000.0,0.0,0.0,0.0,0.0,0.0,3650000.0
567488224,nakaseke,12,3000000.0,0.0,0.0,0.0,300000.0,0.0,0.0,0.0,3300000.0
581728335,nakaseke,12,6000000.0,400000.0,0.0,0.0,0.0,0.0,0.0,0.0,6400000.0
581800534,nakaseke,12,5000000.0,0.0,0.0,0.0,400000.0,0.0,0.0,0.0,5400000.0
581801301,nakaseke,12,4000000.0,0.0,0.0,0.0,0.0,0.0,0.0,0.0,4000000.0
582682579,nakaseke,12,3000000.0,0.0,0.0,0.0,400000.0,0.0,0.0,0.0,3400000.0
582684638,nakaseke,12,2000000.0,0.0,0.0,0.0,0.0,0.0,0.0,0.0,2000000.0
583582238,nakaseke,12,15000000.0,500000.0,0.0,0.0,0.0,0.0,0.0,0.0,15500000.0
584447265,nakaseke,12,8000000.0,0.0,0.0,0.0,500000.0,0.0,0.0,0.0,8500000.0
585215638,nakaseke,12,15000000.0,0.0,0.0,0.0,0.0,0.0,0.0,0.0,15000000.0
585216305,nakaseke,12,3000000.0,0.0,0.0,0.0,0.0,0.0,0.0,0.0,3000000.0
587012670,nakaseke,12,15000000.0,0.0,0.0,0.0,0.0,0.0,0.0,0.0,15000000.0
587012983,nakaseke,12,8000000.0,0.0,0.0,0.0,200000.0,0.0,0.0,0.0,8200000.0
587013280,nakaseke,12,25000000.0,0.0,0.0,0.0,0.0,2000000.0,0.0,0.0,27000000.0
588781706,nakaseke,12,14000000.0,300000.0,0.0,0.0,0.0,0.0,0.0,0.0,14300000.0
589705500,nakaseke,12,5000000.0,0.0,0.0,0.0,400000.0,0.0,0.0,0.0,5400000.0
589705733,nakaseke,12,12000000.0,450000.0,0.0,0.0,0.0,0.0,0.0,0.0,12450000.0
592193539,nakaseke,12,7998000.0,0.0,0.0,0.0,0.0,0.0,0.0,0.0,7998000.0
593223241,nakaseke,12,3000000.0,3000000.0,0.0,0.0,5000000.0,0.0,0.0,0.0,11000000.0
593223559,nakaseke,12,5000000.0,450000.0,0.0,0.0,0.0,0.0,0.0,0.0,5450000.0
613174996,nakaseke,12,3500000.0,0.0,0.0,0.0,300000.0,0.0,0.0,0.0,3800000.0
613177861,nakaseke,12,2000000.0,0.0,0.0,0.0,500000.0,0.0,0.0,0.0,2500000.0
613177864,nakaseke,12,5000000.0,0.0,0.0,0.0,0.0,0.0,0.0,0.0,5000000.0
613178463,nakaseke,12,8000000.0,0.0,0.0,0.0,0.0,5000000.0,0.0,0.0,13000000.0
613178868,nakaseke,12,500000.0,0.0,0.0,0.0,300000.0,0.0,0.0,0.0,800000.0
613180603,nakaseke,12,2000000.0,0.0,0.0,0.0,0.0,0.0,0.0,0.0,2000000.0
613822490,nakaseke,12,180000.0,150000.0,250000.0,0.0,0.0,0.0,0.0,0.0,580000.0
613825443,nakaseke,12,754000.0,250000.0,0.0,100000.0,0.0,0.0,0.0,0.0,1104000.0
618055484,mukono,12,750000.0,0.0,0.0,0.0,0.0,0.0,0.0,500000.0,1250000.0
619558400,mukono,12,350000.0,0.0,0.0,200000.0,100000.0,0.0,0.0,0.0,650000.0
621499875,mukono,12,800000.0,0.0,3600000.0,0.0,0.0,0.0,0.0,0.0,4400000.0
623176650,mukono,12,500000.0,0.0,12000000.0,1000000.0,0.0,0.0,0.0,0.0,13500000.0
623183149,mukono,12,288000.0,0.0,0.0,0.0,0.0,1000000.0,0.0,5000000.0,6288000.0
623185581,mukono,12,500000.0,0.0,0.0,1000000.0,0.0,2400000.0,0.0,0.0,3900000.0
633165095,mukono,12,500000.0,0.0,0.0,3000000.0,20000000.0,0.0,0.0,0.0,23500000.0
633861862,mukono,12,2000000.0,0.0,1000000.0,20000000.0,0.0,0.0,0.0,0.0,23000000.0
634022320,mukono,12,300000.0,0.0,0.0,300000.0,0.0,0.0,0.0,0.0,600000.0
634322498,mukono,12,120000.0,0.0,0.0,0.0,0.0,0.0,0.0,0.0,120000.0
634928993,mukono,12,60000.0,0.0,0.0,0.0,0.0,0.0,0.0,0.0,60000.0
634952733,mukono,12,1400000.0,0.0,0.0,0.0,500000.0,10000000.0,0.0,0.0,11900000.0
634953204,mukono,12,1200000.0,720000.0,0.0,0.0,500000.0,0.0,0.0,0.0,2420000.0
635102101,mukono,12,500000.0,0.0,0.0,0.0,0.0,20000000.0,12000000.0,0.0,32500000.0
635102513,mukono,12,800000.0,0.0,0.0,10000000.0,1000000.0,0.0,0.0,0.0,11800000.0
644159914,mukono,12,15000000.0,0.0,0.0,0.0,2800000.0,0.0,0.0,0.0,17800000.0
644420047,mukono,12,800000.0,0.0,0.0,0.0,0.0,2000000.0,0.0,0.0,2800000.0
551439754,nakaseke,12,4000000.0,0.0,0.0,0.0,0.0,0.0,0.0,0.0,4000000.0
552968706,nakaseke,12,8000000.0,0.0,0.0,0.0,5000000.000000003,0.0,0.0,0.0,13000000.000000004
552969446,nakaseke,12,2500000.0,0.0,0.0,0.0,350000.0000000001,0.0,0.0,0.0,2850000.0
552970239,nakaseke,12,3500000.0,20000.000000000015,0.0,0.0,0.0,0.0,0.0,0.0,3520000.0
554387935,nakaseke,12,5500000.0,0.0,0.0,0.0,74999.99999999996,0.0,0.0,0.0,5575000.0
558377096,nakaseke,12,2500000.0,500000.0,0.0,0.0,0.0,1000000.0,0.0,0.0,4000000.0
559607458,nakaseke,12,4000000.0,500000.0,0.0,0.0,200000.0,0.0,0.0,0.0,4700000.0
567493335,nakaseke,12,2000000.0,0.0,0.0,400000.0,800000.0,0.0,0.0,0.0,3200000.0
581802079,nakaseke,12,7000000.0,0.0,150000.0,0.0,300000.0,0.0,0.0,0.0,7450000.0
582619340,nakaseke,12,2000000.0,0.0,0.0,0.0,0.0,0.0,0.0,0.0,2000000.0
583580839,nakaseke,12,25000000.0,0.0,0.0,0.0,0.0,10000000.0,0.0,0.0,35000000.0
584444811,nakaseke,12,4000000.0,0.0,0.0,300000.0,0.0,0.0,0.0,0.0,4300000.0
585215286,nakaseke,12,6500000.0,500000.0,0.0,500000.0,0.0,0.0,0.0,0.0,7500000.0
587013182,nakaseke,12,6000000.0,0.0,150000.0,0.0,450000.0,0.0,0.0,0.0,6600000.0
588782700,nakaseke,12,12000000.0,0.0,0.0,500000.0,0.0,0.0,0.0,0.0,12500000.0
589705993,nakaseke,12,10000000.0,0.0,0.0,0.0,0.0,0.0,0.0,0.0,10000000.0
613178458,nakaseke,12,30000000.0,500000.0,0.0,0.0,0.0,0.0,0.0,0.0,30500000.0
613178880,nakaseke,12,3000000.0,800000.0,300000.0,0.0,0.0,0.0,0.0,0.0,4100000.0
613179574,nakaseke,12,4000000.0,0.0,0.0,0.0,400000.0,0.0,0.0,0.0,4400000.0
615825416,mukono,12,50000.0,0.0,0.0,0.0,0.0,0.0,0.0,0.0,50000.0
619544793,mukono,12,1000000.0,0.0,0.0,0.0,0.0,1000000.0,0.0,0.0,2000000.0
623479229,mukono,12,120000.0,0.0,0.0,0.0,0.0,0.0,0.0,0.0,120000.0
633706398,mukono,12,600000.0,0.0,0.0,0.0,0.0,0.0,0.0,0.0,600000.0
633706854,mukono,12,150000.0,0.0,0.0,0.0,80000.0,0.0,0.0,0.0,230000.0
553314312,nakaseke,12,11000000.0,0.0,0.0,0.0,499999.9999999997,0.0,0.0,0.0,11500000.0
555219512,nakaseke,12,1200000.0,2000000.0,0.0,0.0,0.0,0.0,0.0,0.0,3200000.0
561200684,nakaseke,12,4000000.0,0.0,0.0,200000.0,0.0,0.0,0.0,0.0,4200000.0
583583184,nakaseke,12,20000000.0,0.0,0.0,0.0,500000.0,0.0,0.0,0.0,20500000.0
584444125,nakaseke,12,8000000.0,0.0,0.0,0.0,0.0,1000000.0,0.0,0.0,9000000.0
584446459,nakaseke,12,4000000.0,0.0,200000.0,0.0,0.0,0.0,0.0,0.0,4200000.0
586786507,nakaseke,12,551800.0,160000.0,0.0,0.0,0.0,0.0,0.0,0.0,711800.0
586805028,nakaseke,12,384400.0,180000.0,0.0,0.0,100800.0,0.0,0.0,0.0,665200.0
588783732,nakaseke,12,8000000.0,0.0,0.0,300000.0,0.0,0.0,0.0,0.0,8300000.0
589705256,nakaseke,12,10000000.0,0.0,0.0,0.0,0.0,8000000.0,0.0,0.0,18000000.0
592362627,nakaseke,12,4000000.0,500000.0,0.0,0.0,0.0,0.0,0.0,0.0,4500000.0
592363516,nakaseke,12,9900000.0,0.0,0.0,0.0,0.0,0.0,0.0,0.0,9900000.0
615755561,mukono,12,24000000.0,2000000.0,0.0,0.0,1000000.0,5000000.0,0.0,0.0,32000000.0
616699698,mukono,12,600000.0,0.0,0.0,0.0,0.0,0.0,0.0,0.0,600000.0
618056804,mukono,12,1400000.0,0.0,0.0,200000.0,50000.0,0.0,0.0,0.0,1650000.0
623479343,mukono,12,150000.0,0.0,0.0,0.0,70000.0,0.0,0.0,0.0,220000.0
631647706,mukono,12,230000.0,0.0,0.0,0.0,0.0,0.0,0.0,0.0,230000.0
632871446,mukono,12,800000.0,0.0,0.0,0.0,0.0,0.0,0.0,0.0,800000.0
644420087,mukono,12,600000.0,0.0,0.0,1500000.0,0.0,0.0,0.0,0.0,2100000.0
583581711,nakaseke,12,8000000.0,0.0,200000.0,0.0,0.0,0.0,0.0,0.0,8200000.0
592192218,nakaseke,12,2400000.0,0.0,0.0,0.0,250000.0,0.0,0.0,0.0,2650000.0
614880682,mukono,12,1400000.0,0.0,0.0,0.0,0.0,0.0,0.0,0.0,1400000.0
618739011,mukono,12,6400000.0,0.0,0.0,0.0,0.0,0.0,0.0,0.0,6400000.0
618739107,mukono,12,1800000.0,0.0,0.0,0.0,0.0,0.0,0.0,0.0,1800000.0
622484850,mukono,12,600000.0,0.0,0.0,0.0,0.0,0.0,0.0,0.0,600000.0
623479274,mukono,12,150000.0,0.0,0.0,0.0,0.0,0.0,0.0,0.0,150000.0
623981062,mukono,12,400000.0,0.0,0.0,0.0,180000.0,0.0,0.0,0.0,580000.0
634929144,mukono,12,40000.0,0.0,0.0,0.0,75000.0,0.0,0.0,0.0,115000.0
635625391,mukono,12,120000.0,0.0,0.0,0.0,0.0,0.0,0.0,0.0,120000.0
635625490,mukono,12,80000.0,0.0,0.0,0.0,0.0,0.0,0.0,0.0,80000.0
556031317,nakaseke,12,450000.0,0.0,0.0,0.0,0.0,0.0,0.0,0.0,450000.0
556037719,nakaseke,12,400000.0,0.0,0.0,0.0,0.0,0.0,0.0,0.0,400000.0
560449324,nakaseke,12,2666000.0,0.0,0.0,0.0,1425600.0,0.0,0.0,0.0,4091600.0
586026956,nakaseke,12,354000.0,0.0,300000.0,0.0,0.0,0.0,0.0,0.0,654000.0
616680304,mukono,12,400000.0,0.0,800000.0,0.0,0.0,3600000.0,0.0,0.0,4800000.0
616700114,mukono,12,360000.0,0.0,0.0,0.0,0.0,0.0,0.0,0.0,360000.0
623980936,mukono,12,180000.0,0.0,0.0,0.0,0.0,0.0,0.0,0.0,180000.0
632872132,mukono,12,590000.0,0.0,0.0,0.0,0.0,0.0,0.0,0.0,590000.0
550732883,nakaseke,12,2800000.0,0.0,0.0,0.0,0.0,0.0,0.0,0.0,2800000.0
582502735,nakaseke,12,450000.0,0.0,0.0,0.0,0.0,0.0,0.0,0.0,450000.0
586030936,nakaseke,12,195000.0,0.0,150000.0,0.0,0.0,0.0,0.0,0.0,345000.0
614807290,mukono,12,900000.0,0.0,0.0,0.0,0.0,0.0,0.0,600000.0,1500000.0
614850521,mukono,12,200000.0,0.0,150000.0,0.0,300000.0,0.0,0.0,0.0,650000.0
614880379,mukono,12,2600000.0,0.0,0.0,20000.0,1199999.9999999998,0.0,0.0,0.0,3820000.0
615759274,mukono,12,1000000.0,0.0,0.0,0.0,0.0,0.0,500000.0,0.0,1500000.0
615825361,mukono,12,2600000.0,0.0,0.0,0.0,0.0,0.0,0.0,0.0,2600000.0
616578776,mukono,12,1200000.0,300000.0,200000.0,0.0,0.0,1500000.0,0.0,0.0,3200000.0
616579437,mukono,12,1500000.0,0.0,0.0,500000.0,0.0,0.0,0.0,0.0,2000000.0
616580090,mukono,12,300000.0,100000.0,100000.0,100000.0,300000.0,0.0,0.0,0.0,900000.0
616699119,mukono,12,90000.0,0.0,0.0,0.0,0.0,0.0,0.0,0.0,90000.0
617648886,mukono,12,320000.0,0.0,0.0,0.0,0.0,0.0,0.0,0.0,320000.0
618056277,mukono,12,900000.0,0.0,0.0,100000.0,0.0,0.0,0.0,0.0,1000000.0
618502771,mukono,12,500000.0,0.0,200000.0,0.0,0.0,0.0,0.0,0.0,700000.0
618503624,mukono,12,1100000.0,0.0,0.0,1000000.0,0.0,0.0,0.0,0.0,2100000.0
619549456,mukono,12,1600000.0,0.0,0.0,0.0,0.0,1200000.0,0.0,1400000.0,4200000.0
619551006,mukono,12,480000.0,0.0,0.0,500000.0,0.0,0.0,0.0,0.0,980000.0
619552154,mukono,12,1200000.0,0.0,0.0,0.0,1000000.0,0.0,0.0,0.0,2200000.0
619559855,mukono,12,1800000.0,0.0,0.0,0.0,2000000.0,1350000.0,0.0,0.0,5150000.0
622292961,mukono,12,500000.0,0.0,0.0,400000.0,0.0,0.0,0.0,0.0,900000.0
623188000,mukono,12,600000.0,0.0,0.0,0.0,15000000.0,6000000.0,0.0,0.0,21600000.0
623704256,mukono,12,3500000.0,0.0,0.0,600000.0,500000.0,0.0,0.0,0.0,4600000.0
624717557,mukono,12,400000.0,0.0,2000000.0,0.0,0.0,0.0,0.0,0.0,2400000.0
628775538,mukono,12,1000000.0,0.0,0.0,1000000.0,0.0,0.0,0.0,0.0,2000000.0
632457381,mukono,12,1200000.0,0.0,0.0,600000.0,300000.0,0.0,0.0,0.0,2100000.0
632479613,mukono,12,800000.0,100000.0,0.0,200000.0,100000.0,0.0,0.0,0.0,1200000.0
632526756,mukono,12,17500000.0,0.0,0.0,2000000.0,0.0,0.0,0.0,0.0,19500000.0
632870245,mukono,12,120000.0,0.0,0.0,0.0,15000.0,0.0,0.0,0.0,135000.0
633860192,mukono,12,15000000.0,0.0,0.0,1000000.0,600000.0,0.0,0.0,0.0,16600000.0
633861646,mukono,12,3000000.0,0.0,0.0,0.0,2800000.0,0.0,0.0,0.0,5800000.0
634322667,mukono,12,160000.0,0.0,0.0,0.0,0.0,0.0,0.0,0.0,160000.0
634322758,mukono,12,800000.0,0.0,0.0,0.0,0.0,0.0,0.0,0.0,800000.0
635625535,mukono,12,900000.0,0.0,0.0,0.0,40000.0,0.0,0.0,0.0,940000.0
635860119,mukono,12,1200000.0,200000.0,0.0,300000.0,300000.0,0.0,0.0,0.0,2000000.0
636602799,mukono,12,1500000.0,200000.0,0.0,0.0,200000.0,0.0,0.0,0.0,1900000.0
558422222,nakaseke,12,1180000.0,240000.0,0.0,0.0,0.0,0.0,0.0,0.0,1420000.0
559666954,nakaseke,12,494000.0,0.0,0.0,0.0,0.0,0.0,0.0,0.0,494000.0
560448617,nakaseke,12,560000.0,0.0,0.0,0.0,0.0,0.0,0.0,0.0,560000.0
583505993,nakaseke,12,450000.0,0.0,180000.0,0.0,0.0,0.0,0.0,0.0,630000.0
584452976,nakaseke,12,286000.0,1500000.0,250000.0,0.0,0.0,0.0,0.0,0.0,2036000.0
586809899,nakaseke,12,298900.0,250000.0,150000.0,0.0,0.0,0.0,0.0,0.0,698900.0
618738329,mukono,12,1200000.0,0.0,0.0,0.0,0.0,0.0,0.0,0.0,1200000.0
623981362,mukono,12,800000.0,0.0,0.0,0.0,0.0,0.0,0.0,0.0,800000.0
633706233,mukono,12,180000.0,0.0,0.0,0.0,0.0,0.0,0.0,0.0,180000.0
555219650,nakaseke,12,700000.0,0.0,0.0,0.0,0.0,0.0,0.0,0.0,700000.0
581666974,nakaseke,12,663600.0,0.0,0.0,250000.0,162000.0,0.0,0.0,0.0,1075600.0
589566940,nakaseke,12,420000.0,0.0,0.0,0.0,0.0,0.0,0.0,0.0,420000.0
615760019,mukono,12,600000.0,300000.0,0.0,0.0,0.0,0.0,0.0,0.0,900000.0
615825276,mukono,12,1200000.0,0.0,0.0,0.0,0.0,0.0,0.0,0.0,1200000.0
616698945,mukono,12,6000000.0,0.0,0.0,0.0,1500000.0,0.0,0.0,0.0,7500000.0
616699320,mukono,12,1800000.0,0.0,0.0,0.0,0.0,0.0,0.0,0.0,1800000.0
619769782,mukono,12,1800000.0,0.0,0.0,0.0,0.0,0.0,0.0,0.0,1800000.0
621639263,mukono,12,100000.0,0.0,0.0,0.0,0.0,0.0,0.0,0.0,100000.0
622484708,mukono,12,1600000.0,0.0,0.0,0.0,0.0,0.0,0.0,0.0,1600000.0
623981163,mukono,12,1800000.0,0.0,0.0,0.0,2200000.0,0.0,0.0,0.0,4000000.0
550732746,nakaseke,12,1200000.0,0.0,0.0,0.0,150000.00000000006,0.0,0.0,0.0,1350000.0
615825485,mukono,12,2400000.0,0.0,0.0,0.0,0.0,0.0,0.0,0.0,2400000.0
551438282,nakaseke,12,1250000.0,0.0,0.0,0.0,0.0,0.0,0.0,0.0,1250000.0
585181910,nakaseke,12,468000.0,230000.0,0.0,250000.0,0.0,0.0,0.0,0.0,948000.0
553313598,nakaseke,12,14010000.0,0.0,0.0,0.0,6000000.000000005,0.0,0.0,0.0,20010000.000000004
555219886,nakaseke,12,1900000.0,420000.0,0.0,0.0,0.0,0.0,0.0,0.0,2320000.0
561236657,nakaseke,12,1296000.0,0.0,0.0,500000.0,221000.0,0.0,0.0,0.0,2017000.0
583502844,nakaseke,12,510000.0,0.0,0.0,0.0,0.0,0.0,0.0,0.0,510000.0
584472197,nakaseke,12,702000.0,0.0,300000.0,0.0,466200.0,0.0,0.0,0.0,1468200.0
588619360,nakaseke,12,492000.0,0.0,0.0,0.0,0.0,0.0,0.0,0.0,492000.0
613814407,nakaseke,12,2560000.0,0.0,0.0,0.0,0.0,0.0,0.0,0.0,2560000.0
614850687,mukono,12,200000.0,0.0,0.0,200000.0,0.0,0.0,0.0,0.0,400000.0
615773237,mukono,12,700000.0,0.0,300000.0,200000.0,120000.0,200000.0,0.0,0.0,1520000.0
616679140,mukono,12,3000000.0,1000000.0,0.0,0.0,6000000.0,10000000.0,0.0,0.0,20000000.0
618056509,mukono,12,3000000.0,0.0,0.0,100000.0,0.0,0.0,0.0,0.0,3100000.0
618502947,mukono,12,1000000.0,0.0,0.0,300000.0,200000.0,0.0,0.0,0.0,1500000.0
618503261,mukono,12,900000.0,0.0,0.0,0.0,0.0,0.0,0.0,1000000.0,1900000.0
618738549,mukono,12,900000.0,0.0,0.0,0.0,0.0,0.0,0.0,0.0,900000.0
619307564,mukono,12,1300000.0,0.0,0.0,200000.0,500000.0,0.0,0.0,0.0,2000000.0
619543012,mukono,12,400000.0,360000.0,0.0,0.0,0.0,5100000.0,0.0,0.0,5860000.0
620136574,mukono,12,900000.0,300000.0,200000.0,0.0,300000.0,0.0,0.0,0.0,1700000.0
620155076,mukono,12,500000.0,500000.0,0.0,0.0,300000.0,0.0,0.0,0.0,1300000.0
621076849,mukono,12,1500000.0,0.0,0.0,0.0,2000000.0,0.0,0.0,2000000.0,5500000.0
622287746,mukono,12,700000.0,0.0,0.0,100000.0,70000.0,0.0,0.0,0.0,870000.0
622484987,mukono,12,2400000.0,0.0,0.0,0.0,0.0,0.0,0.0,0.0,2400000.0
631647870,mukono,12,1800000.0,0.0,0.0,0.0,0.0,0.0,0.0,0.0,1800000.0
632483673,mukono,12,2000000.0,200000.0,0.0,300000.0,300000.0,0.0,0.0,0.0,2800000.0
632532023,mukono,12,4800000.0,0.0,0.0,0.0,1000000.0,0.0,0.0,0.0,5800000.0
633706958,mukono,12,320000.0,0.0,0.0,0.0,150000.0,0.0,0.0,0.0,470000.0
634023370,mukono,12,2000000.0,0.0,0.0,200000.0,0.0,0.0,0.0,100000.0,2300000.0
634718078,mukono,12,3000000.0,300000.0,0.0,0.0,300000.0,0.0,0.0,100000.0,3700000.0
634718387,mukono,12,1000000.0,100000.0,100000.0,100000.0,200000.0,0.0,0.0,0.0,1500000.0
635238203,mukono,12,700000.0,100000.0,300000.0,0.0,100000.0,0.0,0.0,0.0,1200000.0
635859907,mukono,12,1800000.0,200000.0,0.0,300000.0,30000.0,0.0,0.0,0.0,2330000.0
636603192,mukono,12,7000000.0,0.0,0.0,0.0,500000.0,2000000.0,0.0,0.0,9500000.0
551433371,nakaseke,12,930000.0,200000.00000000006,0.0,0.0,0.0,0.0,0.0,0.0,1130000.0
581719428,nakaseke,12,554400.0,0.0,0.0,0.0,0.0,0.0,0.0,0.0,554400.0
584453809,nakaseke,12,1008000.0,0.0,0.0,300000.0,0.0,0.0,0.0,0.0,1308000.0
588629366,nakaseke,12,552000.0,350000.0,0.0,0.0,0.0,0.0,0.0,0.0,902000.0
593198085,nakaseke,12,456000.0,0.0,0.0,0.0,0.0,0.0,0.0,0.0,456000.0
614850630,mukono,12,500000.0,0.0,100000.0,0.0,100000.0,0.0,0.0,0.0,700000.0
558415060,nakaseke,12,694400.0,0.0,0.0,250000.0,0.0,0.0,0.0,0.0,944400.0
561237697,nakaseke,12,499200.0,450000.0,0.0,0.0,500000.0,0.0,0.0,0.0,1449200.0
582502398,nakaseke,12,480000.0,0.0,0.0,0.0,225000.0,0.0,0.0,0.0,705000.0
586028388,nakaseke,12,617400.0,0.0,300000.0,0.0,200000.0,0.0,0.0,0.0,1117400.0
613819661,nakaseke,12,336000.0,0.0,0.0,0.0,0.0,0.0,0.0,0.0,336000.0
619770045,mukono,12,900000.0,0.0,0.0,0.0,0.0,0.0,0.0,0.0,900000.0
553313800,nakaseke,12,14000000.0,0.0,0.0,0.0,240000.00000000015,0.0,0.0,0.0,14240000.0
560449000,nakaseke,12,680400.0,0.0,0.0,0.0,150000.0,0.0,0.0,0.0,830400.0
560449862,nakaseke,12,610000.0,0.0,0.0,300000.0,0.0,0.0,0.0,0.0,910000.0
583505325,nakaseke,12,1500000.0,0.0,0.0,0.0,0.0,0.0,0.0,0.0,1500000.0
613821415,nakaseke,12,2232000.0,0.0,0.0,0.0,0.0,0.0,0.0,0.0,2232000.0
561257600,nakaseke,12,325000.0,0.0,0.0,0.0,0.0,0.0,0.0,0.0,325000.0
585193571,nakaseke,12,545200.0,0.0,200000.0,0.0,640800.0,0.0,0.0,0.0,1386000.0
621639988,mukono,12,600000.0,0.0,0.0,0.0,1200000.0,0.0,0.0,0.0,1800000.0
550731204,nakaseke,12,600000.0,0.0,0.0,0.0,0.0,0.0,0.0,0.0,600000.0
550739292,nakaseke,12,500000.0,0.0,0.0,0.0,0.0,0.0,0.0,0.0,500000.0
550740686,nakaseke,12,1000000.0,0.0,0.0,0.0,0.0,0.0,0.0,0.0,1000000.0
551433006,nakaseke,12,1210000.0,499999.9999999997,0.0,0.0,0.0,0.0,0.0,0.0,1709999.9999999998
552803009,nakaseke,12,7950000.0,0.0,0.0,0.0,0.0,0.0,0.0,0.0,7950000.0
554395712,nakaseke,12,2360000.0,0.0,0.0,0.0,499999.9999999997,0.0,0.0,0.0,2859999.9999999995
554399870,,12,8800000.0,0.0,0.0,0.0,999999.9999999995,0.0,0.0,0.0,9800000.0
555219447,nakaseke,12,1050000.0,0.0,0.0,0.0,0.0,0.0,0.0,0.0,1050000.0
559669939,nakaseke,12,2697500.0,0.0,0.0,0.0,520000.0,0.0,0.0,0.0,3217500.0
581666409,nakaseke,12,680400.0,0.0,100000.0,0.0,180000.0,0.0,0.0,0.0,960400.0
585208171,nakaseke,12,975000.0,0.0,300000.0,0.0,0.0,0.0,0.0,0.0,1275000.0
613829595,nakaseke,12,1003400.0,0.0,0.0,0.0,0.0,0.0,0.0,0.0,1003400.0
614807717,mukono,12,800000.0,0.0,0.0,500000.0,0.0,0.0,0.0,0.0,1300000.0
615773415,mukono,12,900000.0,200000.0,0.0,300000.0,300000.0,500000.0,0.0,0.0,2200000.0
616587562,mukono,12,1500000.0,20000.0,0.0,0.0,200000.0,0.0,0.0,0.0,1720000.0
617648818,mukono,12,1200000.0,0.0,0.0,0.0,0.0,0.0,0.0,0.0,1200000.0
617656724,mukono,12,3200000.0,0.0,0.0,0.0,0.0,0.0,0.0,0.0,3200000.0
618738718,mukono,12,2400000.0,0.0,0.0,0.0,0.0,0.0,0.0,0.0,2400000.0
618740822,mukono,12,2400000.0,0.0,0.0,0.0,0.0,0.0,0.0,0.0,2400000.0
619306835,mukono,12,1200000.0,300000.0,0.0,200000.0,0.0,300000.0,0.0,0.0,2000000.0
619559199,mukono,12,6000000.0,0.0,0.0,0.0,12000000.0,0.0,0.0,0.0,18000000.0
619769613,mukono,12,4500000.0,0.0,0.0,0.0,0.0,0.0,0.0,0.0,4500000.0
620129760,mukono,12,3500000.0,500000.0,0.0,0.0,500000.0,0.0,0.0,0.0,4500000.0
620157158,mukono,12,2500000.0,0.0,0.0,2000000.0,1000000.0,300000.0,0.0,0.0,5800000.0
620418682,mukono,12,12000000.0,1800000.0,0.0,0.0,1000000.0,0.0,0.0,0.0,14800000.0
620699865,mukono,12,2400000.0,0.0,0.0,0.0,0.0,0.0,0.0,0.0,2400000.0
620699988,mukono,12,36000000.0,0.0,0.0,0.0,0.0,0.0,0.0,0.0,36000000.0
621075678,mukono,12,1200000.0,0.0,0.0,0.0,0.0,0.0,0.0,100000.0,1300000.0
621078199,mukono,12,1200000.0,0.0,0.0,0.0,500000.0,0.0,0.0,1000000.0,2700000.0
621497521,mukono,12,750000.0,0.0,0.0,500000.0,200000.0,0.0,0.0,0.0,1450000.0
622288485,mukono,12,2000000.0,2500000.0,0.0,0.0,1000000.0,500000.0,0.0,0.0,6000000.0
622289226,mukono,12,900000.0,200000.0,100000.0,0.0,500000.0,0.0,0.0,300000.0,2000000.0
622950844,mukono,12,2600000.0,400000.0,0.0,0.0,1500000.0,0.0,0.0,0.0,4500000.0
622950959,mukono,12,700000.0,100000.0,0.0,200000.0,0.0,0.0,0.0,0.0,1000000.0
622951178,mukono,12,2100000.0,0.0,0.0,0.0,2000000.0,0.0,0.0,0.0,4100000.0
623479319,mukono,12,400000.0,0.0,0.0,0.0,2800000.0,0.0,0.0,0.0,3200000.0
623704150,mukono,12,1000000.0,500000.0,0.0,500000.0,300000.0,0.0,0.0,0.0,2300000.0
623704380,mukono,12,300000.0,0.0,200000.0,0.0,200000.0,0.0,0.0,0.0,700000.0
624715344,mukono,12,200000.0,0.0,0.0,0.0,200000.0,0.0,0.0,1000000.0,1400000.0
631647480,mukono,12,3200000.0,0.0,0.0,0.0,700000.0,0.0,0.0,0.0,3900000.0
632449589,mukono,12,3000000.0,0.0,0.0,500000.0,0.0,0.0,0.0,0.0,3500000.0
632465838,mukono,12,2500000.0,200000.0,0.0,300000.0,300000.0,0.0,0.0,0.0,3300000.0
633165465,mukono,12,2000000.0,400000.0,0.0,500000.0,500000.0,0.0,0.0,0.0,3400000.0
633165662,mukono,12,2000000.0,300000.0,0.0,0.0,300000.0,200000.0,0.0,0.0,2800000.0
634022615,mukono,12,4000000.0,1000000.0,0.0,1000000.0,300000.0,0.0,0.0,0.0,6300000.0
634718321,mukono,12,1000000.0,0.0,0.0,0.0,300000.0,500000.0,0.0,0.0,1800000.0
634929270,mukono,12,80000.0,0.0,0.0,0.0,0.0,0.0,0.0,0.0,80000.0
635102819,mukono,12,1000000.0,0.0,500000.0,0.0,500000.0,0.0,0.0,0.0,2000000.0
635238371,mukono,12,2000000.0,1000000.0,0.0,500000.0,500000.0,0.0,0.0,0.0,4000000.0
635238449,mukono,12,2500000.0,100000.0,0.0,300000.0,300000.0,0.0,0.0,0.0,3200000.0
635238630,mukono,12,1500000.0,500000.0,0.0,300000.0,300000.0,0.0,0.0,0.0,2600000.0
635625333,mukono,12,400000.0,0.0,0.0,0.0,0.0,0.0,0.0,0.0,400000.0
635859825,mukono,12,1500000.0,0.0,0.0,500000.0,0.0,0.0,0.0,0.0,2000000.0
635860002,mukono,12,3000000.0,200000.0,0.0,0.0,0.0,0.0,0.0,0.0,3200000.0
635860179,mukono,12,3000000.0,1000000.0,0.0,500000.0,500000.0,0.0,0.0,0.0,5000000.0
636134719,mukono,12,24000000.0,0.0,0.0,1000000.0,1950000.0,0.0,0.0,0.0,26950000.0
636135880,mukono,12,1400000.0,0.0,1500000.0,0.0,500000.0,0.0,0.0,0.0,3400000.0
636603058,mukono,12,900000.0,0.0,0.0,0.0,200000.0,0.0,0.0,0.0,1100000.0
636603136,mukono,12,700000.0,0.0,0.0,300000.0,500000.0,0.0,0.0,0.0,1500000.0
644152753,mukono,12,2000000.0,200000.0,0.0,300000.0,300000.0,0.0,0.0,300000.0,3100000.0
644152847,mukono,12,700000.0,100000.0,0.0,200000.0,200000.0,0.0,0.0,0.0,1200000.0
644159669,mukono,12,3200000.0,0.0,0.0,0.0,420000.0,0.0,0.0,0.0,3620000.0
554400498,nakaseke,12,7000000.0,0.0,0.0,0.0,30000.000000000007,0.0,0.0,0.0,7030000.0
559666632,nakaseke,12,990000.0,0.0,0.0,150000.0,0.0,0.0,0.0,0.0,1140000.0
619306547,mukono,12,2000000.0,500000.0,0.0,0.0,0.0,0.0,0.0,320000.0,2820000.0
622485261,mukono,12,800000.0,0.0,0.0,0.0,0.0,0.0,0.0,0.0,800000.0
631647195,mukono,12,600000.0,0.0,0.0,0.0,150000.0,0.0,0.0,0.0,750000.0
565368592,nakaseke,12,571200.0,0.0,0.0,0.0,127000.0,0.0,0.0,0.0,698200.0
584454693,nakaseke,12,250000.0,0.0,250000.0,0.0,0.0,0.0,0.0,0.0,500000.0
618738814,mukono,12,2600000.0,0.0,0.0,0.0,0.0,0.0,0.0,0.0,2600000.0
582503421,nakaseke,12,690000.0,0.0,0.0,0.0,0.0,0.0,0.0,0.0,690000.0
589565846,nakaseke,12,720000.0,0.0,0.0,0.0,850000.0,0.0,0.0,0.0,1570000.0
614850459,mukono,12,1100000.0,0.0,0.0,0.0,550000.0,0.0,0.0,0.0,1650000.0
556032422,nakaseke,12,2500000.0,1800000.0,0.0,300000.0,0.0,0.0,0.0,0.0,4600000.0
558422563,nakaseke,12,1750000.0,0.0,0.0,0.0,950000.0,0.0,0.0,0.0,2700000.0
585223034,nakaseke,12,342000.0,0.0,0.0,0.0,0.0,0.0,0.0,0.0,342000.0
623704362,mukono,12,700000.0,500000.0,0.0,0.0,500000.0,0.0,0.0,0.0,1700000.0
633165535,mukono,12,1800000.0,0.0,0.0,500000.0,500000.0,0.0,0.0,0.0,2800000.0
634929225,mukono,12,4000000.0,0.0,0.0,0.0,100000.0,0.0,0.0,0.0,4100000.0
636602878,mukono,12,3500000.0,200000.0,0.0,200000.0,300000.0,0.0,0.0,0.0,4200000.0
558418973,nakaseke,12,1664000.0,0.0,0.0,0.0,1800000.0,2500000.0,0.0,0.0,5964000.0
613827164,nakaseke,12,1560200.0,0.0,450000.0,0.0,950000.0,0.0,0.0,0.0,2960200.0
632876809,mukono,12,320000.0,0.0,0.0,0.0,0.0,0.0,0.0,0.0,320000.0
559670838,nakaseke,12,2073500.0,0.0,0.0,200000.0,0.0,0.0,0.0,0.0,2273500.0
588625655,nakaseke,12,2496000.0,0.0,300000.0,0.0,1050000.0,0.0,0.0,0.0,3846000.0
550732633,nakaseke,12,1050000.0,0.0,0.0,0.0,0.0,0.0,0.0,0.0,1050000.0
550740078,nakaseke,12,1100000.0,299999.9999999999,0.0,0.0,0.0,0.0,0.0,0.0,1400000.0
552802393,nakaseke,12,8800000.0,2500000.000000001,0.0,0.0,400000.0000000001,0.0,0.0,0.0,11700000.0
553314788,nakaseke,12,7500000.0,0.0,0.0,0.0,1600000.000000001,0.0,0.0,0.0,9100000.0
556033462,nakaseke,12,4032000.0,0.0,0.0,0.0,1755000.0,0.0,0.0,0.0,5787000.0
557694485,nakaseke,12,90000.0,0.0,0.0,50000.0,0.0,0.0,0.0,0.0,140000.0
557694682,nakaseke,12,90000.0,0.0,0.0,25000.0,0.0,0.0,0.0,0.0,115000.0
557711753,nakaseke,12,1750000.0,0.0,0.0,0.0,0.0,0.0,0.0,0.0,1750000.0
557713215,nakaseke,12,1100000.0000000002,0.0,0.0,0.0,0.0,0.0,0.0,0.0,1100000.0000000002
558375556,nakaseke,12,300000.0,0.0,0.0,50000.0,60000.0,0.0,0.0,0.0,410000.0
565368815,nakaseke,12,1150000.0,0.0,0.0,300000.0,0.0,0.0,0.0,0.0,1450000.0
583503314,nakaseke,12,3060000.0,0.0,0.0,0.0,639000.0,0.0,0.0,0.0,3699000.0
592192864,nakaseke,12,2400000.0,0.0,0.0,0.0,0.0,0.0,0.0,0.0,2400000.0
614807974,mukono,12,700000.0,0.0,0.0,400000.0,0.0,0.0,0.0,0.0,1100000.0
614850566,mukono,12,3200000.0,0.0,0.0,0.0,3000000.0,0.0,0.0,0.0,6200000.0
615761193,mukono,12,7000000.0,1000000.0,0.0,0.0,1000000.0,0.0,500000.0,0.0,9500000.0
615773611,mukono,12,1000000.0,200000.0,100000.0,0.0,100000.0,0.0,0.0,0.0,1400000.0
616675567,mukono,12,300000.0,0.0,0.0,0.0,0.0,1000000.0,600000.0,0.0,1900000.0
617462488,mukono,12,650000.0,0.0,0.0,0.0,0.0,4000000.0,0.0,0.0,4650000.0
617463415,mukono,12,300000.0,0.0,0.0,0.0,300000.0,2400000.0,0.0,0.0,3000000.0
617648934,mukono,12,2400000.0,0.0,0.0,0.0,0.0,0.0,0.0,0.0,2400000.0
619547863,mukono,12,1000000.0,0.0,0.0,0.0,250000.0,1000000.0,0.0,0.0,2250000.0
619769827,mukono,12,560000.0,0.0,0.0,0.0,0.0,0.0,0.0,250000.0,810000.0
619769984,mukono,12,1800000.0,0.0,0.0,0.0,0.0,0.0,0.0,0.0,1800000.0
620417365,mukono,12,600000.0,0.0,0.0,0.0,0.0,5000000.0,1000000.0,0.0,6600000.0
620699936,mukono,12,3200000.0,0.0,0.0,0.0,0.0,0.0,0.0,0.0,3200000.0
620700057,mukono,12,1200000.0,0.0,0.0,0.0,1600000.0,0.0,0.0,0.0,2800000.0
621078668,mukono,12,1100000.0,200000.0,0.0,0.0,800000.0,0.0,4800000.0,500000.0,7400000.0
621640204,mukono,12,130000.0,0.0,0.0,0.0,0.0,0.0,0.0,0.0,130000.0
621642449,mukono,12,200000.0,0.0,0.0,0.0,0.0,0.0,0.0,0.0,200000.0
622289483,mukono,12,400000.0,200000.0,100000.0,0.0,200000.0,0.0,0.0,0.0,900000.0
622485078,mukono,12,8000000.0,0.0,0.0,0.0,4500000.0,0.0,0.0,0.0,12500000.0
623981243,mukono,12,100000.0,0.0,0.0,0.0,250000.0,0.0,0.0,0.0,350000.0
624290457,mukono,12,1800000.0,500000.0,0.0,1000000.0,500000.0,600000.0,0.0,0.0,4400000.0
624291333,mukono,12,700000.0,600000.0,0.0,600000.0,500000.0,0.0,0.0,0.0,2400000.0
624292438,mukono,12,700000.0,700000.0,200000.0,200000.0,200000.0,0.0,0.0,0.0,2000000.0
631647010,mukono,12,1200000.0,0.0,0.0,0.0,75000.0,0.0,0.0,0.0,1275000.0
633165312,mukono,12,1200000.0,0.0,0.0,200000.0,0.0,0.0,0.0,0.0,1400000.0
633706793,mukono,12,300000.0,0.0,0.0,0.0,500000.0,0.0,0.0,0.0,800000.0
634022985,mukono,12,900000.0,0.0,0.0,300000.0,0.0,0.0,0.0,100000.0,1300000.0
634718242,mukono,12,5000000.0,1000000.0,0.0,1000000.0,1000000.0,0.0,0.0,0.0,8000000.0
635238561,mukono,12,1200000.0,0.0,0.0,500000.0,300000.0,0.0,0.0,0.0,2000000.0
636135365,mukono,12,3000000.0,0.0,500000.0,300000.0,100000.0,0.0,0.0,0.0,3900000.0
636136285,mukono,12,2400000.0,0.0,0.0,1000000.0,0.0,0.0,0.0,3000000.0,6400000.0
616674531,mukono,12,5100000.0,0.0,0.0,0.0,0.0,0.0,2000000.0,0.0,7100000.0
557715625,nakaseke,12,1650000.0,0.0,0.0,0.0,0.0,0.0,0.0,0.0,1650000.0
582503133,nakaseke,12,1260000.0,0.0,0.0,500000.0,0.0,0.0,0.0,0.0,1760000.0
586804272,nakaseke,12,3217800.0,300000.0,1000000.0,0.0,560000.0,0.0,0.0,0.0,5077800.0
620699783,mukono,12,2800000.0,0.0,0.0,0.0,0.0,0.0,0.0,0.0,2800000.0
550738751,nakaseke,12,400000.0,0.0,0.0,0.0,0.0,0.0,0.0,0.0,400000.0
589566299,nakaseke,12,540000.0,0.0,0.0,0.0,0.0,0.0,0.0,0.0,540000.0
556042851,nakaseke,12,700000.0,0.0,0.0,300000.0,250000.0,0.0,0.0,0.0,1250000.0
581667076,nakaseke,12,831600.0,0.0,300000.0,150000.0,0.0,0.0,0.0,0.0,1281600.0
561201812,nakaseke,12,600000.0,0.0,250000.0,90000.0,90000.0,0.0,0.0,0.0,1030000.0
561202655,nakaseke,12,300000.0,60000.0,55000.0,150000.0,70000.0,0.0,0.0,0.0,635000.0
622951271,mukono,12,1800000.0,1000000.0,0.0,0.0,1200000.0,0.0,0.0,0.0,4000000.0
623479194,mukono,12,2400000.0,0.0,0.0,0.0,1200000.0,0.0,0.0,0.0,3600000.0
633859954,mukono,12,1200000.0,0.0,1000000.0,0.0,500000.0,0.0,0.0,0.0,2700000.0
634322609,mukono,12,1800000.0,0.0,0.0,0.0,0.0,0.0,0.0,0.0,1800000.0
634718422,mukono,12,1000000.0,299999.99999999977,0.0,4999999.999999999,299999.99999999977,0.0,0.0,0.0,6599999.999999999
618738459,mukono,12,5400000.0,0.0,0.0,0.0,0.0,0.0,0.0,0.0,5400000.0
552806909,nakaseke,12,1120000.0,0.0,0.0,0.0,599999.9999999998,0.0,0.0,0.0,1719999.9999999998
557694859,nakaseke,12,90000.0,0.0,0.0,0.0,0.0,0.0,0.0,0.0,90000.0
589566059,nakaseke,12,6300000.0,1000000.0,0.0,300000.0,0.0,0.0,0.0,0.0,7600000.0
593200247,nakaseke,12,31200005.0,1000000.0,0.0,0.0,1080000.0,0.0,0.0,0.0,33280005.0
613820537,nakaseke,12,5040000.0,500000.0,0.0,0.0,0.0,0.0,0.0,0.0,5540000.0
614808240,mukono,12,1000000.0,0.0,0.0,600000.0,0.0,200000.0,0.0,0.0,1800000.0
615773753,mukono,12,1500000.0,1000000.0,0.0,200000.0,0.0,0.0,0.0,0.0,2700000.0
617460629,mukono,12,800000.0,0.0,0.0,0.0,0.0,20000000.0,0.0,500000.0,21300000.0
617461111,mukono,12,400000.0,0.0,0.0,300000.0,0.0,0.0,0.0,0.0,700000.0
617461597,mukono,12,120000.0,0.0,0.0,0.0,0.0,0.0,0.0,0.0,120000.0
618056660,mukono,12,1200000.0,0.0,0.0,200000.0,0.0,500000.0,0.0,0.0,1900000.0
618502638,mukono,12,2000000.0,0.0,0.0,0.0,300000.0,0.0,0.0,1400000.0000000007,3700000.000000001
618738618,mukono,12,3400000.0,0.0,0.0,0.0,0.0,0.0,0.0,0.0,3400000.0
619308856,mukono,12,3000000.0,500000.0,0.0,0.0,500000.0,0.0,0.0,9000000.0,13000000.0
620131758,mukono,12,700000.0,500000.0,0.0,0.0,500000.0,0.0,0.0,0.0,1700000.0
621077765,mukono,12,2500000.0,0.0,0.0,0.0,0.0,0.0,0.0,1000000.0,3500000.0
622950517,mukono,12,8000000.0,300000.0,0.0,500000.0,4000000.0,0.0,0.0,0.0,12800000.0
623178431,mukono,12,1600000.0,0.0,1000000.0,240000.0,0.0,0.0,0.0,0.0,2840000.0
623271316,mukono,12,750000.0,0.0,0.0,0.0,10000000.0,2000000.0,0.0,0.0,12750000.0
623272577,mukono,12,1000000.0,0.0,0.0,0.0,20000000.0,0.0,0.0,0.0,21000000.0
624293459,mukono,12,1100000.0,1000000.0,0.0,0.0,0.0,0.0,0.0,0.0,2100000.0
624713073,mukono,12,400000.0,0.0,0.0,5000000.0,0.0,0.0,0.0,0.0,5400000.0
624713879,mukono,12,685000.0,0.0,0.0,0.0,0.0,2000000.0,0.0,0.0,2685000.0
625320144,mukono,12,800000.0,360000.0,0.0,0.0,6000000.0,0.0,0.0,0.0,7160000.0
628089142,mukono,12,840000.0,0.0,0.0,0.0,0.0,0.0,5000000.0,0.0,5840000.0
628089849,mukono,12,1400000.0,0.0,0.0,0.0,0.0,3000000.0,0.0,0.0,4400000.0
628775275,mukono,12,45000000.0,0.0,0.0,1000000.0,0.0,10000000.0,0.0,0.0,56000000.0
630120893,mukono,12,2400000.0,0.0,0.0,500000.0,0.0,1000000.0,0.0,0.0,3900000.0
632524617,mukono,12,6500000.0,0.0,0.0,0.0,240000.0,2000000.0,0.0,0.0,8740000.0
633860632,mukono,12,2400000.0,0.0,0.0,0.0,1200000.0,0.0,4800000.0,0.0,8400000.0
633861486,mukono,12,1410000.0,0.0,0.0,0.0,0.0,0.0,6000000.0,0.0,7410000.0
634021883,mukono,12,5000000.0,1000000.0,0.0,0.0,600000.0,0.0,0.0,0.0,6600000.0
634952329,mukono,12,49000000.0,0.0,0.0,0.0,2000000.0,0.0,6000000.0,0.0,57000000.0
635102211,mukono,12,4000000.0,10000000.0,0.0,0.0,5000000.0,0.0,0.0,2000000.0,21000000.0
635102285,mukono,12,1200000.0,0.0,2000000.0,0.0,500000.0,0.0,0.0,0.0,3700000.0
623184098,mukono,12,1500000.0,0.0,0.0,0.0,500000.0,0.0,1000000.0,0.0,3000000.0
554408234,nakaseke,12,550000.0,0.0,0.0,0.0,0.0,0.0,0.0,0.0,550000.0
556042141,nakaseke,12,300000.0,0.0,0.0,0.0,120000.0,0.0,0.0,0.0,420000.0
559614978,nakaseke,12,600000.0,0.0,500000.0,0.0,400000.0,0.0,0.0,0.0,1500000.0
581570782,nakaseke,12,1000000.0,0.0,0.0,500000.0,249999.99999999983,0.0,0.0,0.0,1749999.9999999998
552806065,,12,500000.0,0.0,0.0,0.0,0.0,0.0,0.0,0.0,500000.0
553316435,nakaseke,12,1700000.0,0.0,0.0,0.0,0.0,0.0,0.0,0.0,1700000.0
558375760,nakaseke,12,150000.0,0.0,0.0,0.0,0.0,0.0,0.0,0.0,150000.0
559615316,nakaseke,12,500000.0,0.0,400000.0,250000.0,50000.0,0.0,0.0,0.0,1200000.0
630121155,mukono,12,4200000.0,1000000.0,0.0,0.0,200000.0,0.0,0.0,0.0,5400000.0
630121646,mukono,12,2800000.0,0.0,0.0,700000.0,120000.0,0.0,0.0,0.0,3620000.0
560425493,nakaseke,12,250000.0,0.0,0.0,100000.0,50000.0,0.0,0.0,0.0,400000.0
560424556,nakaseke,12,600000.0,0.0,500000.0,90000.0,200000.0,0.0,0.0,0.0,1390000.0
561200542,nakaseke,12,600000.0,450000.0,0.0,90000.0,50000.0,0.0,0.0,0.0,1190000.0
561202398,nakaseke,12,350000.0,0.0,200000.0,100000.0,60000.0,0.0,0.0,0.0,710000.0
560425197,nakaseke,12,500000.0,0.0,350000.0,160000.0,90000.0,0.0,0.0,0.0,1100000.0
628088416,mukono,12,1300000.0,3000000.0,0.0,500000.0,0.0,2000000.0,0.0,0.0,6800000.0
628089405,mukono,12,1400000.0,0.0,0.0,0.0,0.0,6000000.0,0.0,0.0,7400000.0
628774965,mukono,12,1000000.0,0.0,2000000.0,500000.0,0.0,0.0,0.0,0.0,3500000.0
632530379,mukono,12,1000000.0,0.0,0.0,5000000.0,500000.0,0.0,0.0,0.0,6500000.0
636135085,mukono,12,20800000.0,1000000.0,0.0,0.0,500000.0,0.0,0.0,0.0,22300000.0
556039009,nakaseke,12,20000.0,0.0,0.0,50000.0,120000.0,0.0,0.0,0.0,190000.0
553316712,nakaseke,12,370000.0,0.0,0.0,0.0,50000.00000000001,0.0,0.0,0.0,420000.0
621496649,mukono,12,2400000.0,0.0,0.0,2400000.0,100000.0,0.0,0.0,0.0,4900000.0
629845932,mukono,12,2000000.0,0.0,0.0,3000000.0,360000.0,0.0,0.0,0.0,5360000.0
632528316,mukono,12,5000000.0,0.0,0.0,1500000.0,0.0,0.0,0.0,0.0,6500000.0
633861263,mukono,12,8400000.0,10000000.0,0.0,0.0,6000000.0,0.0,0.0,0.0,24400000.0
635102642,mukono,12,7000000.0,0.0,0.0,0.0,10000000.0,0.0,0.0,0.0,17000000.0
560423470,nakaseke,12,450000.0,0.0,240000.0,0.0,300000.0,0.0,0.0,0.0,990000.0
551439101,nakaseke,12,1100000.0,0.0,0.0,0.0,0.0,0.0,0.0,0.0,1100000.0
553316111,nakaseke,12,380000.0,0.0,0.0,0.0,60000.00000000002,0.0,0.0,0.0,440000.0
554407800,nakaseke,12,900000.0,0.0,0.0,0.0,800000.0000000005,0.0,0.0,0.0,1700000.0000000005
558374654,nakaseke,12,450000.0,200000.00000000006,250000.0,100000.0,0.0,0.0,0.0,0.0,1000000.0
558375246,nakaseke,12,220000.0,0.0,50000.0,150000.0,0.0,0.0,0.0,0.0,420000.0
581569323,nakaseke,12,1350000.0,29999.99999999999,0.0,100000.00000000004,249999.9999999998,0.0,0.0,0.0,1729999.9999999998
581571879,nakaseke,12,500000.0,0.0,200000.0,150000.0,60000.0,0.0,0.0,0.0,910000.0
564861263,nakaseke,12,500000.0,150000.0,50000.0,100000.0,60000.0,0.0,0.0,0.0,860000.0
559615143,nakaseke,12,300000.0,0.0,50000.0,60000.0,100000.0,0.0,0.0,0.0,510000.0
564864365,nakaseke,12,300000.0,60000.0,58000.0,100000.0,60000.0,0.0,0.0,0.0,578000.0
553315619,nakaseke,12,350000.0,0.0,0.0,0.0,0.0,0.0,0.0,0.0,350000.0
556039301,nakaseke,12,500000.0,0.0,0.0,90000.0,150000.0,0.0,0.0,0.0,740000.0
615757479,mukono,12,800000.0,0.0,0.0,0.0,100000.0,0.0,0.0,0.0,900000.0
615773011,mukono,12,1500000.0,0.0,0.0,0.0,0.0,0.0,0.0,200000.0,1700000.0
619554974,mukono,12,3600000.0,2000000.0,0.0,0.0,1000000.0,0.0,0.0,0.0,6600000.0
620416772,mukono,12,500000.0,0.0,0.0,600000.0,0.0,180000.0,0.0,0.0,1280000.0
620419799,mukono,12,4000000.0,0.0,0.0,0.0,125000.0,0.0,0.0,0.0,4125000.0
621494958,mukono,12,500000.0,0.0,0.0,0.0,0.0,0.0,0.0,5000000.0,5500000.0
621496210,mukono,12,6000000.0,1000000.0,0.0,500000.0,0.0,0.0,0.0,0.0,7500000.0
621498584,mukono,12,16800000.0,0.0,0.0,0.0,500000.0,1000000.0,0.0,0.0,18300000.0
621639094,mukono,12,400000.0,0.0,0.0,0.0,300000.0,0.0,499999.9999999997,0.0,1199999.9999999998
623187149,mukono,12,560000.0,0.0,0.0,240000.0,0.0,1000000.0,0.0,0.0,1800000.0
623270536,mukono,12,13500000.0,0.0,0.0,0.0,1900000.0,0.0,0.0,0.0,15400000.0
624711692,mukono,12,1200000.0,1000000.0,0.0,0.0,2000000.0,0.0,0.0,0.0,4200000.0
624712163,mukono,12,2400000.0,1080000.0,0.0,0.0,0.0,5000000.0,0.0,0.0,8480000.0
625315993,mukono,12,1200000.0,0.0,0.0,500000.0,100000.0,0.0,0.0,0.0,1800000.0
628080096,mukono,12,7000000.0,0.0,0.0,0.0,2000000.0,0.0,0.0,0.0,9000000.0
628775775,mukono,12,36000000.0,3000000.0,0.0,0.0,0.0,1000000.0,0.0,0.0,40000000.0
630120684,mukono,12,7000000.0,2000000.0,0.0,0.0,0.0,3000000.0,0.0,0.0,12000000.0
632531024,mukono,12,3500000.0,0.0,0.0,1000000.0,0.0,0.0,5000000.0,0.0,9500000.0
632870785,mukono,12,3200000.0,0.0,0.0,0.0,70000.0,0.0,0.0,0.0,3270000.0
634322563,mukono,12,1200000.0,0.0,0.0,0.0,2000000.0,0.0,0.0,0.0,3200000.0
634951268,mukono,12,1000000.0,0.0,0.0,1300000.0,0.0,0.0,0.0,0.0,2300000.0
619307991,mukono,12,6000000.0,1000000.0,0.0,500000.0,15000000.0,0.0,6000000.0,0.0,28500000.0
634929055,mukono,12,2400000.0,0.0,0.0,0.0,500000.0,0.0,0.0,0.0,2900000.0
635625431,mukono,12,1200000.0,0.0,0.0,0.0,800000.0,0.0,0.0,0.0,2000000.0
625318562,mukono,12,400000.0,0.0,2000000.0,1000000.0,0.0,0.0,0.0,0.0,3400000.0
628776109,mukono,12,4900000.0,0.0,0.0,450000.0,0.0,2000000.0,0.0,0.0,7350000.0
633860413,mukono,12,42000000.0,0.0,0.0,1000000.0,500000.0,0.0,0.0,12000000.0,55500000.0
557694292,nakaseke,12,300000.0,0.0,0.0,50000.0,60000.0,0.0,0.0,0.0,410000.0
582450581,nakaseke,12,350000.0,50000.0,90000.0,0.0,0.0,0.0,0.0,0.0,490000.0
613185259,nakaseke,12,390000.0,0.0,0.0,0.0,400000.0,0.0,0.0,0.0,790000.0
614810845,mukono,12,800000.0,0.0,0.0,0.0,0.0,0.0,0.0,0.0,800000.0
617648764,mukono,12,1200000.0,0.0,0.0,0.0,0.0,0.0,0.0,0.0,1200000.0
551438934,nakaseke,12,1700000.0,0.0,0.0,0.0,0.0,0.0,0.0,0.0,1700000.0
589548879,nakaseke,12,20000.0,0.0,100000.0,0.0,250000.0,0.0,0.0,0.0,370000.0
554402613,nakaseke,12,0.0,0.0,0.0,0.0,60000.00000000002,0.0,0.0,0.0,60000.00000000002
589547568,nakaseke,12,350000.0,0.0,0.0,50000.00000000001,0.0,999999.9999999995,0.0,0.0,1399999.9999999995
592180125,nakaseke,12,350000.0,0.0,0.0,0.0,200000.0,0.0,0.0,0.0,550000.0
613184766,nakaseke,12,600000.0,0.0,0.0,100000.0,250000.0,0.0,0.0,0.0,950000.0
613185864,nakaseke,12,600000.0,20000.0,0.0,100000.00000000001,500000.0,0.0,0.0,0.0,1220000.0
593216040,nakaseke,12,400000.0,250000.0,69000.0,0.0,200000.0,0.0,0.0,0.0,919000.0
552806578,nakaseke,12,1300000.0,0.0,0.0,0.0,0.0,0.0,0.0,0.0,1300000.0
554403180,,12,1100000.0,249999.9999999998,0.0,0.0,0.0,299999.99999999977,0.0,0.0,1649999.9999999995
554997531,nakaseke,12,400000.0,0.0,0.0,60000.0,250000.0,0.0,0.0,0.0,710000.0
581568916,nakaseke,12,500000.0,0.0,90000.0,60000.0,170000.0,0.0,0.0,0.0,820000.0
582449149,nakaseke,12,600000.0,250000.0,0.0,150000.0,50000.0,0.0,0.0,0.0,1050000.0
583384059,nakaseke,12,9000000.0,350000.0,0.0,0.0,250000.0,0.0,0.0,0.0,9600000.0
584465855,nakaseke,12,400000.0,150000.0,0.0,0.0,0.0,0.0,0.0,0.0,550000.0
585291611,nakaseke,12,9000000.0,30000.0,0.0,60000.0,350000.0,0.0,0.0,0.0,9440000.0
588618114,nakaseke,12,600000.0,0.0,0.0,120000.0,30000.0,0.0,0.0,0.0,750000.0
589549118,nakaseke,12,600000.0,0.0,90000.0,0.0,250000.0,0.0,0.0,0.0,940000.0
592179551,nakaseke,12,200000.0,0.0,0.0,150000.0,150000.0,0.0,0.0,0.0,500000.0
613185857,nakaseke,12,600000.0,300000.0,0.0,120000.0,350000.0,0.0,0.0,0.0,1370000.0
613185868,nakaseke,12,500000.0,350000.0,0.0,0.0,400000.0,0.0,0.0,0.0,1250000.0
618737230,mukono,12,1800000.0,0.0,0.0,0.0,0.0,0.0,0.0,0.0,1800000.0
625321534,mukono,12,5600000.0,0.0,0.0,0.0,2000000.0,10000000.0,0.0,0.0,17600000.0
613185262,nakaseke,12,260000.0,0.0,300000.0,100000.0,250000.0,0.0,0.0,0.0,910000.0
586823072,nakaseke,12,600000.0,0.0,0.0,149999.99999999994,600000.0,0.0,0.0,0.0,1350000.0
586821078,nakaseke,12,800000.0,0.0,0.0,20000.0,96000.0,0.0,0.0,0.0,916000.0
586823179,nakaseke,12,600000.0,0.0,0.0,100000.0,600000.0,0.0,0.0,0.0,1300000.0
588618032,nakaseke,12,1000000.0,200000.0,0.0,150000.0,350000.0,0.0,0.0,0.0,1700000.0
592179319,nakaseke,12,300000.0,0.0,0.0,0.0,200000.0,0.0,0.0,0.0,500000.0
613185254,nakaseke,12,350000.0,400000.0,299999.9999999999,0.0,230000.0,0.0,0.0,0.0,1280000.0
613184756,nakaseke,12,380000.0,0.0,299999.9999999999,0.0,350000.0,0.0,0.0,0.0,1029999.9999999999
613184762,nakaseke,12,5000000.0,0.0,800000.0000000003,700000.0,250000.0,100000.0,0.0,0.0,6850000.0
593216705,nakaseke,12,350000.0,109.0,0.0,0.0,200000.0,0.0,0.0,0.0,550109.0
582448458,nakaseke,12,600000.0,300000.0,0.0,150000.0,200000.0,0.0,0.0,0.0,1250000.0
583383308,nakaseke,12,560000.0,30000.0,90000.0,3.0,20000.0,0.0,0.0,0.0,700003.0
584457728,nakaseke,12,350000.0,0.0,0.0,0.0,0.0,0.0,0.0,0.0,350000.0
584460556,nakaseke,12,250000.0,100000.0,0.0,150000.0,299999.9999999999,0.0,0.0,0.0,799999.9999999999
586822745,nakaseke,12,600000.0,300000.0,0.0,0.0,200000.0,0.0,0.0,0.0,1100000.0
588618956,nakaseke,12,600000.0,0.0,150000.0,0.0,250000.0,0.0,0.0,0.0,1000000.0
588619984,nakaseke,12,500000.0,0.0,0.0,0.0,250000.0,0.0,0.0,0.0,750000.0
589548430,nakaseke,12,300000.0,0.0,25000.0,0.0,500000.0,0.0,0.0,0.0,825000.0
613184214,nakaseke,12,200000.0,0.0,50000.0,0.0,130000.0,0.0,0.0,0.0,380000.0
551438775,nakaseke,12,1200000.0,0.0,0.0,0.0,0.0,0.0,0.0,0.0,1200000.0
552805506,nakaseke,12,9700000.0,0.0,0.0,0.0,0.0,0.0,0.0,0.0,9700000.0
582449815,nakaseke,12,500000.0,200000.0,0.0,0.0,60000.0,999999.9999999995,0.0,0.0,1759999.9999999995
583383783,nakaseke,12,500000.0,200000.0,0.0,0.0,300000.0,0.0,0.0,0.0,1000000.0
583384470,nakaseke,12,500000.0,250000.0,0.0,60000.00000000002,200000.0,0.0,0.0,0.0,1010000.0
585919910,nakaseke,12,2000000.0,500000.0,299999.9999999999,500000.0,600000.0,0.0,0.0,0.0,3900000.0
585937638,nakaseke,12,600000.0,250000.0,68999.99999999994,60000.0,260000.0,0.0,0.0,0.0,1239000.0
592179023,nakaseke,12,1000000.0,200000.0,0.0,100000.0,0.0,0.0,0.0,0.0,1300000.0
551439238,nakaseke,12,1500000.0,0.0,0.0,0.0,0.0,0.0,0.0,0.0,1500000.0
555070994,nakaseke,12,600000.0,250000.0,0.0,100000.0,60000.0,0.0,0.0,0.0,1010000.0
555112218,nakaseke,12,1050000.0,0.0,0.0,299999.99999999977,0.0,0.0,0.0,0.0,1349999.9999999998
555148547,nakaseke,12,400000.0,250000.0,0.0,90000.0,400000.0,0.0,0.0,0.0,1140000.0
584458624,nakaseke,12,600000.0,250000.0,400000.0,100000.0,0.0,0.0,0.0,0.0,1350000.0
585290674,nakaseke,12,500000.0,250000.0,0.0,100000.0,900000.0,0.0,0.0,0.0,1750000.0
585290890,nakaseke,12,700000.0,300000.0,50000.0,120000.0,350000.0,0.0,0.0,0.0,1520000.0
585309665,nakaseke,12,500000.0,0.0,0.0,0.0,200000.0,0.0,0.0,0.0,700000.0
585924133,nakaseke,12,600000.0,200000.0,0.0,150000.0,300000.0,0.0,0.0,0.0,1250000.0
585929887,nakaseke,12,500000.0,0.0,0.0,0.0,0.0,0.0,0.0,0.0,500000.0
613834815,nakaseke,12,2100000.0,0.0,0.0,0.0,0.0,0.0,0.0,1999999.9999999993,4099999.999999999
613836978,nakaseke,12,700000.0,0.0,0.0,0.0,0.0,0.0,0.0,0.0,700000.0
617656696,mukono,12,1099999.9999999998,0.0,0.0,199999.99999999997,299999.99999999977,4000000.0000000005,0.0,0.0,5600000.0
633860938,mukono,12,3000000.0,1000000.0,0.0,0.0,5000000.0,0.0,0.0,0.0,9000000.0
616677841,mukono,13,70000.0,0.0,6000000.0,0.0,0.0,0.0,0.0,0.0,6070000.0
551440657,nakaseke,13,280000.0,20000.000000000015,0.0,0.0,0.0,0.0,0.0,0.0,300000.0
592191523,nakaseke,13,312000.0,0.0,0.0,0.0,500000.0,0.0,0.0,0.0,812000.0
552803559,nakaseke,13,3440000.0,200000.00000000006,0.0,0.0,1799999.9999999984,0.0,0.0,0.0,5439999.999999998
613177526,nakaseke,13,50000000.0,0.0,0.0,0.0,0.0,0.0,0.0,0.0,50000000.0
613831899,nakaseke,13,203000.0,0.0,0.0,0.0,0.0,0.0,0.0,0.0,203000.0
614880484,mukono,13,120000.0,0.0,0.0,0.0,0.0,0.0,0.0,0.0,120000.0
550714067,nakaseke,13,800000.0,0.0,0.0,0.0,499999.9999999997,0.0,0.0,0.0,1299999.9999999998
550714208,nakaseke,13,1000000.0,0.0,0.0,0.0,599999.9999999998,0.0,0.0,0.0,1599999.9999999998
556045414,nakaseke,13,1000000.0,0.0,0.0,0.0,500000.0,0.0,0.0,0.0,1500000.0
556046788,nakaseke,13,800000.0,0.0,0.0,300000.0,0.0,0.0,0.0,0.0,1100000.0
557695958,nakaseke,13,1000000.0,500000.0,0.0,0.0,200000.0,0.0,0.0,0.0,1700000.0
560461977,nakaseke,13,3000000.0,500000.0,0.0,0.0,0.0,0.0,0.0,0.0,3500000.0
592361767,nakaseke,13,5000000.0,0.0,0.0,0.0,250000.0,0.0,0.0,0.0,5250000.0
592363240,nakaseke,13,3000000.0,200000.0,0.0,0.0,500000.0,0.0,0.0,0.0,3700000.0
616701192,mukono,13,520000.0,0.0,0.0,0.0,0.0,0.0,0.0,0.0,520000.0
624293019,mukono,13,900000.0,500000.0,200000.0,300000.0,300000.0,0.0,0.0,0.0,2200000.0
550715350,nakaseke,13,800000.0,0.0,0.0,0.0,0.0,0.0,0.0,0.0,800000.0
552803832,nakaseke,13,2300000.0,0.0,0.0,0.0,69999.99999999994,0.0,0.0,0.0,2370000.0
553311655,nakaseke,13,950000.0,0.0,0.0,0.0,0.0,0.0,0.0,0.0,950000.0
554396495,nakaseke,13,900000.0,0.0,0.0,0.0,0.0,0.0,0.0,0.0,900000.0
555218845,nakaseke,13,4500000.0,0.0,0.0,400000.0,0.0,0.0,0.0,0.0,4900000.0
556047384,nakaseke,13,1500000.0,0.0,0.0,300000.0,0.0,500000.0,0.0,0.0,2300000.0
557713875,nakaseke,13,700000.0,0.0,0.0,0.0,0.0,0.0,0.0,0.0,700000.0
558376731,nakaseke,13,800000.0,0.0,0.0,0.0,0.0,0.0,0.0,0.0,800000.0
558377788,nakaseke,13,1250000.0,0.0,0.0,350000.0,40000.0,0.0,0.0,0.0,1640000.0
558378029,nakaseke,13,1000000.0,0.0,0.0,0.0,250000.0,0.0,0.0,0.0,1250000.0
559605691,nakaseke,13,4000000.0,300000.0,0.0,0.0,250000.0,0.0,0.0,0.0,4550000.0
560460598,nakaseke,13,4000000.0,0.0,0.0,0.0,0.0,0.0,0.0,0.0,4000000.0
560460842,nakaseke,13,2000000.0,0.0,0.0,0.0,400000.0,0.0,0.0,0.0,2400000.0
561199081,nakaseke,13,2500000.0,400000.0,0.0,0.0,200000.0,0.0,0.0,0.0,3100000.0
561203340,nakaseke,13,2500000.0,0.0,0.0,0.0,0.0,0.0,0.0,0.0,2500000.0
561250862,nakaseke,13,399600.0,0.0,0.0,300000.0,0.0,0.0,0.0,0.0,699600.0
582704845,nakaseke,13,7000000.0,400000.0,0.0,0.0,0.0,0.0,0.0,0.0,7400000.0
585217011,nakaseke,13,8000000.0,0.0,200000.0,0.0,0.0,0.0,0.0,0.0,8200000.0
588626659,nakaseke,13,156000.0,500000.0,300000.0,0.0,0.0,0.0,0.0,0.0,956000.0
588783193,nakaseke,13,7000000.0,0.0,0.0,0.0,0.0,0.0,0.0,0.0,7000000.0
613810847,nakaseke,13,360000.0,0.0,0.0,0.0,0.0,0.0,0.0,0.0,360000.0
614880582,mukono,13,400000.0,0.0,0.0,0.0,0.0,0.0,0.0,0.0,400000.0
616579050,mukono,13,500000.0,0.0,0.0,0.0,0.0,0.0,0.0,90000.0,590000.0
616701381,mukono,13,400000.0,0.0,0.0,0.0,0.0,0.0,0.0,180000.0,580000.0
623704503,mukono,13,300000.0,0.0,0.0,100000.0,0.0,0.0,0.0,100000.0,500000.0
550714829,nakaseke,13,600000.0,0.0,0.0,0.0,0.0,0.0,0.0,0.0,600000.0
551432268,nakaseke,13,650000.0,0.0,0.0,100000.00000000004,0.0,0.0,0.0,0.0,750000.0
551438359,nakaseke,13,3800000.0,1800000.000000001,0.0,0.0,0.0,0.0,0.0,0.0,5600000.000000001
551438847,nakaseke,13,750000.0,0.0,0.0,0.0,60000.00000000002,0.0,0.0,0.0,810000.0
552834713,nakaseke,13,2500000.0,0.0,0.0,349999.9999999997,0.0,0.0,0.0,0.0,2849999.9999999995
553313606,nakaseke,13,1100000.0,0.0,0.0,0.0,200000.00000000006,0.0,0.0,0.0,1300000.0
553314110,nakaseke,13,6500000.0,0.0,0.0,0.0,299999.9999999999,0.0,0.0,0.0,6800000.0
553314852,nakaseke,13,6380000.0,0.0,0.0,0.0,5000000.000000003,0.0,0.0,0.0,11380000.000000004
554382238,nakaseke,13,5500000.0,0.0,89999.99999999997,0.0,499999.9999999997,0.0,0.0,0.0,6090000.0
554383042,nakaseke,13,5500000.0,0.0,0.0,0.0,2800000.0000000014,0.0,0.0,0.0,8300000.000000002
554388188,nakaseke,13,7500000.0,0.0,200000.00000000006,0.0,2800000.0000000014,0.0,0.0,0.0,10500000.000000002
555219221,nakaseke,13,4000000.0,0.0,0.0,0.0,1000000.0,0.0,6000000.0,0.0,11000000.0
555219441,nakaseke,13,8000000.0,0.0,0.0,0.0,1000000.0,0.0,0.0,0.0,9000000.0
555219813,nakaseke,13,800000.0,0.0,0.0,0.0,150000.0,0.0,0.0,0.0,950000.0
556046148,nakaseke,13,500000.0,0.0,0.0,200000.0,150000.0,0.0,0.0,0.0,850000.0
557695618,nakaseke,13,800000.0,0.0,0.0,0.0,300000.0,0.0,0.0,0.0,1100000.0
557695779,nakaseke,13,5000000.0,0.0,200000.0,0.0,0.0,0.0,0.0,0.0,5200000.0
557696080,nakaseke,13,2000000.0,800000.0,0.0,250000.0,0.0,0.0,0.0,0.0,3050000.0
559607285,nakaseke,13,1000000.0,0.0,150000.0,300000.0,0.0,0.0,0.0,0.0,1450000.0
559607680,nakaseke,13,3500000.0,0.0,0.0,350000.0,0.0,0.0,0.0,0.0,3850000.0
559615651,nakaseke,13,2000000.0,0.0,0.0,0.0,0.0,0.0,0.0,0.0,2000000.0
560459965,nakaseke,13,3000000.0,0.0,0.0,0.0,0.0,0.0,1500000.0,0.0,4500000.0
561202301,nakaseke,13,3500000.0,0.0,150000.0,0.0,0.0,0.0,0.0,0.0,3650000.0
567488224,nakaseke,13,3000000.0,0.0,0.0,0.0,300000.0,0.0,0.0,0.0,3300000.0
581728335,nakaseke,13,6000000.0,400000.0,0.0,0.0,0.0,0.0,0.0,0.0,6400000.0
581800534,nakaseke,13,5000000.0,0.0,0.0,0.0,400000.0,0.0,0.0,0.0,5400000.0
581801301,nakaseke,13,4000000.0,0.0,0.0,0.0,0.0,0.0,0.0,0.0,4000000.0
582682579,nakaseke,13,3000000.0,0.0,0.0,0.0,400000.0,0.0,0.0,0.0,3400000.0
582684638,nakaseke,13,2000000.0,0.0,0.0,0.0,0.0,0.0,0.0,0.0,2000000.0
583582238,nakaseke,13,15000000.0,500000.0,0.0,0.0,0.0,0.0,0.0,0.0,15500000.0
584447265,nakaseke,13,8000000.0,0.0,0.0,0.0,500000.0,0.0,0.0,0.0,8500000.0
585215638,nakaseke,13,15000000.0,0.0,0.0,0.0,0.0,0.0,0.0,0.0,15000000.0
585216305,nakaseke,13,3000000.0,0.0,0.0,0.0,0.0,0.0,0.0,0.0,3000000.0
587012670,nakaseke,13,15000000.0,0.0,0.0,0.0,0.0,0.0,0.0,0.0,15000000.0
587012983,nakaseke,13,8000000.0,0.0,0.0,0.0,200000.0,0.0,0.0,0.0,8200000.0
587013280,nakaseke,13,25000000.0,0.0,0.0,0.0,0.0,2000000.0,0.0,0.0,27000000.0
588781706,nakaseke,13,14000000.0,300000.0,0.0,0.0,0.0,0.0,0.0,0.0,14300000.0
589705500,nakaseke,13,5000000.0,0.0,0.0,0.0,400000.0,0.0,0.0,0.0,5400000.0
589705733,nakaseke,13,12000000.0,450000.0,0.0,0.0,0.0,0.0,0.0,0.0,12450000.0
592193539,nakaseke,13,7998000.0,0.0,0.0,0.0,0.0,0.0,0.0,0.0,7998000.0
593223241,nakaseke,13,3000000.0,3000000.0,0.0,0.0,5000000.0,0.0,0.0,0.0,11000000.0
593223559,nakaseke,13,5000000.0,450000.0,0.0,0.0,0.0,0.0,0.0,0.0,5450000.0
613174996,nakaseke,13,3500000.0,0.0,0.0,0.0,300000.0,0.0,0.0,0.0,3800000.0
613177861,nakaseke,13,2000000.0,0.0,0.0,0.0,500000.0,0.0,0.0,0.0,2500000.0
613177864,nakaseke,13,5000000.0,0.0,0.0,0.0,0.0,0.0,0.0,0.0,5000000.0
613178463,nakaseke,13,8000000.0,0.0,0.0,0.0,0.0,5000000.0,0.0,0.0,13000000.0
613178868,nakaseke,13,500000.0,0.0,0.0,0.0,300000.0,0.0,0.0,0.0,800000.0
613180603,nakaseke,13,2000000.0,0.0,0.0,0.0,0.0,0.0,0.0,0.0,2000000.0
613822490,nakaseke,13,180000.0,150000.0,250000.0,0.0,0.0,0.0,0.0,0.0,580000.0
613825443,nakaseke,13,754000.0,250000.0,0.0,100000.0,0.0,0.0,0.0,0.0,1104000.0
618055484,mukono,13,750000.0,0.0,0.0,0.0,0.0,0.0,0.0,500000.0,1250000.0
619558400,mukono,13,350000.0,0.0,0.0,200000.0,100000.0,0.0,0.0,0.0,650000.0
621499875,mukono,13,800000.0,0.0,3600000.0,0.0,0.0,0.0,0.0,0.0,4400000.0
623176650,mukono,13,500000.0,0.0,12000000.0,1000000.0,0.0,0.0,0.0,0.0,13500000.0
623183149,mukono,13,288000.0,0.0,0.0,0.0,0.0,1000000.0,0.0,5000000.0,6288000.0
623185581,mukono,13,500000.0,0.0,0.0,1000000.0,0.0,2400000.0,0.0,0.0,3900000.0
633165095,mukono,13,500000.0,0.0,0.0,3000000.0,20000000.0,0.0,0.0,0.0,23500000.0
633861862,mukono,13,2000000.0,0.0,1000000.0,20000000.0,0.0,0.0,0.0,0.0,23000000.0
634022320,mukono,13,300000.0,0.0,0.0,300000.0,0.0,0.0,0.0,0.0,600000.0
634322498,mukono,13,120000.0,0.0,0.0,0.0,0.0,0.0,0.0,0.0,120000.0
634928993,mukono,13,60000.0,0.0,0.0,0.0,0.0,0.0,0.0,0.0,60000.0
634952733,mukono,13,1400000.0,0.0,0.0,0.0,500000.0,10000000.0,0.0,0.0,11900000.0
634953204,mukono,13,1200000.0,720000.0,0.0,0.0,500000.0,0.0,0.0,0.0,2420000.0
635102101,mukono,13,500000.0,0.0,0.0,0.0,0.0,20000000.0,12000000.0,0.0,32500000.0
635102513,mukono,13,800000.0,0.0,0.0,10000000.0,1000000.0,0.0,0.0,0.0,11800000.0
644159914,mukono,13,15000000.0,0.0,0.0,0.0,2800000.0,0.0,0.0,0.0,17800000.0
644420047,mukono,13,800000.0,0.0,0.0,0.0,0.0,2000000.0,0.0,0.0,2800000.0
551439754,nakaseke,13,4000000.0,299999.99999999977,0.0,299999.99999999977,20000000.000000015,0.0,0.0,0.0,24600000.000000015
552968706,nakaseke,13,8000000.0,0.0,0.0,0.0,350000.0000000001,0.0,0.0,0.0,8350000.0
552969446,nakaseke,13,2500000.0,0.0,0.0,0.0,39999.99999999997,0.0,0.0,0.0,2540000.0
552970239,nakaseke,13,3500000.0,0.0,0.0,0.0,0.0,0.0,0.0,0.0,3500000.0
554387935,nakaseke,13,5500000.0,0.0,0.0,0.0,74999.99999999996,0.0,0.0,0.0,5575000.0
558377096,nakaseke,13,2500000.0,500000.0,0.0,0.0,0.0,1000000.0,0.0,0.0,4000000.0
559607458,nakaseke,13,4000000.0,500000.0,0.0,0.0,200000.0,0.0,0.0,0.0,4700000.0
567493335,nakaseke,13,2000000.0,0.0,0.0,400000.0,800000.0,0.0,0.0,0.0,3200000.0
581802079,nakaseke,13,7000000.0,0.0,150000.0,0.0,300000.0,0.0,0.0,0.0,7450000.0
582619340,nakaseke,13,2000000.0,0.0,0.0,0.0,0.0,0.0,0.0,0.0,2000000.0
583580839,nakaseke,13,25000000.0,0.0,0.0,0.0,0.0,10000000.0,0.0,0.0,35000000.0
584444811,nakaseke,13,4000000.0,0.0,0.0,300000.0,0.0,0.0,0.0,0.0,4300000.0
585215286,nakaseke,13,6500000.0,500000.0,0.0,500000.0,0.0,0.0,0.0,0.0,7500000.0
587013182,nakaseke,13,6000000.0,0.0,150000.0,0.0,450000.0,0.0,0.0,0.0,6600000.0
588782700,nakaseke,13,12000000.0,0.0,0.0,500000.0,0.0,0.0,0.0,0.0,12500000.0
589705993,nakaseke,13,10000000.0,0.0,0.0,0.0,0.0,0.0,0.0,0.0,10000000.0
613178458,nakaseke,13,30000000.0,500000.0,0.0,0.0,0.0,0.0,0.0,0.0,30500000.0
613178880,nakaseke,13,3000000.0,800000.0,300000.0,0.0,0.0,0.0,0.0,0.0,4100000.0
613179574,nakaseke,13,4000000.0,0.0,0.0,0.0,400000.0,0.0,0.0,0.0,4400000.0
615825416,mukono,13,50000.0,0.0,0.0,0.0,0.0,0.0,0.0,0.0,50000.0
619544793,mukono,13,1000000.0,0.0,0.0,0.0,0.0,1000000.0,0.0,0.0,2000000.0
623479229,mukono,13,120000.0,0.0,0.0,0.0,0.0,0.0,0.0,0.0,120000.0
633706398,mukono,13,600000.0,0.0,0.0,0.0,0.0,0.0,0.0,0.0,600000.0
633706854,mukono,13,150000.0,0.0,0.0,0.0,80000.0,0.0,0.0,0.0,230000.0
553314312,nakaseke,13,11000000.0,0.0,0.0,0.0,999999.9999999995,0.0,0.0,0.0,12000000.0
555219512,nakaseke,13,1200000.0,2000000.0,0.0,0.0,0.0,0.0,0.0,0.0,3200000.0
561200684,nakaseke,13,4000000.0,0.0,0.0,200000.0,0.0,0.0,0.0,0.0,4200000.0
583583184,nakaseke,13,20000000.0,0.0,0.0,0.0,500000.0,0.0,0.0,0.0,20500000.0
584444125,nakaseke,13,8000000.0,0.0,0.0,0.0,0.0,1000000.0,0.0,0.0,9000000.0
584446459,nakaseke,13,4000000.0,0.0,200000.0,0.0,0.0,0.0,0.0,0.0,4200000.0
586786507,nakaseke,13,551800.0,160000.0,0.0,0.0,0.0,0.0,0.0,0.0,711800.0
586805028,nakaseke,13,384400.0,180000.0,0.0,0.0,100800.0,0.0,0.0,0.0,665200.0
588783732,nakaseke,13,8000000.0,0.0,0.0,300000.0,0.0,0.0,0.0,0.0,8300000.0
589705256,nakaseke,13,10000000.0,0.0,0.0,0.0,0.0,8000000.0,0.0,0.0,18000000.0
592362627,nakaseke,13,4000000.0,500000.0,0.0,0.0,0.0,0.0,0.0,0.0,4500000.0
592363516,nakaseke,13,9900000.0,0.0,0.0,0.0,0.0,0.0,0.0,0.0,9900000.0
615755561,mukono,13,24000000.0,2000000.0,0.0,0.0,1000000.0,5000000.0,0.0,0.0,32000000.0
616699698,mukono,13,600000.0,0.0,0.0,0.0,0.0,0.0,0.0,0.0,600000.0
618056804,mukono,13,1400000.0,0.0,0.0,200000.0,50000.0,0.0,0.0,0.0,1650000.0
623479343,mukono,13,150000.0,0.0,0.0,0.0,70000.0,0.0,0.0,0.0,220000.0
631647706,mukono,13,230000.0,0.0,0.0,0.0,0.0,0.0,0.0,0.0,230000.0
632871446,mukono,13,800000.0,0.0,0.0,0.0,0.0,0.0,0.0,0.0,800000.0
644420087,mukono,13,600000.0,0.0,0.0,1500000.0,0.0,0.0,0.0,0.0,2100000.0
583581711,nakaseke,13,8000000.0,0.0,200000.0,0.0,0.0,0.0,0.0,0.0,8200000.0
592192218,nakaseke,13,2400000.0,0.0,0.0,0.0,250000.0,0.0,0.0,0.0,2650000.0
614880682,mukono,13,1400000.0,0.0,0.0,0.0,0.0,0.0,0.0,0.0,1400000.0
618739011,mukono,13,6400000.0,0.0,0.0,0.0,0.0,0.0,0.0,0.0,6400000.0
618739107,mukono,13,1800000.0,0.0,0.0,0.0,0.0,0.0,0.0,0.0,1800000.0
622484850,mukono,13,600000.0,0.0,0.0,0.0,0.0,0.0,0.0,0.0,600000.0
623479274,mukono,13,150000.0,0.0,0.0,0.0,0.0,0.0,0.0,0.0,150000.0
623981062,mukono,13,400000.0,0.0,0.0,0.0,180000.0,0.0,0.0,0.0,580000.0
634929144,mukono,13,40000.0,0.0,0.0,0.0,75000.0,0.0,0.0,0.0,115000.0
635625391,mukono,13,120000.0,0.0,0.0,0.0,0.0,0.0,0.0,0.0,120000.0
635625490,mukono,13,80000.0,0.0,0.0,0.0,0.0,0.0,0.0,0.0,80000.0
556031317,nakaseke,13,450000.0,0.0,0.0,0.0,0.0,0.0,0.0,0.0,450000.0
556037719,nakaseke,13,400000.0,0.0,0.0,0.0,0.0,0.0,0.0,0.0,400000.0
560449324,nakaseke,13,2666000.0,0.0,0.0,0.0,1425600.0,0.0,0.0,0.0,4091600.0
586026956,nakaseke,13,354000.0,0.0,300000.0,0.0,0.0,0.0,0.0,0.0,654000.0
616680304,mukono,13,400000.0,0.0,800000.0,0.0,0.0,3600000.0,0.0,0.0,4800000.0
616700114,mukono,13,360000.0,0.0,0.0,0.0,0.0,0.0,0.0,0.0,360000.0
623980936,mukono,13,180000.0,0.0,0.0,0.0,0.0,0.0,0.0,0.0,180000.0
632872132,mukono,13,590000.0,0.0,0.0,0.0,0.0,0.0,0.0,0.0,590000.0
550732883,nakaseke,13,2800000.0,0.0,0.0,0.0,0.0,0.0,0.0,0.0,2800000.0
582502735,nakaseke,13,450000.0,0.0,0.0,0.0,0.0,0.0,0.0,0.0,450000.0
586030936,nakaseke,13,195000.0,0.0,150000.0,0.0,0.0,0.0,0.0,0.0,345000.0
614807290,mukono,13,900000.0,0.0,0.0,0.0,0.0,0.0,0.0,600000.0,1500000.0
614850521,mukono,13,200000.0,0.0,150000.0,0.0,300000.0,0.0,0.0,0.0,650000.0
614880379,mukono,13,2600000.0,0.0,0.0,20000.0,249999.99999999983,0.0,0.0,0.0,2870000.0
615759274,mukono,13,1000000.0,0.0,0.0,0.0,0.0,0.0,500000.0,0.0,1500000.0
615825361,mukono,13,2600000.0,0.0,0.0,0.0,0.0,0.0,0.0,0.0,2600000.0
616578776,mukono,13,1200000.0,300000.0,200000.0,0.0,0.0,1500000.0,0.0,0.0,3200000.0
616579437,mukono,13,1500000.0,0.0,0.0,500000.0,0.0,0.0,0.0,0.0,2000000.0
616580090,mukono,13,300000.0,100000.0,100000.0,100000.0,300000.0,0.0,0.0,0.0,900000.0
616699119,mukono,13,90000.0,0.0,0.0,0.0,0.0,0.0,0.0,0.0,90000.0
617648886,mukono,13,320000.0,0.0,0.0,0.0,0.0,0.0,0.0,0.0,320000.0
618056277,mukono,13,900000.0,0.0,0.0,100000.0,0.0,0.0,0.0,0.0,1000000.0
618502771,mukono,13,500000.0,0.0,200000.0,0.0,0.0,0.0,0.0,0.0,700000.0
618503624,mukono,13,1100000.0,0.0,0.0,1000000.0,0.0,0.0,0.0,0.0,2100000.0
619549456,mukono,13,1600000.0,0.0,0.0,0.0,0.0,1200000.0,0.0,1400000.0,4200000.0
619551006,mukono,13,480000.0,0.0,0.0,500000.0,0.0,0.0,0.0,0.0,980000.0
619552154,mukono,13,1200000.0,0.0,0.0,0.0,1000000.0,0.0,0.0,0.0,2200000.0
619559855,mukono,13,1800000.0,0.0,0.0,0.0,2000000.0,1350000.0,0.0,0.0,5150000.0
622292961,mukono,13,500000.0,0.0,0.0,400000.0,0.0,0.0,0.0,0.0,900000.0
623188000,mukono,13,600000.0,0.0,0.0,0.0,15000000.0,6000000.0,0.0,0.0,21600000.0
623704256,mukono,13,3500000.0,0.0,0.0,600000.0,500000.0,0.0,0.0,0.0,4600000.0
624717557,mukono,13,400000.0,0.0,2000000.0,0.0,0.0,0.0,0.0,0.0,2400000.0
628775538,mukono,13,1000000.0,0.0,0.0,1000000.0,0.0,0.0,0.0,0.0,2000000.0
632457381,mukono,13,1200000.0,0.0,0.0,600000.0,300000.0,0.0,0.0,0.0,2100000.0
632479613,mukono,13,800000.0,100000.0,0.0,200000.0,100000.0,0.0,0.0,0.0,1200000.0
632526756,mukono,13,17500000.0,0.0,0.0,2000000.0,0.0,0.0,0.0,0.0,19500000.0
632870245,mukono,13,120000.0,0.0,0.0,0.0,15000.0,0.0,0.0,0.0,135000.0
633860192,mukono,13,15000000.0,0.0,0.0,1000000.0,600000.0,0.0,0.0,0.0,16600000.0
633861646,mukono,13,3000000.0,0.0,0.0,0.0,2800000.0,0.0,0.0,0.0,5800000.0
634322667,mukono,13,160000.0,0.0,0.0,0.0,0.0,0.0,0.0,0.0,160000.0
634322758,mukono,13,800000.0,0.0,0.0,0.0,0.0,0.0,0.0,0.0,800000.0
635625535,mukono,13,900000.0,0.0,0.0,0.0,40000.0,0.0,0.0,0.0,940000.0
635860119,mukono,13,1200000.0,200000.0,0.0,300000.0,300000.0,0.0,0.0,0.0,2000000.0
636602799,mukono,13,1500000.0,200000.0,0.0,0.0,200000.0,0.0,0.0,0.0,1900000.0
558422222,nakaseke,13,1180000.0,240000.0,0.0,0.0,0.0,0.0,0.0,0.0,1420000.0
559666954,nakaseke,13,494000.0,0.0,0.0,0.0,0.0,0.0,0.0,0.0,494000.0
560448617,nakaseke,13,560000.0,0.0,0.0,0.0,0.0,0.0,0.0,0.0,560000.0
583505993,nakaseke,13,450000.0,0.0,180000.0,0.0,0.0,0.0,0.0,0.0,630000.0
584452976,nakaseke,13,286000.0,1500000.0,250000.0,0.0,0.0,0.0,0.0,0.0,2036000.0
586809899,nakaseke,13,298900.0,250000.0,150000.0,0.0,0.0,0.0,0.0,0.0,698900.0
618738329,mukono,13,1200000.0,0.0,0.0,0.0,0.0,0.0,0.0,0.0,1200000.0
623981362,mukono,13,800000.0,0.0,0.0,0.0,0.0,0.0,0.0,0.0,800000.0
633706233,mukono,13,180000.0,0.0,0.0,0.0,0.0,0.0,0.0,0.0,180000.0
555219650,nakaseke,13,700000.0,0.0,0.0,0.0,0.0,0.0,0.0,0.0,700000.0
581666974,nakaseke,13,663600.0,0.0,0.0,250000.0,162000.0,0.0,0.0,0.0,1075600.0
589566940,nakaseke,13,420000.0,0.0,0.0,0.0,0.0,0.0,0.0,0.0,420000.0
615760019,mukono,13,600000.0,300000.0,0.0,0.0,0.0,0.0,0.0,0.0,900000.0
615825276,mukono,13,1200000.0,0.0,0.0,0.0,0.0,0.0,0.0,0.0,1200000.0
616698945,mukono,13,6000000.0,0.0,0.0,0.0,1500000.0,0.0,0.0,0.0,7500000.0
616699320,mukono,13,1800000.0,0.0,0.0,0.0,0.0,0.0,0.0,0.0,1800000.0
619769782,mukono,13,1800000.0,0.0,0.0,0.0,0.0,0.0,0.0,0.0,1800000.0
621639263,mukono,13,100000.0,0.0,0.0,0.0,0.0,0.0,0.0,0.0,100000.0
622484708,mukono,13,1600000.0,0.0,0.0,0.0,0.0,0.0,0.0,0.0,1600000.0
623981163,mukono,13,1800000.0,0.0,0.0,0.0,2200000.0,0.0,0.0,0.0,4000000.0
550732746,nakaseke,13,1200000.0,249999.9999999998,0.0,0.0,2800000.000000002,0.0,0.0,0.0,4250000.000000002
615825485,mukono,13,2400000.0,0.0,0.0,0.0,0.0,0.0,0.0,0.0,2400000.0
551438282,nakaseke,13,1250000.0,0.0,0.0,0.0,0.0,0.0,0.0,0.0,1250000.0
585181910,nakaseke,13,468000.0,230000.0,0.0,250000.0,0.0,0.0,0.0,0.0,948000.0
553313598,nakaseke,13,14010000.0,0.0,0.0,0.0,1999999.9999999993,0.0,0.0,0.0,16010000.0
555219886,nakaseke,13,1900000.0,420000.0,0.0,0.0,0.0,0.0,0.0,0.0,2320000.0
561236657,nakaseke,13,1296000.0,0.0,0.0,500000.0,221000.0,0.0,0.0,0.0,2017000.0
583502844,nakaseke,13,510000.0,0.0,0.0,0.0,0.0,0.0,0.0,0.0,510000.0
584472197,nakaseke,13,702000.0,0.0,300000.0,0.0,466200.0,0.0,0.0,0.0,1468200.0
588619360,nakaseke,13,492000.0,0.0,0.0,0.0,0.0,0.0,0.0,0.0,492000.0
613814407,nakaseke,13,2560000.0,0.0,0.0,0.0,0.0,0.0,0.0,0.0,2560000.0
614850687,mukono,13,200000.0,0.0,0.0,200000.0,0.0,0.0,0.0,0.0,400000.0
615773237,mukono,13,700000.0,0.0,300000.0,200000.0,120000.0,200000.0,0.0,0.0,1520000.0
616679140,mukono,13,3000000.0,1000000.0,0.0,0.0,6000000.0,10000000.0,0.0,0.0,20000000.0
618056509,mukono,13,3000000.0,0.0,0.0,100000.0,0.0,0.0,0.0,0.0,3100000.0
618502947,mukono,13,1000000.0,0.0,0.0,300000.0,200000.0,0.0,0.0,0.0,1500000.0
618503261,mukono,13,900000.0,0.0,0.0,0.0,0.0,0.0,0.0,1000000.0,1900000.0
618738549,mukono,13,900000.0,0.0,0.0,0.0,0.0,0.0,0.0,0.0,900000.0
619307564,mukono,13,1300000.0,0.0,0.0,200000.0,500000.0,0.0,0.0,0.0,2000000.0
619543012,mukono,13,400000.0,360000.0,0.0,0.0,0.0,5100000.0,0.0,0.0,5860000.0
620136574,mukono,13,900000.0,300000.0,200000.0,0.0,300000.0,0.0,0.0,0.0,1700000.0
620155076,mukono,13,500000.0,500000.0,0.0,0.0,300000.0,0.0,0.0,0.0,1300000.0
621076849,mukono,13,1500000.0,0.0,0.0,0.0,2000000.0,0.0,0.0,2000000.0,5500000.0
622287746,mukono,13,700000.0,0.0,0.0,100000.0,70000.0,0.0,0.0,0.0,870000.0
622484987,mukono,13,2400000.0,0.0,0.0,0.0,0.0,0.0,0.0,0.0,2400000.0
631647870,mukono,13,1800000.0,0.0,0.0,0.0,0.0,0.0,0.0,0.0,1800000.0
632483673,mukono,13,2000000.0,200000.0,0.0,300000.0,300000.0,0.0,0.0,0.0,2800000.0
632532023,mukono,13,4800000.0,0.0,0.0,0.0,1000000.0,0.0,0.0,0.0,5800000.0
633706958,mukono,13,320000.0,0.0,0.0,0.0,150000.0,0.0,0.0,0.0,470000.0
634023370,mukono,13,2000000.0,0.0,0.0,200000.0,0.0,0.0,0.0,100000.0,2300000.0
634718078,mukono,13,3000000.0,300000.0,0.0,0.0,300000.0,0.0,0.0,100000.0,3700000.0
634718387,mukono,13,1000000.0,100000.0,100000.0,100000.0,200000.0,0.0,0.0,0.0,1500000.0
635238203,mukono,13,700000.0,100000.0,300000.0,0.0,100000.0,0.0,0.0,0.0,1200000.0
635859907,mukono,13,1800000.0,200000.0,0.0,300000.0,30000.0,0.0,0.0,0.0,2330000.0
636603192,mukono,13,7000000.0,0.0,0.0,0.0,500000.0,2000000.0,0.0,0.0,9500000.0
551433371,nakaseke,13,930000.0,999999.9999999995,0.0,0.0,0.0,0.0,0.0,0.0,1929999.9999999995
581719428,nakaseke,13,554400.0,0.0,0.0,0.0,0.0,0.0,0.0,0.0,554400.0
584453809,nakaseke,13,1008000.0,0.0,0.0,300000.0,0.0,0.0,0.0,0.0,1308000.0
588629366,nakaseke,13,552000.0,350000.0,0.0,0.0,0.0,0.0,0.0,0.0,902000.0
593198085,nakaseke,13,456000.0,0.0,0.0,0.0,0.0,0.0,0.0,0.0,456000.0
614850630,mukono,13,500000.0,0.0,100000.0,0.0,100000.0,0.0,0.0,0.0,700000.0
558415060,nakaseke,13,694400.0,0.0,0.0,250000.0,0.0,0.0,0.0,0.0,944400.0
561237697,nakaseke,13,499200.0,450000.0,0.0,0.0,500000.0,0.0,0.0,0.0,1449200.0
582502398,nakaseke,13,480000.0,0.0,0.0,0.0,225000.0,0.0,0.0,0.0,705000.0
586028388,nakaseke,13,617400.0,0.0,300000.0,0.0,200000.0,0.0,0.0,0.0,1117400.0
613819661,nakaseke,13,336000.0,0.0,0.0,0.0,0.0,0.0,0.0,0.0,336000.0
619770045,mukono,13,900000.0,0.0,0.0,0.0,0.0,0.0,0.0,0.0,900000.0
553313800,nakaseke,13,14000000.0,0.0,0.0,0.0,499999.9999999997,0.0,0.0,0.0,14500000.0
560449000,nakaseke,13,680400.0,0.0,0.0,0.0,150000.0,0.0,0.0,0.0,830400.0
560449862,nakaseke,13,610000.0,0.0,0.0,300000.0,0.0,0.0,0.0,0.0,910000.0
583505325,nakaseke,13,1500000.0,0.0,0.0,0.0,0.0,0.0,0.0,0.0,1500000.0
613821415,nakaseke,13,2232000.0,0.0,0.0,0.0,0.0,0.0,0.0,0.0,2232000.0
561257600,nakaseke,13,325000.0,0.0,0.0,0.0,0.0,0.0,0.0,0.0,325000.0
585193571,nakaseke,13,545200.0,0.0,200000.0,0.0,640800.0,0.0,0.0,0.0,1386000.0
621639988,mukono,13,600000.0,0.0,0.0,0.0,1200000.0,0.0,0.0,0.0,1800000.0
550731204,nakaseke,13,600000.0,0.0,0.0,0.0,0.0,0.0,0.0,0.0,600000.0
550739292,nakaseke,13,500000.0,0.0,0.0,0.0,0.0,0.0,0.0,0.0,500000.0
550740686,nakaseke,13,1000000.0,0.0,0.0,0.0,0.0,0.0,0.0,0.0,1000000.0
551433006,nakaseke,13,1210000.0,499999.9999999997,0.0,0.0,0.0,0.0,0.0,0.0,1709999.9999999998
552803009,nakaseke,13,7950000.0,0.0,0.0,0.0,0.0,0.0,0.0,0.0,7950000.0
554395712,nakaseke,13,2360000.0,0.0,0.0,0.0,1049999.9999999998,0.0,0.0,0.0,3410000.0
554399870,,13,8800000.0,0.0,0.0,0.0,1950000.0000000016,0.0,0.0,0.0,10750000.000000002
555219447,nakaseke,13,1050000.0,0.0,0.0,0.0,0.0,0.0,0.0,0.0,1050000.0
559669939,nakaseke,13,2697500.0,0.0,0.0,0.0,520000.0,0.0,0.0,0.0,3217500.0
581666409,nakaseke,13,680400.0,0.0,100000.0,0.0,180000.0,0.0,0.0,0.0,960400.0
585208171,nakaseke,13,975000.0,0.0,300000.0,0.0,0.0,0.0,0.0,0.0,1275000.0
613829595,nakaseke,13,1003400.0,0.0,0.0,0.0,0.0,0.0,0.0,0.0,1003400.0
614807717,mukono,13,800000.0,0.0,0.0,500000.0,0.0,0.0,0.0,0.0,1300000.0
615773415,mukono,13,900000.0,200000.0,0.0,300000.0,300000.0,500000.0,0.0,0.0,2200000.0
616587562,mukono,13,1500000.0,20000.0,0.0,0.0,200000.0,0.0,0.0,0.0,1720000.0
617648818,mukono,13,1200000.0,0.0,0.0,0.0,0.0,0.0,0.0,0.0,1200000.0
617656724,mukono,13,3200000.0,0.0,0.0,0.0,0.0,0.0,0.0,0.0,3200000.0
618738718,mukono,13,2400000.0,0.0,0.0,0.0,0.0,0.0,0.0,0.0,2400000.0
618740822,mukono,13,2400000.0,0.0,0.0,0.0,0.0,0.0,0.0,0.0,2400000.0
619306835,mukono,13,1200000.0,300000.0,0.0,200000.0,0.0,300000.0,0.0,0.0,2000000.0
619559199,mukono,13,6000000.0,0.0,0.0,0.0,12000000.0,0.0,0.0,0.0,18000000.0
619769613,mukono,13,4500000.0,0.0,0.0,0.0,0.0,0.0,0.0,0.0,4500000.0
620129760,mukono,13,3500000.0,500000.0,0.0,0.0,500000.0,0.0,0.0,0.0,4500000.0
620157158,mukono,13,2500000.0,0.0,0.0,2000000.0,1000000.0,300000.0,0.0,0.0,5800000.0
620418682,mukono,13,12000000.0,1800000.0,0.0,0.0,1000000.0,0.0,0.0,0.0,14800000.0
620699865,mukono,13,2400000.0,0.0,0.0,0.0,0.0,0.0,0.0,0.0,2400000.0
620699988,mukono,13,36000000.0,0.0,0.0,0.0,0.0,0.0,0.0,0.0,36000000.0
621075678,mukono,13,1200000.0,0.0,0.0,0.0,0.0,0.0,0.0,100000.0,1300000.0
621078199,mukono,13,1200000.0,0.0,0.0,0.0,500000.0,0.0,0.0,1000000.0,2700000.0
621497521,mukono,13,750000.0,0.0,0.0,500000.0,200000.0,0.0,0.0,0.0,1450000.0
622288485,mukono,13,2000000.0,2500000.0,0.0,0.0,1000000.0,500000.0,0.0,0.0,6000000.0
622289226,mukono,13,900000.0,200000.0,100000.0,0.0,500000.0,0.0,0.0,300000.0,2000000.0
622950844,mukono,13,2600000.0,400000.0,0.0,0.0,1500000.0,0.0,0.0,0.0,4500000.0
622950959,mukono,13,700000.0,100000.0,0.0,200000.0,0.0,0.0,0.0,0.0,1000000.0
622951178,mukono,13,2100000.0,0.0,0.0,0.0,2000000.0,0.0,0.0,0.0,4100000.0
623479319,mukono,13,400000.0,0.0,0.0,0.0,2800000.0,0.0,0.0,0.0,3200000.0
623704150,mukono,13,1000000.0,500000.0,0.0,500000.0,300000.0,0.0,0.0,0.0,2300000.0
623704380,mukono,13,300000.0,0.0,200000.0,0.0,200000.0,0.0,0.0,0.0,700000.0
624715344,mukono,13,200000.0,0.0,0.0,0.0,200000.0,0.0,0.0,1000000.0,1400000.0
631647480,mukono,13,3200000.0,0.0,0.0,0.0,700000.0,0.0,0.0,0.0,3900000.0
632449589,mukono,13,3000000.0,0.0,0.0,500000.0,0.0,0.0,0.0,0.0,3500000.0
632465838,mukono,13,2500000.0,200000.0,0.0,300000.0,300000.0,0.0,0.0,0.0,3300000.0
633165465,mukono,13,2000000.0,400000.0,0.0,500000.0,500000.0,0.0,0.0,0.0,3400000.0
633165662,mukono,13,2000000.0,300000.0,0.0,0.0,300000.0,200000.0,0.0,0.0,2800000.0
634022615,mukono,13,4000000.0,1000000.0,0.0,1000000.0,300000.0,0.0,0.0,0.0,6300000.0
634718321,mukono,13,1000000.0,0.0,0.0,0.0,300000.0,500000.0,0.0,0.0,1800000.0
634929270,mukono,13,80000.0,0.0,0.0,0.0,0.0,0.0,0.0,0.0,80000.0
635102819,mukono,13,1000000.0,0.0,500000.0,0.0,500000.0,0.0,0.0,0.0,2000000.0
635238371,mukono,13,2000000.0,1000000.0,0.0,500000.0,500000.0,0.0,0.0,0.0,4000000.0
635238449,mukono,13,2500000.0,100000.0,0.0,300000.0,300000.0,0.0,0.0,0.0,3200000.0
635238630,mukono,13,1500000.0,500000.0,0.0,300000.0,300000.0,0.0,0.0,0.0,2600000.0
635625333,mukono,13,400000.0,0.0,0.0,0.0,0.0,0.0,0.0,0.0,400000.0
635859825,mukono,13,1500000.0,0.0,0.0,500000.0,0.0,0.0,0.0,0.0,2000000.0
635860002,mukono,13,3000000.0,200000.0,0.0,0.0,0.0,0.0,0.0,0.0,3200000.0
635860179,mukono,13,3000000.0,1000000.0,0.0,500000.0,500000.0,0.0,0.0,0.0,5000000.0
636134719,mukono,13,24000000.0,0.0,0.0,1000000.0,1950000.0,0.0,0.0,0.0,26950000.0
636135880,mukono,13,1400000.0,0.0,1500000.0,0.0,500000.0,0.0,0.0,0.0,3400000.0
636603058,mukono,13,900000.0,0.0,0.0,0.0,200000.0,0.0,0.0,0.0,1100000.0
636603136,mukono,13,700000.0,0.0,0.0,300000.0,500000.0,0.0,0.0,0.0,1500000.0
644152753,mukono,13,2000000.0,200000.0,0.0,300000.0,300000.0,0.0,0.0,300000.0,3100000.0
644152847,mukono,13,700000.0,100000.0,0.0,200000.0,200000.0,0.0,0.0,0.0,1200000.0
644159669,mukono,13,3200000.0,0.0,0.0,0.0,420000.0,0.0,0.0,0.0,3620000.0
554400498,nakaseke,13,7000000.0,0.0,0.0,0.0,2800000.0000000014,0.0,0.0,0.0,9800000.000000002
559666632,nakaseke,13,990000.0,0.0,0.0,150000.0,0.0,0.0,0.0,0.0,1140000.0
619306547,mukono,13,2000000.0,500000.0,0.0,0.0,0.0,0.0,0.0,320000.0,2820000.0
622485261,mukono,13,800000.0,0.0,0.0,0.0,0.0,0.0,0.0,0.0,800000.0
631647195,mukono,13,600000.0,0.0,0.0,0.0,150000.0,0.0,0.0,0.0,750000.0
565368592,nakaseke,13,571200.0,0.0,0.0,0.0,127000.0,0.0,0.0,0.0,698200.0
584454693,nakaseke,13,250000.0,0.0,250000.0,0.0,0.0,0.0,0.0,0.0,500000.0
618738814,mukono,13,2600000.0,0.0,0.0,0.0,0.0,0.0,0.0,0.0,2600000.0
582503421,nakaseke,13,690000.0,0.0,0.0,0.0,0.0,0.0,0.0,0.0,690000.0
589565846,nakaseke,13,720000.0,0.0,0.0,0.0,850000.0,0.0,0.0,0.0,1570000.0
614850459,mukono,13,1100000.0,0.0,0.0,0.0,550000.0,0.0,0.0,0.0,1650000.0
556032422,nakaseke,13,2500000.0,1800000.0,0.0,300000.0,0.0,0.0,0.0,0.0,4600000.0
558422563,nakaseke,13,1750000.0,0.0,0.0,0.0,950000.0,0.0,0.0,0.0,2700000.0
585223034,nakaseke,13,342000.0,0.0,0.0,0.0,0.0,0.0,0.0,0.0,342000.0
623704362,mukono,13,700000.0,500000.0,0.0,0.0,500000.0,0.0,0.0,0.0,1700000.0
633165535,mukono,13,1800000.0,0.0,0.0,500000.0,500000.0,0.0,0.0,0.0,2800000.0
634929225,mukono,13,4000000.0,0.0,0.0,0.0,100000.0,0.0,0.0,0.0,4100000.0
636602878,mukono,13,3500000.0,200000.0,0.0,200000.0,300000.0,0.0,0.0,0.0,4200000.0
558418973,nakaseke,13,1664000.0,0.0,0.0,0.0,1800000.0,2500000.0,0.0,0.0,5964000.0
613827164,nakaseke,13,1560200.0,0.0,450000.0,0.0,950000.0,0.0,0.0,0.0,2960200.0
632876809,mukono,13,320000.0,0.0,0.0,0.0,0.0,0.0,0.0,0.0,320000.0
559670838,nakaseke,13,2073500.0,0.0,0.0,200000.0,0.0,0.0,0.0,0.0,2273500.0
588625655,nakaseke,13,2496000.0,0.0,300000.0,0.0,1050000.0,0.0,0.0,0.0,3846000.0
550732633,nakaseke,13,1050000.0,0.0,0.0,499999.99999999977,0.0,0.0,0.0,0.0,1549999.9999999998
550740078,nakaseke,13,1100000.0,19999.99999999998,0.0,0.0,0.0,0.0,0.0,0.0,1120000.0
552802393,nakaseke,13,8800000.0,100000.00000000001,0.0,0.0,200000.00000000006,0.0,0.0,0.0,9100000.0
553314788,nakaseke,13,7500000.0,0.0,0.0,0.0,299999.9999999999,0.0,0.0,0.0,7800000.0
556033462,nakaseke,13,4032000.0,0.0,0.0,0.0,1755000.0,0.0,0.0,0.0,5787000.0
557694485,nakaseke,13,90000.0,0.0,0.0,50000.0,0.0,0.0,0.0,0.0,140000.0
557694682,nakaseke,13,90000.0,0.0,0.0,25000.0,0.0,0.0,0.0,0.0,115000.0
557711753,nakaseke,13,1750000.0,0.0,0.0,0.0,0.0,0.0,0.0,0.0,1750000.0
557713215,nakaseke,13,1150000.0,0.0,0.0,0.0,0.0,0.0,0.0,0.0,1150000.0
558375556,nakaseke,13,300000.0,0.0,0.0,50000.0,60000.0,0.0,0.0,0.0,410000.0
565368815,nakaseke,13,1150000.0,0.0,0.0,300000.0,0.0,0.0,0.0,0.0,1450000.0
583503314,nakaseke,13,3060000.0,0.0,0.0,0.0,639000.0,0.0,0.0,0.0,3699000.0
592192864,nakaseke,13,2400000.0,0.0,0.0,0.0,0.0,0.0,0.0,0.0,2400000.0
614807974,mukono,13,700000.0,0.0,0.0,400000.0,0.0,0.0,0.0,0.0,1100000.0
614850566,mukono,13,3200000.0,0.0,0.0,0.0,3000000.0,0.0,0.0,0.0,6200000.0
615761193,mukono,13,7000000.0,1000000.0,0.0,0.0,1000000.0,0.0,500000.0,0.0,9500000.0
615773611,mukono,13,1000000.0,200000.0,100000.0,0.0,100000.0,0.0,0.0,0.0,1400000.0
616675567,mukono,13,300000.0,0.0,0.0,0.0,0.0,1000000.0,600000.0,0.0,1900000.0
617462488,mukono,13,650000.0,0.0,0.0,0.0,0.0,4000000.0,0.0,0.0,4650000.0
617463415,mukono,13,300000.0,0.0,0.0,0.0,300000.0,2400000.0,0.0,0.0,3000000.0
617648934,mukono,13,2400000.0,0.0,0.0,0.0,0.0,0.0,0.0,0.0,2400000.0
619547863,mukono,13,1000000.0,0.0,0.0,0.0,250000.0,1000000.0,0.0,0.0,2250000.0
619769827,mukono,13,560000.0,0.0,0.0,0.0,0.0,0.0,0.0,250000.0,810000.0
619769984,mukono,13,1800000.0,0.0,0.0,0.0,0.0,0.0,0.0,0.0,1800000.0
620417365,mukono,13,600000.0,0.0,0.0,0.0,0.0,5000000.0,1000000.0,0.0,6600000.0
620699936,mukono,13,3200000.0,0.0,0.0,0.0,0.0,0.0,0.0,0.0,3200000.0
620700057,mukono,13,1200000.0,0.0,0.0,0.0,1600000.0,0.0,0.0,0.0,2800000.0
621078668,mukono,13,1100000.0,200000.0,0.0,0.0,800000.0,0.0,4800000.0,500000.0,7400000.0
621640204,mukono,13,130000.0,0.0,0.0,0.0,0.0,0.0,0.0,0.0,130000.0
621642449,mukono,13,200000.0,0.0,0.0,0.0,0.0,0.0,0.0,0.0,200000.0
622289483,mukono,13,400000.0,200000.0,100000.0,0.0,200000.0,0.0,0.0,0.0,900000.0
622485078,mukono,13,8000000.0,0.0,0.0,0.0,4500000.0,0.0,0.0,0.0,12500000.0
623981243,mukono,13,100000.0,0.0,0.0,0.0,250000.0,0.0,0.0,0.0,350000.0
624290457,mukono,13,1800000.0,500000.0,0.0,1000000.0,500000.0,600000.0,0.0,0.0,4400000.0
624291333,mukono,13,700000.0,600000.0,0.0,600000.0,500000.0,0.0,0.0,0.0,2400000.0
624292438,mukono,13,700000.0,700000.0,200000.0,200000.0,200000.0,0.0,0.0,0.0,2000000.0
631647010,mukono,13,1200000.0,0.0,0.0,0.0,75000.0,0.0,0.0,0.0,1275000.0
633165312,mukono,13,1200000.0,0.0,0.0,200000.0,0.0,0.0,0.0,0.0,1400000.0
633706793,mukono,13,300000.0,0.0,0.0,0.0,500000.0,0.0,0.0,0.0,800000.0
634022985,mukono,13,900000.0,0.0,0.0,300000.0,0.0,0.0,0.0,100000.0,1300000.0
634718242,mukono,13,5000000.0,1000000.0,0.0,1000000.0,1000000.0,0.0,0.0,0.0,8000000.0
635238561,mukono,13,1200000.0,0.0,0.0,500000.0,300000.0,0.0,0.0,0.0,2000000.0
636135365,mukono,13,3000000.0,0.0,500000.0,300000.0,100000.0,0.0,0.0,0.0,3900000.0
636136285,mukono,13,2400000.0,0.0,0.0,1000000.0,0.0,0.0,0.0,3000000.0,6400000.0
616674531,mukono,13,5100000.0,0.0,0.0,0.0,0.0,0.0,2000000.0,0.0,7100000.0
557715625,nakaseke,13,1650000.0,0.0,0.0,0.0,0.0,0.0,0.0,0.0,1650000.0
582503133,nakaseke,13,1260000.0,0.0,0.0,500000.0,0.0,0.0,0.0,0.0,1760000.0
586804272,nakaseke,13,3217800.0,300000.0,1000000.0,0.0,560000.0,0.0,0.0,0.0,5077800.0
620699783,mukono,13,2800000.0,0.0,0.0,0.0,0.0,0.0,0.0,0.0,2800000.0
550738751,nakaseke,13,400000.0,0.0,0.0,0.0,0.0,0.0,0.0,0.0,400000.0
589566299,nakaseke,13,540000.0,0.0,0.0,0.0,0.0,0.0,0.0,0.0,540000.0
556042851,nakaseke,13,700000.0,0.0,0.0,300000.0,250000.0,0.0,0.0,0.0,1250000.0
581667076,nakaseke,13,831600.0,0.0,300000.0,150000.0,0.0,0.0,0.0,0.0,1281600.0
561201812,nakaseke,13,600000.0,0.0,250000.0,90000.0,90000.0,0.0,0.0,0.0,1030000.0
561202655,nakaseke,13,300000.0,60000.0,55000.0,150000.0,70000.0,0.0,0.0,0.0,635000.0
622951271,mukono,13,1800000.0,1000000.0,0.0,0.0,1200000.0,0.0,0.0,0.0,4000000.0
623479194,mukono,13,2400000.0,0.0,0.0,0.0,1200000.0,0.0,0.0,0.0,3600000.0
633859954,mukono,13,1200000.0,0.0,1000000.0,0.0,500000.0,0.0,0.0,0.0,2700000.0
634322609,mukono,13,1800000.0,0.0,0.0,0.0,0.0,0.0,0.0,0.0,1800000.0
634718422,mukono,13,1000000.0,0.0,0.0,0.0,800000.0000000005,0.0,0.0,0.0,1800000.0000000005
618738459,mukono,13,5400000.0,0.0,0.0,0.0,0.0,0.0,0.0,0.0,5400000.0
552806909,nakaseke,13,1120000.0,0.0,0.0,0.0,2800000.0000000014,0.0,0.0,0.0,3920000.0000000014
557694859,nakaseke,13,90000.0,0.0,0.0,0.0,0.0,0.0,0.0,0.0,90000.0
589566059,nakaseke,13,6300000.0,1000000.0,0.0,300000.0,0.0,0.0,0.0,0.0,7600000.0
593200247,nakaseke,13,31200005.0,1000000.0,0.0,0.0,1080000.0,0.0,0.0,0.0,33280005.0
613820537,nakaseke,13,5040000.0,500000.0,0.0,0.0,0.0,0.0,0.0,0.0,5540000.0
614808240,mukono,13,1000000.0,0.0,0.0,600000.0,0.0,200000.0,0.0,0.0,1800000.0
615773753,mukono,13,1500000.0,1000000.0,0.0,200000.0,0.0,0.0,0.0,0.0,2700000.0
617460629,mukono,13,800000.0,0.0,0.0,0.0,0.0,20000000.0,0.0,500000.0,21300000.0
617461111,mukono,13,400000.0,0.0,0.0,300000.0,0.0,0.0,0.0,0.0,700000.0
617461597,mukono,13,120000.0,0.0,0.0,0.0,0.0,0.0,0.0,0.0,120000.0
618056660,mukono,13,1200000.0,0.0,0.0,200000.0,0.0,500000.0,0.0,0.0,1900000.0
618502638,mukono,13,2000000.0,0.0,0.0,0.0,300000.0,0.0,0.0,12000000.000000011,14300000.000000011
618738618,mukono,13,3400000.0,0.0,0.0,0.0,0.0,0.0,0.0,0.0,3400000.0
619308856,mukono,13,3000000.0,500000.0,0.0,0.0,500000.0,0.0,0.0,9000000.0,13000000.0
620131758,mukono,13,700000.0,500000.0,0.0,0.0,500000.0,0.0,0.0,0.0,1700000.0
621077765,mukono,13,2500000.0,0.0,0.0,0.0,0.0,0.0,0.0,1000000.0,3500000.0
622950517,mukono,13,8000000.0,300000.0,0.0,500000.0,4000000.0,0.0,0.0,0.0,12800000.0
623178431,mukono,13,1600000.0,0.0,1000000.0,240000.0,0.0,0.0,0.0,0.0,2840000.0
623271316,mukono,13,750000.0,0.0,0.0,0.0,10000000.0,2000000.0,0.0,0.0,12750000.0
623272577,mukono,13,1000000.0,0.0,0.0,0.0,20000000.0,0.0,0.0,0.0,21000000.0
624293459,mukono,13,1100000.0,1000000.0,0.0,0.0,0.0,0.0,0.0,0.0,2100000.0
624713073,mukono,13,400000.0,0.0,0.0,5000000.0,0.0,0.0,0.0,0.0,5400000.0
624713879,mukono,13,685000.0,0.0,0.0,0.0,0.0,2000000.0,0.0,0.0,2685000.0
625320144,mukono,13,800000.0,360000.0,0.0,0.0,6000000.0,0.0,0.0,0.0,7160000.0
628089142,mukono,13,840000.0,0.0,0.0,0.0,0.0,0.0,5000000.0,0.0,5840000.0
628089849,mukono,13,1400000.0,0.0,0.0,0.0,0.0,3000000.0,0.0,0.0,4400000.0
628775275,mukono,13,45000000.0,0.0,0.0,1000000.0,0.0,10000000.0,0.0,0.0,56000000.0
630120893,mukono,13,2400000.0,0.0,0.0,500000.0,0.0,1000000.0,0.0,0.0,3900000.0
632524617,mukono,13,6500000.0,0.0,0.0,0.0,240000.0,2000000.0,0.0,0.0,8740000.0
633860632,mukono,13,2400000.0,0.0,0.0,0.0,1200000.0,0.0,4800000.0,0.0,8400000.0
633861486,mukono,13,1410000.0,0.0,0.0,0.0,0.0,0.0,6000000.0,0.0,7410000.0
634021883,mukono,13,5000000.0,1000000.0,0.0,0.0,600000.0,0.0,0.0,0.0,6600000.0
634952329,mukono,13,49000000.0,0.0,0.0,0.0,2000000.0,0.0,6000000.0,0.0,57000000.0
635102211,mukono,13,4000000.0,10000000.0,0.0,0.0,5000000.0,0.0,0.0,2000000.0,21000000.0
635102285,mukono,13,1200000.0,0.0,2000000.0,0.0,500000.0,0.0,0.0,0.0,3700000.0
623184098,mukono,13,1500000.0,0.0,0.0,0.0,500000.0,0.0,1000000.0,0.0,3000000.0
554408234,nakaseke,13,550000.0,0.0,0.0,0.0,0.0,0.0,0.0,0.0,550000.0
556042141,nakaseke,13,300000.0,0.0,0.0,0.0,120000.0,0.0,0.0,0.0,420000.0
559614978,nakaseke,13,600000.0,0.0,500000.0,0.0,400000.0,0.0,0.0,0.0,1500000.0
581570782,nakaseke,13,1000000.0,0.0,0.0,500000.0,299999.9999999999,0.0,0.0,0.0,1800000.0
552806065,,13,500000.0,0.0,0.0,0.0,0.0,0.0,0.0,0.0,500000.0
553316435,nakaseke,13,1700000.0,0.0,0.0,0.0,70000.00000000001,0.0,0.0,0.0,1770000.0
558375760,nakaseke,13,150000.0,0.0,0.0,0.0,0.0,0.0,0.0,0.0,150000.0
559615316,nakaseke,13,500000.0,0.0,400000.0,250000.0,50000.0,0.0,0.0,0.0,1200000.0
630121155,mukono,13,4200000.0,1000000.0,0.0,0.0,200000.0,0.0,0.0,0.0,5400000.0
630121646,mukono,13,2800000.0,0.0,0.0,700000.0,120000.0,0.0,0.0,0.0,3620000.0
560425493,nakaseke,13,250000.0,0.0,0.0,100000.0,50000.0,0.0,0.0,0.0,400000.0
560424556,nakaseke,13,600000.0,0.0,500000.0,90000.0,200000.0,0.0,0.0,0.0,1390000.0
561200542,nakaseke,13,600000.0,450000.0,0.0,90000.0,50000.0,0.0,0.0,0.0,1190000.0
561202398,nakaseke,13,350000.0,0.0,200000.0,100000.0,60000.0,0.0,0.0,0.0,710000.0
560425197,nakaseke,13,500000.0,0.0,350000.0,160000.0,90000.0,0.0,0.0,0.0,1100000.0
628088416,mukono,13,1300000.0,3000000.0,0.0,500000.0,0.0,2000000.0,0.0,0.0,6800000.0
628089405,mukono,13,1400000.0,0.0,0.0,0.0,0.0,6000000.0,0.0,0.0,7400000.0
628774965,mukono,13,1000000.0,0.0,2000000.0,500000.0,0.0,0.0,0.0,0.0,3500000.0
632530379,mukono,13,1000000.0,0.0,0.0,5000000.0,500000.0,0.0,0.0,0.0,6500000.0
636135085,mukono,13,20800000.0,1000000.0,0.0,0.0,500000.0,0.0,0.0,0.0,22300000.0
556039009,nakaseke,13,20000.0,0.0,0.0,50000.0,120000.0,0.0,0.0,0.0,190000.0
553316712,nakaseke,13,370000.0,0.0,0.0,0.0,89999.99999999997,0.0,0.0,0.0,460000.0
621496649,mukono,13,2400000.0,0.0,0.0,2400000.0,100000.0,0.0,0.0,0.0,4900000.0
629845932,mukono,13,2000000.0,0.0,0.0,3000000.0,360000.0,0.0,0.0,0.0,5360000.0
632528316,mukono,13,5000000.0,0.0,0.0,1500000.0,0.0,0.0,0.0,0.0,6500000.0
633861263,mukono,13,8400000.0,10000000.0,0.0,0.0,6000000.0,0.0,0.0,0.0,24400000.0
635102642,mukono,13,7000000.0,0.0,0.0,0.0,10000000.0,0.0,0.0,0.0,17000000.0
560423470,nakaseke,13,450000.0,0.0,240000.0,0.0,300000.0,0.0,0.0,0.0,990000.0
551439101,nakaseke,13,1100000.0,0.0,0.0,0.0,0.0,0.0,0.0,0.0,1100000.0
553316111,nakaseke,13,380000.0,0.0,0.0,0.0,100000.00000000001,0.0,0.0,0.0,480000.0
554407800,nakaseke,13,900000.0,0.0,0.0,0.0,299999.99999999977,9999999.999999996,0.0,0.0,11199999.999999996
558374654,nakaseke,13,450000.0,249999.99999999983,250000.0,100000.0,0.0,0.0,0.0,0.0,1049999.9999999998
558375246,nakaseke,13,220000.0,0.0,50000.0,150000.0,0.0,0.0,0.0,0.0,420000.0
581569323,nakaseke,13,1350000.0,0.0,499999.99999999977,100000.00000000004,0.0,0.0,0.0,0.0,1949999.9999999998
581571879,nakaseke,13,500000.0,0.0,200000.0,150000.0,60000.0,0.0,0.0,0.0,910000.0
564861263,nakaseke,13,500000.0,150000.0,50000.0,100000.0,60000.0,0.0,0.0,0.0,860000.0
559615143,nakaseke,13,300000.0,0.0,50000.0,60000.0,100000.0,0.0,0.0,0.0,510000.0
564864365,nakaseke,13,300000.0,60000.0,58000.0,100000.0,60000.0,0.0,0.0,0.0,578000.0
553315619,nakaseke,13,350000.0,0.0,0.0,0.0,0.0,0.0,0.0,0.0,350000.0
556039301,nakaseke,13,500000.0,0.0,0.0,90000.0,150000.0,0.0,0.0,0.0,740000.0
615757479,mukono,13,800000.0,0.0,0.0,0.0,100000.0,0.0,0.0,0.0,900000.0
615773011,mukono,13,1500000.0,0.0,0.0,0.0,0.0,0.0,0.0,200000.0,1700000.0
619554974,mukono,13,3600000.0,2000000.0,0.0,0.0,1000000.0,0.0,0.0,0.0,6600000.0
620416772,mukono,13,500000.0,0.0,0.0,600000.0,0.0,180000.0,0.0,0.0,1280000.0
620419799,mukono,13,4000000.0,0.0,0.0,0.0,125000.0,0.0,0.0,0.0,4125000.0
621494958,mukono,13,500000.0,0.0,0.0,0.0,0.0,0.0,0.0,5000000.0,5500000.0
621496210,mukono,13,6000000.0,1000000.0,0.0,500000.0,0.0,0.0,0.0,0.0,7500000.0
621498584,mukono,13,16800000.0,0.0,0.0,0.0,500000.0,1000000.0,0.0,0.0,18300000.0
621639094,mukono,13,400000.0,0.0,0.0,0.0,300000.0,0.0,1500000.000000001,0.0,2200000.000000001
623187149,mukono,13,560000.0,0.0,0.0,240000.0,0.0,1000000.0,0.0,0.0,1800000.0
623270536,mukono,13,13500000.0,0.0,0.0,0.0,1900000.0,0.0,0.0,0.0,15400000.0
624711692,mukono,13,1200000.0,1000000.0,0.0,0.0,2000000.0,0.0,0.0,0.0,4200000.0
624712163,mukono,13,2400000.0,1080000.0,0.0,0.0,0.0,5000000.0,0.0,0.0,8480000.0
625315993,mukono,13,1200000.0,0.0,0.0,500000.0,100000.0,0.0,0.0,0.0,1800000.0
628080096,mukono,13,7000000.0,0.0,0.0,0.0,2000000.0,0.0,0.0,0.0,9000000.0
628775775,mukono,13,36000000.0,3000000.0,0.0,0.0,0.0,1000000.0,0.0,0.0,40000000.0
630120684,mukono,13,7000000.0,2000000.0,0.0,0.0,0.0,3000000.0,0.0,0.0,12000000.0
632531024,mukono,13,3500000.0,0.0,0.0,1000000.0,0.0,0.0,5000000.0,0.0,9500000.0
632870785,mukono,13,3200000.0,0.0,0.0,0.0,70000.0,0.0,0.0,0.0,3270000.0
634322563,mukono,13,1200000.0,0.0,0.0,0.0,2000000.0,0.0,0.0,0.0,3200000.0
634951268,mukono,13,1000000.0,0.0,0.0,1300000.0,0.0,0.0,0.0,0.0,2300000.0
619307991,mukono,13,6000000.0,1000000.0,0.0,500000.0,15000000.0,0.0,6000000.0,0.0,28500000.0
634929055,mukono,13,2400000.0,0.0,0.0,0.0,500000.0,0.0,0.0,0.0,2900000.0
635625431,mukono,13,1200000.0,0.0,0.0,0.0,800000.0,0.0,0.0,0.0,2000000.0
625318562,mukono,13,400000.0,0.0,2000000.0,1000000.0,0.0,0.0,0.0,0.0,3400000.0
628776109,mukono,13,4900000.0,0.0,0.0,450000.0,0.0,2000000.0,0.0,0.0,7350000.0
633860413,mukono,13,42000000.0,0.0,0.0,1000000.0,500000.0,0.0,0.0,12000000.0,55500000.0
557694292,nakaseke,13,300000.0,0.0,0.0,50000.0,60000.0,0.0,0.0,0.0,410000.0
582450581,nakaseke,13,350000.0,50000.0,90000.0,0.0,0.0,0.0,0.0,0.0,490000.0
613185259,nakaseke,13,390000.0,0.0,0.0,0.0,400000.0,0.0,0.0,0.0,790000.0
614810845,mukono,13,800000.0,0.0,0.0,0.0,0.0,0.0,0.0,0.0,800000.0
617648764,mukono,13,1200000.0,0.0,0.0,0.0,0.0,0.0,0.0,0.0,1200000.0
551438934,nakaseke,13,1700000.0,0.0,0.0,0.0,0.0,0.0,0.0,0.0,1700000.0
589548879,nakaseke,13,20000.0,0.0,100000.0,0.0,250000.0,0.0,0.0,0.0,370000.0
554402613,nakaseke,13,0.0,0.0,0.0,0.0,60000.00000000002,0.0,0.0,0.0,60000.00000000002
589547568,nakaseke,13,350000.0,0.0,0.0,100000.00000000001,0.0,599999.9999999998,0.0,0.0,1049999.9999999998
592180125,nakaseke,13,350000.0,0.0,0.0,0.0,200000.0,0.0,0.0,0.0,550000.0
613184766,nakaseke,13,600000.0,0.0,0.0,100000.0,250000.0,0.0,0.0,0.0,950000.0
613185864,nakaseke,13,600000.0,20000.0,0.0,100000.00000000001,500000.0,0.0,0.0,0.0,1220000.0
593216040,nakaseke,13,400000.0,250000.0,69000.0,0.0,200000.0,0.0,0.0,0.0,919000.0
552806578,nakaseke,13,1300000.0,0.0,0.0,0.0,0.0,0.0,0.0,0.0,1300000.0
554403180,,13,1100000.0,0.0,0.0,0.0,0.0,0.0,0.0,0.0,1100000.0
554997531,nakaseke,13,400000.0,0.0,0.0,60000.0,250000.0,0.0,0.0,0.0,710000.0
581568916,nakaseke,13,500000.0,0.0,90000.0,60000.0,170000.0,0.0,0.0,0.0,820000.0
582449149,nakaseke,13,600000.0,250000.0,0.0,150000.0,50000.0,0.0,0.0,0.0,1050000.0
583384059,nakaseke,13,9000000.0,350000.0,0.0,0.0,250000.0,0.0,0.0,0.0,9600000.0
584465855,nakaseke,13,400000.0,150000.0,0.0,0.0,0.0,0.0,0.0,0.0,550000.0
585291611,nakaseke,13,9000000.0,30000.0,0.0,60000.0,350000.0,0.0,0.0,0.0,9440000.0
588618114,nakaseke,13,600000.0,0.0,0.0,120000.0,30000.0,0.0,0.0,0.0,750000.0
589549118,nakaseke,13,600000.0,0.0,90000.0,0.0,250000.0,0.0,0.0,0.0,940000.0
592179551,nakaseke,13,200000.0,0.0,0.0,150000.0,150000.0,0.0,0.0,0.0,500000.0
613185857,nakaseke,13,600000.0,300000.0,0.0,120000.0,350000.0,0.0,0.0,0.0,1370000.0
613185868,nakaseke,13,500000.0,350000.0,0.0,0.0,400000.0,0.0,0.0,0.0,1250000.0
618737230,mukono,13,1800000.0,0.0,0.0,0.0,0.0,0.0,0.0,0.0,1800000.0
625321534,mukono,13,5600000.0,0.0,0.0,0.0,2000000.0,10000000.0,0.0,0.0,17600000.0
613185262,nakaseke,13,260000.0,0.0,300000.0,100000.0,250000.0,0.0,0.0,0.0,910000.0
586823072,nakaseke,13,600000.0,0.0,0.0,89999.99999999997,600000.0,0.0,0.0,0.0,1290000.0
586821078,nakaseke,13,800000.0,0.0,0.0,20000.0,96000.0,0.0,0.0,0.0,916000.0
586823179,nakaseke,13,600000.0,0.0,0.0,100000.0,600000.0,0.0,0.0,0.0,1300000.0
588618032,nakaseke,13,1000000.0,200000.0,0.0,150000.0,350000.0,0.0,0.0,0.0,1700000.0
592179319,nakaseke,13,300000.0,0.0,0.0,0.0,200000.0,0.0,0.0,0.0,500000.0
613185254,nakaseke,13,350000.0,400000.0,299999.9999999999,0.0,230000.0,0.0,0.0,0.0,1280000.0
613184756,nakaseke,13,380000.0,0.0,200000.00000000006,0.0,350000.0,0.0,0.0,0.0,930000.0
613184762,nakaseke,13,5000000.0,0.0,149999.99999999994,700000.0,250000.0,100000.0,0.0,0.0,6200000.0
593216705,nakaseke,13,350000.0,109.0,0.0,0.0,200000.0,0.0,0.0,0.0,550109.0
582448458,nakaseke,13,600000.0,300000.0,0.0,150000.0,200000.0,0.0,0.0,0.0,1250000.0
583383308,nakaseke,13,560000.0,30000.0,90000.0,3.0,20000.0,0.0,0.0,0.0,700003.0
584457728,nakaseke,13,350000.0,0.0,0.0,0.0,0.0,0.0,0.0,0.0,350000.0
584460556,nakaseke,13,250000.0,100000.0,0.0,150000.0,299999.9999999999,0.0,0.0,0.0,799999.9999999999
586822745,nakaseke,13,600000.0,300000.0,0.0,0.0,200000.0,0.0,0.0,0.0,1100000.0
588618956,nakaseke,13,600000.0,0.0,150000.0,0.0,250000.0,0.0,0.0,0.0,1000000.0
588619984,nakaseke,13,500000.0,0.0,0.0,0.0,250000.0,0.0,0.0,0.0,750000.0
589548430,nakaseke,13,300000.0,0.0,25000.0,0.0,500000.0,0.0,0.0,0.0,825000.0
613184214,nakaseke,13,200000.0,0.0,50000.0,0.0,130000.0,0.0,0.0,0.0,380000.0
551438775,nakaseke,13,1200000.0,0.0,0.0,0.0,0.0,0.0,0.0,0.0,1200000.0
552805506,nakaseke,13,9700000.0,0.0,0.0,0.0,0.0,0.0,0.0,0.0,9700000.0
582449815,nakaseke,13,500000.0,200000.0,0.0,0.0,60000.0,2500000.000000001,0.0,0.0,3260000.000000001
583383783,nakaseke,13,500000.0,200000.0,0.0,0.0,300000.0,0.0,0.0,0.0,1000000.0
583384470,nakaseke,13,500000.0,250000.0,0.0,299999.9999999999,200000.0,0.0,0.0,0.0,1250000.0
585919910,nakaseke,13,2000000.0,500000.0,50000.00000000001,500000.0,600000.0,0.0,0.0,0.0,3650000.0
585937638,nakaseke,13,600000.0,250000.0,499999.9999999997,60000.0,260000.0,0.0,0.0,0.0,1669999.9999999998
592179023,nakaseke,13,1000000.0,200000.0,0.0,100000.0,0.0,0.0,0.0,0.0,1300000.0
551439238,nakaseke,13,1500000.0,0.0,0.0,0.0,0.0,0.0,0.0,0.0,1500000.0
555070994,nakaseke,13,600000.0,250000.0,0.0,100000.0,60000.0,0.0,0.0,0.0,1010000.0
555112218,nakaseke,13,1050000.0,0.0,0.0,100000.00000000004,50000.000000000015,0.0,0.0,0.0,1200000.0
555148547,nakaseke,13,400000.0,250000.0,0.0,90000.0,400000.0,0.0,0.0,0.0,1140000.0
584458624,nakaseke,13,600000.0,250000.0,400000.0,100000.0,0.0,0.0,0.0,0.0,1350000.0
585290674,nakaseke,13,500000.0,250000.0,0.0,100000.0,900000.0,0.0,0.0,0.0,1750000.0
585290890,nakaseke,13,700000.0,300000.0,50000.0,120000.0,350000.0,0.0,0.0,0.0,1520000.0
585309665,nakaseke,13,500000.0,0.0,0.0,0.0,200000.0,0.0,0.0,0.0,700000.0
585924133,nakaseke,13,600000.0,200000.0,0.0,150000.0,300000.0,0.0,0.0,0.0,1250000.0
585929887,nakaseke,13,500000.0,0.0,0.0,0.0,0.0,0.0,0.0,0.0,500000.0
613834815,nakaseke,13,2100000.0,0.0,0.0,0.0,0.0,0.0,0.0,1999999.9999999993,4099999.999999999
613836978,nakaseke,13,700000.0,0.0,0.0,0.0,0.0,0.0,0.0,0.0,700000.0
617656696,mukono,13,1099999.9999999998,0.0,0.0,199999.99999999997,0.0,0.0,0.0,0.0,1299999.9999999998
633860938,mukono,13,3000000.0,1000000.0,0.0,0.0,5000000.0,0.0,0.0,0.0,9000000.0
616677841,mukono,14,70000.0,0.0,6000000.0,0.0,0.0,0.0,0.0,0.0,6070000.0
551440657,nakaseke,14,280000.0,3000000.000000001,0.0,0.0,0.0,0.0,0.0,0.0,3280000.000000001
592191523,nakaseke,14,312000.0,0.0,0.0,0.0,500000.0,0.0,0.0,0.0,812000.0
552803559,nakaseke,14,3440000.0,1999999.9999999993,0.0,0.0,350000.0000000001,0.0,0.0,0.0,5789999.999999999
613177526,nakaseke,14,50000000.0,0.0,0.0,0.0,0.0,0.0,0.0,0.0,50000000.0
613831899,nakaseke,14,203000.0,0.0,0.0,0.0,0.0,0.0,0.0,0.0,203000.0
614880484,mukono,14,120000.0,0.0,0.0,0.0,0.0,0.0,0.0,0.0,120000.0
550714067,nakaseke,14,800000.0,0.0,0.0,0.0,249999.99999999983,0.0,0.0,0.0,1049999.9999999998
550714208,nakaseke,14,1000000.0,0.0,0.0,0.0,60000.00000000002,0.0,0.0,0.0,1060000.0
556045414,nakaseke,14,1000000.0,0.0,0.0,0.0,500000.0,0.0,0.0,0.0,1500000.0
556046788,nakaseke,14,800000.0,0.0,0.0,300000.0,0.0,0.0,0.0,0.0,1100000.0
557695958,nakaseke,14,1000000.0,500000.0,0.0,0.0,200000.0,0.0,0.0,0.0,1700000.0
560461977,nakaseke,14,3000000.0,500000.0,0.0,0.0,0.0,0.0,0.0,0.0,3500000.0
592361767,nakaseke,14,5000000.0,0.0,0.0,0.0,250000.0,0.0,0.0,0.0,5250000.0
592363240,nakaseke,14,3000000.0,200000.0,0.0,0.0,500000.0,0.0,0.0,0.0,3700000.0
616701192,mukono,14,520000.0,0.0,0.0,0.0,0.0,0.0,0.0,0.0,520000.0
624293019,mukono,14,900000.0,500000.0,200000.0,300000.0,300000.0,0.0,0.0,0.0,2200000.0
550715350,nakaseke,14,800000.0,0.0,0.0,0.0,0.0,0.0,0.0,0.0,800000.0
552803832,nakaseke,14,2300000.0,0.0,0.0,0.0,420000.00000000023,0.0,0.0,0.0,2720000.0
553311655,nakaseke,14,950000.0,0.0,0.0,0.0,0.0,0.0,0.0,0.0,950000.0
554396495,nakaseke,14,900000.0,0.0,0.0,0.0,0.0,0.0,0.0,0.0,900000.0
555218845,nakaseke,14,4500000.0,0.0,0.0,400000.0,0.0,0.0,0.0,0.0,4900000.0
556047384,nakaseke,14,1500000.0,0.0,0.0,300000.0,0.0,500000.0,0.0,0.0,2300000.0
557713875,nakaseke,14,700000.0,0.0,0.0,0.0,0.0,0.0,0.0,0.0,700000.0
558376731,nakaseke,14,800000.0,0.0,0.0,0.0,0.0,0.0,0.0,0.0,800000.0
558377788,nakaseke,14,1250000.0,0.0,0.0,350000.0,40000.0,0.0,0.0,0.0,1640000.0
558378029,nakaseke,14,1000000.0,0.0,0.0,0.0,250000.0,0.0,0.0,0.0,1250000.0
559605691,nakaseke,14,4000000.0,300000.0,0.0,0.0,250000.0,0.0,0.0,0.0,4550000.0
560460598,nakaseke,14,4000000.0,0.0,0.0,0.0,0.0,0.0,0.0,0.0,4000000.0
560460842,nakaseke,14,2000000.0,0.0,0.0,0.0,400000.0,0.0,0.0,0.0,2400000.0
561199081,nakaseke,14,2500000.0,400000.0,0.0,0.0,200000.0,0.0,0.0,0.0,3100000.0
561203340,nakaseke,14,2500000.0,0.0,0.0,0.0,0.0,0.0,0.0,0.0,2500000.0
561250862,nakaseke,14,399600.0,0.0,0.0,300000.0,0.0,0.0,0.0,0.0,699600.0
582704845,nakaseke,14,7000000.0,400000.0,0.0,0.0,0.0,0.0,0.0,0.0,7400000.0
585217011,nakaseke,14,8000000.0,0.0,200000.0,0.0,0.0,0.0,0.0,0.0,8200000.0
588626659,nakaseke,14,156000.0,500000.0,300000.0,0.0,0.0,0.0,0.0,0.0,956000.0
588783193,nakaseke,14,7000000.0,0.0,0.0,0.0,0.0,0.0,0.0,0.0,7000000.0
613810847,nakaseke,14,360000.0,0.0,0.0,0.0,0.0,0.0,0.0,0.0,360000.0
614880582,mukono,14,400000.0,0.0,0.0,0.0,0.0,0.0,0.0,0.0,400000.0
616579050,mukono,14,500000.0,0.0,0.0,0.0,0.0,0.0,0.0,90000.0,590000.0
616701381,mukono,14,400000.0,0.0,0.0,0.0,0.0,0.0,0.0,180000.0,580000.0
623704503,mukono,14,300000.0,0.0,0.0,100000.0,0.0,0.0,0.0,100000.0,500000.0
550714829,nakaseke,14,600000.0,0.0,0.0,0.0,0.0,0.0,0.0,0.0,600000.0
551432268,nakaseke,14,650000.0,0.0,0.0,0.0,0.0,0.0,0.0,0.0,650000.0
551438359,nakaseke,14,3800000.0,0.0,0.0,150000.00000000006,0.0,0.0,0.0,0.0,3950000.0
551438847,nakaseke,14,750000.0,0.0,0.0,0.0,100799.99999999999,0.0,0.0,0.0,850800.0
552834713,nakaseke,14,2500000.0,0.0,0.0,0.0,199999.99999999997,0.0,0.0,0.0,2700000.0
553313606,nakaseke,14,1100000.0,0.0,0.0,0.0,230000.0000000002,0.0,0.0,0.0,1330000.0000000002
553314110,nakaseke,14,6500000.0,0.0,0.0,0.0,249999.99999999983,0.0,0.0,0.0,6750000.0
553314852,nakaseke,14,6380000.0,0.0,0.0,0.0,499999.9999999997,0.0,0.0,0.0,6880000.0
554382238,nakaseke,14,5500000.0,0.0,50000.00000000001,0.0,800000.0000000003,0.0,0.0,0.0,6350000.0
554383042,nakaseke,14,5500000.0,0.0,0.0,0.0,638999.9999999997,0.0,0.0,0.0,6139000.0
554388188,nakaseke,14,7500000.0,0.0,50000.00000000001,0.0,120000.00000000006,0.0,0.0,0.0,7670000.0
555219221,nakaseke,14,4000000.0,0.0,0.0,0.0,1000000.0,0.0,6000000.0,0.0,11000000.0
555219441,nakaseke,14,8000000.0,0.0,0.0,0.0,1000000.0,0.0,0.0,0.0,9000000.0
555219813,nakaseke,14,800000.0,0.0,0.0,0.0,150000.0,0.0,0.0,0.0,950000.0
556046148,nakaseke,14,500000.0,0.0,0.0,200000.0,150000.0,0.0,0.0,0.0,850000.0
557695618,nakaseke,14,800000.0,0.0,0.0,0.0,300000.0,0.0,0.0,0.0,1100000.0
557695779,nakaseke,14,5000000.0,0.0,200000.0,0.0,0.0,0.0,0.0,0.0,5200000.0
557696080,nakaseke,14,2000000.0,800000.0,0.0,250000.0,0.0,0.0,0.0,0.0,3050000.0
559607285,nakaseke,14,1000000.0,0.0,150000.0,300000.0,0.0,0.0,0.0,0.0,1450000.0
559607680,nakaseke,14,3500000.0,0.0,0.0,350000.0,0.0,0.0,0.0,0.0,3850000.0
559615651,nakaseke,14,2000000.0,0.0,0.0,0.0,0.0,0.0,0.0,0.0,2000000.0
560459965,nakaseke,14,3000000.0,0.0,0.0,0.0,0.0,0.0,1500000.0,0.0,4500000.0
561202301,nakaseke,14,3500000.0,0.0,150000.0,0.0,0.0,0.0,0.0,0.0,3650000.0
567488224,nakaseke,14,3000000.0,0.0,0.0,0.0,300000.0,0.0,0.0,0.0,3300000.0
581728335,nakaseke,14,6000000.0,400000.0,0.0,0.0,0.0,0.0,0.0,0.0,6400000.0
581800534,nakaseke,14,5000000.0,0.0,0.0,0.0,400000.0,0.0,0.0,0.0,5400000.0
581801301,nakaseke,14,4000000.0,0.0,0.0,0.0,0.0,0.0,0.0,0.0,4000000.0
582682579,nakaseke,14,3000000.0,0.0,0.0,0.0,400000.0,0.0,0.0,0.0,3400000.0
582684638,nakaseke,14,2000000.0,0.0,0.0,0.0,0.0,0.0,0.0,0.0,2000000.0
583582238,nakaseke,14,15000000.0,500000.0,0.0,0.0,0.0,0.0,0.0,0.0,15500000.0
584447265,nakaseke,14,8000000.0,0.0,0.0,0.0,500000.0,0.0,0.0,0.0,8500000.0
585215638,nakaseke,14,15000000.0,0.0,0.0,0.0,0.0,0.0,0.0,0.0,15000000.0
585216305,nakaseke,14,3000000.0,0.0,0.0,0.0,0.0,0.0,0.0,0.0,3000000.0
587012670,nakaseke,14,15000000.0,0.0,0.0,0.0,0.0,0.0,0.0,0.0,15000000.0
587012983,nakaseke,14,8000000.0,0.0,0.0,0.0,200000.0,0.0,0.0,0.0,8200000.0
587013280,nakaseke,14,25000000.0,0.0,0.0,0.0,0.0,2000000.0,0.0,0.0,27000000.0
588781706,nakaseke,14,14000000.0,300000.0,0.0,0.0,0.0,0.0,0.0,0.0,14300000.0
589705500,nakaseke,14,5000000.0,0.0,0.0,0.0,400000.0,0.0,0.0,0.0,5400000.0
589705733,nakaseke,14,12000000.0,450000.0,0.0,0.0,0.0,0.0,0.0,0.0,12450000.0
592193539,nakaseke,14,7998000.0,0.0,0.0,0.0,0.0,0.0,0.0,0.0,7998000.0
593223241,nakaseke,14,3000000.0,3000000.0,0.0,0.0,5000000.0,0.0,0.0,0.0,11000000.0
593223559,nakaseke,14,5000000.0,450000.0,0.0,0.0,0.0,0.0,0.0,0.0,5450000.0
613174996,nakaseke,14,3500000.0,0.0,0.0,0.0,300000.0,0.0,0.0,0.0,3800000.0
613177861,nakaseke,14,2000000.0,0.0,0.0,0.0,500000.0,0.0,0.0,0.0,2500000.0
613177864,nakaseke,14,5000000.0,0.0,0.0,0.0,0.0,0.0,0.0,0.0,5000000.0
613178463,nakaseke,14,8000000.0,0.0,0.0,0.0,0.0,5000000.0,0.0,0.0,13000000.0
613178868,nakaseke,14,500000.0,0.0,0.0,0.0,300000.0,0.0,0.0,0.0,800000.0
613180603,nakaseke,14,2000000.0,0.0,0.0,0.0,0.0,0.0,0.0,0.0,2000000.0
613822490,nakaseke,14,180000.0,150000.0,250000.0,0.0,0.0,0.0,0.0,0.0,580000.0
613825443,nakaseke,14,754000.0,250000.0,0.0,100000.0,0.0,0.0,0.0,0.0,1104000.0
618055484,mukono,14,750000.0,0.0,0.0,0.0,0.0,0.0,0.0,500000.0,1250000.0
619558400,mukono,14,350000.0,0.0,0.0,200000.0,100000.0,0.0,0.0,0.0,650000.0
621499875,mukono,14,800000.0,0.0,3600000.0,0.0,0.0,0.0,0.0,0.0,4400000.0
623176650,mukono,14,500000.0,0.0,12000000.0,1000000.0,0.0,0.0,0.0,0.0,13500000.0
623183149,mukono,14,288000.0,0.0,0.0,0.0,0.0,1000000.0,0.0,5000000.0,6288000.0
623185581,mukono,14,500000.0,0.0,0.0,1000000.0,0.0,2400000.0,0.0,0.0,3900000.0
633165095,mukono,14,500000.0,0.0,0.0,3000000.0,20000000.0,0.0,0.0,0.0,23500000.0
633861862,mukono,14,2000000.0,0.0,1000000.0,20000000.0,0.0,0.0,0.0,0.0,23000000.0
634022320,mukono,14,300000.0,0.0,0.0,300000.0,0.0,0.0,0.0,0.0,600000.0
634322498,mukono,14,120000.0,0.0,0.0,0.0,0.0,0.0,0.0,0.0,120000.0
634928993,mukono,14,60000.0,0.0,0.0,0.0,0.0,0.0,0.0,0.0,60000.0
634952733,mukono,14,1400000.0,0.0,0.0,0.0,500000.0,10000000.0,0.0,0.0,11900000.0
634953204,mukono,14,1200000.0,720000.0,0.0,0.0,500000.0,0.0,0.0,0.0,2420000.0
635102101,mukono,14,500000.0,0.0,0.0,0.0,0.0,20000000.0,12000000.0,0.0,32500000.0
635102513,mukono,14,800000.0,0.0,0.0,10000000.0,1000000.0,0.0,0.0,0.0,11800000.0
644159914,mukono,14,15000000.0,0.0,0.0,0.0,2800000.0,0.0,0.0,0.0,17800000.0
644420047,mukono,14,800000.0,0.0,0.0,0.0,0.0,2000000.0,0.0,0.0,2800000.0
551439754,nakaseke,14,4000000.0,349999.9999999997,0.0,499999.99999999977,299999.99999999977,0.0,0.0,0.0,5150000.0
552968706,nakaseke,14,8000000.0,0.0,0.0,0.0,350000.0000000001,0.0,0.0,0.0,8350000.0
552969446,nakaseke,14,2500000.0,0.0,0.0,0.0,1799999.9999999984,0.0,0.0,0.0,4299999.999999998
552970239,nakaseke,14,3500000.0,0.0,0.0,999999.9999999997,0.0,0.0,0.0,0.0,4500000.0
554387935,nakaseke,14,5500000.0,0.0,0.0,0.0,299999.9999999999,0.0,0.0,0.0,5800000.0
558377096,nakaseke,14,2500000.0,500000.0,0.0,0.0,0.0,1000000.0,0.0,0.0,4000000.0
559607458,nakaseke,14,4000000.0,500000.0,0.0,0.0,200000.0,0.0,0.0,0.0,4700000.0
567493335,nakaseke,14,2000000.0,0.0,0.0,400000.0,800000.0,0.0,0.0,0.0,3200000.0
581802079,nakaseke,14,7000000.0,0.0,150000.0,0.0,300000.0,0.0,0.0,0.0,7450000.0
582619340,nakaseke,14,2000000.0,0.0,0.0,0.0,0.0,0.0,0.0,0.0,2000000.0
583580839,nakaseke,14,25000000.0,0.0,0.0,0.0,0.0,10000000.0,0.0,0.0,35000000.0
584444811,nakaseke,14,4000000.0,0.0,0.0,300000.0,0.0,0.0,0.0,0.0,4300000.0
585215286,nakaseke,14,6500000.0,500000.0,0.0,500000.0,0.0,0.0,0.0,0.0,7500000.0
587013182,nakaseke,14,6000000.0,0.0,150000.0,0.0,450000.0,0.0,0.0,0.0,6600000.0
588782700,nakaseke,14,12000000.0,0.0,0.0,500000.0,0.0,0.0,0.0,0.0,12500000.0
589705993,nakaseke,14,10000000.0,0.0,0.0,0.0,0.0,0.0,0.0,0.0,10000000.0
613178458,nakaseke,14,30000000.0,500000.0,0.0,0.0,0.0,0.0,0.0,0.0,30500000.0
613178880,nakaseke,14,3000000.0,800000.0,300000.0,0.0,0.0,0.0,0.0,0.0,4100000.0
613179574,nakaseke,14,4000000.0,0.0,0.0,0.0,400000.0,0.0,0.0,0.0,4400000.0
615825416,mukono,14,50000.0,0.0,0.0,0.0,0.0,0.0,0.0,0.0,50000.0
619544793,mukono,14,1000000.0,0.0,0.0,0.0,0.0,1000000.0,0.0,0.0,2000000.0
623479229,mukono,14,120000.0,0.0,0.0,0.0,0.0,0.0,0.0,0.0,120000.0
633706398,mukono,14,600000.0,0.0,0.0,0.0,0.0,0.0,0.0,0.0,600000.0
633706854,mukono,14,150000.0,0.0,0.0,0.0,80000.0,0.0,0.0,0.0,230000.0
553314312,nakaseke,14,11000000.0,0.0,0.0,0.0,6000000.000000005,0.0,0.0,0.0,17000000.000000004
555219512,nakaseke,14,1200000.0,2000000.0,0.0,0.0,0.0,0.0,0.0,0.0,3200000.0
561200684,nakaseke,14,4000000.0,0.0,0.0,200000.0,0.0,0.0,0.0,0.0,4200000.0
583583184,nakaseke,14,20000000.0,0.0,0.0,0.0,500000.0,0.0,0.0,0.0,20500000.0
584444125,nakaseke,14,8000000.0,0.0,0.0,0.0,0.0,1000000.0,0.0,0.0,9000000.0
584446459,nakaseke,14,4000000.0,0.0,200000.0,0.0,0.0,0.0,0.0,0.0,4200000.0
586786507,nakaseke,14,551800.0,160000.0,0.0,0.0,0.0,0.0,0.0,0.0,711800.0
586805028,nakaseke,14,384400.0,180000.0,0.0,0.0,100800.0,0.0,0.0,0.0,665200.0
588783732,nakaseke,14,8000000.0,0.0,0.0,300000.0,0.0,0.0,0.0,0.0,8300000.0
589705256,nakaseke,14,10000000.0,0.0,0.0,0.0,0.0,8000000.0,0.0,0.0,18000000.0
592362627,nakaseke,14,4000000.0,500000.0,0.0,0.0,0.0,0.0,0.0,0.0,4500000.0
592363516,nakaseke,14,9900000.0,0.0,0.0,0.0,0.0,0.0,0.0,0.0,9900000.0
615755561,mukono,14,24000000.0,2000000.0,0.0,0.0,1000000.0,5000000.0,0.0,0.0,32000000.0
616699698,mukono,14,600000.0,0.0,0.0,0.0,0.0,0.0,0.0,0.0,600000.0
618056804,mukono,14,1400000.0,0.0,0.0,200000.0,50000.0,0.0,0.0,0.0,1650000.0
623479343,mukono,14,150000.0,0.0,0.0,0.0,70000.0,0.0,0.0,0.0,220000.0
631647706,mukono,14,230000.0,0.0,0.0,0.0,0.0,0.0,0.0,0.0,230000.0
632871446,mukono,14,800000.0,0.0,0.0,0.0,0.0,0.0,0.0,0.0,800000.0
644420087,mukono,14,600000.0,0.0,0.0,1500000.0,0.0,0.0,0.0,0.0,2100000.0
583581711,nakaseke,14,8000000.0,0.0,200000.0,0.0,0.0,0.0,0.0,0.0,8200000.0
592192218,nakaseke,14,2400000.0,0.0,0.0,0.0,250000.0,0.0,0.0,0.0,2650000.0
614880682,mukono,14,1400000.0,0.0,0.0,0.0,0.0,0.0,0.0,0.0,1400000.0
618739011,mukono,14,6400000.0,0.0,0.0,0.0,0.0,0.0,0.0,0.0,6400000.0
618739107,mukono,14,1800000.0,0.0,0.0,0.0,0.0,0.0,0.0,0.0,1800000.0
622484850,mukono,14,600000.0,0.0,0.0,0.0,0.0,0.0,0.0,0.0,600000.0
623479274,mukono,14,150000.0,0.0,0.0,0.0,0.0,0.0,0.0,0.0,150000.0
623981062,mukono,14,400000.0,0.0,0.0,0.0,180000.0,0.0,0.0,0.0,580000.0
634929144,mukono,14,40000.0,0.0,0.0,0.0,75000.0,0.0,0.0,0.0,115000.0
635625391,mukono,14,120000.0,0.0,0.0,0.0,0.0,0.0,0.0,0.0,120000.0
635625490,mukono,14,80000.0,0.0,0.0,0.0,0.0,0.0,0.0,0.0,80000.0
556031317,nakaseke,14,450000.0,0.0,0.0,0.0,0.0,0.0,0.0,0.0,450000.0
556037719,nakaseke,14,400000.0,0.0,0.0,0.0,0.0,0.0,0.0,0.0,400000.0
560449324,nakaseke,14,2666000.0,0.0,0.0,0.0,1425600.0,0.0,0.0,0.0,4091600.0
586026956,nakaseke,14,354000.0,0.0,300000.0,0.0,0.0,0.0,0.0,0.0,654000.0
616680304,mukono,14,400000.0,0.0,800000.0,0.0,0.0,3600000.0,0.0,0.0,4800000.0
616700114,mukono,14,360000.0,0.0,0.0,0.0,0.0,0.0,0.0,0.0,360000.0
623980936,mukono,14,180000.0,0.0,0.0,0.0,0.0,0.0,0.0,0.0,180000.0
632872132,mukono,14,590000.0,0.0,0.0,0.0,0.0,0.0,0.0,0.0,590000.0
550732883,nakaseke,14,2800000.0,0.0,0.0,0.0,0.0,0.0,0.0,0.0,2800000.0
582502735,nakaseke,14,450000.0,0.0,0.0,0.0,0.0,0.0,0.0,0.0,450000.0
586030936,nakaseke,14,195000.0,0.0,150000.0,0.0,0.0,0.0,0.0,0.0,345000.0
614807290,mukono,14,900000.0,0.0,0.0,0.0,0.0,0.0,0.0,600000.0,1500000.0
614850521,mukono,14,200000.0,0.0,150000.0,0.0,300000.0,0.0,0.0,0.0,650000.0
614880379,mukono,14,2600000.0,0.0,0.0,20000.0,1600000.000000001,0.0,0.0,0.0,4220000.000000001
615759274,mukono,14,1000000.0,0.0,0.0,0.0,0.0,0.0,500000.0,0.0,1500000.0
615825361,mukono,14,2600000.0,0.0,0.0,0.0,0.0,0.0,0.0,0.0,2600000.0
616578776,mukono,14,1200000.0,300000.0,200000.0,0.0,0.0,1500000.0,0.0,0.0,3200000.0
616579437,mukono,14,1500000.0,0.0,0.0,500000.0,0.0,0.0,0.0,0.0,2000000.0
616580090,mukono,14,300000.0,100000.0,100000.0,100000.0,300000.0,0.0,0.0,0.0,900000.0
616699119,mukono,14,90000.0,0.0,0.0,0.0,0.0,0.0,0.0,0.0,90000.0
617648886,mukono,14,320000.0,0.0,0.0,0.0,0.0,0.0,0.0,0.0,320000.0
618056277,mukono,14,900000.0,0.0,0.0,100000.0,0.0,0.0,0.0,0.0,1000000.0
618502771,mukono,14,500000.0,0.0,200000.0,0.0,0.0,0.0,0.0,0.0,700000.0
618503624,mukono,14,1100000.0,0.0,0.0,1000000.0,0.0,0.0,0.0,0.0,2100000.0
619549456,mukono,14,1600000.0,0.0,0.0,0.0,0.0,1200000.0,0.0,1400000.0,4200000.0
619551006,mukono,14,480000.0,0.0,0.0,500000.0,0.0,0.0,0.0,0.0,980000.0
619552154,mukono,14,1200000.0,0.0,0.0,0.0,1000000.0,0.0,0.0,0.0,2200000.0
619559855,mukono,14,1800000.0,0.0,0.0,0.0,2000000.0,1350000.0,0.0,0.0,5150000.0
622292961,mukono,14,500000.0,0.0,0.0,400000.0,0.0,0.0,0.0,0.0,900000.0
623188000,mukono,14,600000.0,0.0,0.0,0.0,15000000.0,6000000.0,0.0,0.0,21600000.0
623704256,mukono,14,3500000.0,0.0,0.0,600000.0,500000.0,0.0,0.0,0.0,4600000.0
624717557,mukono,14,400000.0,0.0,2000000.0,0.0,0.0,0.0,0.0,0.0,2400000.0
628775538,mukono,14,1000000.0,0.0,0.0,1000000.0,0.0,0.0,0.0,0.0,2000000.0
632457381,mukono,14,1200000.0,0.0,0.0,600000.0,300000.0,0.0,0.0,0.0,2100000.0
632479613,mukono,14,800000.0,100000.0,0.0,200000.0,100000.0,0.0,0.0,0.0,1200000.0
632526756,mukono,14,17500000.0,0.0,0.0,2000000.0,0.0,0.0,0.0,0.0,19500000.0
632870245,mukono,14,120000.0,0.0,0.0,0.0,15000.0,0.0,0.0,0.0,135000.0
633860192,mukono,14,15000000.0,0.0,0.0,1000000.0,600000.0,0.0,0.0,0.0,16600000.0
633861646,mukono,14,3000000.0,0.0,0.0,0.0,2800000.0,0.0,0.0,0.0,5800000.0
634322667,mukono,14,160000.0,0.0,0.0,0.0,0.0,0.0,0.0,0.0,160000.0
634322758,mukono,14,800000.0,0.0,0.0,0.0,0.0,0.0,0.0,0.0,800000.0
635625535,mukono,14,900000.0,0.0,0.0,0.0,40000.0,0.0,0.0,0.0,940000.0
635860119,mukono,14,1200000.0,200000.0,0.0,300000.0,300000.0,0.0,0.0,0.0,2000000.0
636602799,mukono,14,1500000.0,200000.0,0.0,0.0,200000.0,0.0,0.0,0.0,1900000.0
558422222,nakaseke,14,1180000.0,240000.0,0.0,0.0,0.0,0.0,0.0,0.0,1420000.0
559666954,nakaseke,14,494000.0,0.0,0.0,0.0,0.0,0.0,0.0,0.0,494000.0
560448617,nakaseke,14,560000.0,0.0,0.0,0.0,0.0,0.0,0.0,0.0,560000.0
583505993,nakaseke,14,450000.0,0.0,180000.0,0.0,0.0,0.0,0.0,0.0,630000.0
584452976,nakaseke,14,286000.0,1500000.0,250000.0,0.0,0.0,0.0,0.0,0.0,2036000.0
586809899,nakaseke,14,298900.0,250000.0,150000.0,0.0,0.0,0.0,0.0,0.0,698900.0
618738329,mukono,14,1200000.0,0.0,0.0,0.0,0.0,0.0,0.0,0.0,1200000.0
623981362,mukono,14,800000.0,0.0,0.0,0.0,0.0,0.0,0.0,0.0,800000.0
633706233,mukono,14,180000.0,0.0,0.0,0.0,0.0,0.0,0.0,0.0,180000.0
555219650,nakaseke,14,700000.0,0.0,0.0,0.0,0.0,0.0,0.0,0.0,700000.0
581666974,nakaseke,14,663600.0,0.0,0.0,250000.0,162000.0,0.0,0.0,0.0,1075600.0
589566940,nakaseke,14,420000.0,0.0,0.0,0.0,0.0,0.0,0.0,0.0,420000.0
615760019,mukono,14,600000.0,300000.0,0.0,0.0,0.0,0.0,0.0,0.0,900000.0
615825276,mukono,14,1200000.0,0.0,0.0,0.0,0.0,0.0,0.0,0.0,1200000.0
616698945,mukono,14,6000000.0,0.0,0.0,0.0,1500000.0,0.0,0.0,0.0,7500000.0
616699320,mukono,14,1800000.0,0.0,0.0,0.0,0.0,0.0,0.0,0.0,1800000.0
619769782,mukono,14,1800000.0,0.0,0.0,0.0,0.0,0.0,0.0,0.0,1800000.0
621639263,mukono,14,100000.0,0.0,0.0,0.0,0.0,0.0,0.0,0.0,100000.0
622484708,mukono,14,1600000.0,0.0,0.0,0.0,0.0,0.0,0.0,0.0,1600000.0
623981163,mukono,14,1800000.0,0.0,0.0,0.0,2200000.0,0.0,0.0,0.0,4000000.0
550732746,nakaseke,14,1200000.0,0.0,0.0,0.0,0.0,0.0,0.0,0.0,1200000.0
615825485,mukono,14,2400000.0,0.0,0.0,0.0,0.0,0.0,0.0,0.0,2400000.0
551438282,nakaseke,14,1250000.0,0.0,0.0,0.0,0.0,0.0,0.0,0.0,1250000.0
585181910,nakaseke,14,468000.0,230000.0,0.0,250000.0,0.0,0.0,0.0,0.0,948000.0
553313598,nakaseke,14,14010000.0,0.0,0.0,0.0,499999.9999999997,0.0,0.0,0.0,14510000.0
555219886,nakaseke,14,1900000.0,420000.0,0.0,0.0,0.0,0.0,0.0,0.0,2320000.0
561236657,nakaseke,14,1296000.0,0.0,0.0,500000.0,221000.0,0.0,0.0,0.0,2017000.0
583502844,nakaseke,14,510000.0,0.0,0.0,0.0,0.0,0.0,0.0,0.0,510000.0
584472197,nakaseke,14,702000.0,0.0,300000.0,0.0,466200.0,0.0,0.0,0.0,1468200.0
588619360,nakaseke,14,492000.0,0.0,0.0,0.0,0.0,0.0,0.0,0.0,492000.0
613814407,nakaseke,14,2560000.0,0.0,0.0,0.0,0.0,0.0,0.0,0.0,2560000.0
614850687,mukono,14,200000.0,0.0,0.0,200000.0,0.0,0.0,0.0,0.0,400000.0
615773237,mukono,14,700000.0,0.0,300000.0,200000.0,120000.0,200000.0,0.0,0.0,1520000.0
616679140,mukono,14,3000000.0,1000000.0,0.0,0.0,6000000.0,10000000.0,0.0,0.0,20000000.0
618056509,mukono,14,3000000.0,0.0,0.0,100000.0,0.0,0.0,0.0,0.0,3100000.0
618502947,mukono,14,1000000.0,0.0,0.0,300000.0,200000.0,0.0,0.0,0.0,1500000.0
618503261,mukono,14,900000.0,0.0,0.0,0.0,0.0,0.0,0.0,1000000.0,1900000.0
618738549,mukono,14,900000.0,0.0,0.0,0.0,0.0,0.0,0.0,0.0,900000.0
619307564,mukono,14,1300000.0,0.0,0.0,200000.0,500000.0,0.0,0.0,0.0,2000000.0
619543012,mukono,14,400000.0,360000.0,0.0,0.0,0.0,5100000.0,0.0,0.0,5860000.0
620136574,mukono,14,900000.0,300000.0,200000.0,0.0,300000.0,0.0,0.0,0.0,1700000.0
620155076,mukono,14,500000.0,500000.0,0.0,0.0,300000.0,0.0,0.0,0.0,1300000.0
621076849,mukono,14,1500000.0,0.0,0.0,0.0,2000000.0,0.0,0.0,2000000.0,5500000.0
622287746,mukono,14,700000.0,0.0,0.0,100000.0,70000.0,0.0,0.0,0.0,870000.0
622484987,mukono,14,2400000.0,0.0,0.0,0.0,0.0,0.0,0.0,0.0,2400000.0
631647870,mukono,14,1800000.0,0.0,0.0,0.0,0.0,0.0,0.0,0.0,1800000.0
632483673,mukono,14,2000000.0,200000.0,0.0,300000.0,300000.0,0.0,0.0,0.0,2800000.0
632532023,mukono,14,4800000.0,0.0,0.0,0.0,1000000.0,0.0,0.0,0.0,5800000.0
633706958,mukono,14,320000.0,0.0,0.0,0.0,150000.0,0.0,0.0,0.0,470000.0
634023370,mukono,14,2000000.0,0.0,0.0,200000.0,0.0,0.0,0.0,100000.0,2300000.0
634718078,mukono,14,3000000.0,300000.0,0.0,0.0,300000.0,0.0,0.0,100000.0,3700000.0
634718387,mukono,14,1000000.0,100000.0,100000.0,100000.0,200000.0,0.0,0.0,0.0,1500000.0
635238203,mukono,14,700000.0,100000.0,300000.0,0.0,100000.0,0.0,0.0,0.0,1200000.0
635859907,mukono,14,1800000.0,200000.0,0.0,300000.0,30000.0,0.0,0.0,0.0,2330000.0
636603192,mukono,14,7000000.0,0.0,0.0,0.0,500000.0,2000000.0,0.0,0.0,9500000.0
551433371,nakaseke,14,930000.0,350000.0000000001,0.0,0.0,0.0,0.0,0.0,0.0,1280000.0
581719428,nakaseke,14,554400.0,0.0,0.0,0.0,0.0,0.0,0.0,0.0,554400.0
584453809,nakaseke,14,1008000.0,0.0,0.0,300000.0,0.0,0.0,0.0,0.0,1308000.0
588629366,nakaseke,14,552000.0,350000.0,0.0,0.0,0.0,0.0,0.0,0.0,902000.0
593198085,nakaseke,14,456000.0,0.0,0.0,0.0,0.0,0.0,0.0,0.0,456000.0
614850630,mukono,14,500000.0,0.0,100000.0,0.0,100000.0,0.0,0.0,0.0,700000.0
558415060,nakaseke,14,694400.0,0.0,0.0,250000.0,0.0,0.0,0.0,0.0,944400.0
561237697,nakaseke,14,499200.0,450000.0,0.0,0.0,500000.0,0.0,0.0,0.0,1449200.0
582502398,nakaseke,14,480000.0,0.0,0.0,0.0,225000.0,0.0,0.0,0.0,705000.0
586028388,nakaseke,14,617400.0,0.0,300000.0,0.0,200000.0,0.0,0.0,0.0,1117400.0
613819661,nakaseke,14,336000.0,0.0,0.0,0.0,0.0,0.0,0.0,0.0,336000.0
619770045,mukono,14,900000.0,0.0,0.0,0.0,0.0,0.0,0.0,0.0,900000.0
553313800,nakaseke,14,14000000.0,0.0,0.0,0.0,3999999.9999999986,0.0,0.0,0.0,18000000.0
560449000,nakaseke,14,680400.0,0.0,0.0,0.0,150000.0,0.0,0.0,0.0,830400.0
560449862,nakaseke,14,610000.0,0.0,0.0,300000.0,0.0,0.0,0.0,0.0,910000.0
583505325,nakaseke,14,1500000.0,0.0,0.0,0.0,0.0,0.0,0.0,0.0,1500000.0
613821415,nakaseke,14,2232000.0,0.0,0.0,0.0,0.0,0.0,0.0,0.0,2232000.0
561257600,nakaseke,14,325000.0,0.0,0.0,0.0,0.0,0.0,0.0,0.0,325000.0
585193571,nakaseke,14,545200.0,0.0,200000.0,0.0,640800.0,0.0,0.0,0.0,1386000.0
621639988,mukono,14,600000.0,0.0,0.0,0.0,1200000.0,0.0,0.0,0.0,1800000.0
550731204,nakaseke,14,600000.0,0.0,0.0,0.0,0.0,0.0,0.0,0.0,600000.0
550739292,nakaseke,14,500000.0,0.0,0.0,0.0,0.0,0.0,0.0,0.0,500000.0
550740686,nakaseke,14,1000000.0,0.0,0.0,0.0,0.0,0.0,0.0,0.0,1000000.0
551433006,nakaseke,14,1210000.0,249999.99999999983,0.0,0.0,0.0,0.0,0.0,0.0,1459999.9999999998
552803009,nakaseke,14,7950000.0,0.0,0.0,0.0,0.0,0.0,0.0,0.0,7950000.0
554395712,nakaseke,14,2360000.0,0.0,0.0,0.0,74999.99999999996,0.0,0.0,0.0,2435000.0
554399870,,14,8800000.0,0.0,0.0,0.0,4500000.0,0.0,0.0,0.0,13300000.0
555219447,nakaseke,14,1050000.0,0.0,0.0,0.0,0.0,0.0,0.0,0.0,1050000.0
559669939,nakaseke,14,2697500.0,0.0,0.0,0.0,520000.0,0.0,0.0,0.0,3217500.0
581666409,nakaseke,14,680400.0,0.0,100000.0,0.0,180000.0,0.0,0.0,0.0,960400.0
585208171,nakaseke,14,975000.0,0.0,300000.0,0.0,0.0,0.0,0.0,0.0,1275000.0
613829595,nakaseke,14,1003400.0,0.0,0.0,0.0,0.0,0.0,0.0,0.0,1003400.0
614807717,mukono,14,800000.0,0.0,0.0,500000.0,0.0,0.0,0.0,0.0,1300000.0
615773415,mukono,14,900000.0,200000.0,0.0,300000.0,300000.0,500000.0,0.0,0.0,2200000.0
616587562,mukono,14,1500000.0,20000.0,0.0,0.0,200000.0,0.0,0.0,0.0,1720000.0
617648818,mukono,14,1200000.0,0.0,0.0,0.0,0.0,0.0,0.0,0.0,1200000.0
617656724,mukono,14,3200000.0,0.0,0.0,0.0,0.0,0.0,0.0,0.0,3200000.0
618738718,mukono,14,2400000.0,0.0,0.0,0.0,0.0,0.0,0.0,0.0,2400000.0
618740822,mukono,14,2400000.0,0.0,0.0,0.0,0.0,0.0,0.0,0.0,2400000.0
619306835,mukono,14,1200000.0,300000.0,0.0,200000.0,0.0,300000.0,0.0,0.0,2000000.0
619559199,mukono,14,6000000.0,0.0,0.0,0.0,12000000.0,0.0,0.0,0.0,18000000.0
619769613,mukono,14,4500000.0,0.0,0.0,0.0,0.0,0.0,0.0,0.0,4500000.0
620129760,mukono,14,3500000.0,500000.0,0.0,0.0,500000.0,0.0,0.0,0.0,4500000.0
620157158,mukono,14,2500000.0,0.0,0.0,2000000.0,1000000.0,300000.0,0.0,0.0,5800000.0
620418682,mukono,14,12000000.0,1800000.0,0.0,0.0,1000000.0,0.0,0.0,0.0,14800000.0
620699865,mukono,14,2400000.0,0.0,0.0,0.0,0.0,0.0,0.0,0.0,2400000.0
620699988,mukono,14,36000000.0,0.0,0.0,0.0,0.0,0.0,0.0,0.0,36000000.0
621075678,mukono,14,1200000.0,0.0,0.0,0.0,0.0,0.0,0.0,100000.0,1300000.0
621078199,mukono,14,1200000.0,0.0,0.0,0.0,500000.0,0.0,0.0,1000000.0,2700000.0
621497521,mukono,14,750000.0,0.0,0.0,500000.0,200000.0,0.0,0.0,0.0,1450000.0
622288485,mukono,14,2000000.0,2500000.0,0.0,0.0,1000000.0,500000.0,0.0,0.0,6000000.0
622289226,mukono,14,900000.0,200000.0,100000.0,0.0,500000.0,0.0,0.0,300000.0,2000000.0
622950844,mukono,14,2600000.0,400000.0,0.0,0.0,1500000.0,0.0,0.0,0.0,4500000.0
622950959,mukono,14,700000.0,100000.0,0.0,200000.0,0.0,0.0,0.0,0.0,1000000.0
622951178,mukono,14,2100000.0,0.0,0.0,0.0,2000000.0,0.0,0.0,0.0,4100000.0
623479319,mukono,14,400000.0,0.0,0.0,0.0,2800000.0,0.0,0.0,0.0,3200000.0
623704150,mukono,14,1000000.0,500000.0,0.0,500000.0,300000.0,0.0,0.0,0.0,2300000.0
623704380,mukono,14,300000.0,0.0,200000.0,0.0,200000.0,0.0,0.0,0.0,700000.0
624715344,mukono,14,200000.0,0.0,0.0,0.0,200000.0,0.0,0.0,1000000.0,1400000.0
631647480,mukono,14,3200000.0,0.0,0.0,0.0,700000.0,0.0,0.0,0.0,3900000.0
632449589,mukono,14,3000000.0,0.0,0.0,500000.0,0.0,0.0,0.0,0.0,3500000.0
632465838,mukono,14,2500000.0,200000.0,0.0,300000.0,300000.0,0.0,0.0,0.0,3300000.0
633165465,mukono,14,2000000.0,400000.0,0.0,500000.0,500000.0,0.0,0.0,0.0,3400000.0
633165662,mukono,14,2000000.0,300000.0,0.0,0.0,300000.0,200000.0,0.0,0.0,2800000.0
634022615,mukono,14,4000000.0,1000000.0,0.0,1000000.0,300000.0,0.0,0.0,0.0,6300000.0
634718321,mukono,14,1000000.0,0.0,0.0,0.0,300000.0,500000.0,0.0,0.0,1800000.0
634929270,mukono,14,80000.0,0.0,0.0,0.0,0.0,0.0,0.0,0.0,80000.0
635102819,mukono,14,1000000.0,0.0,500000.0,0.0,500000.0,0.0,0.0,0.0,2000000.0
635238371,mukono,14,2000000.0,1000000.0,0.0,500000.0,500000.0,0.0,0.0,0.0,4000000.0
635238449,mukono,14,2500000.0,100000.0,0.0,300000.0,300000.0,0.0,0.0,0.0,3200000.0
635238630,mukono,14,1500000.0,500000.0,0.0,300000.0,300000.0,0.0,0.0,0.0,2600000.0
635625333,mukono,14,400000.0,0.0,0.0,0.0,0.0,0.0,0.0,0.0,400000.0
635859825,mukono,14,1500000.0,0.0,0.0,500000.0,0.0,0.0,0.0,0.0,2000000.0
635860002,mukono,14,3000000.0,200000.0,0.0,0.0,0.0,0.0,0.0,0.0,3200000.0
635860179,mukono,14,3000000.0,1000000.0,0.0,500000.0,500000.0,0.0,0.0,0.0,5000000.0
636134719,mukono,14,24000000.0,0.0,0.0,1000000.0,1950000.0,0.0,0.0,0.0,26950000.0
636135880,mukono,14,1400000.0,0.0,1500000.0,0.0,500000.0,0.0,0.0,0.0,3400000.0
636603058,mukono,14,900000.0,0.0,0.0,0.0,200000.0,0.0,0.0,0.0,1100000.0
636603136,mukono,14,700000.0,0.0,0.0,300000.0,500000.0,0.0,0.0,0.0,1500000.0
644152753,mukono,14,2000000.0,200000.0,0.0,300000.0,300000.0,0.0,0.0,300000.0,3100000.0
644152847,mukono,14,700000.0,100000.0,0.0,200000.0,200000.0,0.0,0.0,0.0,1200000.0
644159669,mukono,14,3200000.0,0.0,0.0,0.0,420000.0,0.0,0.0,0.0,3620000.0
554400498,nakaseke,14,7000000.0,0.0,0.0,0.0,450000.00000000035,0.0,0.0,0.0,7450000.0
559666632,nakaseke,14,990000.0,0.0,0.0,150000.0,0.0,0.0,0.0,0.0,1140000.0
619306547,mukono,14,2000000.0,500000.0,0.0,0.0,0.0,0.0,0.0,320000.0,2820000.0
622485261,mukono,14,800000.0,0.0,0.0,0.0,0.0,0.0,0.0,0.0,800000.0
631647195,mukono,14,600000.0,0.0,0.0,0.0,150000.0,0.0,0.0,0.0,750000.0
565368592,nakaseke,14,571200.0,0.0,0.0,0.0,127000.0,0.0,0.0,0.0,698200.0
584454693,nakaseke,14,250000.0,0.0,250000.0,0.0,0.0,0.0,0.0,0.0,500000.0
618738814,mukono,14,2600000.0,0.0,0.0,0.0,0.0,0.0,0.0,0.0,2600000.0
582503421,nakaseke,14,690000.0,0.0,0.0,0.0,0.0,0.0,0.0,0.0,690000.0
589565846,nakaseke,14,720000.0,0.0,0.0,0.0,850000.0,0.0,0.0,0.0,1570000.0
614850459,mukono,14,1100000.0,0.0,0.0,0.0,550000.0,0.0,0.0,0.0,1650000.0
556032422,nakaseke,14,2500000.0,1800000.0,0.0,300000.0,0.0,0.0,0.0,0.0,4600000.0
558422563,nakaseke,14,1750000.0,0.0,0.0,0.0,950000.0,0.0,0.0,0.0,2700000.0
585223034,nakaseke,14,342000.0,0.0,0.0,0.0,0.0,0.0,0.0,0.0,342000.0
623704362,mukono,14,700000.0,500000.0,0.0,0.0,500000.0,0.0,0.0,0.0,1700000.0
633165535,mukono,14,1800000.0,0.0,0.0,500000.0,500000.0,0.0,0.0,0.0,2800000.0
634929225,mukono,14,4000000.0,0.0,0.0,0.0,100000.0,0.0,0.0,0.0,4100000.0
636602878,mukono,14,3500000.0,200000.0,0.0,200000.0,300000.0,0.0,0.0,0.0,4200000.0
558418973,nakaseke,14,1664000.0,0.0,0.0,0.0,1800000.0,2500000.0,0.0,0.0,5964000.0
613827164,nakaseke,14,1560200.0,0.0,450000.0,0.0,950000.0,0.0,0.0,0.0,2960200.0
632876809,mukono,14,320000.0,0.0,0.0,0.0,0.0,0.0,0.0,0.0,320000.0
559670838,nakaseke,14,2073500.0,0.0,0.0,200000.0,0.0,0.0,0.0,0.0,2273500.0
588625655,nakaseke,14,2496000.0,0.0,300000.0,0.0,1050000.0,0.0,0.0,0.0,3846000.0
550732633,nakaseke,14,1050000.0,0.0,0.0,0.0,0.0,0.0,0.0,0.0,1050000.0
550740078,nakaseke,14,1100000.0,249999.99999999983,0.0,0.0,0.0,0.0,0.0,0.0,1349999.9999999998
552802393,nakaseke,14,8800000.0,499999.9999999997,0.0,0.0,200000.00000000006,0.0,0.0,0.0,9500000.0
553314788,nakaseke,14,7500000.0,0.0,0.0,0.0,69999.99999999994,0.0,0.0,0.0,7570000.0
556033462,nakaseke,14,4032000.0,0.0,0.0,0.0,1755000.0,0.0,0.0,0.0,5787000.0
557694485,nakaseke,14,90000.0,0.0,0.0,50000.0,0.0,0.0,0.0,0.0,140000.0
557694682,nakaseke,14,90000.0,0.0,0.0,25000.0,0.0,0.0,0.0,0.0,115000.0
557711753,nakaseke,14,1750000.0,0.0,0.0,0.0,0.0,0.0,0.0,0.0,1750000.0
557713215,nakaseke,14,1100000.0000000002,0.0,0.0,0.0,0.0,0.0,0.0,0.0,1100000.0000000002
558375556,nakaseke,14,300000.0,0.0,0.0,50000.0,60000.0,0.0,0.0,0.0,410000.0
565368815,nakaseke,14,1150000.0,0.0,0.0,300000.0,0.0,0.0,0.0,0.0,1450000.0
583503314,nakaseke,14,3060000.0,0.0,0.0,0.0,639000.0,0.0,0.0,0.0,3699000.0
592192864,nakaseke,14,2400000.0,0.0,0.0,0.0,0.0,0.0,0.0,0.0,2400000.0
614807974,mukono,14,700000.0,0.0,0.0,400000.0,0.0,0.0,0.0,0.0,1100000.0
614850566,mukono,14,3200000.0,0.0,0.0,0.0,3000000.0,0.0,0.0,0.0,6200000.0
615761193,mukono,14,7000000.0,1000000.0,0.0,0.0,1000000.0,0.0,500000.0,0.0,9500000.0
615773611,mukono,14,1000000.0,200000.0,100000.0,0.0,100000.0,0.0,0.0,0.0,1400000.0
616675567,mukono,14,300000.0,0.0,0.0,0.0,0.0,1000000.0,600000.0,0.0,1900000.0
617462488,mukono,14,650000.0,0.0,0.0,0.0,0.0,4000000.0,0.0,0.0,4650000.0
617463415,mukono,14,300000.0,0.0,0.0,0.0,300000.0,2400000.0,0.0,0.0,3000000.0
617648934,mukono,14,2400000.0,0.0,0.0,0.0,0.0,0.0,0.0,0.0,2400000.0
619547863,mukono,14,1000000.0,0.0,0.0,0.0,250000.0,1000000.0,0.0,0.0,2250000.0
619769827,mukono,14,560000.0,0.0,0.0,0.0,0.0,0.0,0.0,250000.0,810000.0
619769984,mukono,14,1800000.0,0.0,0.0,0.0,0.0,0.0,0.0,0.0,1800000.0
620417365,mukono,14,600000.0,0.0,0.0,0.0,0.0,5000000.0,1000000.0,0.0,6600000.0
620699936,mukono,14,3200000.0,0.0,0.0,0.0,0.0,0.0,0.0,0.0,3200000.0
620700057,mukono,14,1200000.0,0.0,0.0,0.0,1600000.0,0.0,0.0,0.0,2800000.0
621078668,mukono,14,1100000.0,200000.0,0.0,0.0,800000.0,0.0,4800000.0,500000.0,7400000.0
621640204,mukono,14,130000.0,0.0,0.0,0.0,0.0,0.0,0.0,0.0,130000.0
621642449,mukono,14,200000.0,0.0,0.0,0.0,0.0,0.0,0.0,0.0,200000.0
622289483,mukono,14,400000.0,200000.0,100000.0,0.0,200000.0,0.0,0.0,0.0,900000.0
622485078,mukono,14,8000000.0,0.0,0.0,0.0,4500000.0,0.0,0.0,0.0,12500000.0
623981243,mukono,14,100000.0,0.0,0.0,0.0,250000.0,0.0,0.0,0.0,350000.0
624290457,mukono,14,1800000.0,500000.0,0.0,1000000.0,500000.0,600000.0,0.0,0.0,4400000.0
624291333,mukono,14,700000.0,600000.0,0.0,600000.0,500000.0,0.0,0.0,0.0,2400000.0
624292438,mukono,14,700000.0,700000.0,200000.0,200000.0,200000.0,0.0,0.0,0.0,2000000.0
631647010,mukono,14,1200000.0,0.0,0.0,0.0,75000.0,0.0,0.0,0.0,1275000.0
633165312,mukono,14,1200000.0,0.0,0.0,200000.0,0.0,0.0,0.0,0.0,1400000.0
633706793,mukono,14,300000.0,0.0,0.0,0.0,500000.0,0.0,0.0,0.0,800000.0
634022985,mukono,14,900000.0,0.0,0.0,300000.0,0.0,0.0,0.0,100000.0,1300000.0
634718242,mukono,14,5000000.0,1000000.0,0.0,1000000.0,1000000.0,0.0,0.0,0.0,8000000.0
635238561,mukono,14,1200000.0,0.0,0.0,500000.0,300000.0,0.0,0.0,0.0,2000000.0
636135365,mukono,14,3000000.0,0.0,500000.0,300000.0,100000.0,0.0,0.0,0.0,3900000.0
636136285,mukono,14,2400000.0,0.0,0.0,1000000.0,0.0,0.0,0.0,3000000.0,6400000.0
616674531,mukono,14,5100000.0,0.0,0.0,0.0,0.0,0.0,2000000.0,0.0,7100000.0
557715625,nakaseke,14,1650000.0,0.0,0.0,0.0,0.0,0.0,0.0,0.0,1650000.0
582503133,nakaseke,14,1260000.0,0.0,0.0,500000.0,0.0,0.0,0.0,0.0,1760000.0
586804272,nakaseke,14,3217800.0,300000.0,1000000.0,0.0,560000.0,0.0,0.0,0.0,5077800.0
620699783,mukono,14,2800000.0,0.0,0.0,0.0,0.0,0.0,0.0,0.0,2800000.0
550738751,nakaseke,14,400000.0,0.0,0.0,0.0,0.0,0.0,0.0,0.0,400000.0
589566299,nakaseke,14,540000.0,0.0,0.0,0.0,0.0,0.0,0.0,0.0,540000.0
556042851,nakaseke,14,700000.0,0.0,0.0,300000.0,250000.0,0.0,0.0,0.0,1250000.0
581667076,nakaseke,14,831600.0,0.0,300000.0,150000.0,0.0,0.0,0.0,0.0,1281600.0
561201812,nakaseke,14,600000.0,0.0,250000.0,90000.0,90000.0,0.0,0.0,0.0,1030000.0
561202655,nakaseke,14,300000.0,60000.0,55000.0,150000.0,70000.0,0.0,0.0,0.0,635000.0
622951271,mukono,14,1800000.0,1000000.0,0.0,0.0,1200000.0,0.0,0.0,0.0,4000000.0
623479194,mukono,14,2400000.0,0.0,0.0,0.0,1200000.0,0.0,0.0,0.0,3600000.0
633859954,mukono,14,1200000.0,0.0,1000000.0,0.0,500000.0,0.0,0.0,0.0,2700000.0
634322609,mukono,14,1800000.0,0.0,0.0,0.0,0.0,0.0,0.0,0.0,1800000.0
634718422,mukono,14,1000000.0,0.0,0.0,299999.99999999977,0.0,0.0,0.0,0.0,1299999.9999999998
618738459,mukono,14,5400000.0,0.0,0.0,0.0,0.0,0.0,0.0,0.0,5400000.0
552806909,nakaseke,14,1120000.0,0.0,0.0,0.0,499999.9999999997,0.0,0.0,0.0,1619999.9999999998
557694859,nakaseke,14,90000.0,0.0,0.0,0.0,0.0,0.0,0.0,0.0,90000.0
589566059,nakaseke,14,6300000.0,1000000.0,0.0,300000.0,0.0,0.0,0.0,0.0,7600000.0
593200247,nakaseke,14,31200005.0,1000000.0,0.0,0.0,1080000.0,0.0,0.0,0.0,33280005.0
613820537,nakaseke,14,5040000.0,500000.0,0.0,0.0,0.0,0.0,0.0,0.0,5540000.0
614808240,mukono,14,1000000.0,0.0,0.0,600000.0,0.0,200000.0,0.0,0.0,1800000.0
615773753,mukono,14,1500000.0,1000000.0,0.0,200000.0,0.0,0.0,0.0,0.0,2700000.0
617460629,mukono,14,800000.0,0.0,0.0,0.0,0.0,20000000.0,0.0,500000.0,21300000.0
617461111,mukono,14,400000.0,0.0,0.0,300000.0,0.0,0.0,0.0,0.0,700000.0
617461597,mukono,14,120000.0,0.0,0.0,0.0,0.0,0.0,0.0,0.0,120000.0
618056660,mukono,14,1200000.0,0.0,0.0,200000.0,0.0,500000.0,0.0,0.0,1900000.0
618502638,mukono,14,2000000.0,0.0,0.0,0.0,300000.0,0.0,0.0,499999.9999999997,2799999.9999999995
618738618,mukono,14,3400000.0,0.0,0.0,0.0,0.0,0.0,0.0,0.0,3400000.0
619308856,mukono,14,3000000.0,500000.0,0.0,0.0,500000.0,0.0,0.0,9000000.0,13000000.0
620131758,mukono,14,700000.0,500000.0,0.0,0.0,500000.0,0.0,0.0,0.0,1700000.0
621077765,mukono,14,2500000.0,0.0,0.0,0.0,0.0,0.0,0.0,1000000.0,3500000.0
622950517,mukono,14,8000000.0,300000.0,0.0,500000.0,4000000.0,0.0,0.0,0.0,12800000.0
623178431,mukono,14,1600000.0,0.0,1000000.0,240000.0,0.0,0.0,0.0,0.0,2840000.0
623271316,mukono,14,750000.0,0.0,0.0,0.0,10000000.0,2000000.0,0.0,0.0,12750000.0
623272577,mukono,14,1000000.0,0.0,0.0,0.0,20000000.0,0.0,0.0,0.0,21000000.0
624293459,mukono,14,1100000.0,1000000.0,0.0,0.0,0.0,0.0,0.0,0.0,2100000.0
624713073,mukono,14,400000.0,0.0,0.0,5000000.0,0.0,0.0,0.0,0.0,5400000.0
624713879,mukono,14,685000.0,0.0,0.0,0.0,0.0,2000000.0,0.0,0.0,2685000.0
625320144,mukono,14,800000.0,360000.0,0.0,0.0,6000000.0,0.0,0.0,0.0,7160000.0
628089142,mukono,14,840000.0,0.0,0.0,0.0,0.0,0.0,5000000.0,0.0,5840000.0
628089849,mukono,14,1400000.0,0.0,0.0,0.0,0.0,3000000.0,0.0,0.0,4400000.0
628775275,mukono,14,45000000.0,0.0,0.0,1000000.0,0.0,10000000.0,0.0,0.0,56000000.0
630120893,mukono,14,2400000.0,0.0,0.0,500000.0,0.0,1000000.0,0.0,0.0,3900000.0
632524617,mukono,14,6500000.0,0.0,0.0,0.0,240000.0,2000000.0,0.0,0.0,8740000.0
633860632,mukono,14,2400000.0,0.0,0.0,0.0,1200000.0,0.0,4800000.0,0.0,8400000.0
633861486,mukono,14,1410000.0,0.0,0.0,0.0,0.0,0.0,6000000.0,0.0,7410000.0
634021883,mukono,14,5000000.0,1000000.0,0.0,0.0,600000.0,0.0,0.0,0.0,6600000.0
634952329,mukono,14,49000000.0,0.0,0.0,0.0,2000000.0,0.0,6000000.0,0.0,57000000.0
635102211,mukono,14,4000000.0,10000000.0,0.0,0.0,5000000.0,0.0,0.0,2000000.0,21000000.0
635102285,mukono,14,1200000.0,0.0,2000000.0,0.0,500000.0,0.0,0.0,0.0,3700000.0
623184098,mukono,14,1500000.0,0.0,0.0,0.0,500000.0,0.0,1000000.0,0.0,3000000.0
554408234,nakaseke,14,550000.0,0.0,0.0,0.0,0.0,0.0,0.0,0.0,550000.0
556042141,nakaseke,14,300000.0,0.0,0.0,0.0,120000.0,0.0,0.0,0.0,420000.0
559614978,nakaseke,14,600000.0,0.0,500000.0,0.0,400000.0,0.0,0.0,0.0,1500000.0
581570782,nakaseke,14,1000000.0,0.0,0.0,500000.0,200000.00000000006,0.0,0.0,0.0,1700000.0
552806065,,14,500000.0,0.0,0.0,0.0,0.0,0.0,0.0,0.0,500000.0
553316435,nakaseke,14,1700000.0,0.0,0.0,0.0,0.0,0.0,0.0,0.0,1700000.0
558375760,nakaseke,14,150000.0,0.0,0.0,0.0,0.0,0.0,0.0,0.0,150000.0
559615316,nakaseke,14,500000.0,0.0,400000.0,250000.0,50000.0,0.0,0.0,0.0,1200000.0
630121155,mukono,14,4200000.0,1000000.0,0.0,0.0,200000.0,0.0,0.0,0.0,5400000.0
630121646,mukono,14,2800000.0,0.0,0.0,700000.0,120000.0,0.0,0.0,0.0,3620000.0
560425493,nakaseke,14,250000.0,0.0,0.0,100000.0,50000.0,0.0,0.0,0.0,400000.0
560424556,nakaseke,14,600000.0,0.0,500000.0,90000.0,200000.0,0.0,0.0,0.0,1390000.0
561200542,nakaseke,14,600000.0,450000.0,0.0,90000.0,50000.0,0.0,0.0,0.0,1190000.0
561202398,nakaseke,14,350000.0,0.0,200000.0,100000.0,60000.0,0.0,0.0,0.0,710000.0
560425197,nakaseke,14,500000.0,0.0,350000.0,160000.0,90000.0,0.0,0.0,0.0,1100000.0
628088416,mukono,14,1300000.0,3000000.0,0.0,500000.0,0.0,2000000.0,0.0,0.0,6800000.0
628089405,mukono,14,1400000.0,0.0,0.0,0.0,0.0,6000000.0,0.0,0.0,7400000.0
628774965,mukono,14,1000000.0,0.0,2000000.0,500000.0,0.0,0.0,0.0,0.0,3500000.0
632530379,mukono,14,1000000.0,0.0,0.0,5000000.0,500000.0,0.0,0.0,0.0,6500000.0
636135085,mukono,14,20800000.0,1000000.0,0.0,0.0,500000.0,0.0,0.0,0.0,22300000.0
556039009,nakaseke,14,20000.0,0.0,0.0,50000.0,120000.0,0.0,0.0,0.0,190000.0
553316712,nakaseke,14,370000.0,0.0,0.0,0.0,126999.99999999996,0.0,0.0,0.0,496999.99999999994
621496649,mukono,14,2400000.0,0.0,0.0,2400000.0,100000.0,0.0,0.0,0.0,4900000.0
629845932,mukono,14,2000000.0,0.0,0.0,3000000.0,360000.0,0.0,0.0,0.0,5360000.0
632528316,mukono,14,5000000.0,0.0,0.0,1500000.0,0.0,0.0,0.0,0.0,6500000.0
633861263,mukono,14,8400000.0,10000000.0,0.0,0.0,6000000.0,0.0,0.0,0.0,24400000.0
635102642,mukono,14,7000000.0,0.0,0.0,0.0,10000000.0,0.0,0.0,0.0,17000000.0
560423470,nakaseke,14,450000.0,0.0,240000.0,0.0,300000.0,0.0,0.0,0.0,990000.0
551439101,nakaseke,14,1100000.0,0.0,0.0,0.0,0.0,0.0,0.0,0.0,1100000.0
553316111,nakaseke,14,380000.0,0.0,0.0,0.0,100000.00000000001,0.0,0.0,0.0,480000.0
554407800,nakaseke,14,900000.0,0.0,0.0,0.0,0.0,0.0,0.0,0.0,900000.0
558374654,nakaseke,14,450000.0,420000.00000000023,250000.0,100000.0,0.0,0.0,0.0,0.0,1220000.0000000002
558375246,nakaseke,14,220000.0,0.0,50000.0,150000.0,0.0,0.0,0.0,0.0,420000.0
581569323,nakaseke,14,1350000.0,299999.99999999977,299999.99999999977,0.0,6000000.0,0.0,0.0,0.0,7950000.0
581571879,nakaseke,14,500000.0,0.0,200000.0,150000.0,60000.0,0.0,0.0,0.0,910000.0
564861263,nakaseke,14,500000.0,150000.0,50000.0,100000.0,60000.0,0.0,0.0,0.0,860000.0
559615143,nakaseke,14,300000.0,0.0,50000.0,60000.0,100000.0,0.0,0.0,0.0,510000.0
564864365,nakaseke,14,300000.0,60000.0,58000.0,100000.0,60000.0,0.0,0.0,0.0,578000.0
553315619,nakaseke,14,350000.0,0.0,0.0,0.0,0.0,0.0,0.0,0.0,350000.0
556039301,nakaseke,14,500000.0,0.0,0.0,90000.0,150000.0,0.0,0.0,0.0,740000.0
615757479,mukono,14,800000.0,0.0,0.0,0.0,100000.0,0.0,0.0,0.0,900000.0
615773011,mukono,14,1500000.0,0.0,0.0,0.0,0.0,0.0,0.0,200000.0,1700000.0
619554974,mukono,14,3600000.0,2000000.0,0.0,0.0,1000000.0,0.0,0.0,0.0,6600000.0
620416772,mukono,14,500000.0,0.0,0.0,600000.0,0.0,180000.0,0.0,0.0,1280000.0
620419799,mukono,14,4000000.0,0.0,0.0,0.0,125000.0,0.0,0.0,0.0,4125000.0
621494958,mukono,14,500000.0,0.0,0.0,0.0,0.0,0.0,0.0,5000000.0,5500000.0
621496210,mukono,14,6000000.0,1000000.0,0.0,500000.0,0.0,0.0,0.0,0.0,7500000.0
621498584,mukono,14,16800000.0,0.0,0.0,0.0,500000.0,1000000.0,0.0,0.0,18300000.0
621639094,mukono,14,400000.0,0.0,0.0,0.0,300000.0,0.0,599999.9999999998,0.0,1299999.9999999998
623187149,mukono,14,560000.0,0.0,0.0,240000.0,0.0,1000000.0,0.0,0.0,1800000.0
623270536,mukono,14,13500000.0,0.0,0.0,0.0,1900000.0,0.0,0.0,0.0,15400000.0
624711692,mukono,14,1200000.0,1000000.0,0.0,0.0,2000000.0,0.0,0.0,0.0,4200000.0
624712163,mukono,14,2400000.0,1080000.0,0.0,0.0,0.0,5000000.0,0.0,0.0,8480000.0
625315993,mukono,14,1200000.0,0.0,0.0,500000.0,100000.0,0.0,0.0,0.0,1800000.0
628080096,mukono,14,7000000.0,0.0,0.0,0.0,2000000.0,0.0,0.0,0.0,9000000.0
628775775,mukono,14,36000000.0,3000000.0,0.0,0.0,0.0,1000000.0,0.0,0.0,40000000.0
630120684,mukono,14,7000000.0,2000000.0,0.0,0.0,0.0,3000000.0,0.0,0.0,12000000.0
632531024,mukono,14,3500000.0,0.0,0.0,1000000.0,0.0,0.0,5000000.0,0.0,9500000.0
632870785,mukono,14,3200000.0,0.0,0.0,0.0,70000.0,0.0,0.0,0.0,3270000.0
634322563,mukono,14,1200000.0,0.0,0.0,0.0,2000000.0,0.0,0.0,0.0,3200000.0
634951268,mukono,14,1000000.0,0.0,0.0,1300000.0,0.0,0.0,0.0,0.0,2300000.0
619307991,mukono,14,6000000.0,1000000.0,0.0,500000.0,15000000.0,0.0,6000000.0,0.0,28500000.0
634929055,mukono,14,2400000.0,0.0,0.0,0.0,500000.0,0.0,0.0,0.0,2900000.0
635625431,mukono,14,1200000.0,0.0,0.0,0.0,800000.0,0.0,0.0,0.0,2000000.0
625318562,mukono,14,400000.0,0.0,2000000.0,1000000.0,0.0,0.0,0.0,0.0,3400000.0
628776109,mukono,14,4900000.0,0.0,0.0,450000.0,0.0,2000000.0,0.0,0.0,7350000.0
633860413,mukono,14,42000000.0,0.0,0.0,1000000.0,500000.0,0.0,0.0,12000000.0,55500000.0
557694292,nakaseke,14,300000.0,0.0,0.0,50000.0,60000.0,0.0,0.0,0.0,410000.0
582450581,nakaseke,14,350000.0,50000.0,90000.0,0.0,0.0,0.0,0.0,0.0,490000.0
613185259,nakaseke,14,390000.0,0.0,0.0,0.0,400000.0,0.0,0.0,0.0,790000.0
614810845,mukono,14,800000.0,0.0,0.0,0.0,0.0,0.0,0.0,0.0,800000.0
617648764,mukono,14,1200000.0,0.0,0.0,0.0,0.0,0.0,0.0,0.0,1200000.0
551438934,nakaseke,14,1700000.0,0.0,0.0,0.0,0.0,0.0,0.0,0.0,1700000.0
589548879,nakaseke,14,20000.0,0.0,100000.0,0.0,250000.0,0.0,0.0,0.0,370000.0
554402613,nakaseke,14,0.0,0.0,0.0,0.0,120000.00000000006,0.0,0.0,0.0,120000.00000000006
589547568,nakaseke,14,350000.0,0.0,0.0,120000.00000000006,0.0,999999.9999999995,0.0,0.0,1469999.9999999995
592180125,nakaseke,14,350000.0,0.0,0.0,0.0,200000.0,0.0,0.0,0.0,550000.0
613184766,nakaseke,14,600000.0,0.0,0.0,100000.0,250000.0,0.0,0.0,0.0,950000.0
613185864,nakaseke,14,600000.0,20000.0,0.0,999999.9999999995,500000.0,0.0,0.0,0.0,2119999.9999999995
593216040,nakaseke,14,400000.0,250000.0,69000.0,0.0,200000.0,0.0,0.0,0.0,919000.0
552806578,nakaseke,14,1300000.0,0.0,0.0,0.0,0.0,0.0,0.0,0.0,1300000.0
554403180,,14,1100000.0,999999.9999999997,0.0,0.0,150000.00000000006,0.0,0.0,0.0,2249999.9999999995
554997531,nakaseke,14,400000.0,0.0,0.0,60000.0,250000.0,0.0,0.0,0.0,710000.0
581568916,nakaseke,14,500000.0,0.0,90000.0,60000.0,170000.0,0.0,0.0,0.0,820000.0
582449149,nakaseke,14,600000.0,250000.0,0.0,150000.0,50000.0,0.0,0.0,0.0,1050000.0
583384059,nakaseke,14,9000000.0,350000.0,0.0,0.0,250000.0,0.0,0.0,0.0,9600000.0
584465855,nakaseke,14,400000.0,150000.0,0.0,0.0,0.0,0.0,0.0,0.0,550000.0
585291611,nakaseke,14,9000000.0,30000.0,0.0,60000.0,350000.0,0.0,0.0,0.0,9440000.0
588618114,nakaseke,14,600000.0,0.0,0.0,120000.0,30000.0,0.0,0.0,0.0,750000.0
589549118,nakaseke,14,600000.0,0.0,90000.0,0.0,250000.0,0.0,0.0,0.0,940000.0
592179551,nakaseke,14,200000.0,0.0,0.0,150000.0,150000.0,0.0,0.0,0.0,500000.0
613185857,nakaseke,14,600000.0,300000.0,0.0,120000.0,350000.0,0.0,0.0,0.0,1370000.0
613185868,nakaseke,14,500000.0,350000.0,0.0,0.0,400000.0,0.0,0.0,0.0,1250000.0
618737230,mukono,14,1800000.0,0.0,0.0,0.0,0.0,0.0,0.0,0.0,1800000.0
625321534,mukono,14,5600000.0,0.0,0.0,0.0,2000000.0,10000000.0,0.0,0.0,17600000.0
613185262,nakaseke,14,260000.0,0.0,300000.0,100000.0,250000.0,0.0,0.0,0.0,910000.0
586823072,nakaseke,14,600000.0,0.0,0.0,249999.99999999983,600000.0,0.0,0.0,0.0,1449999.9999999998
586821078,nakaseke,14,800000.0,0.0,0.0,20000.0,96000.0,0.0,0.0,0.0,916000.0
586823179,nakaseke,14,600000.0,0.0,0.0,100000.0,600000.0,0.0,0.0,0.0,1300000.0
588618032,nakaseke,14,1000000.0,200000.0,0.0,150000.0,350000.0,0.0,0.0,0.0,1700000.0
592179319,nakaseke,14,300000.0,0.0,0.0,0.0,200000.0,0.0,0.0,0.0,500000.0
613185254,nakaseke,14,350000.0,400000.0,89999.99999999997,0.0,230000.0,0.0,0.0,0.0,1070000.0
613184756,nakaseke,14,380000.0,0.0,249999.99999999983,0.0,350000.0,0.0,0.0,0.0,979999.9999999998
613184762,nakaseke,14,5000000.0,0.0,299999.9999999999,700000.0,250000.0,100000.0,0.0,0.0,6350000.0
593216705,nakaseke,14,350000.0,109.0,0.0,0.0,200000.0,0.0,0.0,0.0,550109.0
582448458,nakaseke,14,600000.0,300000.0,0.0,150000.0,200000.0,0.0,0.0,0.0,1250000.0
583383308,nakaseke,14,560000.0,30000.0,90000.0,3.0,20000.0,0.0,0.0,0.0,700003.0
584457728,nakaseke,14,350000.0,0.0,0.0,0.0,0.0,0.0,0.0,0.0,350000.0
584460556,nakaseke,14,250000.0,100000.0,0.0,150000.0,249999.99999999983,0.0,0.0,0.0,749999.9999999998
586822745,nakaseke,14,600000.0,300000.0,0.0,0.0,200000.0,0.0,0.0,0.0,1100000.0
588618956,nakaseke,14,600000.0,0.0,150000.0,0.0,250000.0,0.0,0.0,0.0,1000000.0
588619984,nakaseke,14,500000.0,0.0,0.0,0.0,250000.0,0.0,0.0,0.0,750000.0
589548430,nakaseke,14,300000.0,0.0,25000.0,0.0,500000.0,0.0,0.0,0.0,825000.0
613184214,nakaseke,14,200000.0,0.0,50000.0,0.0,130000.0,0.0,0.0,0.0,380000.0
551438775,nakaseke,14,1200000.0,0.0,0.0,0.0,0.0,0.0,0.0,0.0,1200000.0
552805506,nakaseke,14,9700000.0,0.0,0.0,0.0,0.0,0.0,0.0,0.0,9700000.0
582449815,nakaseke,14,500000.0,200000.0,0.0,0.0,60000.0,3599999.999999997,0.0,0.0,4359999.999999997
583383783,nakaseke,14,500000.0,200000.0,0.0,0.0,300000.0,0.0,0.0,0.0,1000000.0
583384470,nakaseke,14,500000.0,250000.0,0.0,100000.00000000001,200000.0,0.0,0.0,0.0,1050000.0
585919910,nakaseke,14,2000000.0,500000.0,400000.0000000001,500000.0,600000.0,0.0,0.0,0.0,4000000.0
585937638,nakaseke,14,600000.0,250000.0,149999.99999999994,60000.0,260000.0,0.0,0.0,0.0,1320000.0
592179023,nakaseke,14,1000000.0,200000.0,0.0,100000.0,0.0,0.0,0.0,0.0,1300000.0
551439238,nakaseke,14,1500000.0,0.0,0.0,0.0,0.0,0.0,0.0,0.0,1500000.0
555070994,nakaseke,14,600000.0,250000.0,0.0,100000.0,60000.0,0.0,0.0,0.0,1010000.0
555112218,nakaseke,14,1050000.0,0.0,0.0,0.0,0.0,0.0,0.0,0.0,1050000.0
555148547,nakaseke,14,400000.0,250000.0,0.0,90000.0,400000.0,0.0,0.0,0.0,1140000.0
584458624,nakaseke,14,600000.0,250000.0,400000.0,100000.0,0.0,0.0,0.0,0.0,1350000.0
585290674,nakaseke,14,500000.0,250000.0,0.0,100000.0,900000.0,0.0,0.0,0.0,1750000.0
585290890,nakaseke,14,700000.0,300000.0,50000.0,120000.0,350000.0,0.0,0.0,0.0,1520000.0
585309665,nakaseke,14,500000.0,0.0,0.0,0.0,200000.0,0.0,0.0,0.0,700000.0
585924133,nakaseke,14,600000.0,200000.0,0.0,150000.0,300000.0,0.0,0.0,0.0,1250000.0
585929887,nakaseke,14,500000.0,0.0,0.0,0.0,0.0,0.0,0.0,0.0,500000.0
613834815,nakaseke,14,2100000.0,0.0,0.0,0.0,0.0,0.0,0.0,1999999.9999999993,4099999.999999999
613836978,nakaseke,14,700000.0,0.0,0.0,0.0,0.0,0.0,0.0,0.0,700000.0
617656696,mukono,14,1099999.9999999998,0.0,0.0,0.0,60000.000000000015,5100000.000000003,0.0,0.0,6260000.000000003
633860938,mukono,14,3000000.0,1000000.0,0.0,0.0,5000000.0,0.0,0.0,0.0,9000000.0
616677841,mukono,15,70000.0,0.0,6000000.0,0.0,0.0,0.0,0.0,0.0,6070000.0
551440657,nakaseke,15,280000.0,0.0,150000.00000000006,0.0,150000.00000000006,0.0,0.0,0.0,580000.0000000001
592191523,nakaseke,15,312000.0,0.0,0.0,0.0,500000.0,0.0,0.0,0.0,812000.0
552803559,nakaseke,15,3440000.0,200000.00000000006,0.0,0.0,499999.9999999997,0.0,0.0,0.0,4139999.9999999995
613177526,nakaseke,15,50000000.0,0.0,0.0,0.0,0.0,0.0,0.0,0.0,50000000.0
613831899,nakaseke,15,203000.0,0.0,0.0,0.0,0.0,0.0,0.0,0.0,203000.0
614880484,mukono,15,120000.0,0.0,0.0,0.0,0.0,0.0,0.0,0.0,120000.0
550714067,nakaseke,15,800000.0,0.0,0.0,0.0,126999.99999999996,0.0,0.0,0.0,927000.0
550714208,nakaseke,15,1000000.0,0.0,0.0,0.0,299999.9999999999,0.0,0.0,0.0,1300000.0
556045414,nakaseke,15,1000000.0,0.0,0.0,0.0,500000.0,0.0,0.0,0.0,1500000.0
556046788,nakaseke,15,800000.0,0.0,0.0,300000.0,0.0,0.0,0.0,0.0,1100000.0
557695958,nakaseke,15,1000000.0,500000.0,0.0,0.0,200000.0,0.0,0.0,0.0,1700000.0
560461977,nakaseke,15,3000000.0,500000.0,0.0,0.0,0.0,0.0,0.0,0.0,3500000.0
592361767,nakaseke,15,5000000.0,0.0,0.0,0.0,250000.0,0.0,0.0,0.0,5250000.0
592363240,nakaseke,15,3000000.0,200000.0,0.0,0.0,500000.0,0.0,0.0,0.0,3700000.0
616701192,mukono,15,520000.0,0.0,0.0,0.0,0.0,0.0,0.0,0.0,520000.0
624293019,mukono,15,900000.0,500000.0,200000.0,300000.0,300000.0,0.0,0.0,0.0,2200000.0
550715350,nakaseke,15,800000.0,0.0,0.0,0.0,0.0,0.0,0.0,0.0,800000.0
552803832,nakaseke,15,2300000.0,0.0,0.0,0.0,400000.0000000001,0.0,0.0,0.0,2700000.0
553311655,nakaseke,15,950000.0,0.0,0.0,100000.00000000004,0.0,0.0,0.0,0.0,1050000.0
554396495,nakaseke,15,900000.0,0.0,0.0,0.0,0.0,0.0,0.0,0.0,900000.0
555218845,nakaseke,15,4500000.0,0.0,0.0,400000.0,0.0,0.0,0.0,0.0,4900000.0
556047384,nakaseke,15,1500000.0,0.0,0.0,300000.0,0.0,500000.0,0.0,0.0,2300000.0
557713875,nakaseke,15,700000.0,0.0,0.0,0.0,0.0,0.0,0.0,0.0,700000.0
558376731,nakaseke,15,800000.0,0.0,0.0,0.0,0.0,0.0,0.0,0.0,800000.0
558377788,nakaseke,15,1250000.0,0.0,0.0,350000.0,40000.0,0.0,0.0,0.0,1640000.0
558378029,nakaseke,15,1000000.0,0.0,0.0,0.0,250000.0,0.0,0.0,0.0,1250000.0
559605691,nakaseke,15,4000000.0,300000.0,0.0,0.0,250000.0,0.0,0.0,0.0,4550000.0
560460598,nakaseke,15,4000000.0,0.0,0.0,0.0,0.0,0.0,0.0,0.0,4000000.0
560460842,nakaseke,15,2000000.0,0.0,0.0,0.0,400000.0,0.0,0.0,0.0,2400000.0
561199081,nakaseke,15,2500000.0,400000.0,0.0,0.0,200000.0,0.0,0.0,0.0,3100000.0
561203340,nakaseke,15,2500000.0,0.0,0.0,0.0,0.0,0.0,0.0,0.0,2500000.0
561250862,nakaseke,15,399600.0,0.0,0.0,300000.0,0.0,0.0,0.0,0.0,699600.0
582704845,nakaseke,15,7000000.0,400000.0,0.0,0.0,0.0,0.0,0.0,0.0,7400000.0
585217011,nakaseke,15,8000000.0,0.0,200000.0,0.0,0.0,0.0,0.0,0.0,8200000.0
588626659,nakaseke,15,156000.0,500000.0,300000.0,0.0,0.0,0.0,0.0,0.0,956000.0
588783193,nakaseke,15,7000000.0,0.0,0.0,0.0,0.0,0.0,0.0,0.0,7000000.0
613810847,nakaseke,15,360000.0,0.0,0.0,0.0,0.0,0.0,0.0,0.0,360000.0
614880582,mukono,15,400000.0,0.0,0.0,0.0,0.0,0.0,0.0,0.0,400000.0
616579050,mukono,15,500000.0,0.0,0.0,0.0,0.0,0.0,0.0,90000.0,590000.0
616701381,mukono,15,400000.0,0.0,0.0,0.0,0.0,0.0,0.0,180000.0,580000.0
623704503,mukono,15,300000.0,0.0,0.0,100000.0,0.0,0.0,0.0,100000.0,500000.0
550714829,nakaseke,15,600000.0,0.0,0.0,0.0,0.0,0.0,0.0,0.0,600000.0
551432268,nakaseke,15,650000.0,800000.0000000005,0.0,0.0,399999.9999999999,0.0,0.0,0.0,1850000.0000000005
551438359,nakaseke,15,3800000.0,2499999.9999999995,0.0,0.0,499999.99999999977,0.0,0.0,0.0,6800000.0
551438847,nakaseke,15,750000.0,0.0,0.0,0.0,499999.9999999997,0.0,0.0,0.0,1249999.9999999998
552834713,nakaseke,15,2500000.0,109.00000000000004,0.0,0.0,999999.9999999997,0.0,0.0,0.0,3500108.9999999995
553313606,nakaseke,15,1100000.0,0.0,0.0,0.0,149999.99999999994,0.0,0.0,0.0,1250000.0
553314110,nakaseke,15,6500000.0,0.0,0.0,0.0,450000.00000000035,0.0,0.0,0.0,6950000.0
553314852,nakaseke,15,6380000.0,0.0,0.0,0.0,499999.9999999997,0.0,0.0,0.0,6880000.0
554382238,nakaseke,15,5500000.0,0.0,299999.9999999999,0.0,499999.9999999997,0.0,0.0,0.0,6300000.0
554383042,nakaseke,15,5500000.0,0.0,0.0,0.0,450000.00000000035,0.0,0.0,0.0,5950000.0
554388188,nakaseke,15,7500000.0,0.0,200000.00000000006,0.0,299999.9999999999,0.0,0.0,0.0,8000000.0
555219221,nakaseke,15,4000000.0,0.0,0.0,0.0,1000000.0,0.0,6000000.0,0.0,11000000.0
555219441,nakaseke,15,8000000.0,0.0,0.0,0.0,1000000.0,0.0,0.0,0.0,9000000.0
555219813,nakaseke,15,800000.0,0.0,0.0,0.0,150000.0,0.0,0.0,0.0,950000.0
556046148,nakaseke,15,500000.0,0.0,0.0,200000.0,150000.0,0.0,0.0,0.0,850000.0
557695618,nakaseke,15,800000.0,0.0,0.0,0.0,300000.0,0.0,0.0,0.0,1100000.0
557695779,nakaseke,15,5000000.0,0.0,200000.0,0.0,0.0,0.0,0.0,0.0,5200000.0
557696080,nakaseke,15,2000000.0,800000.0,0.0,250000.0,0.0,0.0,0.0,0.0,3050000.0
559607285,nakaseke,15,1000000.0,0.0,150000.0,300000.0,0.0,0.0,0.0,0.0,1450000.0
559607680,nakaseke,15,3500000.0,0.0,0.0,350000.0,0.0,0.0,0.0,0.0,3850000.0
559615651,nakaseke,15,2000000.0,0.0,0.0,0.0,0.0,0.0,0.0,0.0,2000000.0
560459965,nakaseke,15,3000000.0,0.0,0.0,0.0,0.0,0.0,1500000.0,0.0,4500000.0
561202301,nakaseke,15,3500000.0,0.0,150000.0,0.0,0.0,0.0,0.0,0.0,3650000.0
567488224,nakaseke,15,3000000.0,0.0,0.0,0.0,300000.0,0.0,0.0,0.0,3300000.0
581728335,nakaseke,15,6000000.0,400000.0,0.0,0.0,0.0,0.0,0.0,0.0,6400000.0
581800534,nakaseke,15,5000000.0,0.0,0.0,0.0,400000.0,0.0,0.0,0.0,5400000.0
581801301,nakaseke,15,4000000.0,0.0,0.0,0.0,0.0,0.0,0.0,0.0,4000000.0
582682579,nakaseke,15,3000000.0,0.0,0.0,0.0,400000.0,0.0,0.0,0.0,3400000.0
582684638,nakaseke,15,2000000.0,0.0,0.0,0.0,0.0,0.0,0.0,0.0,2000000.0
583582238,nakaseke,15,15000000.0,500000.0,0.0,0.0,0.0,0.0,0.0,0.0,15500000.0
584447265,nakaseke,15,8000000.0,0.0,0.0,0.0,500000.0,0.0,0.0,0.0,8500000.0
585215638,nakaseke,15,15000000.0,0.0,0.0,0.0,0.0,0.0,0.0,0.0,15000000.0
585216305,nakaseke,15,3000000.0,0.0,0.0,0.0,0.0,0.0,0.0,0.0,3000000.0
587012670,nakaseke,15,15000000.0,0.0,0.0,0.0,0.0,0.0,0.0,0.0,15000000.0
587012983,nakaseke,15,8000000.0,0.0,0.0,0.0,200000.0,0.0,0.0,0.0,8200000.0
587013280,nakaseke,15,25000000.0,0.0,0.0,0.0,0.0,2000000.0,0.0,0.0,27000000.0
588781706,nakaseke,15,14000000.0,300000.0,0.0,0.0,0.0,0.0,0.0,0.0,14300000.0
589705500,nakaseke,15,5000000.0,0.0,0.0,0.0,400000.0,0.0,0.0,0.0,5400000.0
589705733,nakaseke,15,12000000.0,450000.0,0.0,0.0,0.0,0.0,0.0,0.0,12450000.0
592193539,nakaseke,15,7998000.0,0.0,0.0,0.0,0.0,0.0,0.0,0.0,7998000.0
593223241,nakaseke,15,3000000.0,3000000.0,0.0,0.0,5000000.0,0.0,0.0,0.0,11000000.0
593223559,nakaseke,15,5000000.0,450000.0,0.0,0.0,0.0,0.0,0.0,0.0,5450000.0
613174996,nakaseke,15,3500000.0,0.0,0.0,0.0,300000.0,0.0,0.0,0.0,3800000.0
613177861,nakaseke,15,2000000.0,0.0,0.0,0.0,500000.0,0.0,0.0,0.0,2500000.0
613177864,nakaseke,15,5000000.0,0.0,0.0,0.0,0.0,0.0,0.0,0.0,5000000.0
613178463,nakaseke,15,8000000.0,0.0,0.0,0.0,0.0,5000000.0,0.0,0.0,13000000.0
613178868,nakaseke,15,500000.0,0.0,0.0,0.0,300000.0,0.0,0.0,0.0,800000.0
613180603,nakaseke,15,2000000.0,0.0,0.0,0.0,0.0,0.0,0.0,0.0,2000000.0
613822490,nakaseke,15,180000.0,150000.0,250000.0,0.0,0.0,0.0,0.0,0.0,580000.0
613825443,nakaseke,15,754000.0,250000.0,0.0,100000.0,0.0,0.0,0.0,0.0,1104000.0
618055484,mukono,15,750000.0,0.0,0.0,0.0,0.0,0.0,0.0,500000.0,1250000.0
619558400,mukono,15,350000.0,0.0,0.0,200000.0,100000.0,0.0,0.0,0.0,650000.0
621499875,mukono,15,800000.0,0.0,3600000.0,0.0,0.0,0.0,0.0,0.0,4400000.0
623176650,mukono,15,500000.0,0.0,12000000.0,1000000.0,0.0,0.0,0.0,0.0,13500000.0
623183149,mukono,15,288000.0,0.0,0.0,0.0,0.0,1000000.0,0.0,5000000.0,6288000.0
623185581,mukono,15,500000.0,0.0,0.0,1000000.0,0.0,2400000.0,0.0,0.0,3900000.0
633165095,mukono,15,500000.0,0.0,0.0,3000000.0,20000000.0,0.0,0.0,0.0,23500000.0
633861862,mukono,15,2000000.0,0.0,1000000.0,20000000.0,0.0,0.0,0.0,0.0,23000000.0
634022320,mukono,15,300000.0,0.0,0.0,300000.0,0.0,0.0,0.0,0.0,600000.0
634322498,mukono,15,120000.0,0.0,0.0,0.0,0.0,0.0,0.0,0.0,120000.0
634928993,mukono,15,60000.0,0.0,0.0,0.0,0.0,0.0,0.0,0.0,60000.0
634952733,mukono,15,1400000.0,0.0,0.0,0.0,500000.0,10000000.0,0.0,0.0,11900000.0
634953204,mukono,15,1200000.0,720000.0,0.0,0.0,500000.0,0.0,0.0,0.0,2420000.0
635102101,mukono,15,500000.0,0.0,0.0,0.0,0.0,20000000.0,12000000.0,0.0,32500000.0
635102513,mukono,15,800000.0,0.0,0.0,10000000.0,1000000.0,0.0,0.0,0.0,11800000.0
644159914,mukono,15,15000000.0,0.0,0.0,0.0,2800000.0,0.0,0.0,0.0,17800000.0
644420047,mukono,15,800000.0,0.0,0.0,0.0,0.0,2000000.0,0.0,0.0,2800000.0
551439754,nakaseke,15,4000000.0,0.0,0.0,150000.00000000006,199999.99999999997,0.0,2000000.0000000016,0.0,6350000.000000002
552968706,nakaseke,15,8000000.0,0.0,0.0,0.0,69999.99999999994,0.0,0.0,0.0,8070000.0
552969446,nakaseke,15,2500000.0,0.0,0.0,0.0,499999.9999999997,0.0,0.0,0.0,2999999.9999999995
552970239,nakaseke,15,3500000.0,0.0,0.0,0.0,0.0,0.0,0.0,0.0,3500000.0
554387935,nakaseke,15,5500000.0,0.0,0.0,0.0,200000.00000000006,0.0,0.0,0.0,5700000.0
558377096,nakaseke,15,2500000.0,500000.0,0.0,0.0,0.0,1000000.0,0.0,0.0,4000000.0
559607458,nakaseke,15,4000000.0,500000.0,0.0,0.0,200000.0,0.0,0.0,0.0,4700000.0
567493335,nakaseke,15,2000000.0,0.0,0.0,400000.0,800000.0,0.0,0.0,0.0,3200000.0
581802079,nakaseke,15,7000000.0,0.0,150000.0,0.0,300000.0,0.0,0.0,0.0,7450000.0
582619340,nakaseke,15,2000000.0,0.0,0.0,0.0,0.0,0.0,0.0,0.0,2000000.0
583580839,nakaseke,15,25000000.0,0.0,0.0,0.0,0.0,10000000.0,0.0,0.0,35000000.0
584444811,nakaseke,15,4000000.0,0.0,0.0,300000.0,0.0,0.0,0.0,0.0,4300000.0
585215286,nakaseke,15,6500000.0,500000.0,0.0,500000.0,0.0,0.0,0.0,0.0,7500000.0
587013182,nakaseke,15,6000000.0,0.0,150000.0,0.0,450000.0,0.0,0.0,0.0,6600000.0
588782700,nakaseke,15,12000000.0,0.0,0.0,500000.0,0.0,0.0,0.0,0.0,12500000.0
589705993,nakaseke,15,10000000.0,0.0,0.0,0.0,0.0,0.0,0.0,0.0,10000000.0
613178458,nakaseke,15,30000000.0,500000.0,0.0,0.0,0.0,0.0,0.0,0.0,30500000.0
613178880,nakaseke,15,3000000.0,800000.0,300000.0,0.0,0.0,0.0,0.0,0.0,4100000.0
613179574,nakaseke,15,4000000.0,0.0,0.0,0.0,400000.0,0.0,0.0,0.0,4400000.0
615825416,mukono,15,50000.0,0.0,0.0,0.0,0.0,0.0,0.0,0.0,50000.0
619544793,mukono,15,1000000.0,0.0,0.0,0.0,0.0,1000000.0,0.0,0.0,2000000.0
623479229,mukono,15,120000.0,0.0,0.0,0.0,0.0,0.0,0.0,0.0,120000.0
633706398,mukono,15,600000.0,0.0,0.0,0.0,0.0,0.0,0.0,0.0,600000.0
633706854,mukono,15,150000.0,0.0,0.0,0.0,80000.0,0.0,0.0,0.0,230000.0
553314312,nakaseke,15,11000000.0,0.0,0.0,0.0,1999999.9999999993,0.0,0.0,0.0,13000000.0
555219512,nakaseke,15,1200000.0,2000000.0,0.0,0.0,0.0,0.0,0.0,0.0,3200000.0
561200684,nakaseke,15,4000000.0,0.0,0.0,200000.0,0.0,0.0,0.0,0.0,4200000.0
583583184,nakaseke,15,20000000.0,0.0,0.0,0.0,500000.0,0.0,0.0,0.0,20500000.0
584444125,nakaseke,15,8000000.0,0.0,0.0,0.0,0.0,1000000.0,0.0,0.0,9000000.0
584446459,nakaseke,15,4000000.0,0.0,200000.0,0.0,0.0,0.0,0.0,0.0,4200000.0
586786507,nakaseke,15,551800.0,160000.0,0.0,0.0,0.0,0.0,0.0,0.0,711800.0
586805028,nakaseke,15,384400.0,180000.0,0.0,0.0,100800.0,0.0,0.0,0.0,665200.0
588783732,nakaseke,15,8000000.0,0.0,0.0,300000.0,0.0,0.0,0.0,0.0,8300000.0
589705256,nakaseke,15,10000000.0,0.0,0.0,0.0,0.0,8000000.0,0.0,0.0,18000000.0
592362627,nakaseke,15,4000000.0,500000.0,0.0,0.0,0.0,0.0,0.0,0.0,4500000.0
592363516,nakaseke,15,9900000.0,0.0,0.0,0.0,0.0,0.0,0.0,0.0,9900000.0
615755561,mukono,15,24000000.0,2000000.0,0.0,0.0,1000000.0,5000000.0,0.0,0.0,32000000.0
616699698,mukono,15,600000.0,0.0,0.0,0.0,0.0,0.0,0.0,0.0,600000.0
618056804,mukono,15,1400000.0,0.0,0.0,200000.0,50000.0,0.0,0.0,0.0,1650000.0
623479343,mukono,15,150000.0,0.0,0.0,0.0,70000.0,0.0,0.0,0.0,220000.0
631647706,mukono,15,230000.0,0.0,0.0,0.0,0.0,0.0,0.0,0.0,230000.0
632871446,mukono,15,800000.0,0.0,0.0,0.0,0.0,0.0,0.0,0.0,800000.0
644420087,mukono,15,600000.0,0.0,0.0,1500000.0,0.0,0.0,0.0,0.0,2100000.0
583581711,nakaseke,15,8000000.0,0.0,200000.0,0.0,0.0,0.0,0.0,0.0,8200000.0
592192218,nakaseke,15,2400000.0,0.0,0.0,0.0,250000.0,0.0,0.0,0.0,2650000.0
614880682,mukono,15,1400000.0,0.0,0.0,0.0,0.0,0.0,0.0,0.0,1400000.0
618739011,mukono,15,6400000.0,0.0,0.0,0.0,0.0,0.0,0.0,0.0,6400000.0
618739107,mukono,15,1800000.0,0.0,0.0,0.0,0.0,0.0,0.0,0.0,1800000.0
622484850,mukono,15,600000.0,0.0,0.0,0.0,0.0,0.0,0.0,0.0,600000.0
623479274,mukono,15,150000.0,0.0,0.0,0.0,0.0,0.0,0.0,0.0,150000.0
623981062,mukono,15,400000.0,0.0,0.0,0.0,180000.0,0.0,0.0,0.0,580000.0
634929144,mukono,15,40000.0,0.0,0.0,0.0,75000.0,0.0,0.0,0.0,115000.0
635625391,mukono,15,120000.0,0.0,0.0,0.0,0.0,0.0,0.0,0.0,120000.0
635625490,mukono,15,80000.0,0.0,0.0,0.0,0.0,0.0,0.0,0.0,80000.0
556031317,nakaseke,15,450000.0,0.0,0.0,0.0,0.0,0.0,0.0,0.0,450000.0
556037719,nakaseke,15,400000.0,0.0,0.0,0.0,0.0,0.0,0.0,0.0,400000.0
560449324,nakaseke,15,2666000.0,0.0,0.0,0.0,1425600.0,0.0,0.0,0.0,4091600.0
586026956,nakaseke,15,354000.0,0.0,300000.0,0.0,0.0,0.0,0.0,0.0,654000.0
616680304,mukono,15,400000.0,0.0,800000.0,0.0,0.0,3600000.0,0.0,0.0,4800000.0
616700114,mukono,15,360000.0,0.0,0.0,0.0,0.0,0.0,0.0,0.0,360000.0
623980936,mukono,15,180000.0,0.0,0.0,0.0,0.0,0.0,0.0,0.0,180000.0
632872132,mukono,15,590000.0,0.0,0.0,0.0,0.0,0.0,0.0,0.0,590000.0
550732883,nakaseke,15,2800000.0,0.0,0.0,0.0,0.0,0.0,0.0,0.0,2800000.0
582502735,nakaseke,15,450000.0,0.0,0.0,0.0,0.0,0.0,0.0,0.0,450000.0
586030936,nakaseke,15,195000.0,0.0,150000.0,0.0,0.0,0.0,0.0,0.0,345000.0
614807290,mukono,15,900000.0,0.0,0.0,0.0,0.0,0.0,0.0,600000.0,1500000.0
614850521,mukono,15,200000.0,0.0,150000.0,0.0,300000.0,0.0,0.0,0.0,650000.0
614880379,mukono,15,2600000.0,0.0,0.0,20000.0,200000.00000000006,0.0,0.0,0.0,2820000.0
615759274,mukono,15,1000000.0,0.0,0.0,0.0,0.0,0.0,500000.0,0.0,1500000.0
615825361,mukono,15,2600000.0,0.0,0.0,0.0,0.0,0.0,0.0,0.0,2600000.0
616578776,mukono,15,1200000.0,300000.0,200000.0,0.0,0.0,1500000.0,0.0,0.0,3200000.0
616579437,mukono,15,1500000.0,0.0,0.0,500000.0,0.0,0.0,0.0,0.0,2000000.0
616580090,mukono,15,300000.0,100000.0,100000.0,100000.0,300000.0,0.0,0.0,0.0,900000.0
616699119,mukono,15,90000.0,0.0,0.0,0.0,0.0,0.0,0.0,0.0,90000.0
617648886,mukono,15,320000.0,0.0,0.0,0.0,0.0,0.0,0.0,0.0,320000.0
618056277,mukono,15,900000.0,0.0,0.0,100000.0,0.0,0.0,0.0,0.0,1000000.0
618502771,mukono,15,500000.0,0.0,200000.0,0.0,0.0,0.0,0.0,0.0,700000.0
618503624,mukono,15,1100000.0,0.0,0.0,1000000.0,0.0,0.0,0.0,0.0,2100000.0
619549456,mukono,15,1600000.0,0.0,0.0,0.0,0.0,1200000.0,0.0,1400000.0,4200000.0
619551006,mukono,15,480000.0,0.0,0.0,500000.0,0.0,0.0,0.0,0.0,980000.0
619552154,mukono,15,1200000.0,0.0,0.0,0.0,1000000.0,0.0,0.0,0.0,2200000.0
619559855,mukono,15,1800000.0,0.0,0.0,0.0,2000000.0,1350000.0,0.0,0.0,5150000.0
622292961,mukono,15,500000.0,0.0,0.0,400000.0,0.0,0.0,0.0,0.0,900000.0
623188000,mukono,15,600000.0,0.0,0.0,0.0,15000000.0,6000000.0,0.0,0.0,21600000.0
623704256,mukono,15,3500000.0,0.0,0.0,600000.0,500000.0,0.0,0.0,0.0,4600000.0
624717557,mukono,15,400000.0,0.0,2000000.0,0.0,0.0,0.0,0.0,0.0,2400000.0
628775538,mukono,15,1000000.0,0.0,0.0,1000000.0,0.0,0.0,0.0,0.0,2000000.0
632457381,mukono,15,1200000.0,0.0,0.0,600000.0,300000.0,0.0,0.0,0.0,2100000.0
632479613,mukono,15,800000.0,100000.0,0.0,200000.0,100000.0,0.0,0.0,0.0,1200000.0
632526756,mukono,15,17500000.0,0.0,0.0,2000000.0,0.0,0.0,0.0,0.0,19500000.0
632870245,mukono,15,120000.0,0.0,0.0,0.0,15000.0,0.0,0.0,0.0,135000.0
633860192,mukono,15,15000000.0,0.0,0.0,1000000.0,600000.0,0.0,0.0,0.0,16600000.0
633861646,mukono,15,3000000.0,0.0,0.0,0.0,2800000.0,0.0,0.0,0.0,5800000.0
634322667,mukono,15,160000.0,0.0,0.0,0.0,0.0,0.0,0.0,0.0,160000.0
634322758,mukono,15,800000.0,0.0,0.0,0.0,0.0,0.0,0.0,0.0,800000.0
635625535,mukono,15,900000.0,0.0,0.0,0.0,40000.0,0.0,0.0,0.0,940000.0
635860119,mukono,15,1200000.0,200000.0,0.0,300000.0,300000.0,0.0,0.0,0.0,2000000.0
636602799,mukono,15,1500000.0,200000.0,0.0,0.0,200000.0,0.0,0.0,0.0,1900000.0
558422222,nakaseke,15,1180000.0,240000.0,0.0,0.0,0.0,0.0,0.0,0.0,1420000.0
559666954,nakaseke,15,494000.0,0.0,0.0,0.0,0.0,0.0,0.0,0.0,494000.0
560448617,nakaseke,15,560000.0,0.0,0.0,0.0,0.0,0.0,0.0,0.0,560000.0
583505993,nakaseke,15,450000.0,0.0,180000.0,0.0,0.0,0.0,0.0,0.0,630000.0
584452976,nakaseke,15,286000.0,1500000.0,250000.0,0.0,0.0,0.0,0.0,0.0,2036000.0
586809899,nakaseke,15,298900.0,250000.0,150000.0,0.0,0.0,0.0,0.0,0.0,698900.0
618738329,mukono,15,1200000.0,0.0,0.0,0.0,0.0,0.0,0.0,0.0,1200000.0
623981362,mukono,15,800000.0,0.0,0.0,0.0,0.0,0.0,0.0,0.0,800000.0
633706233,mukono,15,180000.0,0.0,0.0,0.0,0.0,0.0,0.0,0.0,180000.0
555219650,nakaseke,15,700000.0,0.0,0.0,0.0,0.0,0.0,0.0,0.0,700000.0
581666974,nakaseke,15,663600.0,0.0,0.0,250000.0,162000.0,0.0,0.0,0.0,1075600.0
589566940,nakaseke,15,420000.0,0.0,0.0,0.0,0.0,0.0,0.0,0.0,420000.0
615760019,mukono,15,600000.0,300000.0,0.0,0.0,0.0,0.0,0.0,0.0,900000.0
615825276,mukono,15,1200000.0,0.0,0.0,0.0,0.0,0.0,0.0,0.0,1200000.0
616698945,mukono,15,6000000.0,0.0,0.0,0.0,1500000.0,0.0,0.0,0.0,7500000.0
616699320,mukono,15,1800000.0,0.0,0.0,0.0,0.0,0.0,0.0,0.0,1800000.0
619769782,mukono,15,1800000.0,0.0,0.0,0.0,0.0,0.0,0.0,0.0,1800000.0
621639263,mukono,15,100000.0,0.0,0.0,0.0,0.0,0.0,0.0,0.0,100000.0
622484708,mukono,15,1600000.0,0.0,0.0,0.0,0.0,0.0,0.0,0.0,1600000.0
623981163,mukono,15,1800000.0,0.0,0.0,0.0,2200000.0,0.0,0.0,0.0,4000000.0
550732746,nakaseke,15,1200000.0,0.0,0.0,0.0,0.0,0.0,0.0,0.0,1200000.0
615825485,mukono,15,2400000.0,0.0,0.0,0.0,0.0,0.0,0.0,0.0,2400000.0
551438282,nakaseke,15,1250000.0,0.0,0.0,0.0,0.0,0.0,0.0,0.0,1250000.0
585181910,nakaseke,15,468000.0,230000.0,0.0,250000.0,0.0,0.0,0.0,0.0,948000.0
553313598,nakaseke,15,14010000.0,0.0,0.0,0.0,999999.9999999995,0.0,0.0,0.0,15010000.0
555219886,nakaseke,15,1900000.0,420000.0,0.0,0.0,0.0,0.0,0.0,0.0,2320000.0
561236657,nakaseke,15,1296000.0,0.0,0.0,500000.0,221000.0,0.0,0.0,0.0,2017000.0
583502844,nakaseke,15,510000.0,0.0,0.0,0.0,0.0,0.0,0.0,0.0,510000.0
584472197,nakaseke,15,702000.0,0.0,300000.0,0.0,466200.0,0.0,0.0,0.0,1468200.0
588619360,nakaseke,15,492000.0,0.0,0.0,0.0,0.0,0.0,0.0,0.0,492000.0
613814407,nakaseke,15,2560000.0,0.0,0.0,0.0,0.0,0.0,0.0,0.0,2560000.0
614850687,mukono,15,200000.0,0.0,0.0,200000.0,0.0,0.0,0.0,0.0,400000.0
615773237,mukono,15,700000.0,0.0,300000.0,200000.0,120000.0,200000.0,0.0,0.0,1520000.0
616679140,mukono,15,3000000.0,1000000.0,0.0,0.0,6000000.0,10000000.0,0.0,0.0,20000000.0
618056509,mukono,15,3000000.0,0.0,0.0,100000.0,0.0,0.0,0.0,0.0,3100000.0
618502947,mukono,15,1000000.0,0.0,0.0,300000.0,200000.0,0.0,0.0,0.0,1500000.0
618503261,mukono,15,900000.0,0.0,0.0,0.0,0.0,0.0,0.0,1000000.0,1900000.0
618738549,mukono,15,900000.0,0.0,0.0,0.0,0.0,0.0,0.0,0.0,900000.0
619307564,mukono,15,1300000.0,0.0,0.0,200000.0,500000.0,0.0,0.0,0.0,2000000.0
619543012,mukono,15,400000.0,360000.0,0.0,0.0,0.0,5100000.0,0.0,0.0,5860000.0
620136574,mukono,15,900000.0,300000.0,200000.0,0.0,300000.0,0.0,0.0,0.0,1700000.0
620155076,mukono,15,500000.0,500000.0,0.0,0.0,300000.0,0.0,0.0,0.0,1300000.0
621076849,mukono,15,1500000.0,0.0,0.0,0.0,2000000.0,0.0,0.0,2000000.0,5500000.0
622287746,mukono,15,700000.0,0.0,0.0,100000.0,70000.0,0.0,0.0,0.0,870000.0
622484987,mukono,15,2400000.0,0.0,0.0,0.0,0.0,0.0,0.0,0.0,2400000.0
631647870,mukono,15,1800000.0,0.0,0.0,0.0,0.0,0.0,0.0,0.0,1800000.0
632483673,mukono,15,2000000.0,200000.0,0.0,300000.0,300000.0,0.0,0.0,0.0,2800000.0
632532023,mukono,15,4800000.0,0.0,0.0,0.0,1000000.0,0.0,0.0,0.0,5800000.0
633706958,mukono,15,320000.0,0.0,0.0,0.0,150000.0,0.0,0.0,0.0,470000.0
634023370,mukono,15,2000000.0,0.0,0.0,200000.0,0.0,0.0,0.0,100000.0,2300000.0
634718078,mukono,15,3000000.0,300000.0,0.0,0.0,300000.0,0.0,0.0,100000.0,3700000.0
634718387,mukono,15,1000000.0,100000.0,100000.0,100000.0,200000.0,0.0,0.0,0.0,1500000.0
635238203,mukono,15,700000.0,100000.0,300000.0,0.0,100000.0,0.0,0.0,0.0,1200000.0
635859907,mukono,15,1800000.0,200000.0,0.0,300000.0,30000.0,0.0,0.0,0.0,2330000.0
636603192,mukono,15,7000000.0,0.0,0.0,0.0,500000.0,2000000.0,0.0,0.0,9500000.0
551433371,nakaseke,15,930000.0,299999.9999999999,0.0,0.0,0.0,0.0,0.0,0.0,1230000.0
581719428,nakaseke,15,554400.0,0.0,0.0,0.0,0.0,0.0,0.0,0.0,554400.0
584453809,nakaseke,15,1008000.0,0.0,0.0,300000.0,0.0,0.0,0.0,0.0,1308000.0
588629366,nakaseke,15,552000.0,350000.0,0.0,0.0,0.0,0.0,0.0,0.0,902000.0
593198085,nakaseke,15,456000.0,0.0,0.0,0.0,0.0,0.0,0.0,0.0,456000.0
614850630,mukono,15,500000.0,0.0,100000.0,0.0,100000.0,0.0,0.0,0.0,700000.0
558415060,nakaseke,15,694400.0,0.0,0.0,250000.0,0.0,0.0,0.0,0.0,944400.0
561237697,nakaseke,15,499200.0,450000.0,0.0,0.0,500000.0,0.0,0.0,0.0,1449200.0
582502398,nakaseke,15,480000.0,0.0,0.0,0.0,225000.0,0.0,0.0,0.0,705000.0
586028388,nakaseke,15,617400.0,0.0,300000.0,0.0,200000.0,0.0,0.0,0.0,1117400.0
613819661,nakaseke,15,336000.0,0.0,0.0,0.0,0.0,0.0,0.0,0.0,336000.0
619770045,mukono,15,900000.0,0.0,0.0,0.0,0.0,0.0,0.0,0.0,900000.0
553313800,nakaseke,15,14000000.0,0.0,0.0,0.0,12000000.000000011,0.0,0.0,0.0,26000000.00000001
560449000,nakaseke,15,680400.0,0.0,0.0,0.0,150000.0,0.0,0.0,0.0,830400.0
560449862,nakaseke,15,610000.0,0.0,0.0,300000.0,0.0,0.0,0.0,0.0,910000.0
583505325,nakaseke,15,1500000.0,0.0,0.0,0.0,0.0,0.0,0.0,0.0,1500000.0
613821415,nakaseke,15,2232000.0,0.0,0.0,0.0,0.0,0.0,0.0,0.0,2232000.0
561257600,nakaseke,15,325000.0,0.0,0.0,0.0,0.0,0.0,0.0,0.0,325000.0
585193571,nakaseke,15,545200.0,0.0,200000.0,0.0,640800.0,0.0,0.0,0.0,1386000.0
621639988,mukono,15,600000.0,0.0,0.0,0.0,1200000.0,0.0,0.0,0.0,1800000.0
550731204,nakaseke,15,600000.0,0.0,0.0,0.0,0.0,0.0,0.0,0.0,600000.0
550739292,nakaseke,15,500000.0,0.0,0.0,0.0,0.0,0.0,0.0,0.0,500000.0
550740686,nakaseke,15,1000000.0,0.0,0.0,0.0,0.0,0.0,0.0,0.0,1000000.0
551433006,nakaseke,15,1210000.0,249999.99999999983,0.0,0.0,0.0,0.0,0.0,0.0,1459999.9999999998
552803009,nakaseke,15,7950000.0,0.0,0.0,0.0,0.0,0.0,0.0,0.0,7950000.0
554395712,nakaseke,15,2360000.0,0.0,0.0,0.0,299999.9999999999,0.0,0.0,0.0,2660000.0
554399870,,15,8800000.0,0.0,0.0,0.0,4500000.0,0.0,0.0,0.0,13300000.0
555219447,nakaseke,15,1050000.0,0.0,0.0,0.0,0.0,0.0,0.0,0.0,1050000.0
559669939,nakaseke,15,2697500.0,0.0,0.0,0.0,520000.0,0.0,0.0,0.0,3217500.0
581666409,nakaseke,15,680400.0,0.0,100000.0,0.0,180000.0,0.0,0.0,0.0,960400.0
585208171,nakaseke,15,975000.0,0.0,300000.0,0.0,0.0,0.0,0.0,0.0,1275000.0
613829595,nakaseke,15,1003400.0,0.0,0.0,0.0,0.0,0.0,0.0,0.0,1003400.0
614807717,mukono,15,800000.0,0.0,0.0,500000.0,0.0,0.0,0.0,0.0,1300000.0
615773415,mukono,15,900000.0,200000.0,0.0,300000.0,300000.0,500000.0,0.0,0.0,2200000.0
616587562,mukono,15,1500000.0,20000.0,0.0,0.0,200000.0,0.0,0.0,0.0,1720000.0
617648818,mukono,15,1200000.0,0.0,0.0,0.0,0.0,0.0,0.0,0.0,1200000.0
617656724,mukono,15,3200000.0,0.0,0.0,0.0,0.0,0.0,0.0,0.0,3200000.0
618738718,mukono,15,2400000.0,0.0,0.0,0.0,0.0,0.0,0.0,0.0,2400000.0
618740822,mukono,15,2400000.0,0.0,0.0,0.0,0.0,0.0,0.0,0.0,2400000.0
619306835,mukono,15,1200000.0,300000.0,0.0,200000.0,0.0,300000.0,0.0,0.0,2000000.0
619559199,mukono,15,6000000.0,0.0,0.0,0.0,12000000.0,0.0,0.0,0.0,18000000.0
619769613,mukono,15,4500000.0,0.0,0.0,0.0,0.0,0.0,0.0,0.0,4500000.0
620129760,mukono,15,3500000.0,500000.0,0.0,0.0,500000.0,0.0,0.0,0.0,4500000.0
620157158,mukono,15,2500000.0,0.0,0.0,2000000.0,1000000.0,300000.0,0.0,0.0,5800000.0
620418682,mukono,15,12000000.0,1800000.0,0.0,0.0,1000000.0,0.0,0.0,0.0,14800000.0
620699865,mukono,15,2400000.0,0.0,0.0,0.0,0.0,0.0,0.0,0.0,2400000.0
620699988,mukono,15,36000000.0,0.0,0.0,0.0,0.0,0.0,0.0,0.0,36000000.0
621075678,mukono,15,1200000.0,0.0,0.0,0.0,0.0,0.0,0.0,100000.0,1300000.0
621078199,mukono,15,1200000.0,0.0,0.0,0.0,500000.0,0.0,0.0,1000000.0,2700000.0
621497521,mukono,15,750000.0,0.0,0.0,500000.0,200000.0,0.0,0.0,0.0,1450000.0
622288485,mukono,15,2000000.0,2500000.0,0.0,0.0,1000000.0,500000.0,0.0,0.0,6000000.0
622289226,mukono,15,900000.0,200000.0,100000.0,0.0,500000.0,0.0,0.0,300000.0,2000000.0
622950844,mukono,15,2600000.0,400000.0,0.0,0.0,1500000.0,0.0,0.0,0.0,4500000.0
622950959,mukono,15,700000.0,100000.0,0.0,200000.0,0.0,0.0,0.0,0.0,1000000.0
622951178,mukono,15,2100000.0,0.0,0.0,0.0,2000000.0,0.0,0.0,0.0,4100000.0
623479319,mukono,15,400000.0,0.0,0.0,0.0,2800000.0,0.0,0.0,0.0,3200000.0
623704150,mukono,15,1000000.0,500000.0,0.0,500000.0,300000.0,0.0,0.0,0.0,2300000.0
623704380,mukono,15,300000.0,0.0,200000.0,0.0,200000.0,0.0,0.0,0.0,700000.0
624715344,mukono,15,200000.0,0.0,0.0,0.0,200000.0,0.0,0.0,1000000.0,1400000.0
631647480,mukono,15,3200000.0,0.0,0.0,0.0,700000.0,0.0,0.0,0.0,3900000.0
632449589,mukono,15,3000000.0,0.0,0.0,500000.0,0.0,0.0,0.0,0.0,3500000.0
632465838,mukono,15,2500000.0,200000.0,0.0,300000.0,300000.0,0.0,0.0,0.0,3300000.0
633165465,mukono,15,2000000.0,400000.0,0.0,500000.0,500000.0,0.0,0.0,0.0,3400000.0
633165662,mukono,15,2000000.0,300000.0,0.0,0.0,300000.0,200000.0,0.0,0.0,2800000.0
634022615,mukono,15,4000000.0,1000000.0,0.0,1000000.0,300000.0,0.0,0.0,0.0,6300000.0
634718321,mukono,15,1000000.0,0.0,0.0,0.0,300000.0,500000.0,0.0,0.0,1800000.0
634929270,mukono,15,80000.0,0.0,0.0,0.0,0.0,0.0,0.0,0.0,80000.0
635102819,mukono,15,1000000.0,0.0,500000.0,0.0,500000.0,0.0,0.0,0.0,2000000.0
635238371,mukono,15,2000000.0,1000000.0,0.0,500000.0,500000.0,0.0,0.0,0.0,4000000.0
635238449,mukono,15,2500000.0,100000.0,0.0,300000.0,300000.0,0.0,0.0,0.0,3200000.0
635238630,mukono,15,1500000.0,500000.0,0.0,300000.0,300000.0,0.0,0.0,0.0,2600000.0
635625333,mukono,15,400000.0,0.0,0.0,0.0,0.0,0.0,0.0,0.0,400000.0
635859825,mukono,15,1500000.0,0.0,0.0,500000.0,0.0,0.0,0.0,0.0,2000000.0
635860002,mukono,15,3000000.0,200000.0,0.0,0.0,0.0,0.0,0.0,0.0,3200000.0
635860179,mukono,15,3000000.0,1000000.0,0.0,500000.0,500000.0,0.0,0.0,0.0,5000000.0
636134719,mukono,15,24000000.0,0.0,0.0,1000000.0,1950000.0,0.0,0.0,0.0,26950000.0
636135880,mukono,15,1400000.0,0.0,1500000.0,0.0,500000.0,0.0,0.0,0.0,3400000.0
636603058,mukono,15,900000.0,0.0,0.0,0.0,200000.0,0.0,0.0,0.0,1100000.0
636603136,mukono,15,700000.0,0.0,0.0,300000.0,500000.0,0.0,0.0,0.0,1500000.0
644152753,mukono,15,2000000.0,200000.0,0.0,300000.0,300000.0,0.0,0.0,300000.0,3100000.0
644152847,mukono,15,700000.0,100000.0,0.0,200000.0,200000.0,0.0,0.0,0.0,1200000.0
644159669,mukono,15,3200000.0,0.0,0.0,0.0,420000.0,0.0,0.0,0.0,3620000.0
554400498,nakaseke,15,7000000.0,0.0,0.0,0.0,999999.9999999995,0.0,0.0,0.0,8000000.0
559666632,nakaseke,15,990000.0,0.0,0.0,150000.0,0.0,0.0,0.0,0.0,1140000.0
619306547,mukono,15,2000000.0,500000.0,0.0,0.0,0.0,0.0,0.0,320000.0,2820000.0
622485261,mukono,15,800000.0,0.0,0.0,0.0,0.0,0.0,0.0,0.0,800000.0
631647195,mukono,15,600000.0,0.0,0.0,0.0,150000.0,0.0,0.0,0.0,750000.0
565368592,nakaseke,15,571200.0,0.0,0.0,0.0,127000.0,0.0,0.0,0.0,698200.0
584454693,nakaseke,15,250000.0,0.0,250000.0,0.0,0.0,0.0,0.0,0.0,500000.0
618738814,mukono,15,2600000.0,0.0,0.0,0.0,0.0,0.0,0.0,0.0,2600000.0
582503421,nakaseke,15,690000.0,0.0,0.0,0.0,0.0,0.0,0.0,0.0,690000.0
589565846,nakaseke,15,720000.0,0.0,0.0,0.0,850000.0,0.0,0.0,0.0,1570000.0
614850459,mukono,15,1100000.0,0.0,0.0,0.0,550000.0,0.0,0.0,0.0,1650000.0
556032422,nakaseke,15,2500000.0,1800000.0,0.0,300000.0,0.0,0.0,0.0,0.0,4600000.0
558422563,nakaseke,15,1750000.0,0.0,0.0,0.0,950000.0,0.0,0.0,0.0,2700000.0
585223034,nakaseke,15,342000.0,0.0,0.0,0.0,0.0,0.0,0.0,0.0,342000.0
623704362,mukono,15,700000.0,500000.0,0.0,0.0,500000.0,0.0,0.0,0.0,1700000.0
633165535,mukono,15,1800000.0,0.0,0.0,500000.0,500000.0,0.0,0.0,0.0,2800000.0
634929225,mukono,15,4000000.0,0.0,0.0,0.0,100000.0,0.0,0.0,0.0,4100000.0
636602878,mukono,15,3500000.0,200000.0,0.0,200000.0,300000.0,0.0,0.0,0.0,4200000.0
558418973,nakaseke,15,1664000.0,0.0,0.0,0.0,1800000.0,2500000.0,0.0,0.0,5964000.0
613827164,nakaseke,15,1560200.0,0.0,450000.0,0.0,950000.0,0.0,0.0,0.0,2960200.0
632876809,mukono,15,320000.0,0.0,0.0,0.0,0.0,0.0,0.0,0.0,320000.0
559670838,nakaseke,15,2073500.0,0.0,0.0,200000.0,0.0,0.0,0.0,0.0,2273500.0
588625655,nakaseke,15,2496000.0,0.0,300000.0,0.0,1050000.0,0.0,0.0,0.0,3846000.0
550732633,nakaseke,15,1050000.0,0.0,0.0,299999.99999999977,0.0,0.0,0.0,0.0,1349999.9999999998
550740078,nakaseke,15,1100000.0,249999.99999999983,0.0,0.0,0.0,0.0,0.0,0.0,1349999.9999999998
552802393,nakaseke,15,8800000.0,200000.00000000006,0.0,0.0,599999.9999999998,0.0,0.0,0.0,9600000.0
553314788,nakaseke,15,7500000.0,0.0,0.0,0.0,499999.9999999997,0.0,0.0,0.0,8000000.0
556033462,nakaseke,15,4032000.0,0.0,0.0,0.0,1755000.0,0.0,0.0,0.0,5787000.0
557694485,nakaseke,15,90000.0,0.0,0.0,50000.0,0.0,0.0,0.0,0.0,140000.0
557694682,nakaseke,15,90000.0,0.0,0.0,25000.0,0.0,0.0,0.0,0.0,115000.0
557711753,nakaseke,15,1750000.0,0.0,0.0,0.0,0.0,0.0,0.0,0.0,1750000.0
557713215,nakaseke,15,1100000.0000000002,0.0,0.0,0.0,0.0,0.0,0.0,0.0,1100000.0000000002
558375556,nakaseke,15,300000.0,0.0,0.0,50000.0,60000.0,0.0,0.0,0.0,410000.0
565368815,nakaseke,15,1150000.0,0.0,0.0,300000.0,0.0,0.0,0.0,0.0,1450000.0
583503314,nakaseke,15,3060000.0,0.0,0.0,0.0,639000.0,0.0,0.0,0.0,3699000.0
592192864,nakaseke,15,2400000.0,0.0,0.0,0.0,0.0,0.0,0.0,0.0,2400000.0
614807974,mukono,15,700000.0,0.0,0.0,400000.0,0.0,0.0,0.0,0.0,1100000.0
614850566,mukono,15,3200000.0,0.0,0.0,0.0,3000000.0,0.0,0.0,0.0,6200000.0
615761193,mukono,15,7000000.0,1000000.0,0.0,0.0,1000000.0,0.0,500000.0,0.0,9500000.0
615773611,mukono,15,1000000.0,200000.0,100000.0,0.0,100000.0,0.0,0.0,0.0,1400000.0
616675567,mukono,15,300000.0,0.0,0.0,0.0,0.0,1000000.0,600000.0,0.0,1900000.0
617462488,mukono,15,650000.0,0.0,0.0,0.0,0.0,4000000.0,0.0,0.0,4650000.0
617463415,mukono,15,300000.0,0.0,0.0,0.0,300000.0,2400000.0,0.0,0.0,3000000.0
617648934,mukono,15,2400000.0,0.0,0.0,0.0,0.0,0.0,0.0,0.0,2400000.0
619547863,mukono,15,1000000.0,0.0,0.0,0.0,250000.0,1000000.0,0.0,0.0,2250000.0
619769827,mukono,15,560000.0,0.0,0.0,0.0,0.0,0.0,0.0,250000.0,810000.0
619769984,mukono,15,1800000.0,0.0,0.0,0.0,0.0,0.0,0.0,0.0,1800000.0
620417365,mukono,15,600000.0,0.0,0.0,0.0,0.0,5000000.0,1000000.0,0.0,6600000.0
620699936,mukono,15,3200000.0,0.0,0.0,0.0,0.0,0.0,0.0,0.0,3200000.0
620700057,mukono,15,1200000.0,0.0,0.0,0.0,1600000.0,0.0,0.0,0.0,2800000.0
621078668,mukono,15,1100000.0,200000.0,0.0,0.0,800000.0,0.0,4800000.0,500000.0,7400000.0
621640204,mukono,15,130000.0,0.0,0.0,0.0,0.0,0.0,0.0,0.0,130000.0
621642449,mukono,15,200000.0,0.0,0.0,0.0,0.0,0.0,0.0,0.0,200000.0
622289483,mukono,15,400000.0,200000.0,100000.0,0.0,200000.0,0.0,0.0,0.0,900000.0
622485078,mukono,15,8000000.0,0.0,0.0,0.0,4500000.0,0.0,0.0,0.0,12500000.0
623981243,mukono,15,100000.0,0.0,0.0,0.0,250000.0,0.0,0.0,0.0,350000.0
624290457,mukono,15,1800000.0,500000.0,0.0,1000000.0,500000.0,600000.0,0.0,0.0,4400000.0
624291333,mukono,15,700000.0,600000.0,0.0,600000.0,500000.0,0.0,0.0,0.0,2400000.0
624292438,mukono,15,700000.0,700000.0,200000.0,200000.0,200000.0,0.0,0.0,0.0,2000000.0
631647010,mukono,15,1200000.0,0.0,0.0,0.0,75000.0,0.0,0.0,0.0,1275000.0
633165312,mukono,15,1200000.0,0.0,0.0,200000.0,0.0,0.0,0.0,0.0,1400000.0
633706793,mukono,15,300000.0,0.0,0.0,0.0,500000.0,0.0,0.0,0.0,800000.0
634022985,mukono,15,900000.0,0.0,0.0,300000.0,0.0,0.0,0.0,100000.0,1300000.0
634718242,mukono,15,5000000.0,1000000.0,0.0,1000000.0,1000000.0,0.0,0.0,0.0,8000000.0
635238561,mukono,15,1200000.0,0.0,0.0,500000.0,300000.0,0.0,0.0,0.0,2000000.0
636135365,mukono,15,3000000.0,0.0,500000.0,300000.0,100000.0,0.0,0.0,0.0,3900000.0
636136285,mukono,15,2400000.0,0.0,0.0,1000000.0,0.0,0.0,0.0,3000000.0,6400000.0
616674531,mukono,15,5100000.0,0.0,0.0,0.0,0.0,0.0,2000000.0,0.0,7100000.0
557715625,nakaseke,15,1650000.0,0.0,0.0,0.0,0.0,0.0,0.0,0.0,1650000.0
582503133,nakaseke,15,1260000.0,0.0,0.0,500000.0,0.0,0.0,0.0,0.0,1760000.0
586804272,nakaseke,15,3217800.0,300000.0,1000000.0,0.0,560000.0,0.0,0.0,0.0,5077800.0
620699783,mukono,15,2800000.0,0.0,0.0,0.0,0.0,0.0,0.0,0.0,2800000.0
550738751,nakaseke,15,400000.0,0.0,0.0,0.0,0.0,0.0,0.0,0.0,400000.0
589566299,nakaseke,15,540000.0,0.0,0.0,0.0,0.0,0.0,0.0,0.0,540000.0
556042851,nakaseke,15,700000.0,0.0,0.0,300000.0,250000.0,0.0,0.0,0.0,1250000.0
581667076,nakaseke,15,831600.0,0.0,300000.0,150000.0,0.0,0.0,0.0,0.0,1281600.0
561201812,nakaseke,15,600000.0,0.0,250000.0,90000.0,90000.0,0.0,0.0,0.0,1030000.0
561202655,nakaseke,15,300000.0,60000.0,55000.0,150000.0,70000.0,0.0,0.0,0.0,635000.0
622951271,mukono,15,1800000.0,1000000.0,0.0,0.0,1200000.0,0.0,0.0,0.0,4000000.0
623479194,mukono,15,2400000.0,0.0,0.0,0.0,1200000.0,0.0,0.0,0.0,3600000.0
633859954,mukono,15,1200000.0,0.0,1000000.0,0.0,500000.0,0.0,0.0,0.0,2700000.0
634322609,mukono,15,1800000.0,0.0,0.0,0.0,0.0,0.0,0.0,0.0,1800000.0
634718422,mukono,15,1000000.0,0.0,0.0,0.0,249999.9999999998,0.0,0.0,0.0,1249999.9999999998
618738459,mukono,15,5400000.0,0.0,0.0,0.0,0.0,0.0,0.0,0.0,5400000.0
552806909,nakaseke,15,1120000.0,0.0,0.0,0.0,100000.00000000001,0.0,0.0,0.0,1220000.0
557694859,nakaseke,15,90000.0,0.0,0.0,0.0,0.0,0.0,0.0,0.0,90000.0
589566059,nakaseke,15,6300000.0,1000000.0,0.0,300000.0,0.0,0.0,0.0,0.0,7600000.0
593200247,nakaseke,15,31200005.0,1000000.0,0.0,0.0,1080000.0,0.0,0.0,0.0,33280005.0
613820537,nakaseke,15,5040000.0,500000.0,0.0,0.0,0.0,0.0,0.0,0.0,5540000.0
614808240,mukono,15,1000000.0,0.0,0.0,600000.0,0.0,200000.0,0.0,0.0,1800000.0
615773753,mukono,15,1500000.0,1000000.0,0.0,200000.0,0.0,0.0,0.0,0.0,2700000.0
617460629,mukono,15,800000.0,0.0,0.0,0.0,0.0,20000000.0,0.0,500000.0,21300000.0
617461111,mukono,15,400000.0,0.0,0.0,300000.0,0.0,0.0,0.0,0.0,700000.0
617461597,mukono,15,120000.0,0.0,0.0,0.0,0.0,0.0,0.0,0.0,120000.0
618056660,mukono,15,1200000.0,0.0,0.0,200000.0,0.0,500000.0,0.0,0.0,1900000.0
618502638,mukono,15,2000000.0,0.0,0.0,0.0,300000.0,0.0,0.0,1999999.9999999993,4299999.999999999
618738618,mukono,15,3400000.0,0.0,0.0,0.0,0.0,0.0,0.0,0.0,3400000.0
619308856,mukono,15,3000000.0,500000.0,0.0,0.0,500000.0,0.0,0.0,9000000.0,13000000.0
620131758,mukono,15,700000.0,500000.0,0.0,0.0,500000.0,0.0,0.0,0.0,1700000.0
621077765,mukono,15,2500000.0,0.0,0.0,0.0,0.0,0.0,0.0,1000000.0,3500000.0
622950517,mukono,15,8000000.0,300000.0,0.0,500000.0,4000000.0,0.0,0.0,0.0,12800000.0
623178431,mukono,15,1600000.0,0.0,1000000.0,240000.0,0.0,0.0,0.0,0.0,2840000.0
623271316,mukono,15,750000.0,0.0,0.0,0.0,10000000.0,2000000.0,0.0,0.0,12750000.0
623272577,mukono,15,1000000.0,0.0,0.0,0.0,20000000.0,0.0,0.0,0.0,21000000.0
624293459,mukono,15,1100000.0,1000000.0,0.0,0.0,0.0,0.0,0.0,0.0,2100000.0
624713073,mukono,15,400000.0,0.0,0.0,5000000.0,0.0,0.0,0.0,0.0,5400000.0
624713879,mukono,15,685000.0,0.0,0.0,0.0,0.0,2000000.0,0.0,0.0,2685000.0
625320144,mukono,15,800000.0,360000.0,0.0,0.0,6000000.0,0.0,0.0,0.0,7160000.0
628089142,mukono,15,840000.0,0.0,0.0,0.0,0.0,0.0,5000000.0,0.0,5840000.0
628089849,mukono,15,1400000.0,0.0,0.0,0.0,0.0,3000000.0,0.0,0.0,4400000.0
628775275,mukono,15,45000000.0,0.0,0.0,1000000.0,0.0,10000000.0,0.0,0.0,56000000.0
630120893,mukono,15,2400000.0,0.0,0.0,500000.0,0.0,1000000.0,0.0,0.0,3900000.0
632524617,mukono,15,6500000.0,0.0,0.0,0.0,240000.0,2000000.0,0.0,0.0,8740000.0
633860632,mukono,15,2400000.0,0.0,0.0,0.0,1200000.0,0.0,4800000.0,0.0,8400000.0
633861486,mukono,15,1410000.0,0.0,0.0,0.0,0.0,0.0,6000000.0,0.0,7410000.0
634021883,mukono,15,5000000.0,1000000.0,0.0,0.0,600000.0,0.0,0.0,0.0,6600000.0
634952329,mukono,15,49000000.0,0.0,0.0,0.0,2000000.0,0.0,6000000.0,0.0,57000000.0
635102211,mukono,15,4000000.0,10000000.0,0.0,0.0,5000000.0,0.0,0.0,2000000.0,21000000.0
635102285,mukono,15,1200000.0,0.0,2000000.0,0.0,500000.0,0.0,0.0,0.0,3700000.0
623184098,mukono,15,1500000.0,0.0,0.0,0.0,500000.0,0.0,1000000.0,0.0,3000000.0
554408234,nakaseke,15,550000.0,0.0,0.0,0.0,0.0,0.0,0.0,0.0,550000.0
556042141,nakaseke,15,300000.0,0.0,0.0,0.0,120000.0,0.0,0.0,0.0,420000.0
559614978,nakaseke,15,600000.0,0.0,500000.0,0.0,400000.0,0.0,0.0,0.0,1500000.0
581570782,nakaseke,15,1000000.0,0.0,0.0,500000.0,350000.0000000001,0.0,0.0,0.0,1850000.0
552806065,,15,500000.0,0.0,0.0,0.0,0.0,0.0,0.0,0.0,500000.0
553316435,nakaseke,15,1700000.0,0.0,0.0,299999.99999999977,0.0,0.0,0.0,0.0,1999999.9999999998
558375760,nakaseke,15,150000.0,0.0,0.0,0.0,0.0,0.0,0.0,0.0,150000.0
559615316,nakaseke,15,500000.0,0.0,400000.0,250000.0,50000.0,0.0,0.0,0.0,1200000.0
630121155,mukono,15,4200000.0,1000000.0,0.0,0.0,200000.0,0.0,0.0,0.0,5400000.0
630121646,mukono,15,2800000.0,0.0,0.0,700000.0,120000.0,0.0,0.0,0.0,3620000.0
560425493,nakaseke,15,250000.0,0.0,0.0,100000.0,50000.0,0.0,0.0,0.0,400000.0
560424556,nakaseke,15,600000.0,0.0,500000.0,90000.0,200000.0,0.0,0.0,0.0,1390000.0
561200542,nakaseke,15,600000.0,450000.0,0.0,90000.0,50000.0,0.0,0.0,0.0,1190000.0
561202398,nakaseke,15,350000.0,0.0,200000.0,100000.0,60000.0,0.0,0.0,0.0,710000.0
560425197,nakaseke,15,500000.0,0.0,350000.0,160000.0,90000.0,0.0,0.0,0.0,1100000.0
628088416,mukono,15,1300000.0,3000000.0,0.0,500000.0,0.0,2000000.0,0.0,0.0,6800000.0
628089405,mukono,15,1400000.0,0.0,0.0,0.0,0.0,6000000.0,0.0,0.0,7400000.0
628774965,mukono,15,1000000.0,0.0,2000000.0,500000.0,0.0,0.0,0.0,0.0,3500000.0
632530379,mukono,15,1000000.0,0.0,0.0,5000000.0,500000.0,0.0,0.0,0.0,6500000.0
636135085,mukono,15,20800000.0,1000000.0,0.0,0.0,500000.0,0.0,0.0,0.0,22300000.0
556039009,nakaseke,15,20000.0,0.0,0.0,50000.0,120000.0,0.0,0.0,0.0,190000.0
553316712,nakaseke,15,370000.0,0.0,0.0,0.0,120000.00000000006,0.0,0.0,0.0,490000.00000000006
621496649,mukono,15,2400000.0,0.0,0.0,2400000.0,100000.0,0.0,0.0,0.0,4900000.0
629845932,mukono,15,2000000.0,0.0,0.0,3000000.0,360000.0,0.0,0.0,0.0,5360000.0
632528316,mukono,15,5000000.0,0.0,0.0,1500000.0,0.0,0.0,0.0,0.0,6500000.0
633861263,mukono,15,8400000.0,10000000.0,0.0,0.0,6000000.0,0.0,0.0,0.0,24400000.0
635102642,mukono,15,7000000.0,0.0,0.0,0.0,10000000.0,0.0,0.0,0.0,17000000.0
560423470,nakaseke,15,450000.0,0.0,240000.0,0.0,300000.0,0.0,0.0,0.0,990000.0
551439101,nakaseke,15,1100000.0,0.0,0.0,0.0,0.0,0.0,0.0,0.0,1100000.0
553316111,nakaseke,15,380000.0,0.0,0.0,0.0,200000.00000000006,0.0,0.0,0.0,580000.0
554407800,nakaseke,15,900000.0,100000.00000000004,0.0,0.0,0.0,0.0,0.0,0.0,1000000.0
558374654,nakaseke,15,450000.0,249999.99999999983,250000.0,100000.0,0.0,0.0,0.0,0.0,1049999.9999999998
558375246,nakaseke,15,220000.0,0.0,50000.0,150000.0,0.0,0.0,0.0,0.0,420000.0
581569323,nakaseke,15,1350000.0,249999.9999999998,0.0,0.0,299999.99999999977,0.0,0.0,0.0,1899999.9999999995
581571879,nakaseke,15,500000.0,0.0,200000.0,150000.0,60000.0,0.0,0.0,0.0,910000.0
564861263,nakaseke,15,500000.0,150000.0,50000.0,100000.0,60000.0,0.0,0.0,0.0,860000.0
559615143,nakaseke,15,300000.0,0.0,50000.0,60000.0,100000.0,0.0,0.0,0.0,510000.0
564864365,nakaseke,15,300000.0,60000.0,58000.0,100000.0,60000.0,0.0,0.0,0.0,578000.0
553315619,nakaseke,15,350000.0,0.0,0.0,0.0,0.0,0.0,0.0,0.0,350000.0
556039301,nakaseke,15,500000.0,0.0,0.0,90000.0,150000.0,0.0,0.0,0.0,740000.0
615757479,mukono,15,800000.0,0.0,0.0,0.0,100000.0,0.0,0.0,0.0,900000.0
615773011,mukono,15,1500000.0,0.0,0.0,0.0,0.0,0.0,0.0,200000.0,1700000.0
619554974,mukono,15,3600000.0,2000000.0,0.0,0.0,1000000.0,0.0,0.0,0.0,6600000.0
620416772,mukono,15,500000.0,0.0,0.0,600000.0,0.0,180000.0,0.0,0.0,1280000.0
620419799,mukono,15,4000000.0,0.0,0.0,0.0,125000.0,0.0,0.0,0.0,4125000.0
621494958,mukono,15,500000.0,0.0,0.0,0.0,0.0,0.0,0.0,5000000.0,5500000.0
621496210,mukono,15,6000000.0,1000000.0,0.0,500000.0,0.0,0.0,0.0,0.0,7500000.0
621498584,mukono,15,16800000.0,0.0,0.0,0.0,500000.0,1000000.0,0.0,0.0,18300000.0
621639094,mukono,15,400000.0,0.0,0.0,0.0,300000.0,0.0,6000000.000000005,0.0,6700000.000000005
623187149,mukono,15,560000.0,0.0,0.0,240000.0,0.0,1000000.0,0.0,0.0,1800000.0
623270536,mukono,15,13500000.0,0.0,0.0,0.0,1900000.0,0.0,0.0,0.0,15400000.0
624711692,mukono,15,1200000.0,1000000.0,0.0,0.0,2000000.0,0.0,0.0,0.0,4200000.0
624712163,mukono,15,2400000.0,1080000.0,0.0,0.0,0.0,5000000.0,0.0,0.0,8480000.0
625315993,mukono,15,1200000.0,0.0,0.0,500000.0,100000.0,0.0,0.0,0.0,1800000.0
628080096,mukono,15,7000000.0,0.0,0.0,0.0,2000000.0,0.0,0.0,0.0,9000000.0
628775775,mukono,15,36000000.0,3000000.0,0.0,0.0,0.0,1000000.0,0.0,0.0,40000000.0
630120684,mukono,15,7000000.0,2000000.0,0.0,0.0,0.0,3000000.0,0.0,0.0,12000000.0
632531024,mukono,15,3500000.0,0.0,0.0,1000000.0,0.0,0.0,5000000.0,0.0,9500000.0
632870785,mukono,15,3200000.0,0.0,0.0,0.0,70000.0,0.0,0.0,0.0,3270000.0
634322563,mukono,15,1200000.0,0.0,0.0,0.0,2000000.0,0.0,0.0,0.0,3200000.0
634951268,mukono,15,1000000.0,0.0,0.0,1300000.0,0.0,0.0,0.0,0.0,2300000.0
619307991,mukono,15,6000000.0,1000000.0,0.0,500000.0,15000000.0,0.0,6000000.0,0.0,28500000.0
634929055,mukono,15,2400000.0,0.0,0.0,0.0,500000.0,0.0,0.0,0.0,2900000.0
635625431,mukono,15,1200000.0,0.0,0.0,0.0,800000.0,0.0,0.0,0.0,2000000.0
625318562,mukono,15,400000.0,0.0,2000000.0,1000000.0,0.0,0.0,0.0,0.0,3400000.0
628776109,mukono,15,4900000.0,0.0,0.0,450000.0,0.0,2000000.0,0.0,0.0,7350000.0
633860413,mukono,15,42000000.0,0.0,0.0,1000000.0,500000.0,0.0,0.0,12000000.0,55500000.0
557694292,nakaseke,15,300000.0,0.0,0.0,50000.0,60000.0,0.0,0.0,0.0,410000.0
582450581,nakaseke,15,350000.0,50000.0,90000.0,0.0,0.0,0.0,0.0,0.0,490000.0
613185259,nakaseke,15,390000.0,0.0,0.0,0.0,400000.0,0.0,0.0,0.0,790000.0
614810845,mukono,15,800000.0,0.0,0.0,0.0,0.0,0.0,0.0,0.0,800000.0
617648764,mukono,15,1200000.0,0.0,0.0,0.0,0.0,0.0,0.0,0.0,1200000.0
551438934,nakaseke,15,1700000.0,0.0,0.0,0.0,0.0,0.0,0.0,0.0,1700000.0
589548879,nakaseke,15,20000.0,0.0,100000.0,0.0,250000.0,0.0,0.0,0.0,370000.0
554402613,nakaseke,15,0.0,0.0,0.0,0.0,60000.00000000002,0.0,0.0,0.0,60000.00000000002
589547568,nakaseke,15,350000.0,0.0,0.0,19999.99999999998,0.0,5000000.000000003,0.0,0.0,5370000.000000003
592180125,nakaseke,15,350000.0,0.0,0.0,0.0,200000.0,0.0,0.0,0.0,550000.0
613184766,nakaseke,15,600000.0,0.0,0.0,100000.0,250000.0,0.0,0.0,0.0,950000.0
613185864,nakaseke,15,600000.0,20000.0,0.0,299999.9999999999,500000.0,0.0,0.0,0.0,1420000.0
593216040,nakaseke,15,400000.0,250000.0,69000.0,0.0,200000.0,0.0,0.0,0.0,919000.0
552806578,nakaseke,15,1300000.0,0.0,0.0,0.0,0.0,0.0,0.0,0.0,1300000.0
554403180,,15,1100000.0,0.0,0.0,0.0,4999999.999999999,0.0,0.0,0.0,6099999.999999999
554997531,nakaseke,15,400000.0,0.0,0.0,60000.0,250000.0,0.0,0.0,0.0,710000.0
581568916,nakaseke,15,500000.0,0.0,90000.0,60000.0,170000.0,0.0,0.0,0.0,820000.0
582449149,nakaseke,15,600000.0,250000.0,0.0,150000.0,50000.0,0.0,0.0,0.0,1050000.0
583384059,nakaseke,15,9000000.0,350000.0,0.0,0.0,250000.0,0.0,0.0,0.0,9600000.0
584465855,nakaseke,15,400000.0,150000.0,0.0,0.0,0.0,0.0,0.0,0.0,550000.0
585291611,nakaseke,15,9000000.0,30000.0,0.0,60000.0,350000.0,0.0,0.0,0.0,9440000.0
588618114,nakaseke,15,600000.0,0.0,0.0,120000.0,30000.0,0.0,0.0,0.0,750000.0
589549118,nakaseke,15,600000.0,0.0,90000.0,0.0,250000.0,0.0,0.0,0.0,940000.0
592179551,nakaseke,15,200000.0,0.0,0.0,150000.0,150000.0,0.0,0.0,0.0,500000.0
613185857,nakaseke,15,600000.0,300000.0,0.0,120000.0,350000.0,0.0,0.0,0.0,1370000.0
613185868,nakaseke,15,500000.0,350000.0,0.0,0.0,400000.0,0.0,0.0,0.0,1250000.0
618737230,mukono,15,1800000.0,0.0,0.0,0.0,0.0,0.0,0.0,0.0,1800000.0
625321534,mukono,15,5600000.0,0.0,0.0,0.0,2000000.0,10000000.0,0.0,0.0,17600000.0
613185262,nakaseke,15,260000.0,0.0,300000.0,100000.0,250000.0,0.0,0.0,0.0,910000.0
586823072,nakaseke,15,600000.0,0.0,0.0,299999.9999999999,600000.0,0.0,0.0,0.0,1500000.0
586821078,nakaseke,15,800000.0,0.0,0.0,20000.0,96000.0,0.0,0.0,0.0,916000.0
586823179,nakaseke,15,600000.0,0.0,0.0,100000.0,600000.0,0.0,0.0,0.0,1300000.0
588618032,nakaseke,15,1000000.0,200000.0,0.0,150000.0,350000.0,0.0,0.0,0.0,1700000.0
592179319,nakaseke,15,300000.0,0.0,0.0,0.0,200000.0,0.0,0.0,0.0,500000.0
613185254,nakaseke,15,350000.0,400000.0,50000.00000000001,0.0,230000.0,0.0,0.0,0.0,1030000.0
613184756,nakaseke,15,380000.0,0.0,89999.99999999997,0.0,350000.0,0.0,0.0,0.0,820000.0
613184762,nakaseke,15,5000000.0,0.0,149999.99999999994,700000.0,250000.0,100000.0,0.0,0.0,6200000.0
593216705,nakaseke,15,350000.0,109.0,0.0,0.0,200000.0,0.0,0.0,0.0,550109.0
582448458,nakaseke,15,600000.0,300000.0,0.0,150000.0,200000.0,0.0,0.0,0.0,1250000.0
583383308,nakaseke,15,560000.0,30000.0,90000.0,3.0,20000.0,0.0,0.0,0.0,700003.0
584457728,nakaseke,15,350000.0,0.0,0.0,0.0,0.0,0.0,0.0,0.0,350000.0
584460556,nakaseke,15,250000.0,100000.0,0.0,150000.0,60000.00000000002,0.0,0.0,0.0,560000.0
586822745,nakaseke,15,600000.0,300000.0,0.0,0.0,200000.0,0.0,0.0,0.0,1100000.0
588618956,nakaseke,15,600000.0,0.0,150000.0,0.0,250000.0,0.0,0.0,0.0,1000000.0
588619984,nakaseke,15,500000.0,0.0,0.0,0.0,250000.0,0.0,0.0,0.0,750000.0
589548430,nakaseke,15,300000.0,0.0,25000.0,0.0,500000.0,0.0,0.0,0.0,825000.0
613184214,nakaseke,15,200000.0,0.0,50000.0,0.0,130000.0,0.0,0.0,0.0,380000.0
551438775,nakaseke,15,1200000.0,0.0,0.0,0.0,0.0,0.0,0.0,0.0,1200000.0
552805506,nakaseke,15,9700000.0,0.0,0.0,0.0,0.0,0.0,0.0,0.0,9700000.0
582449815,nakaseke,15,500000.0,200000.0,0.0,0.0,60000.0,999999.9999999995,0.0,0.0,1759999.9999999995
583383783,nakaseke,15,500000.0,200000.0,0.0,0.0,300000.0,0.0,0.0,0.0,1000000.0
583384470,nakaseke,15,500000.0,250000.0,0.0,299999.9999999999,200000.0,0.0,0.0,0.0,1250000.0
585919910,nakaseke,15,2000000.0,500000.0,249999.99999999983,500000.0,600000.0,0.0,0.0,0.0,3850000.0
585937638,nakaseke,15,600000.0,250000.0,89999.99999999997,60000.0,260000.0,0.0,0.0,0.0,1260000.0
592179023,nakaseke,15,1000000.0,200000.0,0.0,100000.0,0.0,0.0,0.0,0.0,1300000.0
551439238,nakaseke,15,1500000.0,0.0,0.0,0.0,0.0,0.0,0.0,0.0,1500000.0
555070994,nakaseke,15,600000.0,250000.0,0.0,100000.0,60000.0,0.0,0.0,0.0,1010000.0
555112218,nakaseke,15,1050000.0,0.0,0.0,600000.0000000003,0.0,0.0,0.0,0.0,1650000.0000000005
555148547,nakaseke,15,400000.0,250000.0,0.0,90000.0,400000.0,0.0,0.0,0.0,1140000.0
584458624,nakaseke,15,600000.0,250000.0,400000.0,100000.0,0.0,0.0,0.0,0.0,1350000.0
585290674,nakaseke,15,500000.0,250000.0,0.0,100000.0,900000.0,0.0,0.0,0.0,1750000.0
585290890,nakaseke,15,700000.0,300000.0,50000.0,120000.0,350000.0,0.0,0.0,0.0,1520000.0
585309665,nakaseke,15,500000.0,0.0,0.0,0.0,200000.0,0.0,0.0,0.0,700000.0
585924133,nakaseke,15,600000.0,200000.0,0.0,150000.0,300000.0,0.0,0.0,0.0,1250000.0
585929887,nakaseke,15,500000.0,0.0,0.0,0.0,0.0,0.0,0.0,0.0,500000.0
613834815,nakaseke,15,2100000.0,0.0,0.0,0.0,0.0,0.0,0.0,1999999.9999999993,4099999.999999999
613836978,nakaseke,15,700000.0,0.0,0.0,0.0,0.0,0.0,0.0,0.0,700000.0
617656696,mukono,15,1099999.9999999998,299999.99999999977,0.0,499999.99999999977,299999.99999999977,0.0,0.0,0.0,2199999.999999999
633860938,mukono,15,3000000.0,1000000.0,0.0,0.0,5000000.0,0.0,0.0,0.0,9000000.0
616677841,mukono,16,70000.0,0.0,6000000.0,0.0,0.0,0.0,0.0,0.0,6070000.0
551440657,nakaseke,16,280000.0,0.0,150000.00000000006,0.0,0.0,0.0,0.0,0.0,430000.00000000006
592191523,nakaseke,16,312000.0,0.0,0.0,0.0,500000.0,0.0,0.0,0.0,812000.0
552803559,nakaseke,16,3440000.0,999999.9999999995,0.0,0.0,499999.9999999997,0.0,0.0,0.0,4940000.0
613177526,nakaseke,16,50000000.0,0.0,0.0,0.0,0.0,0.0,0.0,0.0,50000000.0
613831899,nakaseke,16,203000.0,0.0,0.0,0.0,0.0,0.0,0.0,0.0,203000.0
614880484,mukono,16,120000.0,0.0,0.0,0.0,0.0,0.0,0.0,0.0,120000.0
550714067,nakaseke,16,800000.0,0.0,0.0,0.0,299999.9999999999,0.0,0.0,0.0,1100000.0
550714208,nakaseke,16,1000000.0,0.0,0.0,0.0,60000.00000000002,0.0,0.0,0.0,1060000.0
556045414,nakaseke,16,1000000.0,0.0,0.0,0.0,500000.0,0.0,0.0,0.0,1500000.0
556046788,nakaseke,16,800000.0,0.0,0.0,300000.0,0.0,0.0,0.0,0.0,1100000.0
557695958,nakaseke,16,1000000.0,500000.0,0.0,0.0,200000.0,0.0,0.0,0.0,1700000.0
560461977,nakaseke,16,3000000.0,500000.0,0.0,0.0,0.0,0.0,0.0,0.0,3500000.0
592361767,nakaseke,16,5000000.0,0.0,0.0,0.0,250000.0,0.0,0.0,0.0,5250000.0
592363240,nakaseke,16,3000000.0,200000.0,0.0,0.0,500000.0,0.0,0.0,0.0,3700000.0
616701192,mukono,16,520000.0,0.0,0.0,0.0,0.0,0.0,0.0,0.0,520000.0
624293019,mukono,16,900000.0,500000.0,200000.0,300000.0,300000.0,0.0,0.0,0.0,2200000.0
550715350,nakaseke,16,800000.0,0.0,0.0,0.0,0.0,0.0,0.0,0.0,800000.0
552803832,nakaseke,16,2300000.0,0.0,0.0,0.0,200000.00000000006,0.0,0.0,0.0,2500000.0
553311655,nakaseke,16,950000.0,0.0,0.0,299999.99999999977,0.0,0.0,0.0,0.0,1249999.9999999998
554396495,nakaseke,16,900000.0,0.0,0.0,0.0,0.0,0.0,0.0,0.0,900000.0
555218845,nakaseke,16,4500000.0,0.0,0.0,400000.0,0.0,0.0,0.0,0.0,4900000.0
556047384,nakaseke,16,1500000.0,0.0,0.0,300000.0,0.0,500000.0,0.0,0.0,2300000.0
557713875,nakaseke,16,700000.0,0.0,0.0,0.0,0.0,0.0,0.0,0.0,700000.0
558376731,nakaseke,16,800000.0,0.0,0.0,0.0,0.0,0.0,0.0,0.0,800000.0
558377788,nakaseke,16,1250000.0,0.0,0.0,350000.0,40000.0,0.0,0.0,0.0,1640000.0
558378029,nakaseke,16,1000000.0,0.0,0.0,0.0,250000.0,0.0,0.0,0.0,1250000.0
559605691,nakaseke,16,4000000.0,300000.0,0.0,0.0,250000.0,0.0,0.0,0.0,4550000.0
560460598,nakaseke,16,4000000.0,0.0,0.0,0.0,0.0,0.0,0.0,0.0,4000000.0
560460842,nakaseke,16,2000000.0,0.0,0.0,0.0,400000.0,0.0,0.0,0.0,2400000.0
561199081,nakaseke,16,2500000.0,400000.0,0.0,0.0,200000.0,0.0,0.0,0.0,3100000.0
561203340,nakaseke,16,2500000.0,0.0,0.0,0.0,0.0,0.0,0.0,0.0,2500000.0
561250862,nakaseke,16,399600.0,0.0,0.0,300000.0,0.0,0.0,0.0,0.0,699600.0
582704845,nakaseke,16,7000000.0,400000.0,0.0,0.0,0.0,0.0,0.0,0.0,7400000.0
585217011,nakaseke,16,8000000.0,0.0,200000.0,0.0,0.0,0.0,0.0,0.0,8200000.0
588626659,nakaseke,16,156000.0,500000.0,300000.0,0.0,0.0,0.0,0.0,0.0,956000.0
588783193,nakaseke,16,7000000.0,0.0,0.0,0.0,0.0,0.0,0.0,0.0,7000000.0
613810847,nakaseke,16,360000.0,0.0,0.0,0.0,0.0,0.0,0.0,0.0,360000.0
614880582,mukono,16,400000.0,0.0,0.0,0.0,0.0,0.0,0.0,0.0,400000.0
616579050,mukono,16,500000.0,0.0,0.0,0.0,0.0,0.0,0.0,90000.0,590000.0
616701381,mukono,16,400000.0,0.0,0.0,0.0,0.0,0.0,0.0,180000.0,580000.0
623704503,mukono,16,300000.0,0.0,0.0,100000.0,0.0,0.0,0.0,100000.0,500000.0
550714829,nakaseke,16,600000.0,0.0,0.0,0.0,0.0,0.0,0.0,0.0,600000.0
551432268,nakaseke,16,650000.0,0.0,0.0,0.0,0.0,0.0,0.0,0.0,650000.0
551438359,nakaseke,16,3800000.0,0.0,0.0,0.0,499999.99999999977,499999.99999999977,0.0,0.0,4800000.0
551438847,nakaseke,16,750000.0,0.0,0.0,0.0,161999.99999999988,0.0,0.0,0.0,911999.9999999999
552834713,nakaseke,16,2500000.0,0.0,0.0,399999.9999999999,0.0,0.0,0.0,0.0,2900000.0
553313606,nakaseke,16,1100000.0,0.0,0.0,0.0,499999.9999999997,0.0,0.0,0.0,1599999.9999999998
553314110,nakaseke,16,6500000.0,0.0,0.0,0.0,1425600.0000000005,0.0,0.0,0.0,7925600.0
553314852,nakaseke,16,6380000.0,0.0,0.0,0.0,499999.9999999997,0.0,0.0,0.0,6880000.0
554382238,nakaseke,16,5500000.0,0.0,249999.99999999983,0.0,350000.0000000001,0.0,0.0,0.0,6100000.0
554383042,nakaseke,16,5500000.0,0.0,0.0,0.0,450000.00000000035,0.0,0.0,0.0,5950000.0
554388188,nakaseke,16,7500000.0,0.0,149999.99999999994,0.0,15000000.0,0.0,0.0,0.0,22650000.0
555219221,nakaseke,16,4000000.0,0.0,0.0,0.0,1000000.0,0.0,6000000.0,0.0,11000000.0
555219441,nakaseke,16,8000000.0,0.0,0.0,0.0,1000000.0,0.0,0.0,0.0,9000000.0
555219813,nakaseke,16,800000.0,0.0,0.0,0.0,150000.0,0.0,0.0,0.0,950000.0
556046148,nakaseke,16,500000.0,0.0,0.0,200000.0,150000.0,0.0,0.0,0.0,850000.0
557695618,nakaseke,16,800000.0,0.0,0.0,0.0,300000.0,0.0,0.0,0.0,1100000.0
557695779,nakaseke,16,5000000.0,0.0,200000.0,0.0,0.0,0.0,0.0,0.0,5200000.0
557696080,nakaseke,16,2000000.0,800000.0,0.0,250000.0,0.0,0.0,0.0,0.0,3050000.0
559607285,nakaseke,16,1000000.0,0.0,150000.0,300000.0,0.0,0.0,0.0,0.0,1450000.0
559607680,nakaseke,16,3500000.0,0.0,0.0,350000.0,0.0,0.0,0.0,0.0,3850000.0
559615651,nakaseke,16,2000000.0,0.0,0.0,0.0,0.0,0.0,0.0,0.0,2000000.0
560459965,nakaseke,16,3000000.0,0.0,0.0,0.0,0.0,0.0,1500000.0,0.0,4500000.0
561202301,nakaseke,16,3500000.0,0.0,150000.0,0.0,0.0,0.0,0.0,0.0,3650000.0
567488224,nakaseke,16,3000000.0,0.0,0.0,0.0,300000.0,0.0,0.0,0.0,3300000.0
581728335,nakaseke,16,6000000.0,400000.0,0.0,0.0,0.0,0.0,0.0,0.0,6400000.0
581800534,nakaseke,16,5000000.0,0.0,0.0,0.0,400000.0,0.0,0.0,0.0,5400000.0
581801301,nakaseke,16,4000000.0,0.0,0.0,0.0,0.0,0.0,0.0,0.0,4000000.0
582682579,nakaseke,16,3000000.0,0.0,0.0,0.0,400000.0,0.0,0.0,0.0,3400000.0
582684638,nakaseke,16,2000000.0,0.0,0.0,0.0,0.0,0.0,0.0,0.0,2000000.0
583582238,nakaseke,16,15000000.0,500000.0,0.0,0.0,0.0,0.0,0.0,0.0,15500000.0
584447265,nakaseke,16,8000000.0,0.0,0.0,0.0,500000.0,0.0,0.0,0.0,8500000.0
585215638,nakaseke,16,15000000.0,0.0,0.0,0.0,0.0,0.0,0.0,0.0,15000000.0
585216305,nakaseke,16,3000000.0,0.0,0.0,0.0,0.0,0.0,0.0,0.0,3000000.0
587012670,nakaseke,16,15000000.0,0.0,0.0,0.0,0.0,0.0,0.0,0.0,15000000.0
587012983,nakaseke,16,8000000.0,0.0,0.0,0.0,200000.0,0.0,0.0,0.0,8200000.0
587013280,nakaseke,16,25000000.0,0.0,0.0,0.0,0.0,2000000.0,0.0,0.0,27000000.0
588781706,nakaseke,16,14000000.0,300000.0,0.0,0.0,0.0,0.0,0.0,0.0,14300000.0
589705500,nakaseke,16,5000000.0,0.0,0.0,0.0,400000.0,0.0,0.0,0.0,5400000.0
589705733,nakaseke,16,12000000.0,450000.0,0.0,0.0,0.0,0.0,0.0,0.0,12450000.0
592193539,nakaseke,16,7998000.0,0.0,0.0,0.0,0.0,0.0,0.0,0.0,7998000.0
593223241,nakaseke,16,3000000.0,3000000.0,0.0,0.0,5000000.0,0.0,0.0,0.0,11000000.0
593223559,nakaseke,16,5000000.0,450000.0,0.0,0.0,0.0,0.0,0.0,0.0,5450000.0
613174996,nakaseke,16,3500000.0,0.0,0.0,0.0,300000.0,0.0,0.0,0.0,3800000.0
613177861,nakaseke,16,2000000.0,0.0,0.0,0.0,500000.0,0.0,0.0,0.0,2500000.0
613177864,nakaseke,16,5000000.0,0.0,0.0,0.0,0.0,0.0,0.0,0.0,5000000.0
613178463,nakaseke,16,8000000.0,0.0,0.0,0.0,0.0,5000000.0,0.0,0.0,13000000.0
613178868,nakaseke,16,500000.0,0.0,0.0,0.0,300000.0,0.0,0.0,0.0,800000.0
613180603,nakaseke,16,2000000.0,0.0,0.0,0.0,0.0,0.0,0.0,0.0,2000000.0
613822490,nakaseke,16,180000.0,150000.0,250000.0,0.0,0.0,0.0,0.0,0.0,580000.0
613825443,nakaseke,16,754000.0,250000.0,0.0,100000.0,0.0,0.0,0.0,0.0,1104000.0
618055484,mukono,16,750000.0,0.0,0.0,0.0,0.0,0.0,0.0,500000.0,1250000.0
619558400,mukono,16,350000.0,0.0,0.0,200000.0,100000.0,0.0,0.0,0.0,650000.0
621499875,mukono,16,800000.0,0.0,3600000.0,0.0,0.0,0.0,0.0,0.0,4400000.0
623176650,mukono,16,500000.0,0.0,12000000.0,1000000.0,0.0,0.0,0.0,0.0,13500000.0
623183149,mukono,16,288000.0,0.0,0.0,0.0,0.0,1000000.0,0.0,5000000.0,6288000.0
623185581,mukono,16,500000.0,0.0,0.0,1000000.0,0.0,2400000.0,0.0,0.0,3900000.0
633165095,mukono,16,500000.0,0.0,0.0,3000000.0,20000000.0,0.0,0.0,0.0,23500000.0
633861862,mukono,16,2000000.0,0.0,1000000.0,20000000.0,0.0,0.0,0.0,0.0,23000000.0
634022320,mukono,16,300000.0,0.0,0.0,300000.0,0.0,0.0,0.0,0.0,600000.0
634322498,mukono,16,120000.0,0.0,0.0,0.0,0.0,0.0,0.0,0.0,120000.0
634928993,mukono,16,60000.0,0.0,0.0,0.0,0.0,0.0,0.0,0.0,60000.0
634952733,mukono,16,1400000.0,0.0,0.0,0.0,500000.0,10000000.0,0.0,0.0,11900000.0
634953204,mukono,16,1200000.0,720000.0,0.0,0.0,500000.0,0.0,0.0,0.0,2420000.0
635102101,mukono,16,500000.0,0.0,0.0,0.0,0.0,20000000.0,12000000.0,0.0,32500000.0
635102513,mukono,16,800000.0,0.0,0.0,10000000.0,1000000.0,0.0,0.0,0.0,11800000.0
644159914,mukono,16,15000000.0,0.0,0.0,0.0,2800000.0,0.0,0.0,0.0,17800000.0
644420047,mukono,16,800000.0,0.0,0.0,0.0,0.0,2000000.0,0.0,0.0,2800000.0
551439754,nakaseke,16,4000000.0,1080000.0000000002,0.0,0.0,349999.9999999997,0.0,0.0,0.0,5430000.0
552968706,nakaseke,16,8000000.0,0.0,0.0,0.0,100000.00000000001,0.0,0.0,0.0,8100000.0
552969446,nakaseke,16,2500000.0,0.0,0.0,0.0,499999.9999999997,0.0,0.0,0.0,2999999.9999999995
552970239,nakaseke,16,3500000.0,0.0,0.0,0.0,0.0,0.0,0.0,0.0,3500000.0
554387935,nakaseke,16,5500000.0,0.0,0.0,0.0,200000.00000000006,0.0,0.0,0.0,5700000.0
558377096,nakaseke,16,2500000.0,500000.0,0.0,0.0,0.0,1000000.0,0.0,0.0,4000000.0
559607458,nakaseke,16,4000000.0,500000.0,0.0,0.0,200000.0,0.0,0.0,0.0,4700000.0
567493335,nakaseke,16,2000000.0,0.0,0.0,400000.0,800000.0,0.0,0.0,0.0,3200000.0
581802079,nakaseke,16,7000000.0,0.0,150000.0,0.0,300000.0,0.0,0.0,0.0,7450000.0
582619340,nakaseke,16,2000000.0,0.0,0.0,0.0,0.0,0.0,0.0,0.0,2000000.0
583580839,nakaseke,16,25000000.0,0.0,0.0,0.0,0.0,10000000.0,0.0,0.0,35000000.0
584444811,nakaseke,16,4000000.0,0.0,0.0,300000.0,0.0,0.0,0.0,0.0,4300000.0
585215286,nakaseke,16,6500000.0,500000.0,0.0,500000.0,0.0,0.0,0.0,0.0,7500000.0
587013182,nakaseke,16,6000000.0,0.0,150000.0,0.0,450000.0,0.0,0.0,0.0,6600000.0
588782700,nakaseke,16,12000000.0,0.0,0.0,500000.0,0.0,0.0,0.0,0.0,12500000.0
589705993,nakaseke,16,10000000.0,0.0,0.0,0.0,0.0,0.0,0.0,0.0,10000000.0
613178458,nakaseke,16,30000000.0,500000.0,0.0,0.0,0.0,0.0,0.0,0.0,30500000.0
613178880,nakaseke,16,3000000.0,800000.0,300000.0,0.0,0.0,0.0,0.0,0.0,4100000.0
613179574,nakaseke,16,4000000.0,0.0,0.0,0.0,400000.0,0.0,0.0,0.0,4400000.0
615825416,mukono,16,50000.0,0.0,0.0,0.0,0.0,0.0,0.0,0.0,50000.0
619544793,mukono,16,1000000.0,0.0,0.0,0.0,0.0,1000000.0,0.0,0.0,2000000.0
623479229,mukono,16,120000.0,0.0,0.0,0.0,0.0,0.0,0.0,0.0,120000.0
633706398,mukono,16,600000.0,0.0,0.0,0.0,0.0,0.0,0.0,0.0,600000.0
633706854,mukono,16,150000.0,0.0,0.0,0.0,80000.0,0.0,0.0,0.0,230000.0
553314312,nakaseke,16,11000000.0,0.0,0.0,0.0,3000000.0000000023,0.0,0.0,0.0,14000000.000000002
555219512,nakaseke,16,1200000.0,2000000.0,0.0,0.0,0.0,0.0,0.0,0.0,3200000.0
561200684,nakaseke,16,4000000.0,0.0,0.0,200000.0,0.0,0.0,0.0,0.0,4200000.0
583583184,nakaseke,16,20000000.0,0.0,0.0,0.0,500000.0,0.0,0.0,0.0,20500000.0
584444125,nakaseke,16,8000000.0,0.0,0.0,0.0,0.0,1000000.0,0.0,0.0,9000000.0
584446459,nakaseke,16,4000000.0,0.0,200000.0,0.0,0.0,0.0,0.0,0.0,4200000.0
586786507,nakaseke,16,551800.0,160000.0,0.0,0.0,0.0,0.0,0.0,0.0,711800.0
586805028,nakaseke,16,384400.0,180000.0,0.0,0.0,100800.0,0.0,0.0,0.0,665200.0
588783732,nakaseke,16,8000000.0,0.0,0.0,300000.0,0.0,0.0,0.0,0.0,8300000.0
589705256,nakaseke,16,10000000.0,0.0,0.0,0.0,0.0,8000000.0,0.0,0.0,18000000.0
592362627,nakaseke,16,4000000.0,500000.0,0.0,0.0,0.0,0.0,0.0,0.0,4500000.0
592363516,nakaseke,16,9900000.0,0.0,0.0,0.0,0.0,0.0,0.0,0.0,9900000.0
615755561,mukono,16,24000000.0,2000000.0,0.0,0.0,1000000.0,5000000.0,0.0,0.0,32000000.0
616699698,mukono,16,600000.0,0.0,0.0,0.0,0.0,0.0,0.0,0.0,600000.0
618056804,mukono,16,1400000.0,0.0,0.0,200000.0,50000.0,0.0,0.0,0.0,1650000.0
623479343,mukono,16,150000.0,0.0,0.0,0.0,70000.0,0.0,0.0,0.0,220000.0
631647706,mukono,16,230000.0,0.0,0.0,0.0,0.0,0.0,0.0,0.0,230000.0
632871446,mukono,16,800000.0,0.0,0.0,0.0,0.0,0.0,0.0,0.0,800000.0
644420087,mukono,16,600000.0,0.0,0.0,1500000.0,0.0,0.0,0.0,0.0,2100000.0
583581711,nakaseke,16,8000000.0,0.0,200000.0,0.0,0.0,0.0,0.0,0.0,8200000.0
592192218,nakaseke,16,2400000.0,0.0,0.0,0.0,250000.0,0.0,0.0,0.0,2650000.0
614880682,mukono,16,1400000.0,0.0,0.0,0.0,0.0,0.0,0.0,0.0,1400000.0
618739011,mukono,16,6400000.0,0.0,0.0,0.0,0.0,0.0,0.0,0.0,6400000.0
618739107,mukono,16,1800000.0,0.0,0.0,0.0,0.0,0.0,0.0,0.0,1800000.0
622484850,mukono,16,600000.0,0.0,0.0,0.0,0.0,0.0,0.0,0.0,600000.0
623479274,mukono,16,150000.0,0.0,0.0,0.0,0.0,0.0,0.0,0.0,150000.0
623981062,mukono,16,400000.0,0.0,0.0,0.0,180000.0,0.0,0.0,0.0,580000.0
634929144,mukono,16,40000.0,0.0,0.0,0.0,75000.0,0.0,0.0,0.0,115000.0
635625391,mukono,16,120000.0,0.0,0.0,0.0,0.0,0.0,0.0,0.0,120000.0
635625490,mukono,16,80000.0,0.0,0.0,0.0,0.0,0.0,0.0,0.0,80000.0
556031317,nakaseke,16,450000.0,0.0,0.0,0.0,0.0,0.0,0.0,0.0,450000.0
556037719,nakaseke,16,400000.0,0.0,0.0,0.0,0.0,0.0,0.0,0.0,400000.0
560449324,nakaseke,16,2666000.0,0.0,0.0,0.0,1425600.0,0.0,0.0,0.0,4091600.0
586026956,nakaseke,16,354000.0,0.0,300000.0,0.0,0.0,0.0,0.0,0.0,654000.0
616680304,mukono,16,400000.0,0.0,800000.0,0.0,0.0,3600000.0,0.0,0.0,4800000.0
616700114,mukono,16,360000.0,0.0,0.0,0.0,0.0,0.0,0.0,0.0,360000.0
623980936,mukono,16,180000.0,0.0,0.0,0.0,0.0,0.0,0.0,0.0,180000.0
632872132,mukono,16,590000.0,0.0,0.0,0.0,0.0,0.0,0.0,0.0,590000.0
550732883,nakaseke,16,2800000.0,0.0,0.0,0.0,0.0,0.0,0.0,0.0,2800000.0
582502735,nakaseke,16,450000.0,0.0,0.0,0.0,0.0,0.0,0.0,0.0,450000.0
586030936,nakaseke,16,195000.0,0.0,150000.0,0.0,0.0,0.0,0.0,0.0,345000.0
614807290,mukono,16,900000.0,0.0,0.0,0.0,0.0,0.0,0.0,600000.0,1500000.0
614850521,mukono,16,200000.0,0.0,150000.0,0.0,300000.0,0.0,0.0,0.0,650000.0
614880379,mukono,16,2600000.0,0.0,0.0,20000.0,999999.9999999995,0.0,0.0,0.0,3619999.9999999995
615759274,mukono,16,1000000.0,0.0,0.0,0.0,0.0,0.0,500000.0,0.0,1500000.0
615825361,mukono,16,2600000.0,0.0,0.0,0.0,0.0,0.0,0.0,0.0,2600000.0
616578776,mukono,16,1200000.0,300000.0,200000.0,0.0,0.0,1500000.0,0.0,0.0,3200000.0
616579437,mukono,16,1500000.0,0.0,0.0,500000.0,0.0,0.0,0.0,0.0,2000000.0
616580090,mukono,16,300000.0,100000.0,100000.0,100000.0,300000.0,0.0,0.0,0.0,900000.0
616699119,mukono,16,90000.0,0.0,0.0,0.0,0.0,0.0,0.0,0.0,90000.0
617648886,mukono,16,320000.0,0.0,0.0,0.0,0.0,0.0,0.0,0.0,320000.0
618056277,mukono,16,900000.0,0.0,0.0,100000.0,0.0,0.0,0.0,0.0,1000000.0
618502771,mukono,16,500000.0,0.0,200000.0,0.0,0.0,0.0,0.0,0.0,700000.0
618503624,mukono,16,1100000.0,0.0,0.0,1000000.0,0.0,0.0,0.0,0.0,2100000.0
619549456,mukono,16,1600000.0,0.0,0.0,0.0,0.0,1200000.0,0.0,1400000.0,4200000.0
619551006,mukono,16,480000.0,0.0,0.0,500000.0,0.0,0.0,0.0,0.0,980000.0
619552154,mukono,16,1200000.0,0.0,0.0,0.0,1000000.0,0.0,0.0,0.0,2200000.0
619559855,mukono,16,1800000.0,0.0,0.0,0.0,2000000.0,1350000.0,0.0,0.0,5150000.0
622292961,mukono,16,500000.0,0.0,0.0,400000.0,0.0,0.0,0.0,0.0,900000.0
623188000,mukono,16,600000.0,0.0,0.0,0.0,15000000.0,6000000.0,0.0,0.0,21600000.0
623704256,mukono,16,3500000.0,0.0,0.0,600000.0,500000.0,0.0,0.0,0.0,4600000.0
624717557,mukono,16,400000.0,0.0,2000000.0,0.0,0.0,0.0,0.0,0.0,2400000.0
628775538,mukono,16,1000000.0,0.0,0.0,1000000.0,0.0,0.0,0.0,0.0,2000000.0
632457381,mukono,16,1200000.0,0.0,0.0,600000.0,300000.0,0.0,0.0,0.0,2100000.0
632479613,mukono,16,800000.0,100000.0,0.0,200000.0,100000.0,0.0,0.0,0.0,1200000.0
632526756,mukono,16,17500000.0,0.0,0.0,2000000.0,0.0,0.0,0.0,0.0,19500000.0
632870245,mukono,16,120000.0,0.0,0.0,0.0,15000.0,0.0,0.0,0.0,135000.0
633860192,mukono,16,15000000.0,0.0,0.0,1000000.0,600000.0,0.0,0.0,0.0,16600000.0
633861646,mukono,16,3000000.0,0.0,0.0,0.0,2800000.0,0.0,0.0,0.0,5800000.0
634322667,mukono,16,160000.0,0.0,0.0,0.0,0.0,0.0,0.0,0.0,160000.0
634322758,mukono,16,800000.0,0.0,0.0,0.0,0.0,0.0,0.0,0.0,800000.0
635625535,mukono,16,900000.0,0.0,0.0,0.0,40000.0,0.0,0.0,0.0,940000.0
635860119,mukono,16,1200000.0,200000.0,0.0,300000.0,300000.0,0.0,0.0,0.0,2000000.0
636602799,mukono,16,1500000.0,200000.0,0.0,0.0,200000.0,0.0,0.0,0.0,1900000.0
558422222,nakaseke,16,1180000.0,240000.0,0.0,0.0,0.0,0.0,0.0,0.0,1420000.0
559666954,nakaseke,16,494000.0,0.0,0.0,0.0,0.0,0.0,0.0,0.0,494000.0
560448617,nakaseke,16,560000.0,0.0,0.0,0.0,0.0,0.0,0.0,0.0,560000.0
583505993,nakaseke,16,450000.0,0.0,180000.0,0.0,0.0,0.0,0.0,0.0,630000.0
584452976,nakaseke,16,286000.0,1500000.0,250000.0,0.0,0.0,0.0,0.0,0.0,2036000.0
586809899,nakaseke,16,298900.0,250000.0,150000.0,0.0,0.0,0.0,0.0,0.0,698900.0
618738329,mukono,16,1200000.0,0.0,0.0,0.0,0.0,0.0,0.0,0.0,1200000.0
623981362,mukono,16,800000.0,0.0,0.0,0.0,0.0,0.0,0.0,0.0,800000.0
633706233,mukono,16,180000.0,0.0,0.0,0.0,0.0,0.0,0.0,0.0,180000.0
555219650,nakaseke,16,700000.0,0.0,0.0,0.0,0.0,0.0,0.0,0.0,700000.0
581666974,nakaseke,16,663600.0,0.0,0.0,250000.0,162000.0,0.0,0.0,0.0,1075600.0
589566940,nakaseke,16,420000.0,0.0,0.0,0.0,0.0,0.0,0.0,0.0,420000.0
615760019,mukono,16,600000.0,300000.0,0.0,0.0,0.0,0.0,0.0,0.0,900000.0
615825276,mukono,16,1200000.0,0.0,0.0,0.0,0.0,0.0,0.0,0.0,1200000.0
616698945,mukono,16,6000000.0,0.0,0.0,0.0,1500000.0,0.0,0.0,0.0,7500000.0
616699320,mukono,16,1800000.0,0.0,0.0,0.0,0.0,0.0,0.0,0.0,1800000.0
619769782,mukono,16,1800000.0,0.0,0.0,0.0,0.0,0.0,0.0,0.0,1800000.0
621639263,mukono,16,100000.0,0.0,0.0,0.0,0.0,0.0,0.0,0.0,100000.0
622484708,mukono,16,1600000.0,0.0,0.0,0.0,0.0,0.0,0.0,0.0,1600000.0
623981163,mukono,16,1800000.0,0.0,0.0,0.0,2200000.0,0.0,0.0,0.0,4000000.0
550732746,nakaseke,16,1200000.0,0.0,0.0,0.0,0.0,0.0,0.0,0.0,1200000.0
615825485,mukono,16,2400000.0,0.0,0.0,0.0,0.0,0.0,0.0,0.0,2400000.0
551438282,nakaseke,16,1250000.0,0.0,0.0,0.0,0.0,0.0,0.0,0.0,1250000.0
585181910,nakaseke,16,468000.0,230000.0,0.0,250000.0,0.0,0.0,0.0,0.0,948000.0
553313598,nakaseke,16,14010000.0,0.0,0.0,0.0,6000000.000000005,0.0,0.0,0.0,20010000.000000004
555219886,nakaseke,16,1900000.0,420000.0,0.0,0.0,0.0,0.0,0.0,0.0,2320000.0
561236657,nakaseke,16,1296000.0,0.0,0.0,500000.0,221000.0,0.0,0.0,0.0,2017000.0
583502844,nakaseke,16,510000.0,0.0,0.0,0.0,0.0,0.0,0.0,0.0,510000.0
584472197,nakaseke,16,702000.0,0.0,300000.0,0.0,466200.0,0.0,0.0,0.0,1468200.0
588619360,nakaseke,16,492000.0,0.0,0.0,0.0,0.0,0.0,0.0,0.0,492000.0
613814407,nakaseke,16,2560000.0,0.0,0.0,0.0,0.0,0.0,0.0,0.0,2560000.0
614850687,mukono,16,200000.0,0.0,0.0,200000.0,0.0,0.0,0.0,0.0,400000.0
615773237,mukono,16,700000.0,0.0,300000.0,200000.0,120000.0,200000.0,0.0,0.0,1520000.0
616679140,mukono,16,3000000.0,1000000.0,0.0,0.0,6000000.0,10000000.0,0.0,0.0,20000000.0
618056509,mukono,16,3000000.0,0.0,0.0,100000.0,0.0,0.0,0.0,0.0,3100000.0
618502947,mukono,16,1000000.0,0.0,0.0,300000.0,200000.0,0.0,0.0,0.0,1500000.0
618503261,mukono,16,900000.0,0.0,0.0,0.0,0.0,0.0,0.0,1000000.0,1900000.0
618738549,mukono,16,900000.0,0.0,0.0,0.0,0.0,0.0,0.0,0.0,900000.0
619307564,mukono,16,1300000.0,0.0,0.0,200000.0,500000.0,0.0,0.0,0.0,2000000.0
619543012,mukono,16,400000.0,360000.0,0.0,0.0,0.0,5100000.0,0.0,0.0,5860000.0
620136574,mukono,16,900000.0,300000.0,200000.0,0.0,300000.0,0.0,0.0,0.0,1700000.0
620155076,mukono,16,500000.0,500000.0,0.0,0.0,300000.0,0.0,0.0,0.0,1300000.0
621076849,mukono,16,1500000.0,0.0,0.0,0.0,2000000.0,0.0,0.0,2000000.0,5500000.0
622287746,mukono,16,700000.0,0.0,0.0,100000.0,70000.0,0.0,0.0,0.0,870000.0
622484987,mukono,16,2400000.0,0.0,0.0,0.0,0.0,0.0,0.0,0.0,2400000.0
631647870,mukono,16,1800000.0,0.0,0.0,0.0,0.0,0.0,0.0,0.0,1800000.0
632483673,mukono,16,2000000.0,200000.0,0.0,300000.0,300000.0,0.0,0.0,0.0,2800000.0
632532023,mukono,16,4800000.0,0.0,0.0,0.0,1000000.0,0.0,0.0,0.0,5800000.0
633706958,mukono,16,320000.0,0.0,0.0,0.0,150000.0,0.0,0.0,0.0,470000.0
634023370,mukono,16,2000000.0,0.0,0.0,200000.0,0.0,0.0,0.0,100000.0,2300000.0
634718078,mukono,16,3000000.0,300000.0,0.0,0.0,300000.0,0.0,0.0,100000.0,3700000.0
634718387,mukono,16,1000000.0,100000.0,100000.0,100000.0,200000.0,0.0,0.0,0.0,1500000.0
635238203,mukono,16,700000.0,100000.0,300000.0,0.0,100000.0,0.0,0.0,0.0,1200000.0
635859907,mukono,16,1800000.0,200000.0,0.0,300000.0,30000.0,0.0,0.0,0.0,2330000.0
636603192,mukono,16,7000000.0,0.0,0.0,0.0,500000.0,2000000.0,0.0,0.0,9500000.0
551433371,nakaseke,16,930000.0,100000.00000000001,0.0,0.0,0.0,0.0,0.0,0.0,1030000.0
581719428,nakaseke,16,554400.0,0.0,0.0,0.0,0.0,0.0,0.0,0.0,554400.0
584453809,nakaseke,16,1008000.0,0.0,0.0,300000.0,0.0,0.0,0.0,0.0,1308000.0
588629366,nakaseke,16,552000.0,350000.0,0.0,0.0,0.0,0.0,0.0,0.0,902000.0
593198085,nakaseke,16,456000.0,0.0,0.0,0.0,0.0,0.0,0.0,0.0,456000.0
614850630,mukono,16,500000.0,0.0,100000.0,0.0,100000.0,0.0,0.0,0.0,700000.0
558415060,nakaseke,16,694400.0,0.0,0.0,250000.0,0.0,0.0,0.0,0.0,944400.0
561237697,nakaseke,16,499200.0,450000.0,0.0,0.0,500000.0,0.0,0.0,0.0,1449200.0
582502398,nakaseke,16,480000.0,0.0,0.0,0.0,225000.0,0.0,0.0,0.0,705000.0
586028388,nakaseke,16,617400.0,0.0,300000.0,0.0,200000.0,0.0,0.0,0.0,1117400.0
613819661,nakaseke,16,336000.0,0.0,0.0,0.0,0.0,0.0,0.0,0.0,336000.0
619770045,mukono,16,900000.0,0.0,0.0,0.0,0.0,0.0,0.0,0.0,900000.0
553313800,nakaseke,16,14000000.0,0.0,0.0,0.0,10000000.000000006,0.0,0.0,0.0,24000000.000000007
560449000,nakaseke,16,680400.0,0.0,0.0,0.0,150000.0,0.0,0.0,0.0,830400.0
560449862,nakaseke,16,610000.0,0.0,0.0,300000.0,0.0,0.0,0.0,0.0,910000.0
583505325,nakaseke,16,1500000.0,0.0,0.0,0.0,0.0,0.0,0.0,0.0,1500000.0
613821415,nakaseke,16,2232000.0,0.0,0.0,0.0,0.0,0.0,0.0,0.0,2232000.0
561257600,nakaseke,16,325000.0,0.0,0.0,0.0,0.0,0.0,0.0,0.0,325000.0
585193571,nakaseke,16,545200.0,0.0,200000.0,0.0,640800.0,0.0,0.0,0.0,1386000.0
621639988,mukono,16,600000.0,0.0,0.0,0.0,1200000.0,0.0,0.0,0.0,1800000.0
550731204,nakaseke,16,600000.0,0.0,0.0,0.0,0.0,0.0,0.0,0.0,600000.0
550739292,nakaseke,16,500000.0,0.0,0.0,0.0,0.0,0.0,0.0,0.0,500000.0
550740686,nakaseke,16,1000000.0,0.0,0.0,0.0,0.0,0.0,0.0,0.0,1000000.0
551433006,nakaseke,16,1210000.0,999999.9999999995,0.0,0.0,0.0,0.0,0.0,0.0,2209999.9999999995
552803009,nakaseke,16,7950000.0,0.0,0.0,0.0,0.0,0.0,0.0,0.0,7950000.0
554395712,nakaseke,16,2360000.0,0.0,0.0,0.0,249999.99999999983,0.0,0.0,0.0,2610000.0
554399870,,16,8800000.0,0.0,0.0,0.0,999999.9999999995,0.0,0.0,0.0,9800000.0
555219447,nakaseke,16,1050000.0,0.0,0.0,0.0,0.0,0.0,0.0,0.0,1050000.0
559669939,nakaseke,16,2697500.0,0.0,0.0,0.0,520000.0,0.0,0.0,0.0,3217500.0
581666409,nakaseke,16,680400.0,0.0,100000.0,0.0,180000.0,0.0,0.0,0.0,960400.0
585208171,nakaseke,16,975000.0,0.0,300000.0,0.0,0.0,0.0,0.0,0.0,1275000.0
613829595,nakaseke,16,1003400.0,0.0,0.0,0.0,0.0,0.0,0.0,0.0,1003400.0
614807717,mukono,16,800000.0,0.0,0.0,500000.0,0.0,0.0,0.0,0.0,1300000.0
615773415,mukono,16,900000.0,200000.0,0.0,300000.0,300000.0,500000.0,0.0,0.0,2200000.0
616587562,mukono,16,1500000.0,20000.0,0.0,0.0,200000.0,0.0,0.0,0.0,1720000.0
617648818,mukono,16,1200000.0,0.0,0.0,0.0,0.0,0.0,0.0,0.0,1200000.0
617656724,mukono,16,3200000.0,0.0,0.0,0.0,0.0,0.0,0.0,0.0,3200000.0
618738718,mukono,16,2400000.0,0.0,0.0,0.0,0.0,0.0,0.0,0.0,2400000.0
618740822,mukono,16,2400000.0,0.0,0.0,0.0,0.0,0.0,0.0,0.0,2400000.0
619306835,mukono,16,1200000.0,300000.0,0.0,200000.0,0.0,300000.0,0.0,0.0,2000000.0
619559199,mukono,16,6000000.0,0.0,0.0,0.0,12000000.0,0.0,0.0,0.0,18000000.0
619769613,mukono,16,4500000.0,0.0,0.0,0.0,0.0,0.0,0.0,0.0,4500000.0
620129760,mukono,16,3500000.0,500000.0,0.0,0.0,500000.0,0.0,0.0,0.0,4500000.0
620157158,mukono,16,2500000.0,0.0,0.0,2000000.0,1000000.0,300000.0,0.0,0.0,5800000.0
620418682,mukono,16,12000000.0,1800000.0,0.0,0.0,1000000.0,0.0,0.0,0.0,14800000.0
620699865,mukono,16,2400000.0,0.0,0.0,0.0,0.0,0.0,0.0,0.0,2400000.0
620699988,mukono,16,36000000.0,0.0,0.0,0.0,0.0,0.0,0.0,0.0,36000000.0
621075678,mukono,16,1200000.0,0.0,0.0,0.0,0.0,0.0,0.0,100000.0,1300000.0
621078199,mukono,16,1200000.0,0.0,0.0,0.0,500000.0,0.0,0.0,1000000.0,2700000.0
621497521,mukono,16,750000.0,0.0,0.0,500000.0,200000.0,0.0,0.0,0.0,1450000.0
622288485,mukono,16,2000000.0,2500000.0,0.0,0.0,1000000.0,500000.0,0.0,0.0,6000000.0
622289226,mukono,16,900000.0,200000.0,100000.0,0.0,500000.0,0.0,0.0,300000.0,2000000.0
622950844,mukono,16,2600000.0,400000.0,0.0,0.0,1500000.0,0.0,0.0,0.0,4500000.0
622950959,mukono,16,700000.0,100000.0,0.0,200000.0,0.0,0.0,0.0,0.0,1000000.0
622951178,mukono,16,2100000.0,0.0,0.0,0.0,2000000.0,0.0,0.0,0.0,4100000.0
623479319,mukono,16,400000.0,0.0,0.0,0.0,2800000.0,0.0,0.0,0.0,3200000.0
623704150,mukono,16,1000000.0,500000.0,0.0,500000.0,300000.0,0.0,0.0,0.0,2300000.0
623704380,mukono,16,300000.0,0.0,200000.0,0.0,200000.0,0.0,0.0,0.0,700000.0
624715344,mukono,16,200000.0,0.0,0.0,0.0,200000.0,0.0,0.0,1000000.0,1400000.0
631647480,mukono,16,3200000.0,0.0,0.0,0.0,700000.0,0.0,0.0,0.0,3900000.0
632449589,mukono,16,3000000.0,0.0,0.0,500000.0,0.0,0.0,0.0,0.0,3500000.0
632465838,mukono,16,2500000.0,200000.0,0.0,300000.0,300000.0,0.0,0.0,0.0,3300000.0
633165465,mukono,16,2000000.0,400000.0,0.0,500000.0,500000.0,0.0,0.0,0.0,3400000.0
633165662,mukono,16,2000000.0,300000.0,0.0,0.0,300000.0,200000.0,0.0,0.0,2800000.0
634022615,mukono,16,4000000.0,1000000.0,0.0,1000000.0,300000.0,0.0,0.0,0.0,6300000.0
634718321,mukono,16,1000000.0,0.0,0.0,0.0,300000.0,500000.0,0.0,0.0,1800000.0
634929270,mukono,16,80000.0,0.0,0.0,0.0,0.0,0.0,0.0,0.0,80000.0
635102819,mukono,16,1000000.0,0.0,500000.0,0.0,500000.0,0.0,0.0,0.0,2000000.0
635238371,mukono,16,2000000.0,1000000.0,0.0,500000.0,500000.0,0.0,0.0,0.0,4000000.0
635238449,mukono,16,2500000.0,100000.0,0.0,300000.0,300000.0,0.0,0.0,0.0,3200000.0
635238630,mukono,16,1500000.0,500000.0,0.0,300000.0,300000.0,0.0,0.0,0.0,2600000.0
635625333,mukono,16,400000.0,0.0,0.0,0.0,0.0,0.0,0.0,0.0,400000.0
635859825,mukono,16,1500000.0,0.0,0.0,500000.0,0.0,0.0,0.0,0.0,2000000.0
635860002,mukono,16,3000000.0,200000.0,0.0,0.0,0.0,0.0,0.0,0.0,3200000.0
635860179,mukono,16,3000000.0,1000000.0,0.0,500000.0,500000.0,0.0,0.0,0.0,5000000.0
636134719,mukono,16,24000000.0,0.0,0.0,1000000.0,1950000.0,0.0,0.0,0.0,26950000.0
636135880,mukono,16,1400000.0,0.0,1500000.0,0.0,500000.0,0.0,0.0,0.0,3400000.0
636603058,mukono,16,900000.0,0.0,0.0,0.0,200000.0,0.0,0.0,0.0,1100000.0
636603136,mukono,16,700000.0,0.0,0.0,300000.0,500000.0,0.0,0.0,0.0,1500000.0
644152753,mukono,16,2000000.0,200000.0,0.0,300000.0,300000.0,0.0,0.0,300000.0,3100000.0
644152847,mukono,16,700000.0,100000.0,0.0,200000.0,200000.0,0.0,0.0,0.0,1200000.0
644159669,mukono,16,3200000.0,0.0,0.0,0.0,420000.0,0.0,0.0,0.0,3620000.0
554400498,nakaseke,16,7000000.0,0.0,0.0,0.0,299999.9999999999,0.0,0.0,0.0,7300000.0
559666632,nakaseke,16,990000.0,0.0,0.0,150000.0,0.0,0.0,0.0,0.0,1140000.0
619306547,mukono,16,2000000.0,500000.0,0.0,0.0,0.0,0.0,0.0,320000.0,2820000.0
622485261,mukono,16,800000.0,0.0,0.0,0.0,0.0,0.0,0.0,0.0,800000.0
631647195,mukono,16,600000.0,0.0,0.0,0.0,150000.0,0.0,0.0,0.0,750000.0
565368592,nakaseke,16,571200.0,0.0,0.0,0.0,127000.0,0.0,0.0,0.0,698200.0
584454693,nakaseke,16,250000.0,0.0,250000.0,0.0,0.0,0.0,0.0,0.0,500000.0
618738814,mukono,16,2600000.0,0.0,0.0,0.0,0.0,0.0,0.0,0.0,2600000.0
582503421,nakaseke,16,690000.0,0.0,0.0,0.0,0.0,0.0,0.0,0.0,690000.0
589565846,nakaseke,16,720000.0,0.0,0.0,0.0,850000.0,0.0,0.0,0.0,1570000.0
614850459,mukono,16,1100000.0,0.0,0.0,0.0,550000.0,0.0,0.0,0.0,1650000.0
556032422,nakaseke,16,2500000.0,1800000.0,0.0,300000.0,0.0,0.0,0.0,0.0,4600000.0
558422563,nakaseke,16,1750000.0,0.0,0.0,0.0,950000.0,0.0,0.0,0.0,2700000.0
585223034,nakaseke,16,342000.0,0.0,0.0,0.0,0.0,0.0,0.0,0.0,342000.0
623704362,mukono,16,700000.0,500000.0,0.0,0.0,500000.0,0.0,0.0,0.0,1700000.0
633165535,mukono,16,1800000.0,0.0,0.0,500000.0,500000.0,0.0,0.0,0.0,2800000.0
634929225,mukono,16,4000000.0,0.0,0.0,0.0,100000.0,0.0,0.0,0.0,4100000.0
636602878,mukono,16,3500000.0,200000.0,0.0,200000.0,300000.0,0.0,0.0,0.0,4200000.0
558418973,nakaseke,16,1664000.0,0.0,0.0,0.0,1800000.0,2500000.0,0.0,0.0,5964000.0
613827164,nakaseke,16,1560200.0,0.0,450000.0,0.0,950000.0,0.0,0.0,0.0,2960200.0
632876809,mukono,16,320000.0,0.0,0.0,0.0,0.0,0.0,0.0,0.0,320000.0
559670838,nakaseke,16,2073500.0,0.0,0.0,200000.0,0.0,0.0,0.0,0.0,2273500.0
588625655,nakaseke,16,2496000.0,0.0,300000.0,0.0,1050000.0,0.0,0.0,0.0,3846000.0
550732633,nakaseke,16,1050000.0,0.0,12000000.000000007,299999.99999999977,0.0,0.0,0.0,0.0,13350000.000000007
550740078,nakaseke,16,1100000.0,599999.9999999998,0.0,0.0,0.0,0.0,0.0,0.0,1699999.9999999998
552802393,nakaseke,16,8800000.0,10000000.000000006,0.0,0.0,179999.99999999997,0.0,0.0,0.0,18980000.000000007
553314788,nakaseke,16,7500000.0,0.0,0.0,0.0,299999.9999999999,0.0,0.0,0.0,7800000.0
556033462,nakaseke,16,4032000.0,0.0,0.0,0.0,1755000.0,0.0,0.0,0.0,5787000.0
557694485,nakaseke,16,90000.0,0.0,0.0,50000.0,0.0,0.0,0.0,0.0,140000.0
557694682,nakaseke,16,90000.0,0.0,0.0,25000.0,0.0,0.0,0.0,0.0,115000.0
557711753,nakaseke,16,1750000.0,0.0,0.0,0.0,0.0,0.0,0.0,0.0,1750000.0
557713215,nakaseke,16,1150000.0,0.0,0.0,0.0,0.0,0.0,0.0,0.0,1150000.0
558375556,nakaseke,16,300000.0,0.0,0.0,50000.0,60000.0,0.0,0.0,0.0,410000.0
565368815,nakaseke,16,1150000.0,0.0,0.0,300000.0,0.0,0.0,0.0,0.0,1450000.0
583503314,nakaseke,16,3060000.0,0.0,0.0,0.0,639000.0,0.0,0.0,0.0,3699000.0
592192864,nakaseke,16,2400000.0,0.0,0.0,0.0,0.0,0.0,0.0,0.0,2400000.0
614807974,mukono,16,700000.0,0.0,0.0,400000.0,0.0,0.0,0.0,0.0,1100000.0
614850566,mukono,16,3200000.0,0.0,0.0,0.0,3000000.0,0.0,0.0,0.0,6200000.0
615761193,mukono,16,7000000.0,1000000.0,0.0,0.0,1000000.0,0.0,500000.0,0.0,9500000.0
615773611,mukono,16,1000000.0,200000.0,100000.0,0.0,100000.0,0.0,0.0,0.0,1400000.0
616675567,mukono,16,300000.0,0.0,0.0,0.0,0.0,1000000.0,600000.0,0.0,1900000.0
617462488,mukono,16,650000.0,0.0,0.0,0.0,0.0,4000000.0,0.0,0.0,4650000.0
617463415,mukono,16,300000.0,0.0,0.0,0.0,300000.0,2400000.0,0.0,0.0,3000000.0
617648934,mukono,16,2400000.0,0.0,0.0,0.0,0.0,0.0,0.0,0.0,2400000.0
619547863,mukono,16,1000000.0,0.0,0.0,0.0,250000.0,1000000.0,0.0,0.0,2250000.0
619769827,mukono,16,560000.0,0.0,0.0,0.0,0.0,0.0,0.0,250000.0,810000.0
619769984,mukono,16,1800000.0,0.0,0.0,0.0,0.0,0.0,0.0,0.0,1800000.0
620417365,mukono,16,600000.0,0.0,0.0,0.0,0.0,5000000.0,1000000.0,0.0,6600000.0
620699936,mukono,16,3200000.0,0.0,0.0,0.0,0.0,0.0,0.0,0.0,3200000.0
620700057,mukono,16,1200000.0,0.0,0.0,0.0,1600000.0,0.0,0.0,0.0,2800000.0
621078668,mukono,16,1100000.0,200000.0,0.0,0.0,800000.0,0.0,4800000.0,500000.0,7400000.0
621640204,mukono,16,130000.0,0.0,0.0,0.0,0.0,0.0,0.0,0.0,130000.0
621642449,mukono,16,200000.0,0.0,0.0,0.0,0.0,0.0,0.0,0.0,200000.0
622289483,mukono,16,400000.0,200000.0,100000.0,0.0,200000.0,0.0,0.0,0.0,900000.0
622485078,mukono,16,8000000.0,0.0,0.0,0.0,4500000.0,0.0,0.0,0.0,12500000.0
623981243,mukono,16,100000.0,0.0,0.0,0.0,250000.0,0.0,0.0,0.0,350000.0
624290457,mukono,16,1800000.0,500000.0,0.0,1000000.0,500000.0,600000.0,0.0,0.0,4400000.0
624291333,mukono,16,700000.0,600000.0,0.0,600000.0,500000.0,0.0,0.0,0.0,2400000.0
624292438,mukono,16,700000.0,700000.0,200000.0,200000.0,200000.0,0.0,0.0,0.0,2000000.0
631647010,mukono,16,1200000.0,0.0,0.0,0.0,75000.0,0.0,0.0,0.0,1275000.0
633165312,mukono,16,1200000.0,0.0,0.0,200000.0,0.0,0.0,0.0,0.0,1400000.0
633706793,mukono,16,300000.0,0.0,0.0,0.0,500000.0,0.0,0.0,0.0,800000.0
634022985,mukono,16,900000.0,0.0,0.0,300000.0,0.0,0.0,0.0,100000.0,1300000.0
634718242,mukono,16,5000000.0,1000000.0,0.0,1000000.0,1000000.0,0.0,0.0,0.0,8000000.0
635238561,mukono,16,1200000.0,0.0,0.0,500000.0,300000.0,0.0,0.0,0.0,2000000.0
636135365,mukono,16,3000000.0,0.0,500000.0,300000.0,100000.0,0.0,0.0,0.0,3900000.0
636136285,mukono,16,2400000.0,0.0,0.0,1000000.0,0.0,0.0,0.0,3000000.0,6400000.0
616674531,mukono,16,5100000.0,0.0,0.0,0.0,0.0,0.0,2000000.0,0.0,7100000.0
557715625,nakaseke,16,1650000.0,0.0,0.0,0.0,0.0,0.0,0.0,0.0,1650000.0
582503133,nakaseke,16,1260000.0,0.0,0.0,500000.0,0.0,0.0,0.0,0.0,1760000.0
586804272,nakaseke,16,3217800.0,300000.0,1000000.0,0.0,560000.0,0.0,0.0,0.0,5077800.0
620699783,mukono,16,2800000.0,0.0,0.0,0.0,0.0,0.0,0.0,0.0,2800000.0
550738751,nakaseke,16,400000.0,0.0,0.0,0.0,0.0,0.0,0.0,0.0,400000.0
589566299,nakaseke,16,540000.0,0.0,0.0,0.0,0.0,0.0,0.0,0.0,540000.0
556042851,nakaseke,16,700000.0,0.0,0.0,300000.0,250000.0,0.0,0.0,0.0,1250000.0
581667076,nakaseke,16,831600.0,0.0,300000.0,150000.0,0.0,0.0,0.0,0.0,1281600.0
561201812,nakaseke,16,600000.0,0.0,250000.0,90000.0,90000.0,0.0,0.0,0.0,1030000.0
561202655,nakaseke,16,300000.0,60000.0,55000.0,150000.0,70000.0,0.0,0.0,0.0,635000.0
622951271,mukono,16,1800000.0,1000000.0,0.0,0.0,1200000.0,0.0,0.0,0.0,4000000.0
623479194,mukono,16,2400000.0,0.0,0.0,0.0,1200000.0,0.0,0.0,0.0,3600000.0
633859954,mukono,16,1200000.0,0.0,1000000.0,0.0,500000.0,0.0,0.0,0.0,2700000.0
634322609,mukono,16,1800000.0,0.0,0.0,0.0,0.0,0.0,0.0,0.0,1800000.0
634718422,mukono,16,1000000.0,0.0,0.0,2400000.000000001,199999.99999999997,0.0,0.0,0.0,3600000.000000001
618738459,mukono,16,5400000.0,0.0,0.0,0.0,0.0,0.0,0.0,0.0,5400000.0
552806909,nakaseke,16,1120000.0,0.0,0.0,0.0,149999.99999999994,0.0,0.0,0.0,1270000.0
557694859,nakaseke,16,90000.0,0.0,0.0,0.0,0.0,0.0,0.0,0.0,90000.0
589566059,nakaseke,16,6300000.0,1000000.0,0.0,300000.0,0.0,0.0,0.0,0.0,7600000.0
593200247,nakaseke,16,31200005.0,1000000.0,0.0,0.0,1080000.0,0.0,0.0,0.0,33280005.0
613820537,nakaseke,16,5040000.0,500000.0,0.0,0.0,0.0,0.0,0.0,0.0,5540000.0
614808240,mukono,16,1000000.0,0.0,0.0,600000.0,0.0,200000.0,0.0,0.0,1800000.0
615773753,mukono,16,1500000.0,1000000.0,0.0,200000.0,0.0,0.0,0.0,0.0,2700000.0
617460629,mukono,16,800000.0,0.0,0.0,0.0,0.0,20000000.0,0.0,500000.0,21300000.0
617461111,mukono,16,400000.0,0.0,0.0,300000.0,0.0,0.0,0.0,0.0,700000.0
617461597,mukono,16,120000.0,0.0,0.0,0.0,0.0,0.0,0.0,0.0,120000.0
618056660,mukono,16,1200000.0,0.0,0.0,200000.0,0.0,500000.0,0.0,0.0,1900000.0
618502638,mukono,16,2000000.0,0.0,0.0,0.0,300000.0,0.0,0.0,319999.9999999998,2620000.0
618738618,mukono,16,3400000.0,0.0,0.0,0.0,0.0,0.0,0.0,0.0,3400000.0
619308856,mukono,16,3000000.0,500000.0,0.0,0.0,500000.0,0.0,0.0,9000000.0,13000000.0
620131758,mukono,16,700000.0,500000.0,0.0,0.0,500000.0,0.0,0.0,0.0,1700000.0
621077765,mukono,16,2500000.0,0.0,0.0,0.0,0.0,0.0,0.0,1000000.0,3500000.0
622950517,mukono,16,8000000.0,300000.0,0.0,500000.0,4000000.0,0.0,0.0,0.0,12800000.0
623178431,mukono,16,1600000.0,0.0,1000000.0,240000.0,0.0,0.0,0.0,0.0,2840000.0
623271316,mukono,16,750000.0,0.0,0.0,0.0,10000000.0,2000000.0,0.0,0.0,12750000.0
623272577,mukono,16,1000000.0,0.0,0.0,0.0,20000000.0,0.0,0.0,0.0,21000000.0
624293459,mukono,16,1100000.0,1000000.0,0.0,0.0,0.0,0.0,0.0,0.0,2100000.0
624713073,mukono,16,400000.0,0.0,0.0,5000000.0,0.0,0.0,0.0,0.0,5400000.0
624713879,mukono,16,685000.0,0.0,0.0,0.0,0.0,2000000.0,0.0,0.0,2685000.0
625320144,mukono,16,800000.0,360000.0,0.0,0.0,6000000.0,0.0,0.0,0.0,7160000.0
628089142,mukono,16,840000.0,0.0,0.0,0.0,0.0,0.0,5000000.0,0.0,5840000.0
628089849,mukono,16,1400000.0,0.0,0.0,0.0,0.0,3000000.0,0.0,0.0,4400000.0
628775275,mukono,16,45000000.0,0.0,0.0,1000000.0,0.0,10000000.0,0.0,0.0,56000000.0
630120893,mukono,16,2400000.0,0.0,0.0,500000.0,0.0,1000000.0,0.0,0.0,3900000.0
632524617,mukono,16,6500000.0,0.0,0.0,0.0,240000.0,2000000.0,0.0,0.0,8740000.0
633860632,mukono,16,2400000.0,0.0,0.0,0.0,1200000.0,0.0,4800000.0,0.0,8400000.0
633861486,mukono,16,1410000.0,0.0,0.0,0.0,0.0,0.0,6000000.0,0.0,7410000.0
634021883,mukono,16,5000000.0,1000000.0,0.0,0.0,600000.0,0.0,0.0,0.0,6600000.0
634952329,mukono,16,49000000.0,0.0,0.0,0.0,2000000.0,0.0,6000000.0,0.0,57000000.0
635102211,mukono,16,4000000.0,10000000.0,0.0,0.0,5000000.0,0.0,0.0,2000000.0,21000000.0
635102285,mukono,16,1200000.0,0.0,2000000.0,0.0,500000.0,0.0,0.0,0.0,3700000.0
623184098,mukono,16,1500000.0,0.0,0.0,0.0,500000.0,0.0,1000000.0,0.0,3000000.0
554408234,nakaseke,16,550000.0,0.0,0.0,0.0,0.0,0.0,0.0,0.0,550000.0
556042141,nakaseke,16,300000.0,0.0,0.0,0.0,120000.0,0.0,0.0,0.0,420000.0
559614978,nakaseke,16,600000.0,0.0,500000.0,0.0,400000.0,0.0,0.0,0.0,1500000.0
581570782,nakaseke,16,1000000.0,0.0,0.0,500000.0,400000.0000000001,0.0,0.0,0.0,1900000.0
552806065,,16,500000.0,0.0,0.0,0.0,0.0,0.0,0.0,0.0,500000.0
553316435,nakaseke,16,1700000.0,0.0,0.0,199999.99999999997,0.0,0.0,0.0,0.0,1900000.0
558375760,nakaseke,16,150000.0,0.0,0.0,0.0,0.0,0.0,0.0,0.0,150000.0
559615316,nakaseke,16,500000.0,0.0,400000.0,250000.0,50000.0,0.0,0.0,0.0,1200000.0
630121155,mukono,16,4200000.0,1000000.0,0.0,0.0,200000.0,0.0,0.0,0.0,5400000.0
630121646,mukono,16,2800000.0,0.0,0.0,700000.0,120000.0,0.0,0.0,0.0,3620000.0
560425493,nakaseke,16,250000.0,0.0,0.0,100000.0,50000.0,0.0,0.0,0.0,400000.0
560424556,nakaseke,16,600000.0,0.0,500000.0,90000.0,200000.0,0.0,0.0,0.0,1390000.0
561200542,nakaseke,16,600000.0,450000.0,0.0,90000.0,50000.0,0.0,0.0,0.0,1190000.0
561202398,nakaseke,16,350000.0,0.0,200000.0,100000.0,60000.0,0.0,0.0,0.0,710000.0
560425197,nakaseke,16,500000.0,0.0,350000.0,160000.0,90000.0,0.0,0.0,0.0,1100000.0
628088416,mukono,16,1300000.0,3000000.0,0.0,500000.0,0.0,2000000.0,0.0,0.0,6800000.0
628089405,mukono,16,1400000.0,0.0,0.0,0.0,0.0,6000000.0,0.0,0.0,7400000.0
628774965,mukono,16,1000000.0,0.0,2000000.0,500000.0,0.0,0.0,0.0,0.0,3500000.0
632530379,mukono,16,1000000.0,0.0,0.0,5000000.0,500000.0,0.0,0.0,0.0,6500000.0
636135085,mukono,16,20800000.0,1000000.0,0.0,0.0,500000.0,0.0,0.0,0.0,22300000.0
556039009,nakaseke,16,20000.0,0.0,0.0,50000.0,120000.0,0.0,0.0,0.0,190000.0
553316712,nakaseke,16,370000.0,0.0,0.0,0.0,126999.99999999996,0.0,0.0,0.0,496999.99999999994
621496649,mukono,16,2400000.0,0.0,0.0,2400000.0,100000.0,0.0,0.0,0.0,4900000.0
629845932,mukono,16,2000000.0,0.0,0.0,3000000.0,360000.0,0.0,0.0,0.0,5360000.0
632528316,mukono,16,5000000.0,0.0,0.0,1500000.0,0.0,0.0,0.0,0.0,6500000.0
633861263,mukono,16,8400000.0,10000000.0,0.0,0.0,6000000.0,0.0,0.0,0.0,24400000.0
635102642,mukono,16,7000000.0,0.0,0.0,0.0,10000000.0,0.0,0.0,0.0,17000000.0
560423470,nakaseke,16,450000.0,0.0,240000.0,0.0,300000.0,0.0,0.0,0.0,990000.0
551439101,nakaseke,16,1100000.0,0.0,0.0,0.0,0.0,0.0,0.0,0.0,1100000.0
553316111,nakaseke,16,380000.0,0.0,0.0,0.0,499999.9999999997,0.0,0.0,0.0,879999.9999999998
554407800,nakaseke,16,900000.0,499999.99999999977,0.0,0.0,60000.000000000015,0.0,0.0,0.0,1459999.9999999998
558374654,nakaseke,16,450000.0,230000.0000000002,250000.0,100000.0,0.0,0.0,0.0,0.0,1030000.0000000002
558375246,nakaseke,16,220000.0,0.0,50000.0,150000.0,0.0,0.0,0.0,0.0,420000.0
581569323,nakaseke,16,1350000.0,0.0,0.0,100000.00000000004,90000.00000000001,0.0,0.0,0.0,1540000.0
581571879,nakaseke,16,500000.0,0.0,200000.0,150000.0,60000.0,0.0,0.0,0.0,910000.0
564861263,nakaseke,16,500000.0,150000.0,50000.0,100000.0,60000.0,0.0,0.0,0.0,860000.0
559615143,nakaseke,16,300000.0,0.0,50000.0,60000.0,100000.0,0.0,0.0,0.0,510000.0
564864365,nakaseke,16,300000.0,60000.0,58000.0,100000.0,60000.0,0.0,0.0,0.0,578000.0
553315619,nakaseke,16,350000.0,0.0,0.0,0.0,0.0,0.0,0.0,0.0,350000.0
556039301,nakaseke,16,500000.0,0.0,0.0,90000.0,150000.0,0.0,0.0,0.0,740000.0
615757479,mukono,16,800000.0,0.0,0.0,0.0,100000.0,0.0,0.0,0.0,900000.0
615773011,mukono,16,1500000.0,0.0,0.0,0.0,0.0,0.0,0.0,200000.0,1700000.0
619554974,mukono,16,3600000.0,2000000.0,0.0,0.0,1000000.0,0.0,0.0,0.0,6600000.0
620416772,mukono,16,500000.0,0.0,0.0,600000.0,0.0,180000.0,0.0,0.0,1280000.0
620419799,mukono,16,4000000.0,0.0,0.0,0.0,125000.0,0.0,0.0,0.0,4125000.0
621494958,mukono,16,500000.0,0.0,0.0,0.0,0.0,0.0,0.0,5000000.0,5500000.0
621496210,mukono,16,6000000.0,1000000.0,0.0,500000.0,0.0,0.0,0.0,0.0,7500000.0
621498584,mukono,16,16800000.0,0.0,0.0,0.0,500000.0,1000000.0,0.0,0.0,18300000.0
621639094,mukono,16,400000.0,0.0,0.0,0.0,300000.0,0.0,499999.9999999997,0.0,1199999.9999999998
623187149,mukono,16,560000.0,0.0,0.0,240000.0,0.0,1000000.0,0.0,0.0,1800000.0
623270536,mukono,16,13500000.0,0.0,0.0,0.0,1900000.0,0.0,0.0,0.0,15400000.0
624711692,mukono,16,1200000.0,1000000.0,0.0,0.0,2000000.0,0.0,0.0,0.0,4200000.0
624712163,mukono,16,2400000.0,1080000.0,0.0,0.0,0.0,5000000.0,0.0,0.0,8480000.0
625315993,mukono,16,1200000.0,0.0,0.0,500000.0,100000.0,0.0,0.0,0.0,1800000.0
628080096,mukono,16,7000000.0,0.0,0.0,0.0,2000000.0,0.0,0.0,0.0,9000000.0
628775775,mukono,16,36000000.0,3000000.0,0.0,0.0,0.0,1000000.0,0.0,0.0,40000000.0
630120684,mukono,16,7000000.0,2000000.0,0.0,0.0,0.0,3000000.0,0.0,0.0,12000000.0
632531024,mukono,16,3500000.0,0.0,0.0,1000000.0,0.0,0.0,5000000.0,0.0,9500000.0
632870785,mukono,16,3200000.0,0.0,0.0,0.0,70000.0,0.0,0.0,0.0,3270000.0
634322563,mukono,16,1200000.0,0.0,0.0,0.0,2000000.0,0.0,0.0,0.0,3200000.0
634951268,mukono,16,1000000.0,0.0,0.0,1300000.0,0.0,0.0,0.0,0.0,2300000.0
619307991,mukono,16,6000000.0,1000000.0,0.0,500000.0,15000000.0,0.0,6000000.0,0.0,28500000.0
634929055,mukono,16,2400000.0,0.0,0.0,0.0,500000.0,0.0,0.0,0.0,2900000.0
635625431,mukono,16,1200000.0,0.0,0.0,0.0,800000.0,0.0,0.0,0.0,2000000.0
625318562,mukono,16,400000.0,0.0,2000000.0,1000000.0,0.0,0.0,0.0,0.0,3400000.0
628776109,mukono,16,4900000.0,0.0,0.0,450000.0,0.0,2000000.0,0.0,0.0,7350000.0
633860413,mukono,16,42000000.0,0.0,0.0,1000000.0,500000.0,0.0,0.0,12000000.0,55500000.0
557694292,nakaseke,16,300000.0,0.0,0.0,50000.0,60000.0,0.0,0.0,0.0,410000.0
582450581,nakaseke,16,350000.0,50000.0,90000.0,0.0,0.0,0.0,0.0,0.0,490000.0
613185259,nakaseke,16,390000.0,0.0,0.0,0.0,400000.0,0.0,0.0,0.0,790000.0
614810845,mukono,16,800000.0,0.0,0.0,0.0,0.0,0.0,0.0,0.0,800000.0
617648764,mukono,16,1200000.0,0.0,0.0,0.0,0.0,0.0,0.0,0.0,1200000.0
551438934,nakaseke,16,1700000.0,0.0,0.0,0.0,0.0,0.0,0.0,0.0,1700000.0
589548879,nakaseke,16,20000.0,0.0,100000.0,0.0,250000.0,0.0,0.0,0.0,370000.0
554402613,nakaseke,16,0.0,0.0,0.0,0.0,60000.00000000002,0.0,0.0,0.0,60000.00000000002
589547568,nakaseke,16,350000.0,0.0,0.0,100000.00000000001,0.0,100000.00000000001,0.0,0.0,550000.0
592180125,nakaseke,16,350000.0,0.0,0.0,0.0,200000.0,0.0,0.0,0.0,550000.0
613184766,nakaseke,16,600000.0,0.0,0.0,100000.0,250000.0,0.0,0.0,0.0,950000.0
613185864,nakaseke,16,600000.0,20000.0,0.0,999999.9999999995,500000.0,0.0,0.0,0.0,2119999.9999999995
593216040,nakaseke,16,400000.0,250000.0,69000.0,0.0,200000.0,0.0,0.0,0.0,919000.0
552806578,nakaseke,16,1300000.0,0.0,0.0,0.0,0.0,0.0,0.0,0.0,1300000.0
554403180,,16,1100000.0,999999.9999999997,0.0,299999.99999999977,0.0,0.0,0.0,4999999.999999999,7399999.999999998
554997531,nakaseke,16,400000.0,0.0,0.0,60000.0,250000.0,0.0,0.0,0.0,710000.0
581568916,nakaseke,16,500000.0,0.0,90000.0,60000.0,170000.0,0.0,0.0,0.0,820000.0
582449149,nakaseke,16,600000.0,250000.0,0.0,150000.0,50000.0,0.0,0.0,0.0,1050000.0
583384059,nakaseke,16,9000000.0,350000.0,0.0,0.0,250000.0,0.0,0.0,0.0,9600000.0
584465855,nakaseke,16,400000.0,150000.0,0.0,0.0,0.0,0.0,0.0,0.0,550000.0
585291611,nakaseke,16,9000000.0,30000.0,0.0,60000.0,350000.0,0.0,0.0,0.0,9440000.0
588618114,nakaseke,16,600000.0,0.0,0.0,120000.0,30000.0,0.0,0.0,0.0,750000.0
589549118,nakaseke,16,600000.0,0.0,90000.0,0.0,250000.0,0.0,0.0,0.0,940000.0
592179551,nakaseke,16,200000.0,0.0,0.0,150000.0,150000.0,0.0,0.0,0.0,500000.0
613185857,nakaseke,16,600000.0,300000.0,0.0,120000.0,350000.0,0.0,0.0,0.0,1370000.0
613185868,nakaseke,16,500000.0,350000.0,0.0,0.0,400000.0,0.0,0.0,0.0,1250000.0
618737230,mukono,16,1800000.0,0.0,0.0,0.0,0.0,0.0,0.0,0.0,1800000.0
625321534,mukono,16,5600000.0,0.0,0.0,0.0,2000000.0,10000000.0,0.0,0.0,17600000.0
613185262,nakaseke,16,260000.0,0.0,300000.0,100000.0,250000.0,0.0,0.0,0.0,910000.0
586823072,nakaseke,16,600000.0,0.0,0.0,100000.00000000001,600000.0,0.0,0.0,0.0,1300000.0
586821078,nakaseke,16,800000.0,0.0,0.0,20000.0,96000.0,0.0,0.0,0.0,916000.0
586823179,nakaseke,16,600000.0,0.0,0.0,100000.0,600000.0,0.0,0.0,0.0,1300000.0
588618032,nakaseke,16,1000000.0,200000.0,0.0,150000.0,350000.0,0.0,0.0,0.0,1700000.0
592179319,nakaseke,16,300000.0,0.0,0.0,0.0,200000.0,0.0,0.0,0.0,500000.0
613185254,nakaseke,16,350000.0,400000.0,999999.9999999995,0.0,230000.0,0.0,0.0,0.0,1979999.9999999995
613184756,nakaseke,16,380000.0,0.0,100000.00000000001,0.0,350000.0,0.0,0.0,0.0,830000.0
613184762,nakaseke,16,5000000.0,0.0,299999.9999999999,700000.0,250000.0,100000.0,0.0,0.0,6350000.0
593216705,nakaseke,16,350000.0,109.0,0.0,0.0,200000.0,0.0,0.0,0.0,550109.0
582448458,nakaseke,16,600000.0,300000.0,0.0,150000.0,200000.0,0.0,0.0,0.0,1250000.0
583383308,nakaseke,16,560000.0,30000.0,90000.0,3.0,20000.0,0.0,0.0,0.0,700003.0
584457728,nakaseke,16,350000.0,0.0,0.0,0.0,0.0,0.0,0.0,0.0,350000.0
584460556,nakaseke,16,250000.0,100000.0,0.0,150000.0,15000.000000000004,0.0,0.0,0.0,515000.0
586822745,nakaseke,16,600000.0,300000.0,0.0,0.0,200000.0,0.0,0.0,0.0,1100000.0
588618956,nakaseke,16,600000.0,0.0,150000.0,0.0,250000.0,0.0,0.0,0.0,1000000.0
588619984,nakaseke,16,500000.0,0.0,0.0,0.0,250000.0,0.0,0.0,0.0,750000.0
589548430,nakaseke,16,300000.0,0.0,25000.0,0.0,500000.0,0.0,0.0,0.0,825000.0
613184214,nakaseke,16,200000.0,0.0,50000.0,0.0,130000.0,0.0,0.0,0.0,380000.0
551438775,nakaseke,16,1200000.0,0.0,0.0,0.0,0.0,0.0,0.0,0.0,1200000.0
552805506,nakaseke,16,9700000.0,0.0,0.0,0.0,0.0,0.0,0.0,0.0,9700000.0
582449815,nakaseke,16,500000.0,200000.0,0.0,0.0,60000.0,999999.9999999995,0.0,0.0,1759999.9999999995
583383783,nakaseke,16,500000.0,200000.0,0.0,0.0,300000.0,0.0,0.0,0.0,1000000.0
583384470,nakaseke,16,500000.0,250000.0,0.0,3.0000000000000004,200000.0,0.0,0.0,0.0,950003.0
585919910,nakaseke,16,2000000.0,500000.0,89999.99999999997,500000.0,600000.0,0.0,0.0,0.0,3690000.0
585937638,nakaseke,16,600000.0,250000.0,89999.99999999997,60000.0,260000.0,0.0,0.0,0.0,1260000.0
592179023,nakaseke,16,1000000.0,200000.0,0.0,100000.0,0.0,0.0,0.0,0.0,1300000.0
551439238,nakaseke,16,1500000.0,0.0,0.0,0.0,0.0,0.0,0.0,0.0,1500000.0
555070994,nakaseke,16,600000.0,250000.0,0.0,100000.0,60000.0,0.0,0.0,0.0,1010000.0
555112218,nakaseke,16,1050000.0,0.0,0.0,3000000.000000001,0.0,0.0,0.0,0.0,4050000.000000001
555148547,nakaseke,16,400000.0,250000.0,0.0,90000.0,400000.0,0.0,0.0,0.0,1140000.0
584458624,nakaseke,16,600000.0,250000.0,400000.0,100000.0,0.0,0.0,0.0,0.0,1350000.0
585290674,nakaseke,16,500000.0,250000.0,0.0,100000.0,900000.0,0.0,0.0,0.0,1750000.0
585290890,nakaseke,16,700000.0,300000.0,50000.0,120000.0,350000.0,0.0,0.0,0.0,1520000.0
585309665,nakaseke,16,500000.0,0.0,0.0,0.0,200000.0,0.0,0.0,0.0,700000.0
585924133,nakaseke,16,600000.0,200000.0,0.0,150000.0,300000.0,0.0,0.0,0.0,1250000.0
585929887,nakaseke,16,500000.0,0.0,0.0,0.0,0.0,0.0,0.0,0.0,500000.0
613834815,nakaseke,16,2100000.0,0.0,0.0,0.0,0.0,0.0,0.0,1999999.9999999993,4099999.999999999
613836978,nakaseke,16,700000.0,0.0,0.0,0.0,0.0,0.0,0.0,0.0,700000.0
617656696,mukono,16,1099999.9999999998,299999.99999999977,0.0,0.0,0.0,0.0,0.0,0.0,1399999.9999999995
633860938,mukono,16,3000000.0,1000000.0,0.0,0.0,5000000.0,0.0,0.0,0.0,9000000.0
616677841,mukono,17,70000.0,0.0,6000000.0,0.0,0.0,0.0,0.0,0.0,6070000.0
551440657,nakaseke,17,280000.0,349999.9999999997,0.0,0.0,0.0,0.0,0.0,0.0,629999.9999999998
592191523,nakaseke,17,312000.0,0.0,0.0,0.0,500000.0,0.0,0.0,0.0,812000.0
552803559,nakaseke,17,3440000.0,999999.9999999995,0.0,0.0,299999.9999999999,0.0,0.0,0.0,4740000.0
613177526,nakaseke,17,50000000.0,0.0,0.0,0.0,0.0,0.0,0.0,0.0,50000000.0
613831899,nakaseke,17,203000.0,0.0,0.0,0.0,0.0,0.0,0.0,0.0,203000.0
614880484,mukono,17,120000.0,0.0,0.0,0.0,0.0,0.0,0.0,0.0,120000.0
550714067,nakaseke,17,800000.0,0.0,0.0,0.0,126999.99999999996,0.0,0.0,0.0,927000.0
550714208,nakaseke,17,1000000.0,0.0,0.0,0.0,179999.99999999997,0.0,0.0,0.0,1180000.0
556045414,nakaseke,17,1000000.0,0.0,0.0,0.0,500000.0,0.0,0.0,0.0,1500000.0
556046788,nakaseke,17,800000.0,0.0,0.0,300000.0,0.0,0.0,0.0,0.0,1100000.0
557695958,nakaseke,17,1000000.0,500000.0,0.0,0.0,200000.0,0.0,0.0,0.0,1700000.0
560461977,nakaseke,17,3000000.0,500000.0,0.0,0.0,0.0,0.0,0.0,0.0,3500000.0
592361767,nakaseke,17,5000000.0,0.0,0.0,0.0,250000.0,0.0,0.0,0.0,5250000.0
592363240,nakaseke,17,3000000.0,200000.0,0.0,0.0,500000.0,0.0,0.0,0.0,3700000.0
616701192,mukono,17,520000.0,0.0,0.0,0.0,0.0,0.0,0.0,0.0,520000.0
624293019,mukono,17,900000.0,500000.0,200000.0,300000.0,300000.0,0.0,0.0,0.0,2200000.0
550715350,nakaseke,17,800000.0,0.0,0.0,0.0,0.0,0.0,0.0,0.0,800000.0
552803832,nakaseke,17,2300000.0,0.0,0.0,0.0,10000000.000000006,0.0,0.0,0.0,12300000.000000006
553311655,nakaseke,17,950000.0,0.0,25000.000000000004,0.0,0.0,0.0,0.0,0.0,975000.0
554396495,nakaseke,17,900000.0,0.0,0.0,0.0,0.0,0.0,0.0,0.0,900000.0
555218845,nakaseke,17,4500000.0,0.0,0.0,400000.0,0.0,0.0,0.0,0.0,4900000.0
556047384,nakaseke,17,1500000.0,0.0,0.0,300000.0,0.0,500000.0,0.0,0.0,2300000.0
557713875,nakaseke,17,700000.0,0.0,0.0,0.0,0.0,0.0,0.0,0.0,700000.0
558376731,nakaseke,17,800000.0,0.0,0.0,0.0,0.0,0.0,0.0,0.0,800000.0
558377788,nakaseke,17,1250000.0,0.0,0.0,350000.0,40000.0,0.0,0.0,0.0,1640000.0
558378029,nakaseke,17,1000000.0,0.0,0.0,0.0,250000.0,0.0,0.0,0.0,1250000.0
559605691,nakaseke,17,4000000.0,300000.0,0.0,0.0,250000.0,0.0,0.0,0.0,4550000.0
560460598,nakaseke,17,4000000.0,0.0,0.0,0.0,0.0,0.0,0.0,0.0,4000000.0
560460842,nakaseke,17,2000000.0,0.0,0.0,0.0,400000.0,0.0,0.0,0.0,2400000.0
561199081,nakaseke,17,2500000.0,400000.0,0.0,0.0,200000.0,0.0,0.0,0.0,3100000.0
561203340,nakaseke,17,2500000.0,0.0,0.0,0.0,0.0,0.0,0.0,0.0,2500000.0
561250862,nakaseke,17,399600.0,0.0,0.0,300000.0,0.0,0.0,0.0,0.0,699600.0
582704845,nakaseke,17,7000000.0,400000.0,0.0,0.0,0.0,0.0,0.0,0.0,7400000.0
585217011,nakaseke,17,8000000.0,0.0,200000.0,0.0,0.0,0.0,0.0,0.0,8200000.0
588626659,nakaseke,17,156000.0,500000.0,300000.0,0.0,0.0,0.0,0.0,0.0,956000.0
588783193,nakaseke,17,7000000.0,0.0,0.0,0.0,0.0,0.0,0.0,0.0,7000000.0
613810847,nakaseke,17,360000.0,0.0,0.0,0.0,0.0,0.0,0.0,0.0,360000.0
614880582,mukono,17,400000.0,0.0,0.0,0.0,0.0,0.0,0.0,0.0,400000.0
616579050,mukono,17,500000.0,0.0,0.0,0.0,0.0,0.0,0.0,90000.0,590000.0
616701381,mukono,17,400000.0,0.0,0.0,0.0,0.0,0.0,0.0,180000.0,580000.0
623704503,mukono,17,300000.0,0.0,0.0,100000.0,0.0,0.0,0.0,100000.0,500000.0
550714829,nakaseke,17,600000.0,0.0,0.0,0.0,0.0,0.0,0.0,0.0,600000.0
551432268,nakaseke,17,650000.0,0.0,0.0,0.0,0.0,0.0,0.0,0.0,650000.0
551438359,nakaseke,17,3800000.0,0.0,0.0,150000.00000000006,349999.9999999997,0.0,0.0,0.0,4300000.0
551438847,nakaseke,17,750000.0,0.0,0.0,0.0,900000.0000000007,0.0,0.0,0.0,1650000.0000000007
552834713,nakaseke,17,2500000.0,0.0,2000000.0000000016,0.0,0.0,0.0,0.0,0.0,4500000.000000002
553313606,nakaseke,17,1100000.0,0.0,0.0,0.0,179999.99999999997,0.0,0.0,0.0,1280000.0
553314110,nakaseke,17,6500000.0,0.0,0.0,0.0,499999.9999999997,0.0,0.0,0.0,7000000.0
553314852,nakaseke,17,6380000.0,0.0,0.0,0.0,499999.9999999997,0.0,0.0,0.0,6880000.0
554382238,nakaseke,17,5500000.0,0.0,200000.00000000006,0.0,999999.9999999995,0.0,0.0,0.0,6700000.0
554383042,nakaseke,17,5500000.0,0.0,0.0,0.0,999999.9999999995,0.0,0.0,0.0,6500000.0
554388188,nakaseke,17,7500000.0,0.0,100000.00000000001,0.0,499999.9999999997,0.0,0.0,0.0,8100000.0
555219221,nakaseke,17,4000000.0,0.0,0.0,0.0,1000000.0,0.0,6000000.0,0.0,11000000.0
555219441,nakaseke,17,8000000.0,0.0,0.0,0.0,1000000.0,0.0,0.0,0.0,9000000.0
555219813,nakaseke,17,800000.0,0.0,0.0,0.0,150000.0,0.0,0.0,0.0,950000.0
556046148,nakaseke,17,500000.0,0.0,0.0,200000.0,150000.0,0.0,0.0,0.0,850000.0
557695618,nakaseke,17,800000.0,0.0,0.0,0.0,300000.0,0.0,0.0,0.0,1100000.0
557695779,nakaseke,17,5000000.0,0.0,200000.0,0.0,0.0,0.0,0.0,0.0,5200000.0
557696080,nakaseke,17,2000000.0,800000.0,0.0,250000.0,0.0,0.0,0.0,0.0,3050000.0
559607285,nakaseke,17,1000000.0,0.0,150000.0,300000.0,0.0,0.0,0.0,0.0,1450000.0
559607680,nakaseke,17,3500000.0,0.0,0.0,350000.0,0.0,0.0,0.0,0.0,3850000.0
559615651,nakaseke,17,2000000.0,0.0,0.0,0.0,0.0,0.0,0.0,0.0,2000000.0
560459965,nakaseke,17,3000000.0,0.0,0.0,0.0,0.0,0.0,1500000.0,0.0,4500000.0
561202301,nakaseke,17,3500000.0,0.0,150000.0,0.0,0.0,0.0,0.0,0.0,3650000.0
567488224,nakaseke,17,3000000.0,0.0,0.0,0.0,300000.0,0.0,0.0,0.0,3300000.0
581728335,nakaseke,17,6000000.0,400000.0,0.0,0.0,0.0,0.0,0.0,0.0,6400000.0
581800534,nakaseke,17,5000000.0,0.0,0.0,0.0,400000.0,0.0,0.0,0.0,5400000.0
581801301,nakaseke,17,4000000.0,0.0,0.0,0.0,0.0,0.0,0.0,0.0,4000000.0
582682579,nakaseke,17,3000000.0,0.0,0.0,0.0,400000.0,0.0,0.0,0.0,3400000.0
582684638,nakaseke,17,2000000.0,0.0,0.0,0.0,0.0,0.0,0.0,0.0,2000000.0
583582238,nakaseke,17,15000000.0,500000.0,0.0,0.0,0.0,0.0,0.0,0.0,15500000.0
584447265,nakaseke,17,8000000.0,0.0,0.0,0.0,500000.0,0.0,0.0,0.0,8500000.0
585215638,nakaseke,17,15000000.0,0.0,0.0,0.0,0.0,0.0,0.0,0.0,15000000.0
585216305,nakaseke,17,3000000.0,0.0,0.0,0.0,0.0,0.0,0.0,0.0,3000000.0
587012670,nakaseke,17,15000000.0,0.0,0.0,0.0,0.0,0.0,0.0,0.0,15000000.0
587012983,nakaseke,17,8000000.0,0.0,0.0,0.0,200000.0,0.0,0.0,0.0,8200000.0
587013280,nakaseke,17,25000000.0,0.0,0.0,0.0,0.0,2000000.0,0.0,0.0,27000000.0
588781706,nakaseke,17,14000000.0,300000.0,0.0,0.0,0.0,0.0,0.0,0.0,14300000.0
589705500,nakaseke,17,5000000.0,0.0,0.0,0.0,400000.0,0.0,0.0,0.0,5400000.0
589705733,nakaseke,17,12000000.0,450000.0,0.0,0.0,0.0,0.0,0.0,0.0,12450000.0
592193539,nakaseke,17,7998000.0,0.0,0.0,0.0,0.0,0.0,0.0,0.0,7998000.0
593223241,nakaseke,17,3000000.0,3000000.0,0.0,0.0,5000000.0,0.0,0.0,0.0,11000000.0
593223559,nakaseke,17,5000000.0,450000.0,0.0,0.0,0.0,0.0,0.0,0.0,5450000.0
613174996,nakaseke,17,3500000.0,0.0,0.0,0.0,300000.0,0.0,0.0,0.0,3800000.0
613177861,nakaseke,17,2000000.0,0.0,0.0,0.0,500000.0,0.0,0.0,0.0,2500000.0
613177864,nakaseke,17,5000000.0,0.0,0.0,0.0,0.0,0.0,0.0,0.0,5000000.0
613178463,nakaseke,17,8000000.0,0.0,0.0,0.0,0.0,5000000.0,0.0,0.0,13000000.0
613178868,nakaseke,17,500000.0,0.0,0.0,0.0,300000.0,0.0,0.0,0.0,800000.0
613180603,nakaseke,17,2000000.0,0.0,0.0,0.0,0.0,0.0,0.0,0.0,2000000.0
613822490,nakaseke,17,180000.0,150000.0,250000.0,0.0,0.0,0.0,0.0,0.0,580000.0
613825443,nakaseke,17,754000.0,250000.0,0.0,100000.0,0.0,0.0,0.0,0.0,1104000.0
618055484,mukono,17,750000.0,0.0,0.0,0.0,0.0,0.0,0.0,500000.0,1250000.0
619558400,mukono,17,350000.0,0.0,0.0,200000.0,100000.0,0.0,0.0,0.0,650000.0
621499875,mukono,17,800000.0,0.0,3600000.0,0.0,0.0,0.0,0.0,0.0,4400000.0
623176650,mukono,17,500000.0,0.0,12000000.0,1000000.0,0.0,0.0,0.0,0.0,13500000.0
623183149,mukono,17,288000.0,0.0,0.0,0.0,0.0,1000000.0,0.0,5000000.0,6288000.0
623185581,mukono,17,500000.0,0.0,0.0,1000000.0,0.0,2400000.0,0.0,0.0,3900000.0
633165095,mukono,17,500000.0,0.0,0.0,3000000.0,20000000.0,0.0,0.0,0.0,23500000.0
633861862,mukono,17,2000000.0,0.0,1000000.0,20000000.0,0.0,0.0,0.0,0.0,23000000.0
634022320,mukono,17,300000.0,0.0,0.0,300000.0,0.0,0.0,0.0,0.0,600000.0
634322498,mukono,17,120000.0,0.0,0.0,0.0,0.0,0.0,0.0,0.0,120000.0
634928993,mukono,17,60000.0,0.0,0.0,0.0,0.0,0.0,0.0,0.0,60000.0
634952733,mukono,17,1400000.0,0.0,0.0,0.0,500000.0,10000000.0,0.0,0.0,11900000.0
634953204,mukono,17,1200000.0,720000.0,0.0,0.0,500000.0,0.0,0.0,0.0,2420000.0
635102101,mukono,17,500000.0,0.0,0.0,0.0,0.0,20000000.0,12000000.0,0.0,32500000.0
635102513,mukono,17,800000.0,0.0,0.0,10000000.0,1000000.0,0.0,0.0,0.0,11800000.0
644159914,mukono,17,15000000.0,0.0,0.0,0.0,2800000.0,0.0,0.0,0.0,17800000.0
644420047,mukono,17,800000.0,0.0,0.0,0.0,0.0,2000000.0,0.0,0.0,2800000.0
551439754,nakaseke,17,4000000.0,0.0,0.0,199999.99999999997,124999.9999999999,0.0,0.0,0.0,4325000.0
552968706,nakaseke,17,8000000.0,0.0,0.0,0.0,249999.99999999983,0.0,0.0,0.0,8250000.0
552969446,nakaseke,17,2500000.0,0.0,0.0,0.0,19999999.999999978,0.0,0.0,0.0,22499999.999999978
552970239,nakaseke,17,3500000.0,0.0,0.0,499999.99999999977,0.0,0.0,0.0,0.0,4000000.0
554387935,nakaseke,17,5500000.0,0.0,0.0,0.0,499999.9999999997,0.0,0.0,0.0,6000000.0
558377096,nakaseke,17,2500000.0,500000.0,0.0,0.0,0.0,1000000.0,0.0,0.0,4000000.0
559607458,nakaseke,17,4000000.0,500000.0,0.0,0.0,200000.0,0.0,0.0,0.0,4700000.0
567493335,nakaseke,17,2000000.0,0.0,0.0,400000.0,800000.0,0.0,0.0,0.0,3200000.0
581802079,nakaseke,17,7000000.0,0.0,150000.0,0.0,300000.0,0.0,0.0,0.0,7450000.0
582619340,nakaseke,17,2000000.0,0.0,0.0,0.0,0.0,0.0,0.0,0.0,2000000.0
583580839,nakaseke,17,25000000.0,0.0,0.0,0.0,0.0,10000000.0,0.0,0.0,35000000.0
584444811,nakaseke,17,4000000.0,0.0,0.0,300000.0,0.0,0.0,0.0,0.0,4300000.0
585215286,nakaseke,17,6500000.0,500000.0,0.0,500000.0,0.0,0.0,0.0,0.0,7500000.0
587013182,nakaseke,17,6000000.0,0.0,150000.0,0.0,450000.0,0.0,0.0,0.0,6600000.0
588782700,nakaseke,17,12000000.0,0.0,0.0,500000.0,0.0,0.0,0.0,0.0,12500000.0
589705993,nakaseke,17,10000000.0,0.0,0.0,0.0,0.0,0.0,0.0,0.0,10000000.0
613178458,nakaseke,17,30000000.0,500000.0,0.0,0.0,0.0,0.0,0.0,0.0,30500000.0
613178880,nakaseke,17,3000000.0,800000.0,300000.0,0.0,0.0,0.0,0.0,0.0,4100000.0
613179574,nakaseke,17,4000000.0,0.0,0.0,0.0,400000.0,0.0,0.0,0.0,4400000.0
615825416,mukono,17,50000.0,0.0,0.0,0.0,0.0,0.0,0.0,0.0,50000.0
619544793,mukono,17,1000000.0,0.0,0.0,0.0,0.0,1000000.0,0.0,0.0,2000000.0
623479229,mukono,17,120000.0,0.0,0.0,0.0,0.0,0.0,0.0,0.0,120000.0
633706398,mukono,17,600000.0,0.0,0.0,0.0,0.0,0.0,0.0,0.0,600000.0
633706854,mukono,17,150000.0,0.0,0.0,0.0,80000.0,0.0,0.0,0.0,230000.0
553314312,nakaseke,17,11000000.0,0.0,0.0,0.0,1199999.9999999998,0.0,0.0,0.0,12200000.0
555219512,nakaseke,17,1200000.0,2000000.0,0.0,0.0,0.0,0.0,0.0,0.0,3200000.0
561200684,nakaseke,17,4000000.0,0.0,0.0,200000.0,0.0,0.0,0.0,0.0,4200000.0
583583184,nakaseke,17,20000000.0,0.0,0.0,0.0,500000.0,0.0,0.0,0.0,20500000.0
584444125,nakaseke,17,8000000.0,0.0,0.0,0.0,0.0,1000000.0,0.0,0.0,9000000.0
584446459,nakaseke,17,4000000.0,0.0,200000.0,0.0,0.0,0.0,0.0,0.0,4200000.0
586786507,nakaseke,17,551800.0,160000.0,0.0,0.0,0.0,0.0,0.0,0.0,711800.0
586805028,nakaseke,17,384400.0,180000.0,0.0,0.0,100800.0,0.0,0.0,0.0,665200.0
588783732,nakaseke,17,8000000.0,0.0,0.0,300000.0,0.0,0.0,0.0,0.0,8300000.0
589705256,nakaseke,17,10000000.0,0.0,0.0,0.0,0.0,8000000.0,0.0,0.0,18000000.0
592362627,nakaseke,17,4000000.0,500000.0,0.0,0.0,0.0,0.0,0.0,0.0,4500000.0
592363516,nakaseke,17,9900000.0,0.0,0.0,0.0,0.0,0.0,0.0,0.0,9900000.0
615755561,mukono,17,24000000.0,2000000.0,0.0,0.0,1000000.0,5000000.0,0.0,0.0,32000000.0
616699698,mukono,17,600000.0,0.0,0.0,0.0,0.0,0.0,0.0,0.0,600000.0
618056804,mukono,17,1400000.0,0.0,0.0,200000.0,50000.0,0.0,0.0,0.0,1650000.0
623479343,mukono,17,150000.0,0.0,0.0,0.0,70000.0,0.0,0.0,0.0,220000.0
631647706,mukono,17,230000.0,0.0,0.0,0.0,0.0,0.0,0.0,0.0,230000.0
632871446,mukono,17,800000.0,0.0,0.0,0.0,0.0,0.0,0.0,0.0,800000.0
644420087,mukono,17,600000.0,0.0,0.0,1500000.0,0.0,0.0,0.0,0.0,2100000.0
583581711,nakaseke,17,8000000.0,0.0,200000.0,0.0,0.0,0.0,0.0,0.0,8200000.0
592192218,nakaseke,17,2400000.0,0.0,0.0,0.0,250000.0,0.0,0.0,0.0,2650000.0
614880682,mukono,17,1400000.0,0.0,0.0,0.0,0.0,0.0,0.0,0.0,1400000.0
618739011,mukono,17,6400000.0,0.0,0.0,0.0,0.0,0.0,0.0,0.0,6400000.0
618739107,mukono,17,1800000.0,0.0,0.0,0.0,0.0,0.0,0.0,0.0,1800000.0
622484850,mukono,17,600000.0,0.0,0.0,0.0,0.0,0.0,0.0,0.0,600000.0
623479274,mukono,17,150000.0,0.0,0.0,0.0,0.0,0.0,0.0,0.0,150000.0
623981062,mukono,17,400000.0,0.0,0.0,0.0,180000.0,0.0,0.0,0.0,580000.0
634929144,mukono,17,40000.0,0.0,0.0,0.0,75000.0,0.0,0.0,0.0,115000.0
635625391,mukono,17,120000.0,0.0,0.0,0.0,0.0,0.0,0.0,0.0,120000.0
635625490,mukono,17,80000.0,0.0,0.0,0.0,0.0,0.0,0.0,0.0,80000.0
556031317,nakaseke,17,450000.0,0.0,0.0,0.0,0.0,0.0,0.0,0.0,450000.0
556037719,nakaseke,17,400000.0,0.0,0.0,0.0,0.0,0.0,0.0,0.0,400000.0
560449324,nakaseke,17,2666000.0,0.0,0.0,0.0,1425600.0,0.0,0.0,0.0,4091600.0
586026956,nakaseke,17,354000.0,0.0,300000.0,0.0,0.0,0.0,0.0,0.0,654000.0
616680304,mukono,17,400000.0,0.0,800000.0,0.0,0.0,3600000.0,0.0,0.0,4800000.0
616700114,mukono,17,360000.0,0.0,0.0,0.0,0.0,0.0,0.0,0.0,360000.0
623980936,mukono,17,180000.0,0.0,0.0,0.0,0.0,0.0,0.0,0.0,180000.0
632872132,mukono,17,590000.0,0.0,0.0,0.0,0.0,0.0,0.0,0.0,590000.0
550732883,nakaseke,17,2800000.0,0.0,0.0,0.0,0.0,0.0,0.0,0.0,2800000.0
582502735,nakaseke,17,450000.0,0.0,0.0,0.0,0.0,0.0,0.0,0.0,450000.0
586030936,nakaseke,17,195000.0,0.0,150000.0,0.0,0.0,0.0,0.0,0.0,345000.0
614807290,mukono,17,900000.0,0.0,0.0,0.0,0.0,0.0,0.0,600000.0,1500000.0
614850521,mukono,17,200000.0,0.0,150000.0,0.0,300000.0,0.0,0.0,0.0,650000.0
614880379,mukono,17,2600000.0,0.0,0.0,20000.0,1999999.9999999993,0.0,0.0,0.0,4619999.999999999
615759274,mukono,17,1000000.0,0.0,0.0,0.0,0.0,0.0,500000.0,0.0,1500000.0
615825361,mukono,17,2600000.0,0.0,0.0,0.0,0.0,0.0,0.0,0.0,2600000.0
616578776,mukono,17,1200000.0,300000.0,200000.0,0.0,0.0,1500000.0,0.0,0.0,3200000.0
616579437,mukono,17,1500000.0,0.0,0.0,500000.0,0.0,0.0,0.0,0.0,2000000.0
616580090,mukono,17,300000.0,100000.0,100000.0,100000.0,300000.0,0.0,0.0,0.0,900000.0
616699119,mukono,17,90000.0,0.0,0.0,0.0,0.0,0.0,0.0,0.0,90000.0
617648886,mukono,17,320000.0,0.0,0.0,0.0,0.0,0.0,0.0,0.0,320000.0
618056277,mukono,17,900000.0,0.0,0.0,100000.0,0.0,0.0,0.0,0.0,1000000.0
618502771,mukono,17,500000.0,0.0,200000.0,0.0,0.0,0.0,0.0,0.0,700000.0
618503624,mukono,17,1100000.0,0.0,0.0,1000000.0,0.0,0.0,0.0,0.0,2100000.0
619549456,mukono,17,1600000.0,0.0,0.0,0.0,0.0,1200000.0,0.0,1400000.0,4200000.0
619551006,mukono,17,480000.0,0.0,0.0,500000.0,0.0,0.0,0.0,0.0,980000.0
619552154,mukono,17,1200000.0,0.0,0.0,0.0,1000000.0,0.0,0.0,0.0,2200000.0
619559855,mukono,17,1800000.0,0.0,0.0,0.0,2000000.0,1350000.0,0.0,0.0,5150000.0
622292961,mukono,17,500000.0,0.0,0.0,400000.0,0.0,0.0,0.0,0.0,900000.0
623188000,mukono,17,600000.0,0.0,0.0,0.0,15000000.0,6000000.0,0.0,0.0,21600000.0
623704256,mukono,17,3500000.0,0.0,0.0,600000.0,500000.0,0.0,0.0,0.0,4600000.0
624717557,mukono,17,400000.0,0.0,2000000.0,0.0,0.0,0.0,0.0,0.0,2400000.0
628775538,mukono,17,1000000.0,0.0,0.0,1000000.0,0.0,0.0,0.0,0.0,2000000.0
632457381,mukono,17,1200000.0,0.0,0.0,600000.0,300000.0,0.0,0.0,0.0,2100000.0
632479613,mukono,17,800000.0,100000.0,0.0,200000.0,100000.0,0.0,0.0,0.0,1200000.0
632526756,mukono,17,17500000.0,0.0,0.0,2000000.0,0.0,0.0,0.0,0.0,19500000.0
632870245,mukono,17,120000.0,0.0,0.0,0.0,15000.0,0.0,0.0,0.0,135000.0
633860192,mukono,17,15000000.0,0.0,0.0,1000000.0,600000.0,0.0,0.0,0.0,16600000.0
633861646,mukono,17,3000000.0,0.0,0.0,0.0,2800000.0,0.0,0.0,0.0,5800000.0
634322667,mukono,17,160000.0,0.0,0.0,0.0,0.0,0.0,0.0,0.0,160000.0
634322758,mukono,17,800000.0,0.0,0.0,0.0,0.0,0.0,0.0,0.0,800000.0
635625535,mukono,17,900000.0,0.0,0.0,0.0,40000.0,0.0,0.0,0.0,940000.0
635860119,mukono,17,1200000.0,200000.0,0.0,300000.0,300000.0,0.0,0.0,0.0,2000000.0
636602799,mukono,17,1500000.0,200000.0,0.0,0.0,200000.0,0.0,0.0,0.0,1900000.0
558422222,nakaseke,17,1180000.0,240000.0,0.0,0.0,0.0,0.0,0.0,0.0,1420000.0
559666954,nakaseke,17,494000.0,0.0,0.0,0.0,0.0,0.0,0.0,0.0,494000.0
560448617,nakaseke,17,560000.0,0.0,0.0,0.0,0.0,0.0,0.0,0.0,560000.0
583505993,nakaseke,17,450000.0,0.0,180000.0,0.0,0.0,0.0,0.0,0.0,630000.0
584452976,nakaseke,17,286000.0,1500000.0,250000.0,0.0,0.0,0.0,0.0,0.0,2036000.0
586809899,nakaseke,17,298900.0,250000.0,150000.0,0.0,0.0,0.0,0.0,0.0,698900.0
618738329,mukono,17,1200000.0,0.0,0.0,0.0,0.0,0.0,0.0,0.0,1200000.0
623981362,mukono,17,800000.0,0.0,0.0,0.0,0.0,0.0,0.0,0.0,800000.0
633706233,mukono,17,180000.0,0.0,0.0,0.0,0.0,0.0,0.0,0.0,180000.0
555219650,nakaseke,17,700000.0,0.0,0.0,0.0,0.0,0.0,0.0,0.0,700000.0
581666974,nakaseke,17,663600.0,0.0,0.0,250000.0,162000.0,0.0,0.0,0.0,1075600.0
589566940,nakaseke,17,420000.0,0.0,0.0,0.0,0.0,0.0,0.0,0.0,420000.0
615760019,mukono,17,600000.0,300000.0,0.0,0.0,0.0,0.0,0.0,0.0,900000.0
615825276,mukono,17,1200000.0,0.0,0.0,0.0,0.0,0.0,0.0,0.0,1200000.0
616698945,mukono,17,6000000.0,0.0,0.0,0.0,1500000.0,0.0,0.0,0.0,7500000.0
616699320,mukono,17,1800000.0,0.0,0.0,0.0,0.0,0.0,0.0,0.0,1800000.0
619769782,mukono,17,1800000.0,0.0,0.0,0.0,0.0,0.0,0.0,0.0,1800000.0
621639263,mukono,17,100000.0,0.0,0.0,0.0,0.0,0.0,0.0,0.0,100000.0
622484708,mukono,17,1600000.0,0.0,0.0,0.0,0.0,0.0,0.0,0.0,1600000.0
623981163,mukono,17,1800000.0,0.0,0.0,0.0,2200000.0,0.0,0.0,0.0,4000000.0
550732746,nakaseke,17,1200000.0,0.0,0.0,0.0,0.0,0.0,0.0,0.0,1200000.0
615825485,mukono,17,2400000.0,0.0,0.0,0.0,0.0,0.0,0.0,0.0,2400000.0
551438282,nakaseke,17,1250000.0,0.0,0.0,0.0,0.0,0.0,0.0,0.0,1250000.0
585181910,nakaseke,17,468000.0,230000.0,0.0,250000.0,0.0,0.0,0.0,0.0,948000.0
553313598,nakaseke,17,14010000.0,0.0,0.0,0.0,69999.99999999994,0.0,0.0,0.0,14080000.0
555219886,nakaseke,17,1900000.0,420000.0,0.0,0.0,0.0,0.0,0.0,0.0,2320000.0
561236657,nakaseke,17,1296000.0,0.0,0.0,500000.0,221000.0,0.0,0.0,0.0,2017000.0
583502844,nakaseke,17,510000.0,0.0,0.0,0.0,0.0,0.0,0.0,0.0,510000.0
584472197,nakaseke,17,702000.0,0.0,300000.0,0.0,466200.0,0.0,0.0,0.0,1468200.0
588619360,nakaseke,17,492000.0,0.0,0.0,0.0,0.0,0.0,0.0,0.0,492000.0
613814407,nakaseke,17,2560000.0,0.0,0.0,0.0,0.0,0.0,0.0,0.0,2560000.0
614850687,mukono,17,200000.0,0.0,0.0,200000.0,0.0,0.0,0.0,0.0,400000.0
615773237,mukono,17,700000.0,0.0,300000.0,200000.0,120000.0,200000.0,0.0,0.0,1520000.0
616679140,mukono,17,3000000.0,1000000.0,0.0,0.0,6000000.0,10000000.0,0.0,0.0,20000000.0
618056509,mukono,17,3000000.0,0.0,0.0,100000.0,0.0,0.0,0.0,0.0,3100000.0
618502947,mukono,17,1000000.0,0.0,0.0,300000.0,200000.0,0.0,0.0,0.0,1500000.0
618503261,mukono,17,900000.0,0.0,0.0,0.0,0.0,0.0,0.0,1000000.0,1900000.0
618738549,mukono,17,900000.0,0.0,0.0,0.0,0.0,0.0,0.0,0.0,900000.0
619307564,mukono,17,1300000.0,0.0,0.0,200000.0,500000.0,0.0,0.0,0.0,2000000.0
619543012,mukono,17,400000.0,360000.0,0.0,0.0,0.0,5100000.0,0.0,0.0,5860000.0
620136574,mukono,17,900000.0,300000.0,200000.0,0.0,300000.0,0.0,0.0,0.0,1700000.0
620155076,mukono,17,500000.0,500000.0,0.0,0.0,300000.0,0.0,0.0,0.0,1300000.0
621076849,mukono,17,1500000.0,0.0,0.0,0.0,2000000.0,0.0,0.0,2000000.0,5500000.0
622287746,mukono,17,700000.0,0.0,0.0,100000.0,70000.0,0.0,0.0,0.0,870000.0
622484987,mukono,17,2400000.0,0.0,0.0,0.0,0.0,0.0,0.0,0.0,2400000.0
631647870,mukono,17,1800000.0,0.0,0.0,0.0,0.0,0.0,0.0,0.0,1800000.0
632483673,mukono,17,2000000.0,200000.0,0.0,300000.0,300000.0,0.0,0.0,0.0,2800000.0
632532023,mukono,17,4800000.0,0.0,0.0,0.0,1000000.0,0.0,0.0,0.0,5800000.0
633706958,mukono,17,320000.0,0.0,0.0,0.0,150000.0,0.0,0.0,0.0,470000.0
634023370,mukono,17,2000000.0,0.0,0.0,200000.0,0.0,0.0,0.0,100000.0,2300000.0
634718078,mukono,17,3000000.0,300000.0,0.0,0.0,300000.0,0.0,0.0,100000.0,3700000.0
634718387,mukono,17,1000000.0,100000.0,100000.0,100000.0,200000.0,0.0,0.0,0.0,1500000.0
635238203,mukono,17,700000.0,100000.0,300000.0,0.0,100000.0,0.0,0.0,0.0,1200000.0
635859907,mukono,17,1800000.0,200000.0,0.0,300000.0,30000.0,0.0,0.0,0.0,2330000.0
636603192,mukono,17,7000000.0,0.0,0.0,0.0,500000.0,2000000.0,0.0,0.0,9500000.0
551433371,nakaseke,17,930000.0,100000.00000000001,0.0,0.0,0.0,0.0,0.0,0.0,1030000.0
581719428,nakaseke,17,554400.0,0.0,0.0,0.0,0.0,0.0,0.0,0.0,554400.0
584453809,nakaseke,17,1008000.0,0.0,0.0,300000.0,0.0,0.0,0.0,0.0,1308000.0
588629366,nakaseke,17,552000.0,350000.0,0.0,0.0,0.0,0.0,0.0,0.0,902000.0
593198085,nakaseke,17,456000.0,0.0,0.0,0.0,0.0,0.0,0.0,0.0,456000.0
614850630,mukono,17,500000.0,0.0,100000.0,0.0,100000.0,0.0,0.0,0.0,700000.0
558415060,nakaseke,17,694400.0,0.0,0.0,250000.0,0.0,0.0,0.0,0.0,944400.0
561237697,nakaseke,17,499200.0,450000.0,0.0,0.0,500000.0,0.0,0.0,0.0,1449200.0
582502398,nakaseke,17,480000.0,0.0,0.0,0.0,225000.0,0.0,0.0,0.0,705000.0
586028388,nakaseke,17,617400.0,0.0,300000.0,0.0,200000.0,0.0,0.0,0.0,1117400.0
613819661,nakaseke,17,336000.0,0.0,0.0,0.0,0.0,0.0,0.0,0.0,336000.0
619770045,mukono,17,900000.0,0.0,0.0,0.0,0.0,0.0,0.0,0.0,900000.0
553313800,nakaseke,17,14000000.0,0.0,0.0,0.0,1999999.9999999993,0.0,0.0,0.0,16000000.0
560449000,nakaseke,17,680400.0,0.0,0.0,0.0,150000.0,0.0,0.0,0.0,830400.0
560449862,nakaseke,17,610000.0,0.0,0.0,300000.0,0.0,0.0,0.0,0.0,910000.0
583505325,nakaseke,17,1500000.0,0.0,0.0,0.0,0.0,0.0,0.0,0.0,1500000.0
613821415,nakaseke,17,2232000.0,0.0,0.0,0.0,0.0,0.0,0.0,0.0,2232000.0
561257600,nakaseke,17,325000.0,0.0,0.0,0.0,0.0,0.0,0.0,0.0,325000.0
585193571,nakaseke,17,545200.0,0.0,200000.0,0.0,640800.0,0.0,0.0,0.0,1386000.0
621639988,mukono,17,600000.0,0.0,0.0,0.0,1200000.0,0.0,0.0,0.0,1800000.0
550731204,nakaseke,17,600000.0,0.0,0.0,0.0,0.0,0.0,0.0,0.0,600000.0
550739292,nakaseke,17,500000.0,0.0,0.0,0.0,0.0,0.0,0.0,0.0,500000.0
550740686,nakaseke,17,1000000.0,0.0,0.0,0.0,0.0,0.0,0.0,0.0,1000000.0
551433006,nakaseke,17,1210000.0,800000.0000000003,0.0,0.0,0.0,0.0,0.0,0.0,2010000.0000000005
552803009,nakaseke,17,7950000.0,0.0,0.0,0.0,0.0,0.0,0.0,0.0,7950000.0
554395712,nakaseke,17,2360000.0,0.0,0.0,0.0,120000.00000000006,0.0,0.0,0.0,2480000.0
554399870,,17,8800000.0,0.0,0.0,0.0,15000000.0,0.0,0.0,0.0,23800000.0
555219447,nakaseke,17,1050000.0,0.0,0.0,0.0,0.0,0.0,0.0,0.0,1050000.0
559669939,nakaseke,17,2697500.0,0.0,0.0,0.0,520000.0,0.0,0.0,0.0,3217500.0
581666409,nakaseke,17,680400.0,0.0,100000.0,0.0,180000.0,0.0,0.0,0.0,960400.0
585208171,nakaseke,17,975000.0,0.0,300000.0,0.0,0.0,0.0,0.0,0.0,1275000.0
613829595,nakaseke,17,1003400.0,0.0,0.0,0.0,0.0,0.0,0.0,0.0,1003400.0
614807717,mukono,17,800000.0,0.0,0.0,500000.0,0.0,0.0,0.0,0.0,1300000.0
615773415,mukono,17,900000.0,200000.0,0.0,300000.0,300000.0,500000.0,0.0,0.0,2200000.0
616587562,mukono,17,1500000.0,20000.0,0.0,0.0,200000.0,0.0,0.0,0.0,1720000.0
617648818,mukono,17,1200000.0,0.0,0.0,0.0,0.0,0.0,0.0,0.0,1200000.0
617656724,mukono,17,3200000.0,0.0,0.0,0.0,0.0,0.0,0.0,0.0,3200000.0
618738718,mukono,17,2400000.0,0.0,0.0,0.0,0.0,0.0,0.0,0.0,2400000.0
618740822,mukono,17,2400000.0,0.0,0.0,0.0,0.0,0.0,0.0,0.0,2400000.0
619306835,mukono,17,1200000.0,300000.0,0.0,200000.0,0.0,300000.0,0.0,0.0,2000000.0
619559199,mukono,17,6000000.0,0.0,0.0,0.0,12000000.0,0.0,0.0,0.0,18000000.0
619769613,mukono,17,4500000.0,0.0,0.0,0.0,0.0,0.0,0.0,0.0,4500000.0
620129760,mukono,17,3500000.0,500000.0,0.0,0.0,500000.0,0.0,0.0,0.0,4500000.0
620157158,mukono,17,2500000.0,0.0,0.0,2000000.0,1000000.0,300000.0,0.0,0.0,5800000.0
620418682,mukono,17,12000000.0,1800000.0,0.0,0.0,1000000.0,0.0,0.0,0.0,14800000.0
620699865,mukono,17,2400000.0,0.0,0.0,0.0,0.0,0.0,0.0,0.0,2400000.0
620699988,mukono,17,36000000.0,0.0,0.0,0.0,0.0,0.0,0.0,0.0,36000000.0
621075678,mukono,17,1200000.0,0.0,0.0,0.0,0.0,0.0,0.0,100000.0,1300000.0
621078199,mukono,17,1200000.0,0.0,0.0,0.0,500000.0,0.0,0.0,1000000.0,2700000.0
621497521,mukono,17,750000.0,0.0,0.0,500000.0,200000.0,0.0,0.0,0.0,1450000.0
622288485,mukono,17,2000000.0,2500000.0,0.0,0.0,1000000.0,500000.0,0.0,0.0,6000000.0
622289226,mukono,17,900000.0,200000.0,100000.0,0.0,500000.0,0.0,0.0,300000.0,2000000.0
622950844,mukono,17,2600000.0,400000.0,0.0,0.0,1500000.0,0.0,0.0,0.0,4500000.0
622950959,mukono,17,700000.0,100000.0,0.0,200000.0,0.0,0.0,0.0,0.0,1000000.0
622951178,mukono,17,2100000.0,0.0,0.0,0.0,2000000.0,0.0,0.0,0.0,4100000.0
623479319,mukono,17,400000.0,0.0,0.0,0.0,2800000.0,0.0,0.0,0.0,3200000.0
623704150,mukono,17,1000000.0,500000.0,0.0,500000.0,300000.0,0.0,0.0,0.0,2300000.0
623704380,mukono,17,300000.0,0.0,200000.0,0.0,200000.0,0.0,0.0,0.0,700000.0
624715344,mukono,17,200000.0,0.0,0.0,0.0,200000.0,0.0,0.0,1000000.0,1400000.0
631647480,mukono,17,3200000.0,0.0,0.0,0.0,700000.0,0.0,0.0,0.0,3900000.0
632449589,mukono,17,3000000.0,0.0,0.0,500000.0,0.0,0.0,0.0,0.0,3500000.0
632465838,mukono,17,2500000.0,200000.0,0.0,300000.0,300000.0,0.0,0.0,0.0,3300000.0
633165465,mukono,17,2000000.0,400000.0,0.0,500000.0,500000.0,0.0,0.0,0.0,3400000.0
633165662,mukono,17,2000000.0,300000.0,0.0,0.0,300000.0,200000.0,0.0,0.0,2800000.0
634022615,mukono,17,4000000.0,1000000.0,0.0,1000000.0,300000.0,0.0,0.0,0.0,6300000.0
634718321,mukono,17,1000000.0,0.0,0.0,0.0,300000.0,500000.0,0.0,0.0,1800000.0
634929270,mukono,17,80000.0,0.0,0.0,0.0,0.0,0.0,0.0,0.0,80000.0
635102819,mukono,17,1000000.0,0.0,500000.0,0.0,500000.0,0.0,0.0,0.0,2000000.0
635238371,mukono,17,2000000.0,1000000.0,0.0,500000.0,500000.0,0.0,0.0,0.0,4000000.0
635238449,mukono,17,2500000.0,100000.0,0.0,300000.0,300000.0,0.0,0.0,0.0,3200000.0
635238630,mukono,17,1500000.0,500000.0,0.0,300000.0,300000.0,0.0,0.0,0.0,2600000.0
635625333,mukono,17,400000.0,0.0,0.0,0.0,0.0,0.0,0.0,0.0,400000.0
635859825,mukono,17,1500000.0,0.0,0.0,500000.0,0.0,0.0,0.0,0.0,2000000.0
635860002,mukono,17,3000000.0,200000.0,0.0,0.0,0.0,0.0,0.0,0.0,3200000.0
635860179,mukono,17,3000000.0,1000000.0,0.0,500000.0,500000.0,0.0,0.0,0.0,5000000.0
636134719,mukono,17,24000000.0,0.0,0.0,1000000.0,1950000.0,0.0,0.0,0.0,26950000.0
636135880,mukono,17,1400000.0,0.0,1500000.0,0.0,500000.0,0.0,0.0,0.0,3400000.0
636603058,mukono,17,900000.0,0.0,0.0,0.0,200000.0,0.0,0.0,0.0,1100000.0
636603136,mukono,17,700000.0,0.0,0.0,300000.0,500000.0,0.0,0.0,0.0,1500000.0
644152753,mukono,17,2000000.0,200000.0,0.0,300000.0,300000.0,0.0,0.0,300000.0,3100000.0
644152847,mukono,17,700000.0,100000.0,0.0,200000.0,200000.0,0.0,0.0,0.0,1200000.0
644159669,mukono,17,3200000.0,0.0,0.0,0.0,420000.0,0.0,0.0,0.0,3620000.0
554400498,nakaseke,17,7000000.0,0.0,0.0,0.0,299999.9999999999,0.0,0.0,0.0,7300000.0
559666632,nakaseke,17,990000.0,0.0,0.0,150000.0,0.0,0.0,0.0,0.0,1140000.0
619306547,mukono,17,2000000.0,500000.0,0.0,0.0,0.0,0.0,0.0,320000.0,2820000.0
622485261,mukono,17,800000.0,0.0,0.0,0.0,0.0,0.0,0.0,0.0,800000.0
631647195,mukono,17,600000.0,0.0,0.0,0.0,150000.0,0.0,0.0,0.0,750000.0
565368592,nakaseke,17,571200.0,0.0,0.0,0.0,127000.0,0.0,0.0,0.0,698200.0
584454693,nakaseke,17,250000.0,0.0,250000.0,0.0,0.0,0.0,0.0,0.0,500000.0
618738814,mukono,17,2600000.0,0.0,0.0,0.0,0.0,0.0,0.0,0.0,2600000.0
582503421,nakaseke,17,690000.0,0.0,0.0,0.0,0.0,0.0,0.0,0.0,690000.0
589565846,nakaseke,17,720000.0,0.0,0.0,0.0,850000.0,0.0,0.0,0.0,1570000.0
614850459,mukono,17,1100000.0,0.0,0.0,0.0,550000.0,0.0,0.0,0.0,1650000.0
556032422,nakaseke,17,2500000.0,1800000.0,0.0,300000.0,0.0,0.0,0.0,0.0,4600000.0
558422563,nakaseke,17,1750000.0,0.0,0.0,0.0,950000.0,0.0,0.0,0.0,2700000.0
585223034,nakaseke,17,342000.0,0.0,0.0,0.0,0.0,0.0,0.0,0.0,342000.0
623704362,mukono,17,700000.0,500000.0,0.0,0.0,500000.0,0.0,0.0,0.0,1700000.0
633165535,mukono,17,1800000.0,0.0,0.0,500000.0,500000.0,0.0,0.0,0.0,2800000.0
634929225,mukono,17,4000000.0,0.0,0.0,0.0,100000.0,0.0,0.0,0.0,4100000.0
636602878,mukono,17,3500000.0,200000.0,0.0,200000.0,300000.0,0.0,0.0,0.0,4200000.0
558418973,nakaseke,17,1664000.0,0.0,0.0,0.0,1800000.0,2500000.0,0.0,0.0,5964000.0
613827164,nakaseke,17,1560200.0,0.0,450000.0,0.0,950000.0,0.0,0.0,0.0,2960200.0
632876809,mukono,17,320000.0,0.0,0.0,0.0,0.0,0.0,0.0,0.0,320000.0
559670838,nakaseke,17,2073500.0,0.0,0.0,200000.0,0.0,0.0,0.0,0.0,2273500.0
588625655,nakaseke,17,2496000.0,0.0,300000.0,0.0,1050000.0,0.0,0.0,0.0,3846000.0
550732633,nakaseke,17,1050000.0,0.0,0.0,0.0,0.0,0.0,0.0,0.0,1050000.0
550740078,nakaseke,17,1100000.0,149999.99999999994,0.0,0.0,0.0,0.0,0.0,0.0,1250000.0
552802393,nakaseke,17,8800000.0,999999.9999999995,0.0,0.0,299999.9999999999,0.0,0.0,0.0,10100000.0
553314788,nakaseke,17,7500000.0,0.0,0.0,0.0,1999999.9999999993,0.0,0.0,0.0,9500000.0
556033462,nakaseke,17,4032000.0,0.0,0.0,0.0,1755000.0,0.0,0.0,0.0,5787000.0
557694485,nakaseke,17,90000.0,0.0,0.0,50000.0,0.0,0.0,0.0,0.0,140000.0
557694682,nakaseke,17,90000.0,0.0,0.0,25000.0,0.0,0.0,0.0,0.0,115000.0
557711753,nakaseke,17,1750000.0,0.0,0.0,0.0,0.0,0.0,0.0,0.0,1750000.0
557713215,nakaseke,17,1100000.0000000002,0.0,0.0,0.0,0.0,0.0,0.0,0.0,1100000.0000000002
558375556,nakaseke,17,300000.0,0.0,0.0,50000.0,60000.0,0.0,0.0,0.0,410000.0
565368815,nakaseke,17,1150000.0,0.0,0.0,300000.0,0.0,0.0,0.0,0.0,1450000.0
583503314,nakaseke,17,3060000.0,0.0,0.0,0.0,639000.0,0.0,0.0,0.0,3699000.0
592192864,nakaseke,17,2400000.0,0.0,0.0,0.0,0.0,0.0,0.0,0.0,2400000.0
614807974,mukono,17,700000.0,0.0,0.0,400000.0,0.0,0.0,0.0,0.0,1100000.0
614850566,mukono,17,3200000.0,0.0,0.0,0.0,3000000.0,0.0,0.0,0.0,6200000.0
615761193,mukono,17,7000000.0,1000000.0,0.0,0.0,1000000.0,0.0,500000.0,0.0,9500000.0
615773611,mukono,17,1000000.0,200000.0,100000.0,0.0,100000.0,0.0,0.0,0.0,1400000.0
616675567,mukono,17,300000.0,0.0,0.0,0.0,0.0,1000000.0,600000.0,0.0,1900000.0
617462488,mukono,17,650000.0,0.0,0.0,0.0,0.0,4000000.0,0.0,0.0,4650000.0
617463415,mukono,17,300000.0,0.0,0.0,0.0,300000.0,2400000.0,0.0,0.0,3000000.0
617648934,mukono,17,2400000.0,0.0,0.0,0.0,0.0,0.0,0.0,0.0,2400000.0
619547863,mukono,17,1000000.0,0.0,0.0,0.0,250000.0,1000000.0,0.0,0.0,2250000.0
619769827,mukono,17,560000.0,0.0,0.0,0.0,0.0,0.0,0.0,250000.0,810000.0
619769984,mukono,17,1800000.0,0.0,0.0,0.0,0.0,0.0,0.0,0.0,1800000.0
620417365,mukono,17,600000.0,0.0,0.0,0.0,0.0,5000000.0,1000000.0,0.0,6600000.0
620699936,mukono,17,3200000.0,0.0,0.0,0.0,0.0,0.0,0.0,0.0,3200000.0
620700057,mukono,17,1200000.0,0.0,0.0,0.0,1600000.0,0.0,0.0,0.0,2800000.0
621078668,mukono,17,1100000.0,200000.0,0.0,0.0,800000.0,0.0,4800000.0,500000.0,7400000.0
621640204,mukono,17,130000.0,0.0,0.0,0.0,0.0,0.0,0.0,0.0,130000.0
621642449,mukono,17,200000.0,0.0,0.0,0.0,0.0,0.0,0.0,0.0,200000.0
622289483,mukono,17,400000.0,200000.0,100000.0,0.0,200000.0,0.0,0.0,0.0,900000.0
622485078,mukono,17,8000000.0,0.0,0.0,0.0,4500000.0,0.0,0.0,0.0,12500000.0
623981243,mukono,17,100000.0,0.0,0.0,0.0,250000.0,0.0,0.0,0.0,350000.0
624290457,mukono,17,1800000.0,500000.0,0.0,1000000.0,500000.0,600000.0,0.0,0.0,4400000.0
624291333,mukono,17,700000.0,600000.0,0.0,600000.0,500000.0,0.0,0.0,0.0,2400000.0
624292438,mukono,17,700000.0,700000.0,200000.0,200000.0,200000.0,0.0,0.0,0.0,2000000.0
631647010,mukono,17,1200000.0,0.0,0.0,0.0,75000.0,0.0,0.0,0.0,1275000.0
633165312,mukono,17,1200000.0,0.0,0.0,200000.0,0.0,0.0,0.0,0.0,1400000.0
633706793,mukono,17,300000.0,0.0,0.0,0.0,500000.0,0.0,0.0,0.0,800000.0
634022985,mukono,17,900000.0,0.0,0.0,300000.0,0.0,0.0,0.0,100000.0,1300000.0
634718242,mukono,17,5000000.0,1000000.0,0.0,1000000.0,1000000.0,0.0,0.0,0.0,8000000.0
635238561,mukono,17,1200000.0,0.0,0.0,500000.0,300000.0,0.0,0.0,0.0,2000000.0
636135365,mukono,17,3000000.0,0.0,500000.0,300000.0,100000.0,0.0,0.0,0.0,3900000.0
636136285,mukono,17,2400000.0,0.0,0.0,1000000.0,0.0,0.0,0.0,3000000.0,6400000.0
616674531,mukono,17,5100000.0,0.0,0.0,0.0,0.0,0.0,2000000.0,0.0,7100000.0
557715625,nakaseke,17,1650000.0,0.0,0.0,0.0,0.0,0.0,0.0,0.0,1650000.0
582503133,nakaseke,17,1260000.0,0.0,0.0,500000.0,0.0,0.0,0.0,0.0,1760000.0
586804272,nakaseke,17,3217800.0,300000.0,1000000.0,0.0,560000.0,0.0,0.0,0.0,5077800.0
620699783,mukono,17,2800000.0,0.0,0.0,0.0,0.0,0.0,0.0,0.0,2800000.0
550738751,nakaseke,17,400000.0,0.0,0.0,0.0,0.0,0.0,0.0,0.0,400000.0
589566299,nakaseke,17,540000.0,0.0,0.0,0.0,0.0,0.0,0.0,0.0,540000.0
556042851,nakaseke,17,700000.0,0.0,0.0,300000.0,250000.0,0.0,0.0,0.0,1250000.0
581667076,nakaseke,17,831600.0,0.0,300000.0,150000.0,0.0,0.0,0.0,0.0,1281600.0
561201812,nakaseke,17,600000.0,0.0,250000.0,90000.0,90000.0,0.0,0.0,0.0,1030000.0
561202655,nakaseke,17,300000.0,60000.0,55000.0,150000.0,70000.0,0.0,0.0,0.0,635000.0
622951271,mukono,17,1800000.0,1000000.0,0.0,0.0,1200000.0,0.0,0.0,0.0,4000000.0
623479194,mukono,17,2400000.0,0.0,0.0,0.0,1200000.0,0.0,0.0,0.0,3600000.0
633859954,mukono,17,1200000.0,0.0,1000000.0,0.0,500000.0,0.0,0.0,0.0,2700000.0
634322609,mukono,17,1800000.0,0.0,0.0,0.0,0.0,0.0,0.0,0.0,1800000.0
634718422,mukono,17,1000000.0,0.0,0.0,0.0,0.0,0.0,0.0,0.0,1000000.0
618738459,mukono,17,5400000.0,0.0,0.0,0.0,0.0,0.0,0.0,0.0,5400000.0
552806909,nakaseke,17,1120000.0,0.0,0.0,0.0,39999.99999999997,0.0,0.0,0.0,1160000.0
557694859,nakaseke,17,90000.0,0.0,0.0,0.0,0.0,0.0,0.0,0.0,90000.0
589566059,nakaseke,17,6300000.0,1000000.0,0.0,300000.0,0.0,0.0,0.0,0.0,7600000.0
593200247,nakaseke,17,31200005.0,1000000.0,0.0,0.0,1080000.0,0.0,0.0,0.0,33280005.0
613820537,nakaseke,17,5040000.0,500000.0,0.0,0.0,0.0,0.0,0.0,0.0,5540000.0
614808240,mukono,17,1000000.0,0.0,0.0,600000.0,0.0,200000.0,0.0,0.0,1800000.0
615773753,mukono,17,1500000.0,1000000.0,0.0,200000.0,0.0,0.0,0.0,0.0,2700000.0
617460629,mukono,17,800000.0,0.0,0.0,0.0,0.0,20000000.0,0.0,500000.0,21300000.0
617461111,mukono,17,400000.0,0.0,0.0,300000.0,0.0,0.0,0.0,0.0,700000.0
617461597,mukono,17,120000.0,0.0,0.0,0.0,0.0,0.0,0.0,0.0,120000.0
618056660,mukono,17,1200000.0,0.0,0.0,200000.0,0.0,500000.0,0.0,0.0,1900000.0
618502638,mukono,17,2000000.0,0.0,0.0,0.0,300000.0,0.0,0.0,100000.00000000001,2400000.0
618738618,mukono,17,3400000.0,0.0,0.0,0.0,0.0,0.0,0.0,0.0,3400000.0
619308856,mukono,17,3000000.0,500000.0,0.0,0.0,500000.0,0.0,0.0,9000000.0,13000000.0
620131758,mukono,17,700000.0,500000.0,0.0,0.0,500000.0,0.0,0.0,0.0,1700000.0
621077765,mukono,17,2500000.0,0.0,0.0,0.0,0.0,0.0,0.0,1000000.0,3500000.0
622950517,mukono,17,8000000.0,300000.0,0.0,500000.0,4000000.0,0.0,0.0,0.0,12800000.0
623178431,mukono,17,1600000.0,0.0,1000000.0,240000.0,0.0,0.0,0.0,0.0,2840000.0
623271316,mukono,17,750000.0,0.0,0.0,0.0,10000000.0,2000000.0,0.0,0.0,12750000.0
623272577,mukono,17,1000000.0,0.0,0.0,0.0,20000000.0,0.0,0.0,0.0,21000000.0
624293459,mukono,17,1100000.0,1000000.0,0.0,0.0,0.0,0.0,0.0,0.0,2100000.0
624713073,mukono,17,400000.0,0.0,0.0,5000000.0,0.0,0.0,0.0,0.0,5400000.0
624713879,mukono,17,685000.0,0.0,0.0,0.0,0.0,2000000.0,0.0,0.0,2685000.0
625320144,mukono,17,800000.0,360000.0,0.0,0.0,6000000.0,0.0,0.0,0.0,7160000.0
628089142,mukono,17,840000.0,0.0,0.0,0.0,0.0,0.0,5000000.0,0.0,5840000.0
628089849,mukono,17,1400000.0,0.0,0.0,0.0,0.0,3000000.0,0.0,0.0,4400000.0
628775275,mukono,17,45000000.0,0.0,0.0,1000000.0,0.0,10000000.0,0.0,0.0,56000000.0
630120893,mukono,17,2400000.0,0.0,0.0,500000.0,0.0,1000000.0,0.0,0.0,3900000.0
632524617,mukono,17,6500000.0,0.0,0.0,0.0,240000.0,2000000.0,0.0,0.0,8740000.0
633860632,mukono,17,2400000.0,0.0,0.0,0.0,1200000.0,0.0,4800000.0,0.0,8400000.0
633861486,mukono,17,1410000.0,0.0,0.0,0.0,0.0,0.0,6000000.0,0.0,7410000.0
634021883,mukono,17,5000000.0,1000000.0,0.0,0.0,600000.0,0.0,0.0,0.0,6600000.0
634952329,mukono,17,49000000.0,0.0,0.0,0.0,2000000.0,0.0,6000000.0,0.0,57000000.0
635102211,mukono,17,4000000.0,10000000.0,0.0,0.0,5000000.0,0.0,0.0,2000000.0,21000000.0
635102285,mukono,17,1200000.0,0.0,2000000.0,0.0,500000.0,0.0,0.0,0.0,3700000.0
623184098,mukono,17,1500000.0,0.0,0.0,0.0,500000.0,0.0,1000000.0,0.0,3000000.0
554408234,nakaseke,17,550000.0,0.0,0.0,0.0,0.0,0.0,0.0,0.0,550000.0
556042141,nakaseke,17,300000.0,0.0,0.0,0.0,120000.0,0.0,0.0,0.0,420000.0
559614978,nakaseke,17,600000.0,0.0,500000.0,0.0,400000.0,0.0,0.0,0.0,1500000.0
581570782,nakaseke,17,1000000.0,0.0,0.0,500000.0,225000.00000000015,0.0,0.0,0.0,1725000.0000000002
552806065,,17,500000.0,0.0,0.0,0.0,0.0,0.0,0.0,0.0,500000.0
553316435,nakaseke,17,1700000.0,0.0,0.0,0.0,299999.99999999977,0.0,0.0,0.0,1999999.9999999998
558375760,nakaseke,17,150000.0,0.0,0.0,0.0,0.0,0.0,0.0,0.0,150000.0
559615316,nakaseke,17,500000.0,0.0,400000.0,250000.0,50000.0,0.0,0.0,0.0,1200000.0
630121155,mukono,17,4200000.0,1000000.0,0.0,0.0,200000.0,0.0,0.0,0.0,5400000.0
630121646,mukono,17,2800000.0,0.0,0.0,700000.0,120000.0,0.0,0.0,0.0,3620000.0
560425493,nakaseke,17,250000.0,0.0,0.0,100000.0,50000.0,0.0,0.0,0.0,400000.0
560424556,nakaseke,17,600000.0,0.0,500000.0,90000.0,200000.0,0.0,0.0,0.0,1390000.0
561200542,nakaseke,17,600000.0,450000.0,0.0,90000.0,50000.0,0.0,0.0,0.0,1190000.0
561202398,nakaseke,17,350000.0,0.0,200000.0,100000.0,60000.0,0.0,0.0,0.0,710000.0
560425197,nakaseke,17,500000.0,0.0,350000.0,160000.0,90000.0,0.0,0.0,0.0,1100000.0
628088416,mukono,17,1300000.0,3000000.0,0.0,500000.0,0.0,2000000.0,0.0,0.0,6800000.0
628089405,mukono,17,1400000.0,0.0,0.0,0.0,0.0,6000000.0,0.0,0.0,7400000.0
628774965,mukono,17,1000000.0,0.0,2000000.0,500000.0,0.0,0.0,0.0,0.0,3500000.0
632530379,mukono,17,1000000.0,0.0,0.0,5000000.0,500000.0,0.0,0.0,0.0,6500000.0
636135085,mukono,17,20800000.0,1000000.0,0.0,0.0,500000.0,0.0,0.0,0.0,22300000.0
556039009,nakaseke,17,20000.0,0.0,0.0,50000.0,120000.0,0.0,0.0,0.0,190000.0
553316712,nakaseke,17,370000.0,0.0,0.0,0.0,149999.99999999994,0.0,0.0,0.0,519999.99999999994
621496649,mukono,17,2400000.0,0.0,0.0,2400000.0,100000.0,0.0,0.0,0.0,4900000.0
629845932,mukono,17,2000000.0,0.0,0.0,3000000.0,360000.0,0.0,0.0,0.0,5360000.0
632528316,mukono,17,5000000.0,0.0,0.0,1500000.0,0.0,0.0,0.0,0.0,6500000.0
633861263,mukono,17,8400000.0,10000000.0,0.0,0.0,6000000.0,0.0,0.0,0.0,24400000.0
635102642,mukono,17,7000000.0,0.0,0.0,0.0,10000000.0,0.0,0.0,0.0,17000000.0
560423470,nakaseke,17,450000.0,0.0,240000.0,0.0,300000.0,0.0,0.0,0.0,990000.0
551439101,nakaseke,17,1100000.0,0.0,0.0,0.0,0.0,0.0,0.0,0.0,1100000.0
553316111,nakaseke,17,380000.0,0.0,0.0,0.0,50000.00000000001,0.0,0.0,0.0,430000.0
554407800,nakaseke,17,900000.0,0.0,0.0,0.0,299999.99999999977,0.0,0.0,0.0,1199999.9999999998
558374654,nakaseke,17,450000.0,249999.99999999983,250000.0,100000.0,0.0,0.0,0.0,0.0,1049999.9999999998
558375246,nakaseke,17,220000.0,0.0,50000.0,150000.0,0.0,0.0,0.0,0.0,420000.0
581569323,nakaseke,17,1350000.0,999999.9999999997,0.0,499999.99999999977,499999.99999999977,0.0,0.0,0.0,3349999.999999999
581571879,nakaseke,17,500000.0,0.0,200000.0,150000.0,60000.0,0.0,0.0,0.0,910000.0
564861263,nakaseke,17,500000.0,150000.0,50000.0,100000.0,60000.0,0.0,0.0,0.0,860000.0
559615143,nakaseke,17,300000.0,0.0,50000.0,60000.0,100000.0,0.0,0.0,0.0,510000.0
564864365,nakaseke,17,300000.0,60000.0,58000.0,100000.0,60000.0,0.0,0.0,0.0,578000.0
553315619,nakaseke,17,350000.0,0.0,0.0,0.0,0.0,0.0,0.0,0.0,350000.0
556039301,nakaseke,17,500000.0,0.0,0.0,90000.0,150000.0,0.0,0.0,0.0,740000.0
615757479,mukono,17,800000.0,0.0,0.0,0.0,100000.0,0.0,0.0,0.0,900000.0
615773011,mukono,17,1500000.0,0.0,0.0,0.0,0.0,0.0,0.0,200000.0,1700000.0
619554974,mukono,17,3600000.0,2000000.0,0.0,0.0,1000000.0,0.0,0.0,0.0,6600000.0
620416772,mukono,17,500000.0,0.0,0.0,600000.0,0.0,180000.0,0.0,0.0,1280000.0
620419799,mukono,17,4000000.0,0.0,0.0,0.0,125000.0,0.0,0.0,0.0,4125000.0
621494958,mukono,17,500000.0,0.0,0.0,0.0,0.0,0.0,0.0,5000000.0,5500000.0
621496210,mukono,17,6000000.0,1000000.0,0.0,500000.0,0.0,0.0,0.0,0.0,7500000.0
621498584,mukono,17,16800000.0,0.0,0.0,0.0,500000.0,1000000.0,0.0,0.0,18300000.0
621639094,mukono,17,400000.0,0.0,0.0,0.0,300000.0,0.0,1500000.000000001,0.0,2200000.000000001
623187149,mukono,17,560000.0,0.0,0.0,240000.0,0.0,1000000.0,0.0,0.0,1800000.0
623270536,mukono,17,13500000.0,0.0,0.0,0.0,1900000.0,0.0,0.0,0.0,15400000.0
624711692,mukono,17,1200000.0,1000000.0,0.0,0.0,2000000.0,0.0,0.0,0.0,4200000.0
624712163,mukono,17,2400000.0,1080000.0,0.0,0.0,0.0,5000000.0,0.0,0.0,8480000.0
625315993,mukono,17,1200000.0,0.0,0.0,500000.0,100000.0,0.0,0.0,0.0,1800000.0
628080096,mukono,17,7000000.0,0.0,0.0,0.0,2000000.0,0.0,0.0,0.0,9000000.0
628775775,mukono,17,36000000.0,3000000.0,0.0,0.0,0.0,1000000.0,0.0,0.0,40000000.0
630120684,mukono,17,7000000.0,2000000.0,0.0,0.0,0.0,3000000.0,0.0,0.0,12000000.0
632531024,mukono,17,3500000.0,0.0,0.0,1000000.0,0.0,0.0,5000000.0,0.0,9500000.0
632870785,mukono,17,3200000.0,0.0,0.0,0.0,70000.0,0.0,0.0,0.0,3270000.0
634322563,mukono,17,1200000.0,0.0,0.0,0.0,2000000.0,0.0,0.0,0.0,3200000.0
634951268,mukono,17,1000000.0,0.0,0.0,1300000.0,0.0,0.0,0.0,0.0,2300000.0
619307991,mukono,17,6000000.0,1000000.0,0.0,500000.0,15000000.0,0.0,6000000.0,0.0,28500000.0
634929055,mukono,17,2400000.0,0.0,0.0,0.0,500000.0,0.0,0.0,0.0,2900000.0
635625431,mukono,17,1200000.0,0.0,0.0,0.0,800000.0,0.0,0.0,0.0,2000000.0
625318562,mukono,17,400000.0,0.0,2000000.0,1000000.0,0.0,0.0,0.0,0.0,3400000.0
628776109,mukono,17,4900000.0,0.0,0.0,450000.0,0.0,2000000.0,0.0,0.0,7350000.0
633860413,mukono,17,42000000.0,0.0,0.0,1000000.0,500000.0,0.0,0.0,12000000.0,55500000.0
557694292,nakaseke,17,300000.0,0.0,0.0,50000.0,60000.0,0.0,0.0,0.0,410000.0
582450581,nakaseke,17,350000.0,50000.0,90000.0,0.0,0.0,0.0,0.0,0.0,490000.0
613185259,nakaseke,17,390000.0,0.0,0.0,0.0,400000.0,0.0,0.0,0.0,790000.0
614810845,mukono,17,800000.0,0.0,0.0,0.0,0.0,0.0,0.0,0.0,800000.0
617648764,mukono,17,1200000.0,0.0,0.0,0.0,0.0,0.0,0.0,0.0,1200000.0
551438934,nakaseke,17,1700000.0,0.0,0.0,0.0,0.0,0.0,0.0,0.0,1700000.0
589548879,nakaseke,17,20000.0,0.0,100000.0,0.0,250000.0,0.0,0.0,0.0,370000.0
554402613,nakaseke,17,0.0,0.0,0.0,0.0,69999.99999999994,0.0,0.0,0.0,69999.99999999994
589547568,nakaseke,17,350000.0,0.0,0.0,149999.99999999994,0.0,100000.00000000001,0.0,0.0,600000.0
592180125,nakaseke,17,350000.0,0.0,0.0,0.0,200000.0,0.0,0.0,0.0,550000.0
613184766,nakaseke,17,600000.0,0.0,0.0,100000.0,250000.0,0.0,0.0,0.0,950000.0
613185864,nakaseke,17,600000.0,20000.0,0.0,249999.99999999983,500000.0,0.0,0.0,0.0,1369999.9999999998
593216040,nakaseke,17,400000.0,250000.0,69000.0,0.0,200000.0,0.0,0.0,0.0,919000.0
552806578,nakaseke,17,1300000.0,0.0,0.0,0.0,0.0,0.0,0.0,0.0,1300000.0
554403180,,17,1100000.0,0.0,0.0,0.0,600000.0000000003,0.0,0.0,0.0,1700000.0000000005
554997531,nakaseke,17,400000.0,0.0,0.0,60000.0,250000.0,0.0,0.0,0.0,710000.0
581568916,nakaseke,17,500000.0,0.0,90000.0,60000.0,170000.0,0.0,0.0,0.0,820000.0
582449149,nakaseke,17,600000.0,250000.0,0.0,150000.0,50000.0,0.0,0.0,0.0,1050000.0
583384059,nakaseke,17,9000000.0,350000.0,0.0,0.0,250000.0,0.0,0.0,0.0,9600000.0
584465855,nakaseke,17,400000.0,150000.0,0.0,0.0,0.0,0.0,0.0,0.0,550000.0
585291611,nakaseke,17,9000000.0,30000.0,0.0,60000.0,350000.0,0.0,0.0,0.0,9440000.0
588618114,nakaseke,17,600000.0,0.0,0.0,120000.0,30000.0,0.0,0.0,0.0,750000.0
589549118,nakaseke,17,600000.0,0.0,90000.0,0.0,250000.0,0.0,0.0,0.0,940000.0
592179551,nakaseke,17,200000.0,0.0,0.0,150000.0,150000.0,0.0,0.0,0.0,500000.0
613185857,nakaseke,17,600000.0,300000.0,0.0,120000.0,350000.0,0.0,0.0,0.0,1370000.0
613185868,nakaseke,17,500000.0,350000.0,0.0,0.0,400000.0,0.0,0.0,0.0,1250000.0
618737230,mukono,17,1800000.0,0.0,0.0,0.0,0.0,0.0,0.0,0.0,1800000.0
625321534,mukono,17,5600000.0,0.0,0.0,0.0,2000000.0,10000000.0,0.0,0.0,17600000.0
613185262,nakaseke,17,260000.0,0.0,300000.0,100000.0,250000.0,0.0,0.0,0.0,910000.0
586823072,nakaseke,17,600000.0,0.0,0.0,249999.99999999983,600000.0,0.0,0.0,0.0,1449999.9999999998
586821078,nakaseke,17,800000.0,0.0,0.0,20000.0,96000.0,0.0,0.0,0.0,916000.0
586823179,nakaseke,17,600000.0,0.0,0.0,100000.0,600000.0,0.0,0.0,0.0,1300000.0
588618032,nakaseke,17,1000000.0,200000.0,0.0,150000.0,350000.0,0.0,0.0,0.0,1700000.0
592179319,nakaseke,17,300000.0,0.0,0.0,0.0,200000.0,0.0,0.0,0.0,500000.0
613185254,nakaseke,17,350000.0,400000.0,50000.00000000001,0.0,230000.0,0.0,0.0,0.0,1030000.0
613184756,nakaseke,17,380000.0,0.0,50000.00000000001,0.0,350000.0,0.0,0.0,0.0,780000.0
613184762,nakaseke,17,5000000.0,0.0,499999.9999999997,700000.0,250000.0,100000.0,0.0,0.0,6550000.0
593216705,nakaseke,17,350000.0,109.0,0.0,0.0,200000.0,0.0,0.0,0.0,550109.0
582448458,nakaseke,17,600000.0,300000.0,0.0,150000.0,200000.0,0.0,0.0,0.0,1250000.0
583383308,nakaseke,17,560000.0,30000.0,90000.0,3.0,20000.0,0.0,0.0,0.0,700003.0
584457728,nakaseke,17,350000.0,0.0,0.0,0.0,0.0,0.0,0.0,0.0,350000.0
584460556,nakaseke,17,250000.0,100000.0,0.0,150000.0,60000.00000000002,0.0,0.0,0.0,560000.0
586822745,nakaseke,17,600000.0,300000.0,0.0,0.0,200000.0,0.0,0.0,0.0,1100000.0
588618956,nakaseke,17,600000.0,0.0,150000.0,0.0,250000.0,0.0,0.0,0.0,1000000.0
588619984,nakaseke,17,500000.0,0.0,0.0,0.0,250000.0,0.0,0.0,0.0,750000.0
589548430,nakaseke,17,300000.0,0.0,25000.0,0.0,500000.0,0.0,0.0,0.0,825000.0
613184214,nakaseke,17,200000.0,0.0,50000.0,0.0,130000.0,0.0,0.0,0.0,380000.0
551438775,nakaseke,17,1200000.0,0.0,0.0,0.0,0.0,0.0,0.0,0.0,1200000.0
552805506,nakaseke,17,9700000.0,0.0,0.0,0.0,0.0,0.0,0.0,0.0,9700000.0
582449815,nakaseke,17,500000.0,200000.0,0.0,0.0,60000.0,5000000.000000003,0.0,0.0,5760000.000000003
583383783,nakaseke,17,500000.0,200000.0,0.0,0.0,300000.0,0.0,0.0,0.0,1000000.0
583384470,nakaseke,17,500000.0,250000.0,0.0,149999.99999999994,200000.0,0.0,0.0,0.0,1100000.0
585919910,nakaseke,17,2000000.0,500000.0,58000.00000000002,500000.0,600000.0,0.0,0.0,0.0,3658000.0
585937638,nakaseke,17,600000.0,250000.0,50000.00000000001,60000.0,260000.0,0.0,0.0,0.0,1220000.0
592179023,nakaseke,17,1000000.0,200000.0,0.0,100000.0,0.0,0.0,0.0,0.0,1300000.0
551439238,nakaseke,17,1500000.0,0.0,0.0,0.0,0.0,0.0,0.0,0.0,1500000.0
555070994,nakaseke,17,600000.0,250000.0,0.0,100000.0,60000.0,0.0,0.0,0.0,1010000.0
555112218,nakaseke,17,1050000.0,0.0,0.0,0.0,199999.99999999997,0.0,0.0,0.0,1250000.0
555148547,nakaseke,17,400000.0,250000.0,0.0,90000.0,400000.0,0.0,0.0,0.0,1140000.0
584458624,nakaseke,17,600000.0,250000.0,400000.0,100000.0,0.0,0.0,0.0,0.0,1350000.0
585290674,nakaseke,17,500000.0,250000.0,0.0,100000.0,900000.0,0.0,0.0,0.0,1750000.0
585290890,nakaseke,17,700000.0,300000.0,50000.0,120000.0,350000.0,0.0,0.0,0.0,1520000.0
585309665,nakaseke,17,500000.0,0.0,0.0,0.0,200000.0,0.0,0.0,0.0,700000.0
585924133,nakaseke,17,600000.0,200000.0,0.0,150000.0,300000.0,0.0,0.0,0.0,1250000.0
585929887,nakaseke,17,500000.0,0.0,0.0,0.0,0.0,0.0,0.0,0.0,500000.0
613834815,nakaseke,17,2100000.0,0.0,0.0,0.0,0.0,0.0,0.0,8999999.999999985,11099999.999999985
613836978,nakaseke,17,700000.0,0.0,0.0,0.0,0.0,0.0,0.0,0.0,700000.0
617656696,mukono,17,1099999.9999999998,0.0,0.0,0.0,0.0,5100000.000000003,0.0,0.0,6200000.000000003
633860938,mukono,17,3000000.0,1000000.0,0.0,0.0,5000000.0,0.0,0.0,0.0,9000000.0
616677841,mukono,18,70000.0,0.0,6000000.0,0.0,0.0,0.0,0.0,0.0,6070000.0
551440657,nakaseke,18,280000.0,0.0,240000.00000000003,0.0,0.0,0.0,0.0,0.0,520000.0
592191523,nakaseke,18,312000.0,0.0,0.0,0.0,500000.0,0.0,0.0,0.0,812000.0
552803559,nakaseke,18,3440000.0,200000.00000000006,0.0,0.0,69999.99999999994,0.0,0.0,0.0,3710000.0
613177526,nakaseke,18,50000000.0,0.0,0.0,0.0,0.0,0.0,0.0,0.0,50000000.0
613831899,nakaseke,18,203000.0,0.0,0.0,0.0,0.0,0.0,0.0,0.0,203000.0
614880484,mukono,18,120000.0,0.0,0.0,0.0,0.0,0.0,0.0,0.0,120000.0
550714067,nakaseke,18,800000.0,0.0,0.0,0.0,50000.00000000001,0.0,0.0,0.0,850000.0
550714208,nakaseke,18,1000000.0,0.0,0.0,0.0,200000.00000000006,0.0,0.0,0.0,1200000.0
556045414,nakaseke,18,1000000.0,0.0,0.0,0.0,500000.0,0.0,0.0,0.0,1500000.0
556046788,nakaseke,18,800000.0,0.0,0.0,300000.0,0.0,0.0,0.0,0.0,1100000.0
557695958,nakaseke,18,1000000.0,500000.0,0.0,0.0,200000.0,0.0,0.0,0.0,1700000.0
560461977,nakaseke,18,3000000.0,500000.0,0.0,0.0,0.0,0.0,0.0,0.0,3500000.0
592361767,nakaseke,18,5000000.0,0.0,0.0,0.0,250000.0,0.0,0.0,0.0,5250000.0
592363240,nakaseke,18,3000000.0,200000.0,0.0,0.0,500000.0,0.0,0.0,0.0,3700000.0
616701192,mukono,18,520000.0,0.0,0.0,0.0,0.0,0.0,0.0,0.0,520000.0
624293019,mukono,18,900000.0,500000.0,200000.0,300000.0,300000.0,0.0,0.0,0.0,2200000.0
550715350,nakaseke,18,800000.0,0.0,0.0,0.0,0.0,0.0,0.0,0.0,800000.0
552803832,nakaseke,18,2300000.0,0.0,0.0,0.0,1199999.9999999998,0.0,0.0,0.0,3500000.0
553311655,nakaseke,18,950000.0,249999.9999999998,499999.99999999977,0.0,0.0,0.0,0.0,0.0,1699999.9999999995
554396495,nakaseke,18,900000.0,0.0,0.0,0.0,0.0,0.0,0.0,0.0,900000.0
555218845,nakaseke,18,4500000.0,0.0,0.0,400000.0,0.0,0.0,0.0,0.0,4900000.0
556047384,nakaseke,18,1500000.0,0.0,0.0,300000.0,0.0,500000.0,0.0,0.0,2300000.0
557713875,nakaseke,18,700000.0,0.0,0.0,0.0,0.0,0.0,0.0,0.0,700000.0
558376731,nakaseke,18,800000.0,0.0,0.0,0.0,0.0,0.0,0.0,0.0,800000.0
558377788,nakaseke,18,1250000.0,0.0,0.0,350000.0,40000.0,0.0,0.0,0.0,1640000.0
558378029,nakaseke,18,1000000.0,0.0,0.0,0.0,250000.0,0.0,0.0,0.0,1250000.0
559605691,nakaseke,18,4000000.0,300000.0,0.0,0.0,250000.0,0.0,0.0,0.0,4550000.0
560460598,nakaseke,18,4000000.0,0.0,0.0,0.0,0.0,0.0,0.0,0.0,4000000.0
560460842,nakaseke,18,2000000.0,0.0,0.0,0.0,400000.0,0.0,0.0,0.0,2400000.0
561199081,nakaseke,18,2500000.0,400000.0,0.0,0.0,200000.0,0.0,0.0,0.0,3100000.0
561203340,nakaseke,18,2500000.0,0.0,0.0,0.0,0.0,0.0,0.0,0.0,2500000.0
561250862,nakaseke,18,399600.0,0.0,0.0,300000.0,0.0,0.0,0.0,0.0,699600.0
582704845,nakaseke,18,7000000.0,400000.0,0.0,0.0,0.0,0.0,0.0,0.0,7400000.0
585217011,nakaseke,18,8000000.0,0.0,200000.0,0.0,0.0,0.0,0.0,0.0,8200000.0
588626659,nakaseke,18,156000.0,500000.0,300000.0,0.0,0.0,0.0,0.0,0.0,956000.0
588783193,nakaseke,18,7000000.0,0.0,0.0,0.0,0.0,0.0,0.0,0.0,7000000.0
613810847,nakaseke,18,360000.0,0.0,0.0,0.0,0.0,0.0,0.0,0.0,360000.0
614880582,mukono,18,400000.0,0.0,0.0,0.0,0.0,0.0,0.0,0.0,400000.0
616579050,mukono,18,500000.0,0.0,0.0,0.0,0.0,0.0,0.0,90000.0,590000.0
616701381,mukono,18,400000.0,0.0,0.0,0.0,0.0,0.0,0.0,180000.0,580000.0
623704503,mukono,18,300000.0,0.0,0.0,100000.0,0.0,0.0,0.0,100000.0,500000.0
550714829,nakaseke,18,600000.0,0.0,0.0,0.0,0.0,0.0,0.0,0.0,600000.0
551432268,nakaseke,18,650000.0,0.0,0.0,3000000.000000001,0.0,0.0,0.0,0.0,3650000.000000001
551438359,nakaseke,18,3800000.0,0.0,0.0,449999.99999999994,0.0,0.0,0.0,0.0,4250000.0
551438847,nakaseke,18,750000.0,0.0,0.0,0.0,69999.99999999994,0.0,0.0,0.0,820000.0
552834713,nakaseke,18,2500000.0,0.0,0.0,0.0,499999.99999999977,0.0,0.0,0.0,3000000.0
553313606,nakaseke,18,1100000.0,0.0,0.0,0.0,89999.99999999997,0.0,0.0,0.0,1190000.0
553314110,nakaseke,18,6500000.0,0.0,0.0,0.0,499999.9999999997,0.0,0.0,0.0,7000000.0
553314852,nakaseke,18,6380000.0,0.0,0.0,0.0,499999.9999999997,0.0,0.0,0.0,6880000.0
554382238,nakaseke,18,5500000.0,0.0,299999.9999999999,0.0,800000.0000000003,0.0,0.0,0.0,6600000.0
554383042,nakaseke,18,5500000.0,0.0,0.0,0.0,19999999.999999978,0.0,0.0,0.0,25499999.999999978
554388188,nakaseke,18,7500000.0,0.0,1999999.9999999993,0.0,100000.00000000001,0.0,0.0,0.0,9600000.0
555219221,nakaseke,18,4000000.0,0.0,0.0,0.0,1000000.0,0.0,6000000.0,0.0,11000000.0
555219441,nakaseke,18,8000000.0,0.0,0.0,0.0,1000000.0,0.0,0.0,0.0,9000000.0
555219813,nakaseke,18,800000.0,0.0,0.0,0.0,150000.0,0.0,0.0,0.0,950000.0
556046148,nakaseke,18,500000.0,0.0,0.0,200000.0,150000.0,0.0,0.0,0.0,850000.0
557695618,nakaseke,18,800000.0,0.0,0.0,0.0,300000.0,0.0,0.0,0.0,1100000.0
557695779,nakaseke,18,5000000.0,0.0,200000.0,0.0,0.0,0.0,0.0,0.0,5200000.0
557696080,nakaseke,18,2000000.0,800000.0,0.0,250000.0,0.0,0.0,0.0,0.0,3050000.0
559607285,nakaseke,18,1000000.0,0.0,150000.0,300000.0,0.0,0.0,0.0,0.0,1450000.0
559607680,nakaseke,18,3500000.0,0.0,0.0,350000.0,0.0,0.0,0.0,0.0,3850000.0
559615651,nakaseke,18,2000000.0,0.0,0.0,0.0,0.0,0.0,0.0,0.0,2000000.0
560459965,nakaseke,18,3000000.0,0.0,0.0,0.0,0.0,0.0,1500000.0,0.0,4500000.0
561202301,nakaseke,18,3500000.0,0.0,150000.0,0.0,0.0,0.0,0.0,0.0,3650000.0
567488224,nakaseke,18,3000000.0,0.0,0.0,0.0,300000.0,0.0,0.0,0.0,3300000.0
581728335,nakaseke,18,6000000.0,400000.0,0.0,0.0,0.0,0.0,0.0,0.0,6400000.0
581800534,nakaseke,18,5000000.0,0.0,0.0,0.0,400000.0,0.0,0.0,0.0,5400000.0
581801301,nakaseke,18,4000000.0,0.0,0.0,0.0,0.0,0.0,0.0,0.0,4000000.0
582682579,nakaseke,18,3000000.0,0.0,0.0,0.0,400000.0,0.0,0.0,0.0,3400000.0
582684638,nakaseke,18,2000000.0,0.0,0.0,0.0,0.0,0.0,0.0,0.0,2000000.0
583582238,nakaseke,18,15000000.0,500000.0,0.0,0.0,0.0,0.0,0.0,0.0,15500000.0
584447265,nakaseke,18,8000000.0,0.0,0.0,0.0,500000.0,0.0,0.0,0.0,8500000.0
585215638,nakaseke,18,15000000.0,0.0,0.0,0.0,0.0,0.0,0.0,0.0,15000000.0
585216305,nakaseke,18,3000000.0,0.0,0.0,0.0,0.0,0.0,0.0,0.0,3000000.0
587012670,nakaseke,18,15000000.0,0.0,0.0,0.0,0.0,0.0,0.0,0.0,15000000.0
587012983,nakaseke,18,8000000.0,0.0,0.0,0.0,200000.0,0.0,0.0,0.0,8200000.0
587013280,nakaseke,18,25000000.0,0.0,0.0,0.0,0.0,2000000.0,0.0,0.0,27000000.0
588781706,nakaseke,18,14000000.0,300000.0,0.0,0.0,0.0,0.0,0.0,0.0,14300000.0
589705500,nakaseke,18,5000000.0,0.0,0.0,0.0,400000.0,0.0,0.0,0.0,5400000.0
589705733,nakaseke,18,12000000.0,450000.0,0.0,0.0,0.0,0.0,0.0,0.0,12450000.0
592193539,nakaseke,18,7998000.0,0.0,0.0,0.0,0.0,0.0,0.0,0.0,7998000.0
593223241,nakaseke,18,3000000.0,3000000.0,0.0,0.0,5000000.0,0.0,0.0,0.0,11000000.0
593223559,nakaseke,18,5000000.0,450000.0,0.0,0.0,0.0,0.0,0.0,0.0,5450000.0
613174996,nakaseke,18,3500000.0,0.0,0.0,0.0,300000.0,0.0,0.0,0.0,3800000.0
613177861,nakaseke,18,2000000.0,0.0,0.0,0.0,500000.0,0.0,0.0,0.0,2500000.0
613177864,nakaseke,18,5000000.0,0.0,0.0,0.0,0.0,0.0,0.0,0.0,5000000.0
613178463,nakaseke,18,8000000.0,0.0,0.0,0.0,0.0,5000000.0,0.0,0.0,13000000.0
613178868,nakaseke,18,500000.0,0.0,0.0,0.0,300000.0,0.0,0.0,0.0,800000.0
613180603,nakaseke,18,2000000.0,0.0,0.0,0.0,0.0,0.0,0.0,0.0,2000000.0
613822490,nakaseke,18,180000.0,150000.0,250000.0,0.0,0.0,0.0,0.0,0.0,580000.0
613825443,nakaseke,18,754000.0,250000.0,0.0,100000.0,0.0,0.0,0.0,0.0,1104000.0
618055484,mukono,18,750000.0,0.0,0.0,0.0,0.0,0.0,0.0,500000.0,1250000.0
619558400,mukono,18,350000.0,0.0,0.0,200000.0,100000.0,0.0,0.0,0.0,650000.0
621499875,mukono,18,800000.0,0.0,3600000.0,0.0,0.0,0.0,0.0,0.0,4400000.0
623176650,mukono,18,500000.0,0.0,12000000.0,1000000.0,0.0,0.0,0.0,0.0,13500000.0
623183149,mukono,18,288000.0,0.0,0.0,0.0,0.0,1000000.0,0.0,5000000.0,6288000.0
623185581,mukono,18,500000.0,0.0,0.0,1000000.0,0.0,2400000.0,0.0,0.0,3900000.0
633165095,mukono,18,500000.0,0.0,0.0,3000000.0,20000000.0,0.0,0.0,0.0,23500000.0
633861862,mukono,18,2000000.0,0.0,1000000.0,20000000.0,0.0,0.0,0.0,0.0,23000000.0
634022320,mukono,18,300000.0,0.0,0.0,300000.0,0.0,0.0,0.0,0.0,600000.0
634322498,mukono,18,120000.0,0.0,0.0,0.0,0.0,0.0,0.0,0.0,120000.0
634928993,mukono,18,60000.0,0.0,0.0,0.0,0.0,0.0,0.0,0.0,60000.0
634952733,mukono,18,1400000.0,0.0,0.0,0.0,500000.0,10000000.0,0.0,0.0,11900000.0
634953204,mukono,18,1200000.0,720000.0,0.0,0.0,500000.0,0.0,0.0,0.0,2420000.0
635102101,mukono,18,500000.0,0.0,0.0,0.0,0.0,20000000.0,12000000.0,0.0,32500000.0
635102513,mukono,18,800000.0,0.0,0.0,10000000.0,1000000.0,0.0,0.0,0.0,11800000.0
644159914,mukono,18,15000000.0,0.0,0.0,0.0,2800000.0,0.0,0.0,0.0,17800000.0
644420047,mukono,18,800000.0,0.0,0.0,0.0,0.0,2000000.0,0.0,0.0,2800000.0
551439754,nakaseke,18,4000000.0,299999.99999999977,0.0,0.0,499999.99999999977,0.0,0.0,0.0,4800000.0
552968706,nakaseke,18,8000000.0,0.0,0.0,0.0,200000.00000000006,0.0,0.0,0.0,8200000.0
552969446,nakaseke,18,2500000.0,0.0,0.0,0.0,69999.99999999994,0.0,0.0,0.0,2570000.0
552970239,nakaseke,18,3500000.0,0.0,0.0,199999.99999999997,0.0,0.0,0.0,0.0,3700000.0
554387935,nakaseke,18,5500000.0,0.0,0.0,0.0,1049999.9999999998,0.0,0.0,0.0,6550000.0
558377096,nakaseke,18,2500000.0,500000.0,0.0,0.0,0.0,1000000.0,0.0,0.0,4000000.0
559607458,nakaseke,18,4000000.0,500000.0,0.0,0.0,200000.0,0.0,0.0,0.0,4700000.0
567493335,nakaseke,18,2000000.0,0.0,0.0,400000.0,800000.0,0.0,0.0,0.0,3200000.0
581802079,nakaseke,18,7000000.0,0.0,150000.0,0.0,300000.0,0.0,0.0,0.0,7450000.0
582619340,nakaseke,18,2000000.0,0.0,0.0,0.0,0.0,0.0,0.0,0.0,2000000.0
583580839,nakaseke,18,25000000.0,0.0,0.0,0.0,0.0,10000000.0,0.0,0.0,35000000.0
584444811,nakaseke,18,4000000.0,0.0,0.0,300000.0,0.0,0.0,0.0,0.0,4300000.0
585215286,nakaseke,18,6500000.0,500000.0,0.0,500000.0,0.0,0.0,0.0,0.0,7500000.0
587013182,nakaseke,18,6000000.0,0.0,150000.0,0.0,450000.0,0.0,0.0,0.0,6600000.0
588782700,nakaseke,18,12000000.0,0.0,0.0,500000.0,0.0,0.0,0.0,0.0,12500000.0
589705993,nakaseke,18,10000000.0,0.0,0.0,0.0,0.0,0.0,0.0,0.0,10000000.0
613178458,nakaseke,18,30000000.0,500000.0,0.0,0.0,0.0,0.0,0.0,0.0,30500000.0
613178880,nakaseke,18,3000000.0,800000.0,300000.0,0.0,0.0,0.0,0.0,0.0,4100000.0
613179574,nakaseke,18,4000000.0,0.0,0.0,0.0,400000.0,0.0,0.0,0.0,4400000.0
615825416,mukono,18,50000.0,0.0,0.0,0.0,0.0,0.0,0.0,0.0,50000.0
619544793,mukono,18,1000000.0,0.0,0.0,0.0,0.0,1000000.0,0.0,0.0,2000000.0
623479229,mukono,18,120000.0,0.0,0.0,0.0,0.0,0.0,0.0,0.0,120000.0
633706398,mukono,18,600000.0,0.0,0.0,0.0,0.0,0.0,0.0,0.0,600000.0
633706854,mukono,18,150000.0,0.0,0.0,0.0,80000.0,0.0,0.0,0.0,230000.0
553314312,nakaseke,18,11000000.0,0.0,0.0,0.0,599999.9999999998,0.0,0.0,0.0,11600000.0
555219512,nakaseke,18,1200000.0,2000000.0,0.0,0.0,0.0,0.0,0.0,0.0,3200000.0
561200684,nakaseke,18,4000000.0,0.0,0.0,200000.0,0.0,0.0,0.0,0.0,4200000.0
583583184,nakaseke,18,20000000.0,0.0,0.0,0.0,500000.0,0.0,0.0,0.0,20500000.0
584444125,nakaseke,18,8000000.0,0.0,0.0,0.0,0.0,1000000.0,0.0,0.0,9000000.0
584446459,nakaseke,18,4000000.0,0.0,200000.0,0.0,0.0,0.0,0.0,0.0,4200000.0
586786507,nakaseke,18,551800.0,160000.0,0.0,0.0,0.0,0.0,0.0,0.0,711800.0
586805028,nakaseke,18,384400.0,180000.0,0.0,0.0,100800.0,0.0,0.0,0.0,665200.0
588783732,nakaseke,18,8000000.0,0.0,0.0,300000.0,0.0,0.0,0.0,0.0,8300000.0
589705256,nakaseke,18,10000000.0,0.0,0.0,0.0,0.0,8000000.0,0.0,0.0,18000000.0
592362627,nakaseke,18,4000000.0,500000.0,0.0,0.0,0.0,0.0,0.0,0.0,4500000.0
592363516,nakaseke,18,9900000.0,0.0,0.0,0.0,0.0,0.0,0.0,0.0,9900000.0
615755561,mukono,18,24000000.0,2000000.0,0.0,0.0,1000000.0,5000000.0,0.0,0.0,32000000.0
616699698,mukono,18,600000.0,0.0,0.0,0.0,0.0,0.0,0.0,0.0,600000.0
618056804,mukono,18,1400000.0,0.0,0.0,200000.0,50000.0,0.0,0.0,0.0,1650000.0
623479343,mukono,18,150000.0,0.0,0.0,0.0,70000.0,0.0,0.0,0.0,220000.0
631647706,mukono,18,230000.0,0.0,0.0,0.0,0.0,0.0,0.0,0.0,230000.0
632871446,mukono,18,800000.0,0.0,0.0,0.0,0.0,0.0,0.0,0.0,800000.0
644420087,mukono,18,600000.0,0.0,0.0,1500000.0,0.0,0.0,0.0,0.0,2100000.0
583581711,nakaseke,18,8000000.0,0.0,200000.0,0.0,0.0,0.0,0.0,0.0,8200000.0
592192218,nakaseke,18,2400000.0,0.0,0.0,0.0,250000.0,0.0,0.0,0.0,2650000.0
614880682,mukono,18,1400000.0,0.0,0.0,0.0,0.0,0.0,0.0,0.0,1400000.0
618739011,mukono,18,6400000.0,0.0,0.0,0.0,0.0,0.0,0.0,0.0,6400000.0
618739107,mukono,18,1800000.0,0.0,0.0,0.0,0.0,0.0,0.0,0.0,1800000.0
622484850,mukono,18,600000.0,0.0,0.0,0.0,0.0,0.0,0.0,0.0,600000.0
623479274,mukono,18,150000.0,0.0,0.0,0.0,0.0,0.0,0.0,0.0,150000.0
623981062,mukono,18,400000.0,0.0,0.0,0.0,180000.0,0.0,0.0,0.0,580000.0
634929144,mukono,18,40000.0,0.0,0.0,0.0,75000.0,0.0,0.0,0.0,115000.0
635625391,mukono,18,120000.0,0.0,0.0,0.0,0.0,0.0,0.0,0.0,120000.0
635625490,mukono,18,80000.0,0.0,0.0,0.0,0.0,0.0,0.0,0.0,80000.0
556031317,nakaseke,18,450000.0,0.0,0.0,0.0,0.0,0.0,0.0,0.0,450000.0
556037719,nakaseke,18,400000.0,0.0,0.0,0.0,0.0,0.0,0.0,0.0,400000.0
560449324,nakaseke,18,2666000.0,0.0,0.0,0.0,1425600.0,0.0,0.0,0.0,4091600.0
586026956,nakaseke,18,354000.0,0.0,300000.0,0.0,0.0,0.0,0.0,0.0,654000.0
616680304,mukono,18,400000.0,0.0,800000.0,0.0,0.0,3600000.0,0.0,0.0,4800000.0
616700114,mukono,18,360000.0,0.0,0.0,0.0,0.0,0.0,0.0,0.0,360000.0
623980936,mukono,18,180000.0,0.0,0.0,0.0,0.0,0.0,0.0,0.0,180000.0
632872132,mukono,18,590000.0,0.0,0.0,0.0,0.0,0.0,0.0,0.0,590000.0
550732883,nakaseke,18,2800000.0,0.0,0.0,0.0,0.0,0.0,0.0,0.0,2800000.0
582502735,nakaseke,18,450000.0,0.0,0.0,0.0,0.0,0.0,0.0,0.0,450000.0
586030936,nakaseke,18,195000.0,0.0,150000.0,0.0,0.0,0.0,0.0,0.0,345000.0
614807290,mukono,18,900000.0,0.0,0.0,0.0,0.0,0.0,0.0,600000.0,1500000.0
614850521,mukono,18,200000.0,0.0,150000.0,0.0,300000.0,0.0,0.0,0.0,650000.0
614880379,mukono,18,2600000.0,0.0,0.0,20000.0,299999.9999999999,0.0,0.0,0.0,2920000.0
615759274,mukono,18,1000000.0,0.0,0.0,0.0,0.0,0.0,500000.0,0.0,1500000.0
615825361,mukono,18,2600000.0,0.0,0.0,0.0,0.0,0.0,0.0,0.0,2600000.0
616578776,mukono,18,1200000.0,300000.0,200000.0,0.0,0.0,1500000.0,0.0,0.0,3200000.0
616579437,mukono,18,1500000.0,0.0,0.0,500000.0,0.0,0.0,0.0,0.0,2000000.0
616580090,mukono,18,300000.0,100000.0,100000.0,100000.0,300000.0,0.0,0.0,0.0,900000.0
616699119,mukono,18,90000.0,0.0,0.0,0.0,0.0,0.0,0.0,0.0,90000.0
617648886,mukono,18,320000.0,0.0,0.0,0.0,0.0,0.0,0.0,0.0,320000.0
618056277,mukono,18,900000.0,0.0,0.0,100000.0,0.0,0.0,0.0,0.0,1000000.0
618502771,mukono,18,500000.0,0.0,200000.0,0.0,0.0,0.0,0.0,0.0,700000.0
618503624,mukono,18,1100000.0,0.0,0.0,1000000.0,0.0,0.0,0.0,0.0,2100000.0
619549456,mukono,18,1600000.0,0.0,0.0,0.0,0.0,1200000.0,0.0,1400000.0,4200000.0
619551006,mukono,18,480000.0,0.0,0.0,500000.0,0.0,0.0,0.0,0.0,980000.0
619552154,mukono,18,1200000.0,0.0,0.0,0.0,1000000.0,0.0,0.0,0.0,2200000.0
619559855,mukono,18,1800000.0,0.0,0.0,0.0,2000000.0,1350000.0,0.0,0.0,5150000.0
622292961,mukono,18,500000.0,0.0,0.0,400000.0,0.0,0.0,0.0,0.0,900000.0
623188000,mukono,18,600000.0,0.0,0.0,0.0,15000000.0,6000000.0,0.0,0.0,21600000.0
623704256,mukono,18,3500000.0,0.0,0.0,600000.0,500000.0,0.0,0.0,0.0,4600000.0
624717557,mukono,18,400000.0,0.0,2000000.0,0.0,0.0,0.0,0.0,0.0,2400000.0
628775538,mukono,18,1000000.0,0.0,0.0,1000000.0,0.0,0.0,0.0,0.0,2000000.0
632457381,mukono,18,1200000.0,0.0,0.0,600000.0,300000.0,0.0,0.0,0.0,2100000.0
632479613,mukono,18,800000.0,100000.0,0.0,200000.0,100000.0,0.0,0.0,0.0,1200000.0
632526756,mukono,18,17500000.0,0.0,0.0,2000000.0,0.0,0.0,0.0,0.0,19500000.0
632870245,mukono,18,120000.0,0.0,0.0,0.0,15000.0,0.0,0.0,0.0,135000.0
633860192,mukono,18,15000000.0,0.0,0.0,1000000.0,600000.0,0.0,0.0,0.0,16600000.0
633861646,mukono,18,3000000.0,0.0,0.0,0.0,2800000.0,0.0,0.0,0.0,5800000.0
634322667,mukono,18,160000.0,0.0,0.0,0.0,0.0,0.0,0.0,0.0,160000.0
634322758,mukono,18,800000.0,0.0,0.0,0.0,0.0,0.0,0.0,0.0,800000.0
635625535,mukono,18,900000.0,0.0,0.0,0.0,40000.0,0.0,0.0,0.0,940000.0
635860119,mukono,18,1200000.0,200000.0,0.0,300000.0,300000.0,0.0,0.0,0.0,2000000.0
636602799,mukono,18,1500000.0,200000.0,0.0,0.0,200000.0,0.0,0.0,0.0,1900000.0
558422222,nakaseke,18,1180000.0,240000.0,0.0,0.0,0.0,0.0,0.0,0.0,1420000.0
559666954,nakaseke,18,494000.0,0.0,0.0,0.0,0.0,0.0,0.0,0.0,494000.0
560448617,nakaseke,18,560000.0,0.0,0.0,0.0,0.0,0.0,0.0,0.0,560000.0
583505993,nakaseke,18,450000.0,0.0,180000.0,0.0,0.0,0.0,0.0,0.0,630000.0
584452976,nakaseke,18,286000.0,1500000.0,250000.0,0.0,0.0,0.0,0.0,0.0,2036000.0
586809899,nakaseke,18,298900.0,250000.0,150000.0,0.0,0.0,0.0,0.0,0.0,698900.0
618738329,mukono,18,1200000.0,0.0,0.0,0.0,0.0,0.0,0.0,0.0,1200000.0
623981362,mukono,18,800000.0,0.0,0.0,0.0,0.0,0.0,0.0,0.0,800000.0
633706233,mukono,18,180000.0,0.0,0.0,0.0,0.0,0.0,0.0,0.0,180000.0
555219650,nakaseke,18,700000.0,0.0,0.0,0.0,0.0,0.0,0.0,0.0,700000.0
581666974,nakaseke,18,663600.0,0.0,0.0,250000.0,162000.0,0.0,0.0,0.0,1075600.0
589566940,nakaseke,18,420000.0,0.0,0.0,0.0,0.0,0.0,0.0,0.0,420000.0
615760019,mukono,18,600000.0,300000.0,0.0,0.0,0.0,0.0,0.0,0.0,900000.0
615825276,mukono,18,1200000.0,0.0,0.0,0.0,0.0,0.0,0.0,0.0,1200000.0
616698945,mukono,18,6000000.0,0.0,0.0,0.0,1500000.0,0.0,0.0,0.0,7500000.0
616699320,mukono,18,1800000.0,0.0,0.0,0.0,0.0,0.0,0.0,0.0,1800000.0
619769782,mukono,18,1800000.0,0.0,0.0,0.0,0.0,0.0,0.0,0.0,1800000.0
621639263,mukono,18,100000.0,0.0,0.0,0.0,0.0,0.0,0.0,0.0,100000.0
622484708,mukono,18,1600000.0,0.0,0.0,0.0,0.0,0.0,0.0,0.0,1600000.0
623981163,mukono,18,1800000.0,0.0,0.0,0.0,2200000.0,0.0,0.0,0.0,4000000.0
550732746,nakaseke,18,1200000.0,0.0,0.0,0.0,0.0,0.0,0.0,0.0,1200000.0
615825485,mukono,18,2400000.0,0.0,0.0,0.0,0.0,0.0,0.0,0.0,2400000.0
551438282,nakaseke,18,1250000.0,0.0,0.0,0.0,0.0,0.0,0.0,0.0,1250000.0
585181910,nakaseke,18,468000.0,230000.0,0.0,250000.0,0.0,0.0,0.0,0.0,948000.0
553313598,nakaseke,18,14010000.0,0.0,0.0,0.0,1999999.9999999993,0.0,0.0,0.0,16010000.0
555219886,nakaseke,18,1900000.0,420000.0,0.0,0.0,0.0,0.0,0.0,0.0,2320000.0
561236657,nakaseke,18,1296000.0,0.0,0.0,500000.0,221000.0,0.0,0.0,0.0,2017000.0
583502844,nakaseke,18,510000.0,0.0,0.0,0.0,0.0,0.0,0.0,0.0,510000.0
584472197,nakaseke,18,702000.0,0.0,300000.0,0.0,466200.0,0.0,0.0,0.0,1468200.0
588619360,nakaseke,18,492000.0,0.0,0.0,0.0,0.0,0.0,0.0,0.0,492000.0
613814407,nakaseke,18,2560000.0,0.0,0.0,0.0,0.0,0.0,0.0,0.0,2560000.0
614850687,mukono,18,200000.0,0.0,0.0,200000.0,0.0,0.0,0.0,0.0,400000.0
615773237,mukono,18,700000.0,0.0,300000.0,200000.0,120000.0,200000.0,0.0,0.0,1520000.0
616679140,mukono,18,3000000.0,1000000.0,0.0,0.0,6000000.0,10000000.0,0.0,0.0,20000000.0
618056509,mukono,18,3000000.0,0.0,0.0,100000.0,0.0,0.0,0.0,0.0,3100000.0
618502947,mukono,18,1000000.0,0.0,0.0,300000.0,200000.0,0.0,0.0,0.0,1500000.0
618503261,mukono,18,900000.0,0.0,0.0,0.0,0.0,0.0,0.0,1000000.0,1900000.0
618738549,mukono,18,900000.0,0.0,0.0,0.0,0.0,0.0,0.0,0.0,900000.0
619307564,mukono,18,1300000.0,0.0,0.0,200000.0,500000.0,0.0,0.0,0.0,2000000.0
619543012,mukono,18,400000.0,360000.0,0.0,0.0,0.0,5100000.0,0.0,0.0,5860000.0
620136574,mukono,18,900000.0,300000.0,200000.0,0.0,300000.0,0.0,0.0,0.0,1700000.0
620155076,mukono,18,500000.0,500000.0,0.0,0.0,300000.0,0.0,0.0,0.0,1300000.0
621076849,mukono,18,1500000.0,0.0,0.0,0.0,2000000.0,0.0,0.0,2000000.0,5500000.0
622287746,mukono,18,700000.0,0.0,0.0,100000.0,70000.0,0.0,0.0,0.0,870000.0
622484987,mukono,18,2400000.0,0.0,0.0,0.0,0.0,0.0,0.0,0.0,2400000.0
631647870,mukono,18,1800000.0,0.0,0.0,0.0,0.0,0.0,0.0,0.0,1800000.0
632483673,mukono,18,2000000.0,200000.0,0.0,300000.0,300000.0,0.0,0.0,0.0,2800000.0
632532023,mukono,18,4800000.0,0.0,0.0,0.0,1000000.0,0.0,0.0,0.0,5800000.0
633706958,mukono,18,320000.0,0.0,0.0,0.0,150000.0,0.0,0.0,0.0,470000.0
634023370,mukono,18,2000000.0,0.0,0.0,200000.0,0.0,0.0,0.0,100000.0,2300000.0
634718078,mukono,18,3000000.0,300000.0,0.0,0.0,300000.0,0.0,0.0,100000.0,3700000.0
634718387,mukono,18,1000000.0,100000.0,100000.0,100000.0,200000.0,0.0,0.0,0.0,1500000.0
635238203,mukono,18,700000.0,100000.0,300000.0,0.0,100000.0,0.0,0.0,0.0,1200000.0
635859907,mukono,18,1800000.0,200000.0,0.0,300000.0,30000.0,0.0,0.0,0.0,2330000.0
636603192,mukono,18,7000000.0,0.0,0.0,0.0,500000.0,2000000.0,0.0,0.0,9500000.0
551433371,nakaseke,18,930000.0,499999.9999999997,0.0,0.0,0.0,0.0,0.0,0.0,1429999.9999999998
581719428,nakaseke,18,554400.0,0.0,0.0,0.0,0.0,0.0,0.0,0.0,554400.0
584453809,nakaseke,18,1008000.0,0.0,0.0,300000.0,0.0,0.0,0.0,0.0,1308000.0
588629366,nakaseke,18,552000.0,350000.0,0.0,0.0,0.0,0.0,0.0,0.0,902000.0
593198085,nakaseke,18,456000.0,0.0,0.0,0.0,0.0,0.0,0.0,0.0,456000.0
614850630,mukono,18,500000.0,0.0,100000.0,0.0,100000.0,0.0,0.0,0.0,700000.0
558415060,nakaseke,18,694400.0,0.0,0.0,250000.0,0.0,0.0,0.0,0.0,944400.0
561237697,nakaseke,18,499200.0,450000.0,0.0,0.0,500000.0,0.0,0.0,0.0,1449200.0
582502398,nakaseke,18,480000.0,0.0,0.0,0.0,225000.0,0.0,0.0,0.0,705000.0
586028388,nakaseke,18,617400.0,0.0,300000.0,0.0,200000.0,0.0,0.0,0.0,1117400.0
613819661,nakaseke,18,336000.0,0.0,0.0,0.0,0.0,0.0,0.0,0.0,336000.0
619770045,mukono,18,900000.0,0.0,0.0,0.0,0.0,0.0,0.0,0.0,900000.0
553313800,nakaseke,18,14000000.0,0.0,0.0,0.0,499999.9999999997,0.0,0.0,0.0,14500000.0
560449000,nakaseke,18,680400.0,0.0,0.0,0.0,150000.0,0.0,0.0,0.0,830400.0
560449862,nakaseke,18,610000.0,0.0,0.0,300000.0,0.0,0.0,0.0,0.0,910000.0
583505325,nakaseke,18,1500000.0,0.0,0.0,0.0,0.0,0.0,0.0,0.0,1500000.0
613821415,nakaseke,18,2232000.0,0.0,0.0,0.0,0.0,0.0,0.0,0.0,2232000.0
561257600,nakaseke,18,325000.0,0.0,0.0,0.0,0.0,0.0,0.0,0.0,325000.0
585193571,nakaseke,18,545200.0,0.0,200000.0,0.0,640800.0,0.0,0.0,0.0,1386000.0
621639988,mukono,18,600000.0,0.0,0.0,0.0,1200000.0,0.0,0.0,0.0,1800000.0
550731204,nakaseke,18,600000.0,0.0,0.0,0.0,0.0,0.0,0.0,0.0,600000.0
550739292,nakaseke,18,500000.0,0.0,0.0,0.0,0.0,0.0,0.0,0.0,500000.0
550740686,nakaseke,18,1000000.0,0.0,0.0,0.0,0.0,0.0,0.0,0.0,1000000.0
551433006,nakaseke,18,1210000.0,249999.99999999983,0.0,0.0,0.0,0.0,0.0,0.0,1459999.9999999998
552803009,nakaseke,18,7950000.0,0.0,0.0,0.0,0.0,0.0,0.0,0.0,7950000.0
554395712,nakaseke,18,2360000.0,0.0,0.0,0.0,299999.9999999999,0.0,0.0,0.0,2660000.0
554399870,,18,8800000.0,0.0,0.0,0.0,3999999.9999999986,0.0,0.0,0.0,12799999.999999998
555219447,nakaseke,18,1050000.0,0.0,0.0,0.0,0.0,0.0,0.0,0.0,1050000.0
559669939,nakaseke,18,2697500.0,0.0,0.0,0.0,520000.0,0.0,0.0,0.0,3217500.0
581666409,nakaseke,18,680400.0,0.0,100000.0,0.0,180000.0,0.0,0.0,0.0,960400.0
585208171,nakaseke,18,975000.0,0.0,300000.0,0.0,0.0,0.0,0.0,0.0,1275000.0
613829595,nakaseke,18,1003400.0,0.0,0.0,0.0,0.0,0.0,0.0,0.0,1003400.0
614807717,mukono,18,800000.0,0.0,0.0,500000.0,0.0,0.0,0.0,0.0,1300000.0
615773415,mukono,18,900000.0,200000.0,0.0,300000.0,300000.0,500000.0,0.0,0.0,2200000.0
616587562,mukono,18,1500000.0,20000.0,0.0,0.0,200000.0,0.0,0.0,0.0,1720000.0
617648818,mukono,18,1200000.0,0.0,0.0,0.0,0.0,0.0,0.0,0.0,1200000.0
617656724,mukono,18,3200000.0,0.0,0.0,0.0,0.0,0.0,0.0,0.0,3200000.0
618738718,mukono,18,2400000.0,0.0,0.0,0.0,0.0,0.0,0.0,0.0,2400000.0
618740822,mukono,18,2400000.0,0.0,0.0,0.0,0.0,0.0,0.0,0.0,2400000.0
619306835,mukono,18,1200000.0,300000.0,0.0,200000.0,0.0,300000.0,0.0,0.0,2000000.0
619559199,mukono,18,6000000.0,0.0,0.0,0.0,12000000.0,0.0,0.0,0.0,18000000.0
619769613,mukono,18,4500000.0,0.0,0.0,0.0,0.0,0.0,0.0,0.0,4500000.0
620129760,mukono,18,3500000.0,500000.0,0.0,0.0,500000.0,0.0,0.0,0.0,4500000.0
620157158,mukono,18,2500000.0,0.0,0.0,2000000.0,1000000.0,300000.0,0.0,0.0,5800000.0
620418682,mukono,18,12000000.0,1800000.0,0.0,0.0,1000000.0,0.0,0.0,0.0,14800000.0
620699865,mukono,18,2400000.0,0.0,0.0,0.0,0.0,0.0,0.0,0.0,2400000.0
620699988,mukono,18,36000000.0,0.0,0.0,0.0,0.0,0.0,0.0,0.0,36000000.0
621075678,mukono,18,1200000.0,0.0,0.0,0.0,0.0,0.0,0.0,100000.0,1300000.0
621078199,mukono,18,1200000.0,0.0,0.0,0.0,500000.0,0.0,0.0,1000000.0,2700000.0
621497521,mukono,18,750000.0,0.0,0.0,500000.0,200000.0,0.0,0.0,0.0,1450000.0
622288485,mukono,18,2000000.0,2500000.0,0.0,0.0,1000000.0,500000.0,0.0,0.0,6000000.0
622289226,mukono,18,900000.0,200000.0,100000.0,0.0,500000.0,0.0,0.0,300000.0,2000000.0
622950844,mukono,18,2600000.0,400000.0,0.0,0.0,1500000.0,0.0,0.0,0.0,4500000.0
622950959,mukono,18,700000.0,100000.0,0.0,200000.0,0.0,0.0,0.0,0.0,1000000.0
622951178,mukono,18,2100000.0,0.0,0.0,0.0,2000000.0,0.0,0.0,0.0,4100000.0
623479319,mukono,18,400000.0,0.0,0.0,0.0,2800000.0,0.0,0.0,0.0,3200000.0
623704150,mukono,18,1000000.0,500000.0,0.0,500000.0,300000.0,0.0,0.0,0.0,2300000.0
623704380,mukono,18,300000.0,0.0,200000.0,0.0,200000.0,0.0,0.0,0.0,700000.0
624715344,mukono,18,200000.0,0.0,0.0,0.0,200000.0,0.0,0.0,1000000.0,1400000.0
631647480,mukono,18,3200000.0,0.0,0.0,0.0,700000.0,0.0,0.0,0.0,3900000.0
632449589,mukono,18,3000000.0,0.0,0.0,500000.0,0.0,0.0,0.0,0.0,3500000.0
632465838,mukono,18,2500000.0,200000.0,0.0,300000.0,300000.0,0.0,0.0,0.0,3300000.0
633165465,mukono,18,2000000.0,400000.0,0.0,500000.0,500000.0,0.0,0.0,0.0,3400000.0
633165662,mukono,18,2000000.0,300000.0,0.0,0.0,300000.0,200000.0,0.0,0.0,2800000.0
634022615,mukono,18,4000000.0,1000000.0,0.0,1000000.0,300000.0,0.0,0.0,0.0,6300000.0
634718321,mukono,18,1000000.0,0.0,0.0,0.0,300000.0,500000.0,0.0,0.0,1800000.0
634929270,mukono,18,80000.0,0.0,0.0,0.0,0.0,0.0,0.0,0.0,80000.0
635102819,mukono,18,1000000.0,0.0,500000.0,0.0,500000.0,0.0,0.0,0.0,2000000.0
635238371,mukono,18,2000000.0,1000000.0,0.0,500000.0,500000.0,0.0,0.0,0.0,4000000.0
635238449,mukono,18,2500000.0,100000.0,0.0,300000.0,300000.0,0.0,0.0,0.0,3200000.0
635238630,mukono,18,1500000.0,500000.0,0.0,300000.0,300000.0,0.0,0.0,0.0,2600000.0
635625333,mukono,18,400000.0,0.0,0.0,0.0,0.0,0.0,0.0,0.0,400000.0
635859825,mukono,18,1500000.0,0.0,0.0,500000.0,0.0,0.0,0.0,0.0,2000000.0
635860002,mukono,18,3000000.0,200000.0,0.0,0.0,0.0,0.0,0.0,0.0,3200000.0
635860179,mukono,18,3000000.0,1000000.0,0.0,500000.0,500000.0,0.0,0.0,0.0,5000000.0
636134719,mukono,18,24000000.0,0.0,0.0,1000000.0,1950000.0,0.0,0.0,0.0,26950000.0
636135880,mukono,18,1400000.0,0.0,1500000.0,0.0,500000.0,0.0,0.0,0.0,3400000.0
636603058,mukono,18,900000.0,0.0,0.0,0.0,200000.0,0.0,0.0,0.0,1100000.0
636603136,mukono,18,700000.0,0.0,0.0,300000.0,500000.0,0.0,0.0,0.0,1500000.0
644152753,mukono,18,2000000.0,200000.0,0.0,300000.0,300000.0,0.0,0.0,300000.0,3100000.0
644152847,mukono,18,700000.0,100000.0,0.0,200000.0,200000.0,0.0,0.0,0.0,1200000.0
644159669,mukono,18,3200000.0,0.0,0.0,0.0,420000.0,0.0,0.0,0.0,3620000.0
554400498,nakaseke,18,7000000.0,0.0,0.0,0.0,499999.9999999997,0.0,0.0,0.0,7500000.0
559666632,nakaseke,18,990000.0,0.0,0.0,150000.0,0.0,0.0,0.0,0.0,1140000.0
619306547,mukono,18,2000000.0,500000.0,0.0,0.0,0.0,0.0,0.0,320000.0,2820000.0
622485261,mukono,18,800000.0,0.0,0.0,0.0,0.0,0.0,0.0,0.0,800000.0
631647195,mukono,18,600000.0,0.0,0.0,0.0,150000.0,0.0,0.0,0.0,750000.0
565368592,nakaseke,18,571200.0,0.0,0.0,0.0,127000.0,0.0,0.0,0.0,698200.0
584454693,nakaseke,18,250000.0,0.0,250000.0,0.0,0.0,0.0,0.0,0.0,500000.0
618738814,mukono,18,2600000.0,0.0,0.0,0.0,0.0,0.0,0.0,0.0,2600000.0
582503421,nakaseke,18,690000.0,0.0,0.0,0.0,0.0,0.0,0.0,0.0,690000.0
589565846,nakaseke,18,720000.0,0.0,0.0,0.0,850000.0,0.0,0.0,0.0,1570000.0
614850459,mukono,18,1100000.0,0.0,0.0,0.0,550000.0,0.0,0.0,0.0,1650000.0
556032422,nakaseke,18,2500000.0,1800000.0,0.0,300000.0,0.0,0.0,0.0,0.0,4600000.0
558422563,nakaseke,18,1750000.0,0.0,0.0,0.0,950000.0,0.0,0.0,0.0,2700000.0
585223034,nakaseke,18,342000.0,0.0,0.0,0.0,0.0,0.0,0.0,0.0,342000.0
623704362,mukono,18,700000.0,500000.0,0.0,0.0,500000.0,0.0,0.0,0.0,1700000.0
633165535,mukono,18,1800000.0,0.0,0.0,500000.0,500000.0,0.0,0.0,0.0,2800000.0
634929225,mukono,18,4000000.0,0.0,0.0,0.0,100000.0,0.0,0.0,0.0,4100000.0
636602878,mukono,18,3500000.0,200000.0,0.0,200000.0,300000.0,0.0,0.0,0.0,4200000.0
558418973,nakaseke,18,1664000.0,0.0,0.0,0.0,1800000.0,2500000.0,0.0,0.0,5964000.0
613827164,nakaseke,18,1560200.0,0.0,450000.0,0.0,950000.0,0.0,0.0,0.0,2960200.0
632876809,mukono,18,320000.0,0.0,0.0,0.0,0.0,0.0,0.0,0.0,320000.0
559670838,nakaseke,18,2073500.0,0.0,0.0,200000.0,0.0,0.0,0.0,0.0,2273500.0
588625655,nakaseke,18,2496000.0,0.0,300000.0,0.0,1050000.0,0.0,0.0,0.0,3846000.0
550732633,nakaseke,18,1050000.0,0.0,0.0,0.0,399999.9999999999,0.0,0.0,0.0,1450000.0
550740078,nakaseke,18,1100000.0,108.99999999999997,0.0,0.0,0.0,0.0,0.0,0.0,1100109.0
552802393,nakaseke,18,8800000.0,999999.9999999995,0.0,0.0,499999.9999999997,0.0,0.0,0.0,10300000.0
553314788,nakaseke,18,7500000.0,0.0,0.0,0.0,299999.9999999999,0.0,0.0,0.0,7800000.0
556033462,nakaseke,18,4032000.0,0.0,0.0,0.0,1755000.0,0.0,0.0,0.0,5787000.0
557694485,nakaseke,18,90000.0,0.0,0.0,50000.0,0.0,0.0,0.0,0.0,140000.0
557694682,nakaseke,18,90000.0,0.0,0.0,25000.0,0.0,0.0,0.0,0.0,115000.0
557711753,nakaseke,18,1750000.0,0.0,0.0,0.0,0.0,0.0,0.0,0.0,1750000.0
557713215,nakaseke,18,1150000.0,0.0,0.0,0.0,0.0,0.0,0.0,0.0,1150000.0
558375556,nakaseke,18,300000.0,0.0,0.0,50000.0,60000.0,0.0,0.0,0.0,410000.0
565368815,nakaseke,18,1150000.0,0.0,0.0,300000.0,0.0,0.0,0.0,0.0,1450000.0
583503314,nakaseke,18,3060000.0,0.0,0.0,0.0,639000.0,0.0,0.0,0.0,3699000.0
592192864,nakaseke,18,2400000.0,0.0,0.0,0.0,0.0,0.0,0.0,0.0,2400000.0
614807974,mukono,18,700000.0,0.0,0.0,400000.0,0.0,0.0,0.0,0.0,1100000.0
614850566,mukono,18,3200000.0,0.0,0.0,0.0,3000000.0,0.0,0.0,0.0,6200000.0
615761193,mukono,18,7000000.0,1000000.0,0.0,0.0,1000000.0,0.0,500000.0,0.0,9500000.0
615773611,mukono,18,1000000.0,200000.0,100000.0,0.0,100000.0,0.0,0.0,0.0,1400000.0
616675567,mukono,18,300000.0,0.0,0.0,0.0,0.0,1000000.0,600000.0,0.0,1900000.0
617462488,mukono,18,650000.0,0.0,0.0,0.0,0.0,4000000.0,0.0,0.0,4650000.0
617463415,mukono,18,300000.0,0.0,0.0,0.0,300000.0,2400000.0,0.0,0.0,3000000.0
617648934,mukono,18,2400000.0,0.0,0.0,0.0,0.0,0.0,0.0,0.0,2400000.0
619547863,mukono,18,1000000.0,0.0,0.0,0.0,250000.0,1000000.0,0.0,0.0,2250000.0
619769827,mukono,18,560000.0,0.0,0.0,0.0,0.0,0.0,0.0,250000.0,810000.0
619769984,mukono,18,1800000.0,0.0,0.0,0.0,0.0,0.0,0.0,0.0,1800000.0
620417365,mukono,18,600000.0,0.0,0.0,0.0,0.0,5000000.0,1000000.0,0.0,6600000.0
620699936,mukono,18,3200000.0,0.0,0.0,0.0,0.0,0.0,0.0,0.0,3200000.0
620700057,mukono,18,1200000.0,0.0,0.0,0.0,1600000.0,0.0,0.0,0.0,2800000.0
621078668,mukono,18,1100000.0,200000.0,0.0,0.0,800000.0,0.0,4800000.0,500000.0,7400000.0
621640204,mukono,18,130000.0,0.0,0.0,0.0,0.0,0.0,0.0,0.0,130000.0
621642449,mukono,18,200000.0,0.0,0.0,0.0,0.0,0.0,0.0,0.0,200000.0
622289483,mukono,18,400000.0,200000.0,100000.0,0.0,200000.0,0.0,0.0,0.0,900000.0
622485078,mukono,18,8000000.0,0.0,0.0,0.0,4500000.0,0.0,0.0,0.0,12500000.0
623981243,mukono,18,100000.0,0.0,0.0,0.0,250000.0,0.0,0.0,0.0,350000.0
624290457,mukono,18,1800000.0,500000.0,0.0,1000000.0,500000.0,600000.0,0.0,0.0,4400000.0
624291333,mukono,18,700000.0,600000.0,0.0,600000.0,500000.0,0.0,0.0,0.0,2400000.0
624292438,mukono,18,700000.0,700000.0,200000.0,200000.0,200000.0,0.0,0.0,0.0,2000000.0
631647010,mukono,18,1200000.0,0.0,0.0,0.0,75000.0,0.0,0.0,0.0,1275000.0
633165312,mukono,18,1200000.0,0.0,0.0,200000.0,0.0,0.0,0.0,0.0,1400000.0
633706793,mukono,18,300000.0,0.0,0.0,0.0,500000.0,0.0,0.0,0.0,800000.0
634022985,mukono,18,900000.0,0.0,0.0,300000.0,0.0,0.0,0.0,100000.0,1300000.0
634718242,mukono,18,5000000.0,1000000.0,0.0,1000000.0,1000000.0,0.0,0.0,0.0,8000000.0
635238561,mukono,18,1200000.0,0.0,0.0,500000.0,300000.0,0.0,0.0,0.0,2000000.0
636135365,mukono,18,3000000.0,0.0,500000.0,300000.0,100000.0,0.0,0.0,0.0,3900000.0
636136285,mukono,18,2400000.0,0.0,0.0,1000000.0,0.0,0.0,0.0,3000000.0,6400000.0
616674531,mukono,18,5100000.0,0.0,0.0,0.0,0.0,0.0,2000000.0,0.0,7100000.0
557715625,nakaseke,18,1650000.0,0.0,0.0,0.0,0.0,0.0,0.0,0.0,1650000.0
582503133,nakaseke,18,1260000.0,0.0,0.0,500000.0,0.0,0.0,0.0,0.0,1760000.0
586804272,nakaseke,18,3217800.0,300000.0,1000000.0,0.0,560000.0,0.0,0.0,0.0,5077800.0
620699783,mukono,18,2800000.0,0.0,0.0,0.0,0.0,0.0,0.0,0.0,2800000.0
550738751,nakaseke,18,400000.0,0.0,0.0,0.0,0.0,0.0,0.0,0.0,400000.0
589566299,nakaseke,18,540000.0,0.0,0.0,0.0,0.0,0.0,0.0,0.0,540000.0
556042851,nakaseke,18,700000.0,0.0,0.0,300000.0,250000.0,0.0,0.0,0.0,1250000.0
581667076,nakaseke,18,831600.0,0.0,300000.0,150000.0,0.0,0.0,0.0,0.0,1281600.0
561201812,nakaseke,18,600000.0,0.0,250000.0,90000.0,90000.0,0.0,0.0,0.0,1030000.0
561202655,nakaseke,18,300000.0,60000.0,55000.0,150000.0,70000.0,0.0,0.0,0.0,635000.0
622951271,mukono,18,1800000.0,1000000.0,0.0,0.0,1200000.0,0.0,0.0,0.0,4000000.0
623479194,mukono,18,2400000.0,0.0,0.0,0.0,1200000.0,0.0,0.0,0.0,3600000.0
633859954,mukono,18,1200000.0,0.0,1000000.0,0.0,500000.0,0.0,0.0,0.0,2700000.0
634322609,mukono,18,1800000.0,0.0,0.0,0.0,0.0,0.0,0.0,0.0,1800000.0
634718422,mukono,18,1000000.0,0.0,0.0,0.0,0.0,0.0,0.0,0.0,1000000.0
618738459,mukono,18,5400000.0,0.0,0.0,0.0,0.0,0.0,0.0,0.0,5400000.0
552806909,nakaseke,18,1120000.0,0.0,0.0,0.0,120000.00000000006,0.0,0.0,0.0,1240000.0
557694859,nakaseke,18,90000.0,0.0,0.0,0.0,0.0,0.0,0.0,0.0,90000.0
589566059,nakaseke,18,6300000.0,1000000.0,0.0,300000.0,0.0,0.0,0.0,0.0,7600000.0
593200247,nakaseke,18,31200005.0,1000000.0,0.0,0.0,1080000.0,0.0,0.0,0.0,33280005.0
613820537,nakaseke,18,5040000.0,500000.0,0.0,0.0,0.0,0.0,0.0,0.0,5540000.0
614808240,mukono,18,1000000.0,0.0,0.0,600000.0,0.0,200000.0,0.0,0.0,1800000.0
615773753,mukono,18,1500000.0,1000000.0,0.0,200000.0,0.0,0.0,0.0,0.0,2700000.0
617460629,mukono,18,800000.0,0.0,0.0,0.0,0.0,20000000.0,0.0,500000.0,21300000.0
617461111,mukono,18,400000.0,0.0,0.0,300000.0,0.0,0.0,0.0,0.0,700000.0
617461597,mukono,18,120000.0,0.0,0.0,0.0,0.0,0.0,0.0,0.0,120000.0
618056660,mukono,18,1200000.0,0.0,0.0,200000.0,0.0,500000.0,0.0,0.0,1900000.0
618502638,mukono,18,2000000.0,0.0,0.0,0.0,300000.0,0.0,0.0,8999999.999999985,11299999.999999985
618738618,mukono,18,3400000.0,0.0,0.0,0.0,0.0,0.0,0.0,0.0,3400000.0
619308856,mukono,18,3000000.0,500000.0,0.0,0.0,500000.0,0.0,0.0,9000000.0,13000000.0
620131758,mukono,18,700000.0,500000.0,0.0,0.0,500000.0,0.0,0.0,0.0,1700000.0
621077765,mukono,18,2500000.0,0.0,0.0,0.0,0.0,0.0,0.0,1000000.0,3500000.0
622950517,mukono,18,8000000.0,300000.0,0.0,500000.0,4000000.0,0.0,0.0,0.0,12800000.0
623178431,mukono,18,1600000.0,0.0,1000000.0,240000.0,0.0,0.0,0.0,0.0,2840000.0
623271316,mukono,18,750000.0,0.0,0.0,0.0,10000000.0,2000000.0,0.0,0.0,12750000.0
623272577,mukono,18,1000000.0,0.0,0.0,0.0,20000000.0,0.0,0.0,0.0,21000000.0
624293459,mukono,18,1100000.0,1000000.0,0.0,0.0,0.0,0.0,0.0,0.0,2100000.0
624713073,mukono,18,400000.0,0.0,0.0,5000000.0,0.0,0.0,0.0,0.0,5400000.0
624713879,mukono,18,685000.0,0.0,0.0,0.0,0.0,2000000.0,0.0,0.0,2685000.0
625320144,mukono,18,800000.0,360000.0,0.0,0.0,6000000.0,0.0,0.0,0.0,7160000.0
628089142,mukono,18,840000.0,0.0,0.0,0.0,0.0,0.0,5000000.0,0.0,5840000.0
628089849,mukono,18,1400000.0,0.0,0.0,0.0,0.0,3000000.0,0.0,0.0,4400000.0
628775275,mukono,18,45000000.0,0.0,0.0,1000000.0,0.0,10000000.0,0.0,0.0,56000000.0
630120893,mukono,18,2400000.0,0.0,0.0,500000.0,0.0,1000000.0,0.0,0.0,3900000.0
632524617,mukono,18,6500000.0,0.0,0.0,0.0,240000.0,2000000.0,0.0,0.0,8740000.0
633860632,mukono,18,2400000.0,0.0,0.0,0.0,1200000.0,0.0,4800000.0,0.0,8400000.0
633861486,mukono,18,1410000.0,0.0,0.0,0.0,0.0,0.0,6000000.0,0.0,7410000.0
634021883,mukono,18,5000000.0,1000000.0,0.0,0.0,600000.0,0.0,0.0,0.0,6600000.0
634952329,mukono,18,49000000.0,0.0,0.0,0.0,2000000.0,0.0,6000000.0,0.0,57000000.0
635102211,mukono,18,4000000.0,10000000.0,0.0,0.0,5000000.0,0.0,0.0,2000000.0,21000000.0
635102285,mukono,18,1200000.0,0.0,2000000.0,0.0,500000.0,0.0,0.0,0.0,3700000.0
623184098,mukono,18,1500000.0,0.0,0.0,0.0,500000.0,0.0,1000000.0,0.0,3000000.0
554408234,nakaseke,18,550000.0,0.0,0.0,0.0,0.0,0.0,0.0,0.0,550000.0
556042141,nakaseke,18,300000.0,0.0,0.0,0.0,120000.0,0.0,0.0,0.0,420000.0
559614978,nakaseke,18,600000.0,0.0,500000.0,0.0,400000.0,0.0,0.0,0.0,1500000.0
581570782,nakaseke,18,1000000.0,0.0,0.0,500000.0,179999.99999999997,0.0,0.0,0.0,1680000.0
552806065,,18,500000.0,0.0,0.0,0.0,0.0,0.0,0.0,0.0,500000.0
553316435,nakaseke,18,1700000.0,0.0,0.0,0.0,0.0,0.0,0.0,0.0,1700000.0
558375760,nakaseke,18,150000.0,0.0,0.0,0.0,0.0,0.0,0.0,0.0,150000.0
559615316,nakaseke,18,500000.0,0.0,400000.0,250000.0,50000.0,0.0,0.0,0.0,1200000.0
630121155,mukono,18,4200000.0,1000000.0,0.0,0.0,200000.0,0.0,0.0,0.0,5400000.0
630121646,mukono,18,2800000.0,0.0,0.0,700000.0,120000.0,0.0,0.0,0.0,3620000.0
560425493,nakaseke,18,250000.0,0.0,0.0,100000.0,50000.0,0.0,0.0,0.0,400000.0
560424556,nakaseke,18,600000.0,0.0,500000.0,90000.0,200000.0,0.0,0.0,0.0,1390000.0
561200542,nakaseke,18,600000.0,450000.0,0.0,90000.0,50000.0,0.0,0.0,0.0,1190000.0
561202398,nakaseke,18,350000.0,0.0,200000.0,100000.0,60000.0,0.0,0.0,0.0,710000.0
560425197,nakaseke,18,500000.0,0.0,350000.0,160000.0,90000.0,0.0,0.0,0.0,1100000.0
628088416,mukono,18,1300000.0,3000000.0,0.0,500000.0,0.0,2000000.0,0.0,0.0,6800000.0
628089405,mukono,18,1400000.0,0.0,0.0,0.0,0.0,6000000.0,0.0,0.0,7400000.0
628774965,mukono,18,1000000.0,0.0,2000000.0,500000.0,0.0,0.0,0.0,0.0,3500000.0
632530379,mukono,18,1000000.0,0.0,0.0,5000000.0,500000.0,0.0,0.0,0.0,6500000.0
636135085,mukono,18,20800000.0,1000000.0,0.0,0.0,500000.0,0.0,0.0,0.0,22300000.0
556039009,nakaseke,18,20000.0,0.0,0.0,50000.0,120000.0,0.0,0.0,0.0,190000.0
553316712,nakaseke,18,370000.0,0.0,0.0,0.0,400000.0000000001,0.0,0.0,0.0,770000.0000000001
621496649,mukono,18,2400000.0,0.0,0.0,2400000.0,100000.0,0.0,0.0,0.0,4900000.0
629845932,mukono,18,2000000.0,0.0,0.0,3000000.0,360000.0,0.0,0.0,0.0,5360000.0
632528316,mukono,18,5000000.0,0.0,0.0,1500000.0,0.0,0.0,0.0,0.0,6500000.0
633861263,mukono,18,8400000.0,10000000.0,0.0,0.0,6000000.0,0.0,0.0,0.0,24400000.0
635102642,mukono,18,7000000.0,0.0,0.0,0.0,10000000.0,0.0,0.0,0.0,17000000.0
560423470,nakaseke,18,450000.0,0.0,240000.0,0.0,300000.0,0.0,0.0,0.0,990000.0
551439101,nakaseke,18,1100000.0,0.0,0.0,0.0,0.0,0.0,0.0,0.0,1100000.0
553316111,nakaseke,18,380000.0,0.0,0.0,0.0,15000.000000000004,0.0,0.0,0.0,395000.0
554407800,nakaseke,18,900000.0,999999.9999999997,0.0,0.0,199999.99999999997,499999.99999999977,0.0,0.0,2599999.999999999
558374654,nakaseke,18,450000.0,599999.9999999998,250000.0,100000.0,0.0,0.0,0.0,0.0,1399999.9999999998
558375246,nakaseke,18,220000.0,0.0,50000.0,150000.0,0.0,0.0,0.0,0.0,420000.0
581569323,nakaseke,18,1350000.0,0.0,0.0,0.0,0.0,0.0,0.0,0.0,1350000.0
581571879,nakaseke,18,500000.0,0.0,200000.0,150000.0,60000.0,0.0,0.0,0.0,910000.0
564861263,nakaseke,18,500000.0,150000.0,50000.0,100000.0,60000.0,0.0,0.0,0.0,860000.0
559615143,nakaseke,18,300000.0,0.0,50000.0,60000.0,100000.0,0.0,0.0,0.0,510000.0
564864365,nakaseke,18,300000.0,60000.0,58000.0,100000.0,60000.0,0.0,0.0,0.0,578000.0
553315619,nakaseke,18,350000.0,0.0,0.0,0.0,0.0,0.0,0.0,0.0,350000.0
556039301,nakaseke,18,500000.0,0.0,0.0,90000.0,150000.0,0.0,0.0,0.0,740000.0
615757479,mukono,18,800000.0,0.0,0.0,0.0,100000.0,0.0,0.0,0.0,900000.0
615773011,mukono,18,1500000.0,0.0,0.0,0.0,0.0,0.0,0.0,200000.0,1700000.0
619554974,mukono,18,3600000.0,2000000.0,0.0,0.0,1000000.0,0.0,0.0,0.0,6600000.0
620416772,mukono,18,500000.0,0.0,0.0,600000.0,0.0,180000.0,0.0,0.0,1280000.0
620419799,mukono,18,4000000.0,0.0,0.0,0.0,125000.0,0.0,0.0,0.0,4125000.0
621494958,mukono,18,500000.0,0.0,0.0,0.0,0.0,0.0,0.0,5000000.0,5500000.0
621496210,mukono,18,6000000.0,1000000.0,0.0,500000.0,0.0,0.0,0.0,0.0,7500000.0
621498584,mukono,18,16800000.0,0.0,0.0,0.0,500000.0,1000000.0,0.0,0.0,18300000.0
621639094,mukono,18,400000.0,0.0,0.0,0.0,300000.0,0.0,5000000.000000003,0.0,5700000.000000003
623187149,mukono,18,560000.0,0.0,0.0,240000.0,0.0,1000000.0,0.0,0.0,1800000.0
623270536,mukono,18,13500000.0,0.0,0.0,0.0,1900000.0,0.0,0.0,0.0,15400000.0
624711692,mukono,18,1200000.0,1000000.0,0.0,0.0,2000000.0,0.0,0.0,0.0,4200000.0
624712163,mukono,18,2400000.0,1080000.0,0.0,0.0,0.0,5000000.0,0.0,0.0,8480000.0
625315993,mukono,18,1200000.0,0.0,0.0,500000.0,100000.0,0.0,0.0,0.0,1800000.0
628080096,mukono,18,7000000.0,0.0,0.0,0.0,2000000.0,0.0,0.0,0.0,9000000.0
628775775,mukono,18,36000000.0,3000000.0,0.0,0.0,0.0,1000000.0,0.0,0.0,40000000.0
630120684,mukono,18,7000000.0,2000000.0,0.0,0.0,0.0,3000000.0,0.0,0.0,12000000.0
632531024,mukono,18,3500000.0,0.0,0.0,1000000.0,0.0,0.0,5000000.0,0.0,9500000.0
632870785,mukono,18,3200000.0,0.0,0.0,0.0,70000.0,0.0,0.0,0.0,3270000.0
634322563,mukono,18,1200000.0,0.0,0.0,0.0,2000000.0,0.0,0.0,0.0,3200000.0
634951268,mukono,18,1000000.0,0.0,0.0,1300000.0,0.0,0.0,0.0,0.0,2300000.0
619307991,mukono,18,6000000.0,1000000.0,0.0,500000.0,15000000.0,0.0,6000000.0,0.0,28500000.0
634929055,mukono,18,2400000.0,0.0,0.0,0.0,500000.0,0.0,0.0,0.0,2900000.0
635625431,mukono,18,1200000.0,0.0,0.0,0.0,800000.0,0.0,0.0,0.0,2000000.0
625318562,mukono,18,400000.0,0.0,2000000.0,1000000.0,0.0,0.0,0.0,0.0,3400000.0
628776109,mukono,18,4900000.0,0.0,0.0,450000.0,0.0,2000000.0,0.0,0.0,7350000.0
633860413,mukono,18,42000000.0,0.0,0.0,1000000.0,500000.0,0.0,0.0,12000000.0,55500000.0
557694292,nakaseke,18,300000.0,0.0,0.0,50000.0,60000.0,0.0,0.0,0.0,410000.0
582450581,nakaseke,18,350000.0,50000.0,90000.0,0.0,0.0,0.0,0.0,0.0,490000.0
613185259,nakaseke,18,390000.0,0.0,0.0,0.0,400000.0,0.0,0.0,0.0,790000.0
614810845,mukono,18,800000.0,0.0,0.0,0.0,0.0,0.0,0.0,0.0,800000.0
617648764,mukono,18,1200000.0,0.0,0.0,0.0,0.0,0.0,0.0,0.0,1200000.0
551438934,nakaseke,18,1700000.0,0.0,0.0,0.0,0.0,0.0,0.0,0.0,1700000.0
589548879,nakaseke,18,20000.0,0.0,100000.0,0.0,250000.0,0.0,0.0,0.0,370000.0
554402613,nakaseke,18,0.0,0.0,0.0,0.0,120000.00000000006,0.0,0.0,0.0,120000.00000000006
589547568,nakaseke,18,350000.0,0.0,0.0,149999.99999999994,0.0,1999999.9999999993,0.0,0.0,2499999.999999999
592180125,nakaseke,18,350000.0,0.0,0.0,0.0,200000.0,0.0,0.0,0.0,550000.0
613184766,nakaseke,18,600000.0,0.0,0.0,100000.0,250000.0,0.0,0.0,0.0,950000.0
613185864,nakaseke,18,600000.0,20000.0,0.0,149999.99999999994,500000.0,0.0,0.0,0.0,1270000.0
593216040,nakaseke,18,400000.0,250000.0,69000.0,0.0,200000.0,0.0,0.0,0.0,919000.0
552806578,nakaseke,18,1300000.0,0.0,0.0,0.0,0.0,0.0,0.0,0.0,1300000.0
554403180,,18,1100000.0,0.0,0.0,60000.000000000015,499999.99999999977,0.0,0.0,100000.00000000004,1759999.9999999998
554997531,nakaseke,18,400000.0,0.0,0.0,60000.0,250000.0,0.0,0.0,0.0,710000.0
581568916,nakaseke,18,500000.0,0.0,90000.0,60000.0,170000.0,0.0,0.0,0.0,820000.0
582449149,nakaseke,18,600000.0,250000.0,0.0,150000.0,50000.0,0.0,0.0,0.0,1050000.0
583384059,nakaseke,18,9000000.0,350000.0,0.0,0.0,250000.0,0.0,0.0,0.0,9600000.0
584465855,nakaseke,18,400000.0,150000.0,0.0,0.0,0.0,0.0,0.0,0.0,550000.0
585291611,nakaseke,18,9000000.0,30000.0,0.0,60000.0,350000.0,0.0,0.0,0.0,9440000.0
588618114,nakaseke,18,600000.0,0.0,0.0,120000.0,30000.0,0.0,0.0,0.0,750000.0
589549118,nakaseke,18,600000.0,0.0,90000.0,0.0,250000.0,0.0,0.0,0.0,940000.0
592179551,nakaseke,18,200000.0,0.0,0.0,150000.0,150000.0,0.0,0.0,0.0,500000.0
613185857,nakaseke,18,600000.0,300000.0,0.0,120000.0,350000.0,0.0,0.0,0.0,1370000.0
613185868,nakaseke,18,500000.0,350000.0,0.0,0.0,400000.0,0.0,0.0,0.0,1250000.0
618737230,mukono,18,1800000.0,0.0,0.0,0.0,0.0,0.0,0.0,0.0,1800000.0
625321534,mukono,18,5600000.0,0.0,0.0,0.0,2000000.0,10000000.0,0.0,0.0,17600000.0
613185262,nakaseke,18,260000.0,0.0,300000.0,100000.0,250000.0,0.0,0.0,0.0,910000.0
586823072,nakaseke,18,600000.0,0.0,0.0,89999.99999999997,600000.0,0.0,0.0,0.0,1290000.0
586821078,nakaseke,18,800000.0,0.0,0.0,20000.0,96000.0,0.0,0.0,0.0,916000.0
586823179,nakaseke,18,600000.0,0.0,0.0,100000.0,600000.0,0.0,0.0,0.0,1300000.0
588618032,nakaseke,18,1000000.0,200000.0,0.0,150000.0,350000.0,0.0,0.0,0.0,1700000.0
592179319,nakaseke,18,300000.0,0.0,0.0,0.0,200000.0,0.0,0.0,0.0,500000.0
613185254,nakaseke,18,350000.0,400000.0,1999999.9999999993,0.0,230000.0,0.0,0.0,0.0,2979999.999999999
613184756,nakaseke,18,380000.0,0.0,50000.00000000001,0.0,350000.0,0.0,0.0,0.0,780000.0
613184762,nakaseke,18,5000000.0,0.0,149999.99999999994,700000.0,250000.0,100000.0,0.0,0.0,6200000.0
593216705,nakaseke,18,350000.0,109.0,0.0,0.0,200000.0,0.0,0.0,0.0,550109.0
582448458,nakaseke,18,600000.0,300000.0,0.0,150000.0,200000.0,0.0,0.0,0.0,1250000.0
583383308,nakaseke,18,560000.0,30000.0,90000.0,3.0,20000.0,0.0,0.0,0.0,700003.0
584457728,nakaseke,18,350000.0,0.0,0.0,0.0,0.0,0.0,0.0,0.0,350000.0
584460556,nakaseke,18,250000.0,100000.0,0.0,150000.0,249999.99999999983,0.0,0.0,0.0,749999.9999999998
586822745,nakaseke,18,600000.0,300000.0,0.0,0.0,200000.0,0.0,0.0,0.0,1100000.0
588618956,nakaseke,18,600000.0,0.0,150000.0,0.0,250000.0,0.0,0.0,0.0,1000000.0
588619984,nakaseke,18,500000.0,0.0,0.0,0.0,250000.0,0.0,0.0,0.0,750000.0
589548430,nakaseke,18,300000.0,0.0,25000.0,0.0,500000.0,0.0,0.0,0.0,825000.0
613184214,nakaseke,18,200000.0,0.0,50000.0,0.0,130000.0,0.0,0.0,0.0,380000.0
551438775,nakaseke,18,1200000.0,0.0,0.0,0.0,0.0,0.0,0.0,0.0,1200000.0
552805506,nakaseke,18,9700000.0,0.0,0.0,0.0,0.0,0.0,0.0,0.0,9700000.0
582449815,nakaseke,18,500000.0,200000.0,0.0,0.0,60000.0,999999.9999999995,0.0,0.0,1759999.9999999995
583383783,nakaseke,18,500000.0,200000.0,0.0,0.0,300000.0,0.0,0.0,0.0,1000000.0
583384470,nakaseke,18,500000.0,250000.0,0.0,89999.99999999997,200000.0,0.0,0.0,0.0,1040000.0
585919910,nakaseke,18,2000000.0,500000.0,350000.0000000001,500000.0,600000.0,0.0,0.0,0.0,3950000.0
585937638,nakaseke,18,600000.0,250000.0,400000.0000000001,60000.0,260000.0,0.0,0.0,0.0,1570000.0
592179023,nakaseke,18,1000000.0,200000.0,0.0,100000.0,0.0,0.0,0.0,0.0,1300000.0
551439238,nakaseke,18,1500000.0,0.0,0.0,0.0,0.0,0.0,0.0,0.0,1500000.0
555070994,nakaseke,18,600000.0,250000.0,0.0,100000.0,60000.0,0.0,0.0,0.0,1010000.0
555112218,nakaseke,18,1050000.0,0.0,0.0,499999.99999999977,0.0,0.0,0.0,0.0,1549999.9999999998
555148547,nakaseke,18,400000.0,250000.0,0.0,90000.0,400000.0,0.0,0.0,0.0,1140000.0
584458624,nakaseke,18,600000.0,250000.0,400000.0,100000.0,0.0,0.0,0.0,0.0,1350000.0
585290674,nakaseke,18,500000.0,250000.0,0.0,100000.0,900000.0,0.0,0.0,0.0,1750000.0
585290890,nakaseke,18,700000.0,300000.0,50000.0,120000.0,350000.0,0.0,0.0,0.0,1520000.0
585309665,nakaseke,18,500000.0,0.0,0.0,0.0,200000.0,0.0,0.0,0.0,700000.0
585924133,nakaseke,18,600000.0,200000.0,0.0,150000.0,300000.0,0.0,0.0,0.0,1250000.0
585929887,nakaseke,18,500000.0,0.0,0.0,0.0,0.0,0.0,0.0,0.0,500000.0
613834815,nakaseke,18,2100000.0,0.0,0.0,0.0,0.0,0.0,0.0,12000000.000000011,14100000.000000011
613836978,nakaseke,18,700000.0,0.0,0.0,0.0,0.0,0.0,0.0,0.0,700000.0
617656696,mukono,18,1099999.9999999998,0.0,0.0,0.0,0.0,0.0,0.0,0.0,1099999.9999999998
633860938,mukono,18,3000000.0,1000000.0,0.0,0.0,5000000.0,0.0,0.0,0.0,9000000.0
616677841,mukono,19,70000.0,0.0,6000000.0,0.0,0.0,0.0,0.0,0.0,6070000.0
551440657,nakaseke,19,280000.0,100000.00000000004,0.0,0.0,0.0,0.0,0.0,0.0,380000.00000000006
592191523,nakaseke,19,312000.0,0.0,0.0,0.0,500000.0,0.0,0.0,0.0,812000.0
552803559,nakaseke,19,3440000.0,999999.9999999995,0.0,0.0,50000.00000000001,0.0,0.0,0.0,4490000.0
613177526,nakaseke,19,50000000.0,0.0,0.0,0.0,0.0,0.0,0.0,0.0,50000000.0
613831899,nakaseke,19,203000.0,0.0,0.0,0.0,0.0,0.0,0.0,0.0,203000.0
614880484,mukono,19,120000.0,0.0,0.0,0.0,0.0,0.0,0.0,0.0,120000.0
550714067,nakaseke,19,800000.0,0.0,0.0,0.0,400000.0000000001,0.0,0.0,0.0,1200000.0
550714208,nakaseke,19,1000000.0,0.0,0.0,0.0,466200.00000000035,0.0,0.0,0.0,1466200.0000000005
556045414,nakaseke,19,1000000.0,0.0,0.0,0.0,500000.0,0.0,0.0,0.0,1500000.0
556046788,nakaseke,19,800000.0,0.0,0.0,300000.0,0.0,0.0,0.0,0.0,1100000.0
557695958,nakaseke,19,1000000.0,500000.0,0.0,0.0,200000.0,0.0,0.0,0.0,1700000.0
560461977,nakaseke,19,3000000.0,500000.0,0.0,0.0,0.0,0.0,0.0,0.0,3500000.0
592361767,nakaseke,19,5000000.0,0.0,0.0,0.0,250000.0,0.0,0.0,0.0,5250000.0
592363240,nakaseke,19,3000000.0,200000.0,0.0,0.0,500000.0,0.0,0.0,0.0,3700000.0
616701192,mukono,19,520000.0,0.0,0.0,0.0,0.0,0.0,0.0,0.0,520000.0
624293019,mukono,19,900000.0,500000.0,200000.0,300000.0,300000.0,0.0,0.0,0.0,2200000.0
550715350,nakaseke,19,800000.0,0.0,0.0,0.0,0.0,0.0,0.0,0.0,800000.0
552803832,nakaseke,19,2300000.0,0.0,0.0,0.0,499999.9999999997,0.0,0.0,0.0,2799999.9999999995
553311655,nakaseke,19,950000.0,0.0,0.0,100000.00000000004,0.0,0.0,0.0,0.0,1050000.0
554396495,nakaseke,19,900000.0,0.0,0.0,0.0,0.0,0.0,0.0,0.0,900000.0
555218845,nakaseke,19,4500000.0,0.0,0.0,400000.0,0.0,0.0,0.0,0.0,4900000.0
556047384,nakaseke,19,1500000.0,0.0,0.0,300000.0,0.0,500000.0,0.0,0.0,2300000.0
557713875,nakaseke,19,700000.0,0.0,0.0,0.0,0.0,0.0,0.0,0.0,700000.0
558376731,nakaseke,19,800000.0,0.0,0.0,0.0,0.0,0.0,0.0,0.0,800000.0
558377788,nakaseke,19,1250000.0,0.0,0.0,350000.0,40000.0,0.0,0.0,0.0,1640000.0
558378029,nakaseke,19,1000000.0,0.0,0.0,0.0,250000.0,0.0,0.0,0.0,1250000.0
559605691,nakaseke,19,4000000.0,300000.0,0.0,0.0,250000.0,0.0,0.0,0.0,4550000.0
560460598,nakaseke,19,4000000.0,0.0,0.0,0.0,0.0,0.0,0.0,0.0,4000000.0
560460842,nakaseke,19,2000000.0,0.0,0.0,0.0,400000.0,0.0,0.0,0.0,2400000.0
561199081,nakaseke,19,2500000.0,400000.0,0.0,0.0,200000.0,0.0,0.0,0.0,3100000.0
561203340,nakaseke,19,2500000.0,0.0,0.0,0.0,0.0,0.0,0.0,0.0,2500000.0
561250862,nakaseke,19,399600.0,0.0,0.0,300000.0,0.0,0.0,0.0,0.0,699600.0
582704845,nakaseke,19,7000000.0,400000.0,0.0,0.0,0.0,0.0,0.0,0.0,7400000.0
585217011,nakaseke,19,8000000.0,0.0,200000.0,0.0,0.0,0.0,0.0,0.0,8200000.0
588626659,nakaseke,19,156000.0,500000.0,300000.0,0.0,0.0,0.0,0.0,0.0,956000.0
588783193,nakaseke,19,7000000.0,0.0,0.0,0.0,0.0,0.0,0.0,0.0,7000000.0
613810847,nakaseke,19,360000.0,0.0,0.0,0.0,0.0,0.0,0.0,0.0,360000.0
614880582,mukono,19,400000.0,0.0,0.0,0.0,0.0,0.0,0.0,0.0,400000.0
616579050,mukono,19,500000.0,0.0,0.0,0.0,0.0,0.0,0.0,90000.0,590000.0
616701381,mukono,19,400000.0,0.0,0.0,0.0,0.0,0.0,0.0,180000.0,580000.0
623704503,mukono,19,300000.0,0.0,0.0,100000.0,0.0,0.0,0.0,100000.0,500000.0
550714829,nakaseke,19,600000.0,0.0,0.0,0.0,0.0,0.0,0.0,0.0,600000.0
551432268,nakaseke,19,650000.0,0.0,0.0,2000000.0000000016,0.0,0.0,0.0,0.0,2650000.000000002
551438359,nakaseke,19,3800000.0,0.0,0.0,0.0,0.0,0.0,0.0,0.0,3800000.0
551438847,nakaseke,19,750000.0,0.0,0.0,0.0,499999.9999999997,0.0,0.0,0.0,1249999.9999999998
552834713,nakaseke,19,2500000.0,199999.99999999997,0.0,0.0,499999.99999999977,0.0,0.0,0.0,3200000.0
553313606,nakaseke,19,1100000.0,0.0,0.0,0.0,200000.00000000006,0.0,0.0,0.0,1300000.0
553314110,nakaseke,19,6500000.0,0.0,0.0,0.0,499999.9999999997,0.0,0.0,0.0,7000000.0
553314852,nakaseke,19,6380000.0,0.0,0.0,0.0,69999.99999999994,0.0,0.0,0.0,6450000.0
554382238,nakaseke,19,5500000.0,0.0,100000.00000000001,0.0,499999.9999999997,0.0,0.0,0.0,6100000.0
554383042,nakaseke,19,5500000.0,0.0,0.0,0.0,638999.9999999997,0.0,0.0,0.0,6139000.0
554388188,nakaseke,19,7500000.0,0.0,240000.00000000015,0.0,999999.9999999995,0.0,0.0,0.0,8740000.0
555219221,nakaseke,19,4000000.0,0.0,0.0,0.0,1000000.0,0.0,6000000.0,0.0,11000000.0
555219441,nakaseke,19,8000000.0,0.0,0.0,0.0,1000000.0,0.0,0.0,0.0,9000000.0
555219813,nakaseke,19,800000.0,0.0,0.0,0.0,150000.0,0.0,0.0,0.0,950000.0
556046148,nakaseke,19,500000.0,0.0,0.0,200000.0,150000.0,0.0,0.0,0.0,850000.0
557695618,nakaseke,19,800000.0,0.0,0.0,0.0,300000.0,0.0,0.0,0.0,1100000.0
557695779,nakaseke,19,5000000.0,0.0,200000.0,0.0,0.0,0.0,0.0,0.0,5200000.0
557696080,nakaseke,19,2000000.0,800000.0,0.0,250000.0,0.0,0.0,0.0,0.0,3050000.0
559607285,nakaseke,19,1000000.0,0.0,150000.0,300000.0,0.0,0.0,0.0,0.0,1450000.0
559607680,nakaseke,19,3500000.0,0.0,0.0,350000.0,0.0,0.0,0.0,0.0,3850000.0
559615651,nakaseke,19,2000000.0,0.0,0.0,0.0,0.0,0.0,0.0,0.0,2000000.0
560459965,nakaseke,19,3000000.0,0.0,0.0,0.0,0.0,0.0,1500000.0,0.0,4500000.0
561202301,nakaseke,19,3500000.0,0.0,150000.0,0.0,0.0,0.0,0.0,0.0,3650000.0
567488224,nakaseke,19,3000000.0,0.0,0.0,0.0,300000.0,0.0,0.0,0.0,3300000.0
581728335,nakaseke,19,6000000.0,400000.0,0.0,0.0,0.0,0.0,0.0,0.0,6400000.0
581800534,nakaseke,19,5000000.0,0.0,0.0,0.0,400000.0,0.0,0.0,0.0,5400000.0
581801301,nakaseke,19,4000000.0,0.0,0.0,0.0,0.0,0.0,0.0,0.0,4000000.0
582682579,nakaseke,19,3000000.0,0.0,0.0,0.0,400000.0,0.0,0.0,0.0,3400000.0
582684638,nakaseke,19,2000000.0,0.0,0.0,0.0,0.0,0.0,0.0,0.0,2000000.0
583582238,nakaseke,19,15000000.0,500000.0,0.0,0.0,0.0,0.0,0.0,0.0,15500000.0
584447265,nakaseke,19,8000000.0,0.0,0.0,0.0,500000.0,0.0,0.0,0.0,8500000.0
585215638,nakaseke,19,15000000.0,0.0,0.0,0.0,0.0,0.0,0.0,0.0,15000000.0
585216305,nakaseke,19,3000000.0,0.0,0.0,0.0,0.0,0.0,0.0,0.0,3000000.0
587012670,nakaseke,19,15000000.0,0.0,0.0,0.0,0.0,0.0,0.0,0.0,15000000.0
587012983,nakaseke,19,8000000.0,0.0,0.0,0.0,200000.0,0.0,0.0,0.0,8200000.0
587013280,nakaseke,19,25000000.0,0.0,0.0,0.0,0.0,2000000.0,0.0,0.0,27000000.0
588781706,nakaseke,19,14000000.0,300000.0,0.0,0.0,0.0,0.0,0.0,0.0,14300000.0
589705500,nakaseke,19,5000000.0,0.0,0.0,0.0,400000.0,0.0,0.0,0.0,5400000.0
589705733,nakaseke,19,12000000.0,450000.0,0.0,0.0,0.0,0.0,0.0,0.0,12450000.0
592193539,nakaseke,19,7998000.0,0.0,0.0,0.0,0.0,0.0,0.0,0.0,7998000.0
593223241,nakaseke,19,3000000.0,3000000.0,0.0,0.0,5000000.0,0.0,0.0,0.0,11000000.0
593223559,nakaseke,19,5000000.0,450000.0,0.0,0.0,0.0,0.0,0.0,0.0,5450000.0
613174996,nakaseke,19,3500000.0,0.0,0.0,0.0,300000.0,0.0,0.0,0.0,3800000.0
613177861,nakaseke,19,2000000.0,0.0,0.0,0.0,500000.0,0.0,0.0,0.0,2500000.0
613177864,nakaseke,19,5000000.0,0.0,0.0,0.0,0.0,0.0,0.0,0.0,5000000.0
613178463,nakaseke,19,8000000.0,0.0,0.0,0.0,0.0,5000000.0,0.0,0.0,13000000.0
613178868,nakaseke,19,500000.0,0.0,0.0,0.0,300000.0,0.0,0.0,0.0,800000.0
613180603,nakaseke,19,2000000.0,0.0,0.0,0.0,0.0,0.0,0.0,0.0,2000000.0
613822490,nakaseke,19,180000.0,150000.0,250000.0,0.0,0.0,0.0,0.0,0.0,580000.0
613825443,nakaseke,19,754000.0,250000.0,0.0,100000.0,0.0,0.0,0.0,0.0,1104000.0
618055484,mukono,19,750000.0,0.0,0.0,0.0,0.0,0.0,0.0,500000.0,1250000.0
619558400,mukono,19,350000.0,0.0,0.0,200000.0,100000.0,0.0,0.0,0.0,650000.0
621499875,mukono,19,800000.0,0.0,3600000.0,0.0,0.0,0.0,0.0,0.0,4400000.0
623176650,mukono,19,500000.0,0.0,12000000.0,1000000.0,0.0,0.0,0.0,0.0,13500000.0
623183149,mukono,19,288000.0,0.0,0.0,0.0,0.0,1000000.0,0.0,5000000.0,6288000.0
623185581,mukono,19,500000.0,0.0,0.0,1000000.0,0.0,2400000.0,0.0,0.0,3900000.0
633165095,mukono,19,500000.0,0.0,0.0,3000000.0,20000000.0,0.0,0.0,0.0,23500000.0
633861862,mukono,19,2000000.0,0.0,1000000.0,20000000.0,0.0,0.0,0.0,0.0,23000000.0
634022320,mukono,19,300000.0,0.0,0.0,300000.0,0.0,0.0,0.0,0.0,600000.0
634322498,mukono,19,120000.0,0.0,0.0,0.0,0.0,0.0,0.0,0.0,120000.0
634928993,mukono,19,60000.0,0.0,0.0,0.0,0.0,0.0,0.0,0.0,60000.0
634952733,mukono,19,1400000.0,0.0,0.0,0.0,500000.0,10000000.0,0.0,0.0,11900000.0
634953204,mukono,19,1200000.0,720000.0,0.0,0.0,500000.0,0.0,0.0,0.0,2420000.0
635102101,mukono,19,500000.0,0.0,0.0,0.0,0.0,20000000.0,12000000.0,0.0,32500000.0
635102513,mukono,19,800000.0,0.0,0.0,10000000.0,1000000.0,0.0,0.0,0.0,11800000.0
644159914,mukono,19,15000000.0,0.0,0.0,0.0,2800000.0,0.0,0.0,0.0,17800000.0
644420047,mukono,19,800000.0,0.0,0.0,0.0,0.0,2000000.0,0.0,0.0,2800000.0
551439754,nakaseke,19,4000000.0,0.0,0.0,50000.000000000015,999999.9999999997,0.0,0.0,0.0,5050000.0
552968706,nakaseke,19,8000000.0,0.0,0.0,0.0,1199999.9999999998,0.0,0.0,0.0,9200000.0
552969446,nakaseke,19,2500000.0,0.0,0.0,0.0,60000.00000000002,0.0,0.0,0.0,2560000.0
552970239,nakaseke,19,3500000.0,0.0,0.0,0.0,0.0,0.0,0.0,0.0,3500000.0
554387935,nakaseke,19,5500000.0,0.0,0.0,0.0,74999.99999999996,0.0,0.0,0.0,5575000.0
558377096,nakaseke,19,2500000.0,500000.0,0.0,0.0,0.0,1000000.0,0.0,0.0,4000000.0
559607458,nakaseke,19,4000000.0,500000.0,0.0,0.0,200000.0,0.0,0.0,0.0,4700000.0
567493335,nakaseke,19,2000000.0,0.0,0.0,400000.0,800000.0,0.0,0.0,0.0,3200000.0
581802079,nakaseke,19,7000000.0,0.0,150000.0,0.0,300000.0,0.0,0.0,0.0,7450000.0
582619340,nakaseke,19,2000000.0,0.0,0.0,0.0,0.0,0.0,0.0,0.0,2000000.0
583580839,nakaseke,19,25000000.0,0.0,0.0,0.0,0.0,10000000.0,0.0,0.0,35000000.0
584444811,nakaseke,19,4000000.0,0.0,0.0,300000.0,0.0,0.0,0.0,0.0,4300000.0
585215286,nakaseke,19,6500000.0,500000.0,0.0,500000.0,0.0,0.0,0.0,0.0,7500000.0
587013182,nakaseke,19,6000000.0,0.0,150000.0,0.0,450000.0,0.0,0.0,0.0,6600000.0
588782700,nakaseke,19,12000000.0,0.0,0.0,500000.0,0.0,0.0,0.0,0.0,12500000.0
589705993,nakaseke,19,10000000.0,0.0,0.0,0.0,0.0,0.0,0.0,0.0,10000000.0
613178458,nakaseke,19,30000000.0,500000.0,0.0,0.0,0.0,0.0,0.0,0.0,30500000.0
613178880,nakaseke,19,3000000.0,800000.0,300000.0,0.0,0.0,0.0,0.0,0.0,4100000.0
613179574,nakaseke,19,4000000.0,0.0,0.0,0.0,400000.0,0.0,0.0,0.0,4400000.0
615825416,mukono,19,50000.0,0.0,0.0,0.0,0.0,0.0,0.0,0.0,50000.0
619544793,mukono,19,1000000.0,0.0,0.0,0.0,0.0,1000000.0,0.0,0.0,2000000.0
623479229,mukono,19,120000.0,0.0,0.0,0.0,0.0,0.0,0.0,0.0,120000.0
633706398,mukono,19,600000.0,0.0,0.0,0.0,0.0,0.0,0.0,0.0,600000.0
633706854,mukono,19,150000.0,0.0,0.0,0.0,80000.0,0.0,0.0,0.0,230000.0
553314312,nakaseke,19,11000000.0,0.0,0.0,0.0,100000.00000000001,0.0,0.0,0.0,11100000.0
555219512,nakaseke,19,1200000.0,2000000.0,0.0,0.0,0.0,0.0,0.0,0.0,3200000.0
561200684,nakaseke,19,4000000.0,0.0,0.0,200000.0,0.0,0.0,0.0,0.0,4200000.0
583583184,nakaseke,19,20000000.0,0.0,0.0,0.0,500000.0,0.0,0.0,0.0,20500000.0
584444125,nakaseke,19,8000000.0,0.0,0.0,0.0,0.0,1000000.0,0.0,0.0,9000000.0
584446459,nakaseke,19,4000000.0,0.0,200000.0,0.0,0.0,0.0,0.0,0.0,4200000.0
586786507,nakaseke,19,551800.0,160000.0,0.0,0.0,0.0,0.0,0.0,0.0,711800.0
586805028,nakaseke,19,384400.0,180000.0,0.0,0.0,100800.0,0.0,0.0,0.0,665200.0
588783732,nakaseke,19,8000000.0,0.0,0.0,300000.0,0.0,0.0,0.0,0.0,8300000.0
589705256,nakaseke,19,10000000.0,0.0,0.0,0.0,0.0,8000000.0,0.0,0.0,18000000.0
592362627,nakaseke,19,4000000.0,500000.0,0.0,0.0,0.0,0.0,0.0,0.0,4500000.0
592363516,nakaseke,19,9900000.0,0.0,0.0,0.0,0.0,0.0,0.0,0.0,9900000.0
615755561,mukono,19,24000000.0,2000000.0,0.0,0.0,1000000.0,5000000.0,0.0,0.0,32000000.0
616699698,mukono,19,600000.0,0.0,0.0,0.0,0.0,0.0,0.0,0.0,600000.0
618056804,mukono,19,1400000.0,0.0,0.0,200000.0,50000.0,0.0,0.0,0.0,1650000.0
623479343,mukono,19,150000.0,0.0,0.0,0.0,70000.0,0.0,0.0,0.0,220000.0
631647706,mukono,19,230000.0,0.0,0.0,0.0,0.0,0.0,0.0,0.0,230000.0
632871446,mukono,19,800000.0,0.0,0.0,0.0,0.0,0.0,0.0,0.0,800000.0
644420087,mukono,19,600000.0,0.0,0.0,1500000.0,0.0,0.0,0.0,0.0,2100000.0
583581711,nakaseke,19,8000000.0,0.0,200000.0,0.0,0.0,0.0,0.0,0.0,8200000.0
592192218,nakaseke,19,2400000.0,0.0,0.0,0.0,250000.0,0.0,0.0,0.0,2650000.0
614880682,mukono,19,1400000.0,0.0,0.0,0.0,0.0,0.0,0.0,0.0,1400000.0
618739011,mukono,19,6400000.0,0.0,0.0,0.0,0.0,0.0,0.0,0.0,6400000.0
618739107,mukono,19,1800000.0,0.0,0.0,0.0,0.0,0.0,0.0,0.0,1800000.0
622484850,mukono,19,600000.0,0.0,0.0,0.0,0.0,0.0,0.0,0.0,600000.0
623479274,mukono,19,150000.0,0.0,0.0,0.0,0.0,0.0,0.0,0.0,150000.0
623981062,mukono,19,400000.0,0.0,0.0,0.0,180000.0,0.0,0.0,0.0,580000.0
634929144,mukono,19,40000.0,0.0,0.0,0.0,75000.0,0.0,0.0,0.0,115000.0
635625391,mukono,19,120000.0,0.0,0.0,0.0,0.0,0.0,0.0,0.0,120000.0
635625490,mukono,19,80000.0,0.0,0.0,0.0,0.0,0.0,0.0,0.0,80000.0
556031317,nakaseke,19,450000.0,0.0,0.0,0.0,0.0,0.0,0.0,0.0,450000.0
556037719,nakaseke,19,400000.0,0.0,0.0,0.0,0.0,0.0,0.0,0.0,400000.0
560449324,nakaseke,19,2666000.0,0.0,0.0,0.0,1425600.0,0.0,0.0,0.0,4091600.0
586026956,nakaseke,19,354000.0,0.0,300000.0,0.0,0.0,0.0,0.0,0.0,654000.0
616680304,mukono,19,400000.0,0.0,800000.0,0.0,0.0,3600000.0,0.0,0.0,4800000.0
616700114,mukono,19,360000.0,0.0,0.0,0.0,0.0,0.0,0.0,0.0,360000.0
623980936,mukono,19,180000.0,0.0,0.0,0.0,0.0,0.0,0.0,0.0,180000.0
632872132,mukono,19,590000.0,0.0,0.0,0.0,0.0,0.0,0.0,0.0,590000.0
550732883,nakaseke,19,2800000.0,0.0,0.0,0.0,0.0,0.0,0.0,0.0,2800000.0
582502735,nakaseke,19,450000.0,0.0,0.0,0.0,0.0,0.0,0.0,0.0,450000.0
586030936,nakaseke,19,195000.0,0.0,150000.0,0.0,0.0,0.0,0.0,0.0,345000.0
614807290,mukono,19,900000.0,0.0,0.0,0.0,0.0,0.0,0.0,600000.0,1500000.0
614850521,mukono,19,200000.0,0.0,150000.0,0.0,300000.0,0.0,0.0,0.0,650000.0
614880379,mukono,19,2600000.0,0.0,0.0,20000.0,100000.00000000001,0.0,0.0,0.0,2720000.0
615759274,mukono,19,1000000.0,0.0,0.0,0.0,0.0,0.0,500000.0,0.0,1500000.0
615825361,mukono,19,2600000.0,0.0,0.0,0.0,0.0,0.0,0.0,0.0,2600000.0
616578776,mukono,19,1200000.0,300000.0,200000.0,0.0,0.0,1500000.0,0.0,0.0,3200000.0
616579437,mukono,19,1500000.0,0.0,0.0,500000.0,0.0,0.0,0.0,0.0,2000000.0
616580090,mukono,19,300000.0,100000.0,100000.0,100000.0,300000.0,0.0,0.0,0.0,900000.0
616699119,mukono,19,90000.0,0.0,0.0,0.0,0.0,0.0,0.0,0.0,90000.0
617648886,mukono,19,320000.0,0.0,0.0,0.0,0.0,0.0,0.0,0.0,320000.0
618056277,mukono,19,900000.0,0.0,0.0,100000.0,0.0,0.0,0.0,0.0,1000000.0
618502771,mukono,19,500000.0,0.0,200000.0,0.0,0.0,0.0,0.0,0.0,700000.0
618503624,mukono,19,1100000.0,0.0,0.0,1000000.0,0.0,0.0,0.0,0.0,2100000.0
619549456,mukono,19,1600000.0,0.0,0.0,0.0,0.0,1200000.0,0.0,1400000.0,4200000.0
619551006,mukono,19,480000.0,0.0,0.0,500000.0,0.0,0.0,0.0,0.0,980000.0
619552154,mukono,19,1200000.0,0.0,0.0,0.0,1000000.0,0.0,0.0,0.0,2200000.0
619559855,mukono,19,1800000.0,0.0,0.0,0.0,2000000.0,1350000.0,0.0,0.0,5150000.0
622292961,mukono,19,500000.0,0.0,0.0,400000.0,0.0,0.0,0.0,0.0,900000.0
623188000,mukono,19,600000.0,0.0,0.0,0.0,15000000.0,6000000.0,0.0,0.0,21600000.0
623704256,mukono,19,3500000.0,0.0,0.0,600000.0,500000.0,0.0,0.0,0.0,4600000.0
624717557,mukono,19,400000.0,0.0,2000000.0,0.0,0.0,0.0,0.0,0.0,2400000.0
628775538,mukono,19,1000000.0,0.0,0.0,1000000.0,0.0,0.0,0.0,0.0,2000000.0
632457381,mukono,19,1200000.0,0.0,0.0,600000.0,300000.0,0.0,0.0,0.0,2100000.0
632479613,mukono,19,800000.0,100000.0,0.0,200000.0,100000.0,0.0,0.0,0.0,1200000.0
632526756,mukono,19,17500000.0,0.0,0.0,2000000.0,0.0,0.0,0.0,0.0,19500000.0
632870245,mukono,19,120000.0,0.0,0.0,0.0,15000.0,0.0,0.0,0.0,135000.0
633860192,mukono,19,15000000.0,0.0,0.0,1000000.0,600000.0,0.0,0.0,0.0,16600000.0
633861646,mukono,19,3000000.0,0.0,0.0,0.0,2800000.0,0.0,0.0,0.0,5800000.0
634322667,mukono,19,160000.0,0.0,0.0,0.0,0.0,0.0,0.0,0.0,160000.0
634322758,mukono,19,800000.0,0.0,0.0,0.0,0.0,0.0,0.0,0.0,800000.0
635625535,mukono,19,900000.0,0.0,0.0,0.0,40000.0,0.0,0.0,0.0,940000.0
635860119,mukono,19,1200000.0,200000.0,0.0,300000.0,300000.0,0.0,0.0,0.0,2000000.0
636602799,mukono,19,1500000.0,200000.0,0.0,0.0,200000.0,0.0,0.0,0.0,1900000.0
558422222,nakaseke,19,1180000.0,240000.0,0.0,0.0,0.0,0.0,0.0,0.0,1420000.0
559666954,nakaseke,19,494000.0,0.0,0.0,0.0,0.0,0.0,0.0,0.0,494000.0
560448617,nakaseke,19,560000.0,0.0,0.0,0.0,0.0,0.0,0.0,0.0,560000.0
583505993,nakaseke,19,450000.0,0.0,180000.0,0.0,0.0,0.0,0.0,0.0,630000.0
584452976,nakaseke,19,286000.0,1500000.0,250000.0,0.0,0.0,0.0,0.0,0.0,2036000.0
586809899,nakaseke,19,298900.0,250000.0,150000.0,0.0,0.0,0.0,0.0,0.0,698900.0
618738329,mukono,19,1200000.0,0.0,0.0,0.0,0.0,0.0,0.0,0.0,1200000.0
623981362,mukono,19,800000.0,0.0,0.0,0.0,0.0,0.0,0.0,0.0,800000.0
633706233,mukono,19,180000.0,0.0,0.0,0.0,0.0,0.0,0.0,0.0,180000.0
555219650,nakaseke,19,700000.0,0.0,0.0,0.0,0.0,0.0,0.0,0.0,700000.0
581666974,nakaseke,19,663600.0,0.0,0.0,250000.0,162000.0,0.0,0.0,0.0,1075600.0
589566940,nakaseke,19,420000.0,0.0,0.0,0.0,0.0,0.0,0.0,0.0,420000.0
615760019,mukono,19,600000.0,300000.0,0.0,0.0,0.0,0.0,0.0,0.0,900000.0
615825276,mukono,19,1200000.0,0.0,0.0,0.0,0.0,0.0,0.0,0.0,1200000.0
616698945,mukono,19,6000000.0,0.0,0.0,0.0,1500000.0,0.0,0.0,0.0,7500000.0
616699320,mukono,19,1800000.0,0.0,0.0,0.0,0.0,0.0,0.0,0.0,1800000.0
619769782,mukono,19,1800000.0,0.0,0.0,0.0,0.0,0.0,0.0,0.0,1800000.0
621639263,mukono,19,100000.0,0.0,0.0,0.0,0.0,0.0,0.0,0.0,100000.0
622484708,mukono,19,1600000.0,0.0,0.0,0.0,0.0,0.0,0.0,0.0,1600000.0
623981163,mukono,19,1800000.0,0.0,0.0,0.0,2200000.0,0.0,0.0,0.0,4000000.0
550732746,nakaseke,19,1200000.0,0.0,0.0,0.0,0.0,0.0,0.0,0.0,1200000.0
615825485,mukono,19,2400000.0,0.0,0.0,0.0,0.0,0.0,0.0,0.0,2400000.0
551438282,nakaseke,19,1250000.0,0.0,0.0,0.0,0.0,0.0,0.0,0.0,1250000.0
585181910,nakaseke,19,468000.0,230000.0,0.0,250000.0,0.0,0.0,0.0,0.0,948000.0
553313598,nakaseke,19,14010000.0,0.0,0.0,0.0,124999.99999999991,0.0,0.0,0.0,14135000.0
555219886,nakaseke,19,1900000.0,420000.0,0.0,0.0,0.0,0.0,0.0,0.0,2320000.0
561236657,nakaseke,19,1296000.0,0.0,0.0,500000.0,221000.0,0.0,0.0,0.0,2017000.0
583502844,nakaseke,19,510000.0,0.0,0.0,0.0,0.0,0.0,0.0,0.0,510000.0
584472197,nakaseke,19,702000.0,0.0,300000.0,0.0,466200.0,0.0,0.0,0.0,1468200.0
588619360,nakaseke,19,492000.0,0.0,0.0,0.0,0.0,0.0,0.0,0.0,492000.0
613814407,nakaseke,19,2560000.0,0.0,0.0,0.0,0.0,0.0,0.0,0.0,2560000.0
614850687,mukono,19,200000.0,0.0,0.0,200000.0,0.0,0.0,0.0,0.0,400000.0
615773237,mukono,19,700000.0,0.0,300000.0,200000.0,120000.0,200000.0,0.0,0.0,1520000.0
616679140,mukono,19,3000000.0,1000000.0,0.0,0.0,6000000.0,10000000.0,0.0,0.0,20000000.0
618056509,mukono,19,3000000.0,0.0,0.0,100000.0,0.0,0.0,0.0,0.0,3100000.0
618502947,mukono,19,1000000.0,0.0,0.0,300000.0,200000.0,0.0,0.0,0.0,1500000.0
618503261,mukono,19,900000.0,0.0,0.0,0.0,0.0,0.0,0.0,1000000.0,1900000.0
618738549,mukono,19,900000.0,0.0,0.0,0.0,0.0,0.0,0.0,0.0,900000.0
619307564,mukono,19,1300000.0,0.0,0.0,200000.0,500000.0,0.0,0.0,0.0,2000000.0
619543012,mukono,19,400000.0,360000.0,0.0,0.0,0.0,5100000.0,0.0,0.0,5860000.0
620136574,mukono,19,900000.0,300000.0,200000.0,0.0,300000.0,0.0,0.0,0.0,1700000.0
620155076,mukono,19,500000.0,500000.0,0.0,0.0,300000.0,0.0,0.0,0.0,1300000.0
621076849,mukono,19,1500000.0,0.0,0.0,0.0,2000000.0,0.0,0.0,2000000.0,5500000.0
622287746,mukono,19,700000.0,0.0,0.0,100000.0,70000.0,0.0,0.0,0.0,870000.0
622484987,mukono,19,2400000.0,0.0,0.0,0.0,0.0,0.0,0.0,0.0,2400000.0
631647870,mukono,19,1800000.0,0.0,0.0,0.0,0.0,0.0,0.0,0.0,1800000.0
632483673,mukono,19,2000000.0,200000.0,0.0,300000.0,300000.0,0.0,0.0,0.0,2800000.0
632532023,mukono,19,4800000.0,0.0,0.0,0.0,1000000.0,0.0,0.0,0.0,5800000.0
633706958,mukono,19,320000.0,0.0,0.0,0.0,150000.0,0.0,0.0,0.0,470000.0
634023370,mukono,19,2000000.0,0.0,0.0,200000.0,0.0,0.0,0.0,100000.0,2300000.0
634718078,mukono,19,3000000.0,300000.0,0.0,0.0,300000.0,0.0,0.0,100000.0,3700000.0
634718387,mukono,19,1000000.0,100000.0,100000.0,100000.0,200000.0,0.0,0.0,0.0,1500000.0
635238203,mukono,19,700000.0,100000.0,300000.0,0.0,100000.0,0.0,0.0,0.0,1200000.0
635859907,mukono,19,1800000.0,200000.0,0.0,300000.0,30000.0,0.0,0.0,0.0,2330000.0
636603192,mukono,19,7000000.0,0.0,0.0,0.0,500000.0,2000000.0,0.0,0.0,9500000.0
551433371,nakaseke,19,930000.0,3000000.0000000023,0.0,0.0,0.0,0.0,0.0,0.0,3930000.0000000023
581719428,nakaseke,19,554400.0,0.0,0.0,0.0,0.0,0.0,0.0,0.0,554400.0
584453809,nakaseke,19,1008000.0,0.0,0.0,300000.0,0.0,0.0,0.0,0.0,1308000.0
588629366,nakaseke,19,552000.0,350000.0,0.0,0.0,0.0,0.0,0.0,0.0,902000.0
593198085,nakaseke,19,456000.0,0.0,0.0,0.0,0.0,0.0,0.0,0.0,456000.0
614850630,mukono,19,500000.0,0.0,100000.0,0.0,100000.0,0.0,0.0,0.0,700000.0
558415060,nakaseke,19,694400.0,0.0,0.0,250000.0,0.0,0.0,0.0,0.0,944400.0
561237697,nakaseke,19,499200.0,450000.0,0.0,0.0,500000.0,0.0,0.0,0.0,1449200.0
582502398,nakaseke,19,480000.0,0.0,0.0,0.0,225000.0,0.0,0.0,0.0,705000.0
586028388,nakaseke,19,617400.0,0.0,300000.0,0.0,200000.0,0.0,0.0,0.0,1117400.0
613819661,nakaseke,19,336000.0,0.0,0.0,0.0,0.0,0.0,0.0,0.0,336000.0
619770045,mukono,19,900000.0,0.0,0.0,0.0,0.0,0.0,0.0,0.0,900000.0
553313800,nakaseke,19,14000000.0,0.0,0.0,0.0,350000.0000000001,0.0,0.0,0.0,14350000.0
560449000,nakaseke,19,680400.0,0.0,0.0,0.0,150000.0,0.0,0.0,0.0,830400.0
560449862,nakaseke,19,610000.0,0.0,0.0,300000.0,0.0,0.0,0.0,0.0,910000.0
583505325,nakaseke,19,1500000.0,0.0,0.0,0.0,0.0,0.0,0.0,0.0,1500000.0
613821415,nakaseke,19,2232000.0,0.0,0.0,0.0,0.0,0.0,0.0,0.0,2232000.0
561257600,nakaseke,19,325000.0,0.0,0.0,0.0,0.0,0.0,0.0,0.0,325000.0
585193571,nakaseke,19,545200.0,0.0,200000.0,0.0,640800.0,0.0,0.0,0.0,1386000.0
621639988,mukono,19,600000.0,0.0,0.0,0.0,1200000.0,0.0,0.0,0.0,1800000.0
550731204,nakaseke,19,600000.0,0.0,0.0,0.0,0.0,0.0,0.0,0.0,600000.0
550739292,nakaseke,19,500000.0,0.0,0.0,0.0,0.0,0.0,0.0,0.0,500000.0
550740686,nakaseke,19,1000000.0,0.0,0.0,0.0,0.0,0.0,0.0,0.0,1000000.0
551433006,nakaseke,19,1210000.0,200000.00000000006,0.0,0.0,0.0,0.0,0.0,0.0,1410000.0
552803009,nakaseke,19,7950000.0,0.0,0.0,0.0,0.0,0.0,0.0,0.0,7950000.0
554395712,nakaseke,19,2360000.0,0.0,0.0,0.0,249999.99999999983,0.0,0.0,0.0,2610000.0
554399870,,19,8800000.0,0.0,0.0,0.0,499999.9999999997,0.0,0.0,0.0,9300000.0
555219447,nakaseke,19,1050000.0,0.0,0.0,0.0,0.0,0.0,0.0,0.0,1050000.0
559669939,nakaseke,19,2697500.0,0.0,0.0,0.0,520000.0,0.0,0.0,0.0,3217500.0
581666409,nakaseke,19,680400.0,0.0,100000.0,0.0,180000.0,0.0,0.0,0.0,960400.0
585208171,nakaseke,19,975000.0,0.0,300000.0,0.0,0.0,0.0,0.0,0.0,1275000.0
613829595,nakaseke,19,1003400.0,0.0,0.0,0.0,0.0,0.0,0.0,0.0,1003400.0
614807717,mukono,19,800000.0,0.0,0.0,500000.0,0.0,0.0,0.0,0.0,1300000.0
615773415,mukono,19,900000.0,200000.0,0.0,300000.0,300000.0,500000.0,0.0,0.0,2200000.0
616587562,mukono,19,1500000.0,20000.0,0.0,0.0,200000.0,0.0,0.0,0.0,1720000.0
617648818,mukono,19,1200000.0,0.0,0.0,0.0,0.0,0.0,0.0,0.0,1200000.0
617656724,mukono,19,3200000.0,0.0,0.0,0.0,0.0,0.0,0.0,0.0,3200000.0
618738718,mukono,19,2400000.0,0.0,0.0,0.0,0.0,0.0,0.0,0.0,2400000.0
618740822,mukono,19,2400000.0,0.0,0.0,0.0,0.0,0.0,0.0,0.0,2400000.0
619306835,mukono,19,1200000.0,300000.0,0.0,200000.0,0.0,300000.0,0.0,0.0,2000000.0
619559199,mukono,19,6000000.0,0.0,0.0,0.0,12000000.0,0.0,0.0,0.0,18000000.0
619769613,mukono,19,4500000.0,0.0,0.0,0.0,0.0,0.0,0.0,0.0,4500000.0
620129760,mukono,19,3500000.0,500000.0,0.0,0.0,500000.0,0.0,0.0,0.0,4500000.0
620157158,mukono,19,2500000.0,0.0,0.0,2000000.0,1000000.0,300000.0,0.0,0.0,5800000.0
620418682,mukono,19,12000000.0,1800000.0,0.0,0.0,1000000.0,0.0,0.0,0.0,14800000.0
620699865,mukono,19,2400000.0,0.0,0.0,0.0,0.0,0.0,0.0,0.0,2400000.0
620699988,mukono,19,36000000.0,0.0,0.0,0.0,0.0,0.0,0.0,0.0,36000000.0
621075678,mukono,19,1200000.0,0.0,0.0,0.0,0.0,0.0,0.0,100000.0,1300000.0
621078199,mukono,19,1200000.0,0.0,0.0,0.0,500000.0,0.0,0.0,1000000.0,2700000.0
621497521,mukono,19,750000.0,0.0,0.0,500000.0,200000.0,0.0,0.0,0.0,1450000.0
622288485,mukono,19,2000000.0,2500000.0,0.0,0.0,1000000.0,500000.0,0.0,0.0,6000000.0
622289226,mukono,19,900000.0,200000.0,100000.0,0.0,500000.0,0.0,0.0,300000.0,2000000.0
622950844,mukono,19,2600000.0,400000.0,0.0,0.0,1500000.0,0.0,0.0,0.0,4500000.0
622950959,mukono,19,700000.0,100000.0,0.0,200000.0,0.0,0.0,0.0,0.0,1000000.0
622951178,mukono,19,2100000.0,0.0,0.0,0.0,2000000.0,0.0,0.0,0.0,4100000.0
623479319,mukono,19,400000.0,0.0,0.0,0.0,2800000.0,0.0,0.0,0.0,3200000.0
623704150,mukono,19,1000000.0,500000.0,0.0,500000.0,300000.0,0.0,0.0,0.0,2300000.0
623704380,mukono,19,300000.0,0.0,200000.0,0.0,200000.0,0.0,0.0,0.0,700000.0
624715344,mukono,19,200000.0,0.0,0.0,0.0,200000.0,0.0,0.0,1000000.0,1400000.0
631647480,mukono,19,3200000.0,0.0,0.0,0.0,700000.0,0.0,0.0,0.0,3900000.0
632449589,mukono,19,3000000.0,0.0,0.0,500000.0,0.0,0.0,0.0,0.0,3500000.0
632465838,mukono,19,2500000.0,200000.0,0.0,300000.0,300000.0,0.0,0.0,0.0,3300000.0
633165465,mukono,19,2000000.0,400000.0,0.0,500000.0,500000.0,0.0,0.0,0.0,3400000.0
633165662,mukono,19,2000000.0,300000.0,0.0,0.0,300000.0,200000.0,0.0,0.0,2800000.0
634022615,mukono,19,4000000.0,1000000.0,0.0,1000000.0,300000.0,0.0,0.0,0.0,6300000.0
634718321,mukono,19,1000000.0,0.0,0.0,0.0,300000.0,500000.0,0.0,0.0,1800000.0
634929270,mukono,19,80000.0,0.0,0.0,0.0,0.0,0.0,0.0,0.0,80000.0
635102819,mukono,19,1000000.0,0.0,500000.0,0.0,500000.0,0.0,0.0,0.0,2000000.0
635238371,mukono,19,2000000.0,1000000.0,0.0,500000.0,500000.0,0.0,0.0,0.0,4000000.0
635238449,mukono,19,2500000.0,100000.0,0.0,300000.0,300000.0,0.0,0.0,0.0,3200000.0
635238630,mukono,19,1500000.0,500000.0,0.0,300000.0,300000.0,0.0,0.0,0.0,2600000.0
635625333,mukono,19,400000.0,0.0,0.0,0.0,0.0,0.0,0.0,0.0,400000.0
635859825,mukono,19,1500000.0,0.0,0.0,500000.0,0.0,0.0,0.0,0.0,2000000.0
635860002,mukono,19,3000000.0,200000.0,0.0,0.0,0.0,0.0,0.0,0.0,3200000.0
635860179,mukono,19,3000000.0,1000000.0,0.0,500000.0,500000.0,0.0,0.0,0.0,5000000.0
636134719,mukono,19,24000000.0,0.0,0.0,1000000.0,1950000.0,0.0,0.0,0.0,26950000.0
636135880,mukono,19,1400000.0,0.0,1500000.0,0.0,500000.0,0.0,0.0,0.0,3400000.0
636603058,mukono,19,900000.0,0.0,0.0,0.0,200000.0,0.0,0.0,0.0,1100000.0
636603136,mukono,19,700000.0,0.0,0.0,300000.0,500000.0,0.0,0.0,0.0,1500000.0
644152753,mukono,19,2000000.0,200000.0,0.0,300000.0,300000.0,0.0,0.0,300000.0,3100000.0
644152847,mukono,19,700000.0,100000.0,0.0,200000.0,200000.0,0.0,0.0,0.0,1200000.0
644159669,mukono,19,3200000.0,0.0,0.0,0.0,420000.0,0.0,0.0,0.0,3620000.0
554400498,nakaseke,19,7000000.0,0.0,0.0,0.0,1199999.9999999998,0.0,0.0,0.0,8200000.0
559666632,nakaseke,19,990000.0,0.0,0.0,150000.0,0.0,0.0,0.0,0.0,1140000.0
619306547,mukono,19,2000000.0,500000.0,0.0,0.0,0.0,0.0,0.0,320000.0,2820000.0
622485261,mukono,19,800000.0,0.0,0.0,0.0,0.0,0.0,0.0,0.0,800000.0
631647195,mukono,19,600000.0,0.0,0.0,0.0,150000.0,0.0,0.0,0.0,750000.0
565368592,nakaseke,19,571200.0,0.0,0.0,0.0,127000.0,0.0,0.0,0.0,698200.0
584454693,nakaseke,19,250000.0,0.0,250000.0,0.0,0.0,0.0,0.0,0.0,500000.0
618738814,mukono,19,2600000.0,0.0,0.0,0.0,0.0,0.0,0.0,0.0,2600000.0
582503421,nakaseke,19,690000.0,0.0,0.0,0.0,0.0,0.0,0.0,0.0,690000.0
589565846,nakaseke,19,720000.0,0.0,0.0,0.0,850000.0,0.0,0.0,0.0,1570000.0
614850459,mukono,19,1100000.0,0.0,0.0,0.0,550000.0,0.0,0.0,0.0,1650000.0
556032422,nakaseke,19,2500000.0,1800000.0,0.0,300000.0,0.0,0.0,0.0,0.0,4600000.0
558422563,nakaseke,19,1750000.0,0.0,0.0,0.0,950000.0,0.0,0.0,0.0,2700000.0
585223034,nakaseke,19,342000.0,0.0,0.0,0.0,0.0,0.0,0.0,0.0,342000.0
623704362,mukono,19,700000.0,500000.0,0.0,0.0,500000.0,0.0,0.0,0.0,1700000.0
633165535,mukono,19,1800000.0,0.0,0.0,500000.0,500000.0,0.0,0.0,0.0,2800000.0
634929225,mukono,19,4000000.0,0.0,0.0,0.0,100000.0,0.0,0.0,0.0,4100000.0
636602878,mukono,19,3500000.0,200000.0,0.0,200000.0,300000.0,0.0,0.0,0.0,4200000.0
558418973,nakaseke,19,1664000.0,0.0,0.0,0.0,1800000.0,2500000.0,0.0,0.0,5964000.0
613827164,nakaseke,19,1560200.0,0.0,450000.0,0.0,950000.0,0.0,0.0,0.0,2960200.0
632876809,mukono,19,320000.0,0.0,0.0,0.0,0.0,0.0,0.0,0.0,320000.0
559670838,nakaseke,19,2073500.0,0.0,0.0,200000.0,0.0,0.0,0.0,0.0,2273500.0
588625655,nakaseke,19,2496000.0,0.0,300000.0,0.0,1050000.0,0.0,0.0,0.0,3846000.0
550732633,nakaseke,19,1050000.0,0.0,0.0,199999.99999999997,0.0,0.0,0.0,0.0,1250000.0
550740078,nakaseke,19,1100000.0,249999.99999999983,0.0,0.0,0.0,0.0,0.0,0.0,1349999.9999999998
552802393,nakaseke,19,8800000.0,999999.9999999995,0.0,0.0,299999.9999999999,0.0,0.0,0.0,10100000.0
553314788,nakaseke,19,7500000.0,0.0,0.0,0.0,499999.9999999997,0.0,0.0,0.0,8000000.0
556033462,nakaseke,19,4032000.0,0.0,0.0,0.0,1755000.0,0.0,0.0,0.0,5787000.0
557694485,nakaseke,19,90000.0,0.0,0.0,50000.0,0.0,0.0,0.0,0.0,140000.0
557694682,nakaseke,19,90000.0,0.0,0.0,25000.0,0.0,0.0,0.0,0.0,115000.0
557711753,nakaseke,19,1750000.0,0.0,0.0,0.0,0.0,0.0,0.0,0.0,1750000.0
557713215,nakaseke,19,1100000.0000000002,0.0,0.0,0.0,0.0,0.0,0.0,0.0,1100000.0000000002
558375556,nakaseke,19,300000.0,0.0,0.0,50000.0,60000.0,0.0,0.0,0.0,410000.0
565368815,nakaseke,19,1150000.0,0.0,0.0,300000.0,0.0,0.0,0.0,0.0,1450000.0
583503314,nakaseke,19,3060000.0,0.0,0.0,0.0,639000.0,0.0,0.0,0.0,3699000.0
592192864,nakaseke,19,2400000.0,0.0,0.0,0.0,0.0,0.0,0.0,0.0,2400000.0
614807974,mukono,19,700000.0,0.0,0.0,400000.0,0.0,0.0,0.0,0.0,1100000.0
614850566,mukono,19,3200000.0,0.0,0.0,0.0,3000000.0,0.0,0.0,0.0,6200000.0
615761193,mukono,19,7000000.0,1000000.0,0.0,0.0,1000000.0,0.0,500000.0,0.0,9500000.0
615773611,mukono,19,1000000.0,200000.0,100000.0,0.0,100000.0,0.0,0.0,0.0,1400000.0
616675567,mukono,19,300000.0,0.0,0.0,0.0,0.0,1000000.0,600000.0,0.0,1900000.0
617462488,mukono,19,650000.0,0.0,0.0,0.0,0.0,4000000.0,0.0,0.0,4650000.0
617463415,mukono,19,300000.0,0.0,0.0,0.0,300000.0,2400000.0,0.0,0.0,3000000.0
617648934,mukono,19,2400000.0,0.0,0.0,0.0,0.0,0.0,0.0,0.0,2400000.0
619547863,mukono,19,1000000.0,0.0,0.0,0.0,250000.0,1000000.0,0.0,0.0,2250000.0
619769827,mukono,19,560000.0,0.0,0.0,0.0,0.0,0.0,0.0,250000.0,810000.0
619769984,mukono,19,1800000.0,0.0,0.0,0.0,0.0,0.0,0.0,0.0,1800000.0
620417365,mukono,19,600000.0,0.0,0.0,0.0,0.0,5000000.0,1000000.0,0.0,6600000.0
620699936,mukono,19,3200000.0,0.0,0.0,0.0,0.0,0.0,0.0,0.0,3200000.0
620700057,mukono,19,1200000.0,0.0,0.0,0.0,1600000.0,0.0,0.0,0.0,2800000.0
621078668,mukono,19,1100000.0,200000.0,0.0,0.0,800000.0,0.0,4800000.0,500000.0,7400000.0
621640204,mukono,19,130000.0,0.0,0.0,0.0,0.0,0.0,0.0,0.0,130000.0
621642449,mukono,19,200000.0,0.0,0.0,0.0,0.0,0.0,0.0,0.0,200000.0
622289483,mukono,19,400000.0,200000.0,100000.0,0.0,200000.0,0.0,0.0,0.0,900000.0
622485078,mukono,19,8000000.0,0.0,0.0,0.0,4500000.0,0.0,0.0,0.0,12500000.0
623981243,mukono,19,100000.0,0.0,0.0,0.0,250000.0,0.0,0.0,0.0,350000.0
624290457,mukono,19,1800000.0,500000.0,0.0,1000000.0,500000.0,600000.0,0.0,0.0,4400000.0
624291333,mukono,19,700000.0,600000.0,0.0,600000.0,500000.0,0.0,0.0,0.0,2400000.0
624292438,mukono,19,700000.0,700000.0,200000.0,200000.0,200000.0,0.0,0.0,0.0,2000000.0
631647010,mukono,19,1200000.0,0.0,0.0,0.0,75000.0,0.0,0.0,0.0,1275000.0
633165312,mukono,19,1200000.0,0.0,0.0,200000.0,0.0,0.0,0.0,0.0,1400000.0
633706793,mukono,19,300000.0,0.0,0.0,0.0,500000.0,0.0,0.0,0.0,800000.0
634022985,mukono,19,900000.0,0.0,0.0,300000.0,0.0,0.0,0.0,100000.0,1300000.0
634718242,mukono,19,5000000.0,1000000.0,0.0,1000000.0,1000000.0,0.0,0.0,0.0,8000000.0
635238561,mukono,19,1200000.0,0.0,0.0,500000.0,300000.0,0.0,0.0,0.0,2000000.0
636135365,mukono,19,3000000.0,0.0,500000.0,300000.0,100000.0,0.0,0.0,0.0,3900000.0
636136285,mukono,19,2400000.0,0.0,0.0,1000000.0,0.0,0.0,0.0,3000000.0,6400000.0
616674531,mukono,19,5100000.0,0.0,0.0,0.0,0.0,0.0,2000000.0,0.0,7100000.0
557715625,nakaseke,19,1650000.0,0.0,0.0,0.0,0.0,0.0,0.0,0.0,1650000.0
582503133,nakaseke,19,1260000.0,0.0,0.0,500000.0,0.0,0.0,0.0,0.0,1760000.0
586804272,nakaseke,19,3217800.0,300000.0,1000000.0,0.0,560000.0,0.0,0.0,0.0,5077800.0
620699783,mukono,19,2800000.0,0.0,0.0,0.0,0.0,0.0,0.0,0.0,2800000.0
550738751,nakaseke,19,400000.0,0.0,0.0,0.0,0.0,0.0,0.0,0.0,400000.0
589566299,nakaseke,19,540000.0,0.0,0.0,0.0,0.0,0.0,0.0,0.0,540000.0
556042851,nakaseke,19,700000.0,0.0,0.0,300000.0,250000.0,0.0,0.0,0.0,1250000.0
581667076,nakaseke,19,831600.0,0.0,300000.0,150000.0,0.0,0.0,0.0,0.0,1281600.0
561201812,nakaseke,19,600000.0,0.0,250000.0,90000.0,90000.0,0.0,0.0,0.0,1030000.0
561202655,nakaseke,19,300000.0,60000.0,55000.0,150000.0,70000.0,0.0,0.0,0.0,635000.0
622951271,mukono,19,1800000.0,1000000.0,0.0,0.0,1200000.0,0.0,0.0,0.0,4000000.0
623479194,mukono,19,2400000.0,0.0,0.0,0.0,1200000.0,0.0,0.0,0.0,3600000.0
633859954,mukono,19,1200000.0,0.0,1000000.0,0.0,500000.0,0.0,0.0,0.0,2700000.0
634322609,mukono,19,1800000.0,0.0,0.0,0.0,0.0,0.0,0.0,0.0,1800000.0
634718422,mukono,19,1000000.0,0.0,0.0,249999.9999999998,180000.00000000003,0.0,0.0,0.0,1429999.9999999998
618738459,mukono,19,5400000.0,0.0,0.0,0.0,0.0,0.0,0.0,0.0,5400000.0
552806909,nakaseke,19,1120000.0,0.0,0.0,0.0,149999.99999999994,0.0,0.0,0.0,1270000.0
557694859,nakaseke,19,90000.0,0.0,0.0,0.0,0.0,0.0,0.0,0.0,90000.0
589566059,nakaseke,19,6300000.0,1000000.0,0.0,300000.0,0.0,0.0,0.0,0.0,7600000.0
593200247,nakaseke,19,31200005.0,1000000.0,0.0,0.0,1080000.0,0.0,0.0,0.0,33280005.0
613820537,nakaseke,19,5040000.0,500000.0,0.0,0.0,0.0,0.0,0.0,0.0,5540000.0
614808240,mukono,19,1000000.0,0.0,0.0,600000.0,0.0,200000.0,0.0,0.0,1800000.0
615773753,mukono,19,1500000.0,1000000.0,0.0,200000.0,0.0,0.0,0.0,0.0,2700000.0
617460629,mukono,19,800000.0,0.0,0.0,0.0,0.0,20000000.0,0.0,500000.0,21300000.0
617461111,mukono,19,400000.0,0.0,0.0,300000.0,0.0,0.0,0.0,0.0,700000.0
617461597,mukono,19,120000.0,0.0,0.0,0.0,0.0,0.0,0.0,0.0,120000.0
618056660,mukono,19,1200000.0,0.0,0.0,200000.0,0.0,500000.0,0.0,0.0,1900000.0
618502638,mukono,19,2000000.0,0.0,0.0,0.0,300000.0,0.0,0.0,999999.9999999995,3299999.9999999995
618738618,mukono,19,3400000.0,0.0,0.0,0.0,0.0,0.0,0.0,0.0,3400000.0
619308856,mukono,19,3000000.0,500000.0,0.0,0.0,500000.0,0.0,0.0,9000000.0,13000000.0
620131758,mukono,19,700000.0,500000.0,0.0,0.0,500000.0,0.0,0.0,0.0,1700000.0
621077765,mukono,19,2500000.0,0.0,0.0,0.0,0.0,0.0,0.0,1000000.0,3500000.0
622950517,mukono,19,8000000.0,300000.0,0.0,500000.0,4000000.0,0.0,0.0,0.0,12800000.0
623178431,mukono,19,1600000.0,0.0,1000000.0,240000.0,0.0,0.0,0.0,0.0,2840000.0
623271316,mukono,19,750000.0,0.0,0.0,0.0,10000000.0,2000000.0,0.0,0.0,12750000.0
623272577,mukono,19,1000000.0,0.0,0.0,0.0,20000000.0,0.0,0.0,0.0,21000000.0
624293459,mukono,19,1100000.0,1000000.0,0.0,0.0,0.0,0.0,0.0,0.0,2100000.0
624713073,mukono,19,400000.0,0.0,0.0,5000000.0,0.0,0.0,0.0,0.0,5400000.0
624713879,mukono,19,685000.0,0.0,0.0,0.0,0.0,2000000.0,0.0,0.0,2685000.0
625320144,mukono,19,800000.0,360000.0,0.0,0.0,6000000.0,0.0,0.0,0.0,7160000.0
628089142,mukono,19,840000.0,0.0,0.0,0.0,0.0,0.0,5000000.0,0.0,5840000.0
628089849,mukono,19,1400000.0,0.0,0.0,0.0,0.0,3000000.0,0.0,0.0,4400000.0
628775275,mukono,19,45000000.0,0.0,0.0,1000000.0,0.0,10000000.0,0.0,0.0,56000000.0
630120893,mukono,19,2400000.0,0.0,0.0,500000.0,0.0,1000000.0,0.0,0.0,3900000.0
632524617,mukono,19,6500000.0,0.0,0.0,0.0,240000.0,2000000.0,0.0,0.0,8740000.0
633860632,mukono,19,2400000.0,0.0,0.0,0.0,1200000.0,0.0,4800000.0,0.0,8400000.0
633861486,mukono,19,1410000.0,0.0,0.0,0.0,0.0,0.0,6000000.0,0.0,7410000.0
634021883,mukono,19,5000000.0,1000000.0,0.0,0.0,600000.0,0.0,0.0,0.0,6600000.0
634952329,mukono,19,49000000.0,0.0,0.0,0.0,2000000.0,0.0,6000000.0,0.0,57000000.0
635102211,mukono,19,4000000.0,10000000.0,0.0,0.0,5000000.0,0.0,0.0,2000000.0,21000000.0
635102285,mukono,19,1200000.0,0.0,2000000.0,0.0,500000.0,0.0,0.0,0.0,3700000.0
623184098,mukono,19,1500000.0,0.0,0.0,0.0,500000.0,0.0,1000000.0,0.0,3000000.0
554408234,nakaseke,19,550000.0,0.0,0.0,0.0,0.0,0.0,0.0,0.0,550000.0
556042141,nakaseke,19,300000.0,0.0,0.0,0.0,120000.0,0.0,0.0,0.0,420000.0
559614978,nakaseke,19,600000.0,0.0,500000.0,0.0,400000.0,0.0,0.0,0.0,1500000.0
581570782,nakaseke,19,1000000.0,0.0,0.0,500000.0,60000.00000000002,0.0,0.0,0.0,1560000.0
552806065,,19,500000.0,0.0,0.0,0.0,0.0,0.0,0.0,0.0,500000.0
553316435,nakaseke,19,1700000.0,0.0,0.0,90000.00000000001,0.0,0.0,0.0,0.0,1790000.0
558375760,nakaseke,19,150000.0,0.0,0.0,0.0,0.0,0.0,0.0,0.0,150000.0
559615316,nakaseke,19,500000.0,0.0,400000.0,250000.0,50000.0,0.0,0.0,0.0,1200000.0
630121155,mukono,19,4200000.0,1000000.0,0.0,0.0,200000.0,0.0,0.0,0.0,5400000.0
630121646,mukono,19,2800000.0,0.0,0.0,700000.0,120000.0,0.0,0.0,0.0,3620000.0
560425493,nakaseke,19,250000.0,0.0,0.0,100000.0,50000.0,0.0,0.0,0.0,400000.0
560424556,nakaseke,19,600000.0,0.0,500000.0,90000.0,200000.0,0.0,0.0,0.0,1390000.0
561200542,nakaseke,19,600000.0,450000.0,0.0,90000.0,50000.0,0.0,0.0,0.0,1190000.0
561202398,nakaseke,19,350000.0,0.0,200000.0,100000.0,60000.0,0.0,0.0,0.0,710000.0
560425197,nakaseke,19,500000.0,0.0,350000.0,160000.0,90000.0,0.0,0.0,0.0,1100000.0
628088416,mukono,19,1300000.0,3000000.0,0.0,500000.0,0.0,2000000.0,0.0,0.0,6800000.0
628089405,mukono,19,1400000.0,0.0,0.0,0.0,0.0,6000000.0,0.0,0.0,7400000.0
628774965,mukono,19,1000000.0,0.0,2000000.0,500000.0,0.0,0.0,0.0,0.0,3500000.0
632530379,mukono,19,1000000.0,0.0,0.0,5000000.0,500000.0,0.0,0.0,0.0,6500000.0
636135085,mukono,19,20800000.0,1000000.0,0.0,0.0,500000.0,0.0,0.0,0.0,22300000.0
556039009,nakaseke,19,20000.0,0.0,0.0,50000.0,120000.0,0.0,0.0,0.0,190000.0
553316712,nakaseke,19,370000.0,0.0,0.0,0.0,149999.99999999994,0.0,0.0,0.0,519999.99999999994
621496649,mukono,19,2400000.0,0.0,0.0,2400000.0,100000.0,0.0,0.0,0.0,4900000.0
629845932,mukono,19,2000000.0,0.0,0.0,3000000.0,360000.0,0.0,0.0,0.0,5360000.0
632528316,mukono,19,5000000.0,0.0,0.0,1500000.0,0.0,0.0,0.0,0.0,6500000.0
633861263,mukono,19,8400000.0,10000000.0,0.0,0.0,6000000.0,0.0,0.0,0.0,24400000.0
635102642,mukono,19,7000000.0,0.0,0.0,0.0,10000000.0,0.0,0.0,0.0,17000000.0
560423470,nakaseke,19,450000.0,0.0,240000.0,0.0,300000.0,0.0,0.0,0.0,990000.0
551439101,nakaseke,19,1100000.0,0.0,0.0,0.0,0.0,0.0,0.0,0.0,1100000.0
553316111,nakaseke,19,380000.0,0.0,0.0,0.0,499999.9999999997,0.0,0.0,0.0,879999.9999999998
554407800,nakaseke,19,900000.0,0.0,150000.00000000006,100000.00000000004,0.0,0.0,0.0,0.0,1150000.0
558374654,nakaseke,19,450000.0,100000.00000000001,250000.0,100000.0,0.0,0.0,0.0,0.0,900000.0
558375246,nakaseke,19,220000.0,0.0,50000.0,150000.0,0.0,0.0,0.0,0.0,420000.0
581569323,nakaseke,19,1350000.0,0.0,0.0,100000.00000000004,70000.00000000001,0.0,0.0,0.0,1520000.0
581571879,nakaseke,19,500000.0,0.0,200000.0,150000.0,60000.0,0.0,0.0,0.0,910000.0
564861263,nakaseke,19,500000.0,150000.0,50000.0,100000.0,60000.0,0.0,0.0,0.0,860000.0
559615143,nakaseke,19,300000.0,0.0,50000.0,60000.0,100000.0,0.0,0.0,0.0,510000.0
564864365,nakaseke,19,300000.0,60000.0,58000.0,100000.0,60000.0,0.0,0.0,0.0,578000.0
553315619,nakaseke,19,350000.0,0.0,0.0,0.0,0.0,0.0,0.0,0.0,350000.0
556039301,nakaseke,19,500000.0,0.0,0.0,90000.0,150000.0,0.0,0.0,0.0,740000.0
615757479,mukono,19,800000.0,0.0,0.0,0.0,100000.0,0.0,0.0,0.0,900000.0
615773011,mukono,19,1500000.0,0.0,0.0,0.0,0.0,0.0,0.0,200000.0,1700000.0
619554974,mukono,19,3600000.0,2000000.0,0.0,0.0,1000000.0,0.0,0.0,0.0,6600000.0
620416772,mukono,19,500000.0,0.0,0.0,600000.0,0.0,180000.0,0.0,0.0,1280000.0
620419799,mukono,19,4000000.0,0.0,0.0,0.0,125000.0,0.0,0.0,0.0,4125000.0
621494958,mukono,19,500000.0,0.0,0.0,0.0,0.0,0.0,0.0,5000000.0,5500000.0
621496210,mukono,19,6000000.0,1000000.0,0.0,500000.0,0.0,0.0,0.0,0.0,7500000.0
621498584,mukono,19,16800000.0,0.0,0.0,0.0,500000.0,1000000.0,0.0,0.0,18300000.0
621639094,mukono,19,400000.0,0.0,0.0,0.0,300000.0,0.0,5000000.000000003,0.0,5700000.000000003
623187149,mukono,19,560000.0,0.0,0.0,240000.0,0.0,1000000.0,0.0,0.0,1800000.0
623270536,mukono,19,13500000.0,0.0,0.0,0.0,1900000.0,0.0,0.0,0.0,15400000.0
624711692,mukono,19,1200000.0,1000000.0,0.0,0.0,2000000.0,0.0,0.0,0.0,4200000.0
624712163,mukono,19,2400000.0,1080000.0,0.0,0.0,0.0,5000000.0,0.0,0.0,8480000.0
625315993,mukono,19,1200000.0,0.0,0.0,500000.0,100000.0,0.0,0.0,0.0,1800000.0
628080096,mukono,19,7000000.0,0.0,0.0,0.0,2000000.0,0.0,0.0,0.0,9000000.0
628775775,mukono,19,36000000.0,3000000.0,0.0,0.0,0.0,1000000.0,0.0,0.0,40000000.0
630120684,mukono,19,7000000.0,2000000.0,0.0,0.0,0.0,3000000.0,0.0,0.0,12000000.0
632531024,mukono,19,3500000.0,0.0,0.0,1000000.0,0.0,0.0,5000000.0,0.0,9500000.0
632870785,mukono,19,3200000.0,0.0,0.0,0.0,70000.0,0.0,0.0,0.0,3270000.0
634322563,mukono,19,1200000.0,0.0,0.0,0.0,2000000.0,0.0,0.0,0.0,3200000.0
634951268,mukono,19,1000000.0,0.0,0.0,1300000.0,0.0,0.0,0.0,0.0,2300000.0
619307991,mukono,19,6000000.0,1000000.0,0.0,500000.0,15000000.0,0.0,6000000.0,0.0,28500000.0
634929055,mukono,19,2400000.0,0.0,0.0,0.0,500000.0,0.0,0.0,0.0,2900000.0
635625431,mukono,19,1200000.0,0.0,0.0,0.0,800000.0,0.0,0.0,0.0,2000000.0
625318562,mukono,19,400000.0,0.0,2000000.0,1000000.0,0.0,0.0,0.0,0.0,3400000.0
628776109,mukono,19,4900000.0,0.0,0.0,450000.0,0.0,2000000.0,0.0,0.0,7350000.0
633860413,mukono,19,42000000.0,0.0,0.0,1000000.0,500000.0,0.0,0.0,12000000.0,55500000.0
557694292,nakaseke,19,300000.0,0.0,0.0,50000.0,60000.0,0.0,0.0,0.0,410000.0
582450581,nakaseke,19,350000.0,50000.0,90000.0,0.0,0.0,0.0,0.0,0.0,490000.0
613185259,nakaseke,19,390000.0,0.0,0.0,0.0,400000.0,0.0,0.0,0.0,790000.0
614810845,mukono,19,800000.0,0.0,0.0,0.0,0.0,0.0,0.0,0.0,800000.0
617648764,mukono,19,1200000.0,0.0,0.0,0.0,0.0,0.0,0.0,0.0,1200000.0
551438934,nakaseke,19,1700000.0,0.0,0.0,0.0,0.0,0.0,0.0,0.0,1700000.0
589548879,nakaseke,19,20000.0,0.0,100000.0,0.0,250000.0,0.0,0.0,0.0,370000.0
554402613,nakaseke,19,0.0,0.0,0.0,0.0,74999.99999999996,0.0,0.0,0.0,74999.99999999996
589547568,nakaseke,19,350000.0,0.0,0.0,100000.00000000001,0.0,2500000.000000001,0.0,0.0,2950000.000000001
592180125,nakaseke,19,350000.0,0.0,0.0,0.0,200000.0,0.0,0.0,0.0,550000.0
613184766,nakaseke,19,600000.0,0.0,0.0,100000.0,250000.0,0.0,0.0,0.0,950000.0
613185864,nakaseke,19,600000.0,20000.0,0.0,249999.99999999983,500000.0,0.0,0.0,0.0,1369999.9999999998
593216040,nakaseke,19,400000.0,250000.0,69000.0,0.0,200000.0,0.0,0.0,0.0,919000.0
552806578,nakaseke,19,1300000.0,0.0,0.0,0.0,0.0,0.0,0.0,0.0,1300000.0
554403180,,19,1100000.0,249999.9999999998,0.0,0.0,2000000.0000000016,0.0,0.0,0.0,3350000.0000000014
554997531,nakaseke,19,400000.0,0.0,0.0,60000.0,250000.0,0.0,0.0,0.0,710000.0
581568916,nakaseke,19,500000.0,0.0,90000.0,60000.0,170000.0,0.0,0.0,0.0,820000.0
582449149,nakaseke,19,600000.0,250000.0,0.0,150000.0,50000.0,0.0,0.0,0.0,1050000.0
583384059,nakaseke,19,9000000.0,350000.0,0.0,0.0,250000.0,0.0,0.0,0.0,9600000.0
584465855,nakaseke,19,400000.0,150000.0,0.0,0.0,0.0,0.0,0.0,0.0,550000.0
585291611,nakaseke,19,9000000.0,30000.0,0.0,60000.0,350000.0,0.0,0.0,0.0,9440000.0
588618114,nakaseke,19,600000.0,0.0,0.0,120000.0,30000.0,0.0,0.0,0.0,750000.0
589549118,nakaseke,19,600000.0,0.0,90000.0,0.0,250000.0,0.0,0.0,0.0,940000.0
592179551,nakaseke,19,200000.0,0.0,0.0,150000.0,150000.0,0.0,0.0,0.0,500000.0
613185857,nakaseke,19,600000.0,300000.0,0.0,120000.0,350000.0,0.0,0.0,0.0,1370000.0
613185868,nakaseke,19,500000.0,350000.0,0.0,0.0,400000.0,0.0,0.0,0.0,1250000.0
618737230,mukono,19,1800000.0,0.0,0.0,0.0,0.0,0.0,0.0,0.0,1800000.0
625321534,mukono,19,5600000.0,0.0,0.0,0.0,2000000.0,10000000.0,0.0,0.0,17600000.0
613185262,nakaseke,19,260000.0,0.0,300000.0,100000.0,250000.0,0.0,0.0,0.0,910000.0
586823072,nakaseke,19,600000.0,0.0,0.0,350000.0000000001,600000.0,0.0,0.0,0.0,1550000.0
586821078,nakaseke,19,800000.0,0.0,0.0,20000.0,96000.0,0.0,0.0,0.0,916000.0
586823179,nakaseke,19,600000.0,0.0,0.0,100000.0,600000.0,0.0,0.0,0.0,1300000.0
588618032,nakaseke,19,1000000.0,200000.0,0.0,150000.0,350000.0,0.0,0.0,0.0,1700000.0
592179319,nakaseke,19,300000.0,0.0,0.0,0.0,200000.0,0.0,0.0,0.0,500000.0
613185254,nakaseke,19,350000.0,400000.0,89999.99999999997,0.0,230000.0,0.0,0.0,0.0,1070000.0
613184756,nakaseke,19,380000.0,0.0,89999.99999999997,0.0,350000.0,0.0,0.0,0.0,820000.0
613184762,nakaseke,19,5000000.0,0.0,89999.99999999997,700000.0,250000.0,100000.0,0.0,0.0,6140000.0
593216705,nakaseke,19,350000.0,109.0,0.0,0.0,200000.0,0.0,0.0,0.0,550109.0
582448458,nakaseke,19,600000.0,300000.0,0.0,150000.0,200000.0,0.0,0.0,0.0,1250000.0
583383308,nakaseke,19,560000.0,30000.0,90000.0,3.0,20000.0,0.0,0.0,0.0,700003.0
584457728,nakaseke,19,350000.0,0.0,0.0,0.0,0.0,0.0,0.0,0.0,350000.0
584460556,nakaseke,19,250000.0,100000.0,0.0,150000.0,350000.0000000001,0.0,0.0,0.0,850000.0000000001
586822745,nakaseke,19,600000.0,300000.0,0.0,0.0,200000.0,0.0,0.0,0.0,1100000.0
588618956,nakaseke,19,600000.0,0.0,150000.0,0.0,250000.0,0.0,0.0,0.0,1000000.0
588619984,nakaseke,19,500000.0,0.0,0.0,0.0,250000.0,0.0,0.0,0.0,750000.0
589548430,nakaseke,19,300000.0,0.0,25000.0,0.0,500000.0,0.0,0.0,0.0,825000.0
613184214,nakaseke,19,200000.0,0.0,50000.0,0.0,130000.0,0.0,0.0,0.0,380000.0
551438775,nakaseke,19,1200000.0,0.0,0.0,0.0,0.0,0.0,0.0,0.0,1200000.0
552805506,nakaseke,19,9700000.0,0.0,0.0,0.0,0.0,0.0,0.0,0.0,9700000.0
582449815,nakaseke,19,500000.0,200000.0,0.0,0.0,60000.0,200000.00000000006,0.0,0.0,960000.0
583383783,nakaseke,19,500000.0,200000.0,0.0,0.0,300000.0,0.0,0.0,0.0,1000000.0
583384470,nakaseke,19,500000.0,250000.0,0.0,89999.99999999997,200000.0,0.0,0.0,0.0,1040000.0
585919910,nakaseke,19,2000000.0,500000.0,50000.00000000001,500000.0,600000.0,0.0,0.0,0.0,3650000.0
585937638,nakaseke,19,600000.0,250000.0,89999.99999999997,60000.0,260000.0,0.0,0.0,0.0,1260000.0
592179023,nakaseke,19,1000000.0,200000.0,0.0,100000.0,0.0,0.0,0.0,0.0,1300000.0
551439238,nakaseke,19,1500000.0,0.0,0.0,0.0,0.0,0.0,0.0,0.0,1500000.0
555070994,nakaseke,19,600000.0,250000.0,0.0,100000.0,60000.0,0.0,0.0,0.0,1010000.0
555112218,nakaseke,19,1050000.0,0.0,0.0,0.0,499999.99999999977,0.0,0.0,0.0,1549999.9999999998
555148547,nakaseke,19,400000.0,250000.0,0.0,90000.0,400000.0,0.0,0.0,0.0,1140000.0
584458624,nakaseke,19,600000.0,250000.0,400000.0,100000.0,0.0,0.0,0.0,0.0,1350000.0
585290674,nakaseke,19,500000.0,250000.0,0.0,100000.0,900000.0,0.0,0.0,0.0,1750000.0
585290890,nakaseke,19,700000.0,300000.0,50000.0,120000.0,350000.0,0.0,0.0,0.0,1520000.0
585309665,nakaseke,19,500000.0,0.0,0.0,0.0,200000.0,0.0,0.0,0.0,700000.0
585924133,nakaseke,19,600000.0,200000.0,0.0,150000.0,300000.0,0.0,0.0,0.0,1250000.0
585929887,nakaseke,19,500000.0,0.0,0.0,0.0,0.0,0.0,0.0,0.0,500000.0
613834815,nakaseke,19,2100000.0,0.0,0.0,0.0,0.0,0.0,0.0,8999999.999999985,11099999.999999985
613836978,nakaseke,19,700000.0,0.0,0.0,0.0,0.0,0.0,0.0,0.0,700000.0
617656696,mukono,19,1099999.9999999998,0.0,0.0,0.0,0.0,2400000.000000001,0.0,0.0,3500000.000000001
633860938,mukono,19,3000000.0,1000000.0,0.0,0.0,5000000.0,0.0,0.0,0.0,9000000.0
616677841,mukono,20,70000.0,0.0,6000000.0,0.0,0.0,0.0,0.0,0.0,6070000.0
551440657,nakaseke,20,280000.0,0.0,0.0,60000.000000000015,0.0,0.0,0.0,0.0,340000.0
592191523,nakaseke,20,312000.0,0.0,0.0,0.0,500000.0,0.0,0.0,0.0,812000.0
552803559,nakaseke,20,3440000.0,999999.9999999995,0.0,0.0,60000.00000000002,0.0,0.0,0.0,4500000.0
613177526,nakaseke,20,50000000.0,0.0,0.0,0.0,0.0,0.0,0.0,0.0,50000000.0
613831899,nakaseke,20,203000.0,0.0,0.0,0.0,0.0,0.0,0.0,0.0,203000.0
614880484,mukono,20,120000.0,0.0,0.0,0.0,0.0,0.0,0.0,0.0,120000.0
550714067,nakaseke,20,800000.0,0.0,0.0,0.0,60000.00000000002,0.0,0.0,0.0,860000.0
550714208,nakaseke,20,1000000.0,0.0,0.0,0.0,50000.00000000001,0.0,0.0,0.0,1050000.0
556045414,nakaseke,20,1000000.0,0.0,0.0,0.0,500000.0,0.0,0.0,0.0,1500000.0
556046788,nakaseke,20,800000.0,0.0,0.0,300000.0,0.0,0.0,0.0,0.0,1100000.0
557695958,nakaseke,20,1000000.0,500000.0,0.0,0.0,200000.0,0.0,0.0,0.0,1700000.0
560461977,nakaseke,20,3000000.0,500000.0,0.0,0.0,0.0,0.0,0.0,0.0,3500000.0
592361767,nakaseke,20,5000000.0,0.0,0.0,0.0,250000.0,0.0,0.0,0.0,5250000.0
592363240,nakaseke,20,3000000.0,200000.0,0.0,0.0,500000.0,0.0,0.0,0.0,3700000.0
616701192,mukono,20,520000.0,0.0,0.0,0.0,0.0,0.0,0.0,0.0,520000.0
624293019,mukono,20,900000.0,500000.0,200000.0,300000.0,300000.0,0.0,0.0,0.0,2200000.0
550715350,nakaseke,20,800000.0,0.0,0.0,0.0,0.0,0.0,0.0,0.0,800000.0
552803832,nakaseke,20,2300000.0,0.0,0.0,0.0,30000.000000000007,0.0,0.0,0.0,2330000.0
553311655,nakaseke,20,950000.0,0.0,0.0,0.0,0.0,0.0,0.0,0.0,950000.0
554396495,nakaseke,20,900000.0,0.0,0.0,0.0,0.0,0.0,0.0,0.0,900000.0
555218845,nakaseke,20,4500000.0,0.0,0.0,400000.0,0.0,0.0,0.0,0.0,4900000.0
556047384,nakaseke,20,1500000.0,0.0,0.0,300000.0,0.0,500000.0,0.0,0.0,2300000.0
557713875,nakaseke,20,700000.0,0.0,0.0,0.0,0.0,0.0,0.0,0.0,700000.0
558376731,nakaseke,20,800000.0,0.0,0.0,0.0,0.0,0.0,0.0,0.0,800000.0
558377788,nakaseke,20,1250000.0,0.0,0.0,350000.0,40000.0,0.0,0.0,0.0,1640000.0
558378029,nakaseke,20,1000000.0,0.0,0.0,0.0,250000.0,0.0,0.0,0.0,1250000.0
559605691,nakaseke,20,4000000.0,300000.0,0.0,0.0,250000.0,0.0,0.0,0.0,4550000.0
560460598,nakaseke,20,4000000.0,0.0,0.0,0.0,0.0,0.0,0.0,0.0,4000000.0
560460842,nakaseke,20,2000000.0,0.0,0.0,0.0,400000.0,0.0,0.0,0.0,2400000.0
561199081,nakaseke,20,2500000.0,400000.0,0.0,0.0,200000.0,0.0,0.0,0.0,3100000.0
561203340,nakaseke,20,2500000.0,0.0,0.0,0.0,0.0,0.0,0.0,0.0,2500000.0
561250862,nakaseke,20,399600.0,0.0,0.0,300000.0,0.0,0.0,0.0,0.0,699600.0
582704845,nakaseke,20,7000000.0,400000.0,0.0,0.0,0.0,0.0,0.0,0.0,7400000.0
585217011,nakaseke,20,8000000.0,0.0,200000.0,0.0,0.0,0.0,0.0,0.0,8200000.0
588626659,nakaseke,20,156000.0,500000.0,300000.0,0.0,0.0,0.0,0.0,0.0,956000.0
588783193,nakaseke,20,7000000.0,0.0,0.0,0.0,0.0,0.0,0.0,0.0,7000000.0
613810847,nakaseke,20,360000.0,0.0,0.0,0.0,0.0,0.0,0.0,0.0,360000.0
614880582,mukono,20,400000.0,0.0,0.0,0.0,0.0,0.0,0.0,0.0,400000.0
616579050,mukono,20,500000.0,0.0,0.0,0.0,0.0,0.0,0.0,90000.0,590000.0
616701381,mukono,20,400000.0,0.0,0.0,0.0,0.0,0.0,0.0,180000.0,580000.0
623704503,mukono,20,300000.0,0.0,0.0,100000.0,0.0,0.0,0.0,100000.0,500000.0
550714829,nakaseke,20,600000.0,0.0,0.0,0.0,0.0,0.0,0.0,0.0,600000.0
551432268,nakaseke,20,650000.0,249999.9999999998,299999.99999999977,999999.9999999997,0.0,0.0,0.0,0.0,2199999.999999999
551438359,nakaseke,20,3800000.0,299999.99999999977,0.0,499999.99999999977,0.0,0.0,0.0,0.0,4600000.0
551438847,nakaseke,20,750000.0,0.0,0.0,0.0,74999.99999999996,0.0,0.0,0.0,825000.0
552834713,nakaseke,20,2500000.0,0.0,0.0,0.0,100000.00000000004,0.0,0.0,0.0,2600000.0
553313606,nakaseke,20,1100000.0,0.0,0.0,0.0,200000.00000000006,0.0,0.0,0.0,1300000.0
553314110,nakaseke,20,6500000.0,0.0,0.0,0.0,120000.00000000006,0.0,0.0,0.0,6620000.0
553314852,nakaseke,20,6380000.0,0.0,0.0,0.0,499999.9999999997,0.0,0.0,0.0,6880000.0
554382238,nakaseke,20,5500000.0,0.0,54999.99999999995,0.0,450000.00000000035,0.0,0.0,0.0,6005000.0
554383042,nakaseke,20,5500000.0,0.0,0.0,0.0,299999.9999999999,0.0,0.0,0.0,5800000.0
554388188,nakaseke,20,7500000.0,0.0,149999.99999999994,0.0,69999.99999999994,0.0,0.0,0.0,7720000.0
555219221,nakaseke,20,4000000.0,0.0,0.0,0.0,1000000.0,0.0,6000000.0,0.0,11000000.0
555219441,nakaseke,20,8000000.0,0.0,0.0,0.0,1000000.0,0.0,0.0,0.0,9000000.0
555219813,nakaseke,20,800000.0,0.0,0.0,0.0,150000.0,0.0,0.0,0.0,950000.0
556046148,nakaseke,20,500000.0,0.0,0.0,200000.0,150000.0,0.0,0.0,0.0,850000.0
557695618,nakaseke,20,800000.0,0.0,0.0,0.0,300000.0,0.0,0.0,0.0,1100000.0
557695779,nakaseke,20,5000000.0,0.0,200000.0,0.0,0.0,0.0,0.0,0.0,5200000.0
557696080,nakaseke,20,2000000.0,800000.0,0.0,250000.0,0.0,0.0,0.0,0.0,3050000.0
559607285,nakaseke,20,1000000.0,0.0,150000.0,300000.0,0.0,0.0,0.0,0.0,1450000.0
559607680,nakaseke,20,3500000.0,0.0,0.0,350000.0,0.0,0.0,0.0,0.0,3850000.0
559615651,nakaseke,20,2000000.0,0.0,0.0,0.0,0.0,0.0,0.0,0.0,2000000.0
560459965,nakaseke,20,3000000.0,0.0,0.0,0.0,0.0,0.0,1500000.0,0.0,4500000.0
561202301,nakaseke,20,3500000.0,0.0,150000.0,0.0,0.0,0.0,0.0,0.0,3650000.0
567488224,nakaseke,20,3000000.0,0.0,0.0,0.0,300000.0,0.0,0.0,0.0,3300000.0
581728335,nakaseke,20,6000000.0,400000.0,0.0,0.0,0.0,0.0,0.0,0.0,6400000.0
581800534,nakaseke,20,5000000.0,0.0,0.0,0.0,400000.0,0.0,0.0,0.0,5400000.0
581801301,nakaseke,20,4000000.0,0.0,0.0,0.0,0.0,0.0,0.0,0.0,4000000.0
582682579,nakaseke,20,3000000.0,0.0,0.0,0.0,400000.0,0.0,0.0,0.0,3400000.0
582684638,nakaseke,20,2000000.0,0.0,0.0,0.0,0.0,0.0,0.0,0.0,2000000.0
583582238,nakaseke,20,15000000.0,500000.0,0.0,0.0,0.0,0.0,0.0,0.0,15500000.0
584447265,nakaseke,20,8000000.0,0.0,0.0,0.0,500000.0,0.0,0.0,0.0,8500000.0
585215638,nakaseke,20,15000000.0,0.0,0.0,0.0,0.0,0.0,0.0,0.0,15000000.0
585216305,nakaseke,20,3000000.0,0.0,0.0,0.0,0.0,0.0,0.0,0.0,3000000.0
587012670,nakaseke,20,15000000.0,0.0,0.0,0.0,0.0,0.0,0.0,0.0,15000000.0
587012983,nakaseke,20,8000000.0,0.0,0.0,0.0,200000.0,0.0,0.0,0.0,8200000.0
587013280,nakaseke,20,25000000.0,0.0,0.0,0.0,0.0,2000000.0,0.0,0.0,27000000.0
588781706,nakaseke,20,14000000.0,300000.0,0.0,0.0,0.0,0.0,0.0,0.0,14300000.0
589705500,nakaseke,20,5000000.0,0.0,0.0,0.0,400000.0,0.0,0.0,0.0,5400000.0
589705733,nakaseke,20,12000000.0,450000.0,0.0,0.0,0.0,0.0,0.0,0.0,12450000.0
592193539,nakaseke,20,7998000.0,0.0,0.0,0.0,0.0,0.0,0.0,0.0,7998000.0
593223241,nakaseke,20,3000000.0,3000000.0,0.0,0.0,5000000.0,0.0,0.0,0.0,11000000.0
593223559,nakaseke,20,5000000.0,450000.0,0.0,0.0,0.0,0.0,0.0,0.0,5450000.0
613174996,nakaseke,20,3500000.0,0.0,0.0,0.0,300000.0,0.0,0.0,0.0,3800000.0
613177861,nakaseke,20,2000000.0,0.0,0.0,0.0,500000.0,0.0,0.0,0.0,2500000.0
613177864,nakaseke,20,5000000.0,0.0,0.0,0.0,0.0,0.0,0.0,0.0,5000000.0
613178463,nakaseke,20,8000000.0,0.0,0.0,0.0,0.0,5000000.0,0.0,0.0,13000000.0
613178868,nakaseke,20,500000.0,0.0,0.0,0.0,300000.0,0.0,0.0,0.0,800000.0
613180603,nakaseke,20,2000000.0,0.0,0.0,0.0,0.0,0.0,0.0,0.0,2000000.0
613822490,nakaseke,20,180000.0,150000.0,250000.0,0.0,0.0,0.0,0.0,0.0,580000.0
613825443,nakaseke,20,754000.0,250000.0,0.0,100000.0,0.0,0.0,0.0,0.0,1104000.0
618055484,mukono,20,750000.0,0.0,0.0,0.0,0.0,0.0,0.0,500000.0,1250000.0
619558400,mukono,20,350000.0,0.0,0.0,200000.0,100000.0,0.0,0.0,0.0,650000.0
621499875,mukono,20,800000.0,0.0,3600000.0,0.0,0.0,0.0,0.0,0.0,4400000.0
623176650,mukono,20,500000.0,0.0,12000000.0,1000000.0,0.0,0.0,0.0,0.0,13500000.0
623183149,mukono,20,288000.0,0.0,0.0,0.0,0.0,1000000.0,0.0,5000000.0,6288000.0
623185581,mukono,20,500000.0,0.0,0.0,1000000.0,0.0,2400000.0,0.0,0.0,3900000.0
633165095,mukono,20,500000.0,0.0,0.0,3000000.0,20000000.0,0.0,0.0,0.0,23500000.0
633861862,mukono,20,2000000.0,0.0,1000000.0,20000000.0,0.0,0.0,0.0,0.0,23000000.0
634022320,mukono,20,300000.0,0.0,0.0,300000.0,0.0,0.0,0.0,0.0,600000.0
634322498,mukono,20,120000.0,0.0,0.0,0.0,0.0,0.0,0.0,0.0,120000.0
634928993,mukono,20,60000.0,0.0,0.0,0.0,0.0,0.0,0.0,0.0,60000.0
634952733,mukono,20,1400000.0,0.0,0.0,0.0,500000.0,10000000.0,0.0,0.0,11900000.0
634953204,mukono,20,1200000.0,720000.0,0.0,0.0,500000.0,0.0,0.0,0.0,2420000.0
635102101,mukono,20,500000.0,0.0,0.0,0.0,0.0,20000000.0,12000000.0,0.0,32500000.0
635102513,mukono,20,800000.0,0.0,0.0,10000000.0,1000000.0,0.0,0.0,0.0,11800000.0
644159914,mukono,20,15000000.0,0.0,0.0,0.0,2800000.0,0.0,0.0,0.0,17800000.0
644420047,mukono,20,800000.0,0.0,0.0,0.0,0.0,2000000.0,0.0,0.0,2800000.0
551439754,nakaseke,20,4000000.0,0.0,0.0,0.0,2000000.0000000016,0.0,0.0,0.0,6000000.000000002
552968706,nakaseke,20,8000000.0,0.0,0.0,0.0,30000.000000000007,0.0,0.0,0.0,8030000.0
552969446,nakaseke,20,2500000.0,0.0,0.0,0.0,60000.00000000002,0.0,0.0,0.0,2560000.0
552970239,nakaseke,20,3500000.0,0.0,0.0,0.0,499999.99999999977,0.0,0.0,0.0,4000000.0
554387935,nakaseke,20,5500000.0,0.0,0.0,0.0,50000.00000000001,0.0,0.0,0.0,5550000.0
558377096,nakaseke,20,2500000.0,500000.0,0.0,0.0,0.0,1000000.0,0.0,0.0,4000000.0
559607458,nakaseke,20,4000000.0,500000.0,0.0,0.0,200000.0,0.0,0.0,0.0,4700000.0
567493335,nakaseke,20,2000000.0,0.0,0.0,400000.0,800000.0,0.0,0.0,0.0,3200000.0
581802079,nakaseke,20,7000000.0,0.0,150000.0,0.0,300000.0,0.0,0.0,0.0,7450000.0
582619340,nakaseke,20,2000000.0,0.0,0.0,0.0,0.0,0.0,0.0,0.0,2000000.0
583580839,nakaseke,20,25000000.0,0.0,0.0,0.0,0.0,10000000.0,0.0,0.0,35000000.0
584444811,nakaseke,20,4000000.0,0.0,0.0,300000.0,0.0,0.0,0.0,0.0,4300000.0
585215286,nakaseke,20,6500000.0,500000.0,0.0,500000.0,0.0,0.0,0.0,0.0,7500000.0
587013182,nakaseke,20,6000000.0,0.0,150000.0,0.0,450000.0,0.0,0.0,0.0,6600000.0
588782700,nakaseke,20,12000000.0,0.0,0.0,500000.0,0.0,0.0,0.0,0.0,12500000.0
589705993,nakaseke,20,10000000.0,0.0,0.0,0.0,0.0,0.0,0.0,0.0,10000000.0
613178458,nakaseke,20,30000000.0,500000.0,0.0,0.0,0.0,0.0,0.0,0.0,30500000.0
613178880,nakaseke,20,3000000.0,800000.0,300000.0,0.0,0.0,0.0,0.0,0.0,4100000.0
613179574,nakaseke,20,4000000.0,0.0,0.0,0.0,400000.0,0.0,0.0,0.0,4400000.0
615825416,mukono,20,50000.0,0.0,0.0,0.0,0.0,0.0,0.0,0.0,50000.0
619544793,mukono,20,1000000.0,0.0,0.0,0.0,0.0,1000000.0,0.0,0.0,2000000.0
623479229,mukono,20,120000.0,0.0,0.0,0.0,0.0,0.0,0.0,0.0,120000.0
633706398,mukono,20,600000.0,0.0,0.0,0.0,0.0,0.0,0.0,0.0,600000.0
633706854,mukono,20,150000.0,0.0,0.0,0.0,80000.0,0.0,0.0,0.0,230000.0
553314312,nakaseke,20,11000000.0,0.0,0.0,0.0,499999.9999999997,0.0,0.0,0.0,11500000.0
555219512,nakaseke,20,1200000.0,2000000.0,0.0,0.0,0.0,0.0,0.0,0.0,3200000.0
561200684,nakaseke,20,4000000.0,0.0,0.0,200000.0,0.0,0.0,0.0,0.0,4200000.0
583583184,nakaseke,20,20000000.0,0.0,0.0,0.0,500000.0,0.0,0.0,0.0,20500000.0
584444125,nakaseke,20,8000000.0,0.0,0.0,0.0,0.0,1000000.0,0.0,0.0,9000000.0
584446459,nakaseke,20,4000000.0,0.0,200000.0,0.0,0.0,0.0,0.0,0.0,4200000.0
586786507,nakaseke,20,551800.0,160000.0,0.0,0.0,0.0,0.0,0.0,0.0,711800.0
586805028,nakaseke,20,384400.0,180000.0,0.0,0.0,100800.0,0.0,0.0,0.0,665200.0
588783732,nakaseke,20,8000000.0,0.0,0.0,300000.0,0.0,0.0,0.0,0.0,8300000.0
589705256,nakaseke,20,10000000.0,0.0,0.0,0.0,0.0,8000000.0,0.0,0.0,18000000.0
592362627,nakaseke,20,4000000.0,500000.0,0.0,0.0,0.0,0.0,0.0,0.0,4500000.0
592363516,nakaseke,20,9900000.0,0.0,0.0,0.0,0.0,0.0,0.0,0.0,9900000.0
615755561,mukono,20,24000000.0,2000000.0,0.0,0.0,1000000.0,5000000.0,0.0,0.0,32000000.0
616699698,mukono,20,600000.0,0.0,0.0,0.0,0.0,0.0,0.0,0.0,600000.0
618056804,mukono,20,1400000.0,0.0,0.0,200000.0,50000.0,0.0,0.0,0.0,1650000.0
623479343,mukono,20,150000.0,0.0,0.0,0.0,70000.0,0.0,0.0,0.0,220000.0
631647706,mukono,20,230000.0,0.0,0.0,0.0,0.0,0.0,0.0,0.0,230000.0
632871446,mukono,20,800000.0,0.0,0.0,0.0,0.0,0.0,0.0,0.0,800000.0
644420087,mukono,20,600000.0,0.0,0.0,1500000.0,0.0,0.0,0.0,0.0,2100000.0
583581711,nakaseke,20,8000000.0,0.0,200000.0,0.0,0.0,0.0,0.0,0.0,8200000.0
592192218,nakaseke,20,2400000.0,0.0,0.0,0.0,250000.0,0.0,0.0,0.0,2650000.0
614880682,mukono,20,1400000.0,0.0,0.0,0.0,0.0,0.0,0.0,0.0,1400000.0
618739011,mukono,20,6400000.0,0.0,0.0,0.0,0.0,0.0,0.0,0.0,6400000.0
618739107,mukono,20,1800000.0,0.0,0.0,0.0,0.0,0.0,0.0,0.0,1800000.0
622484850,mukono,20,600000.0,0.0,0.0,0.0,0.0,0.0,0.0,0.0,600000.0
623479274,mukono,20,150000.0,0.0,0.0,0.0,0.0,0.0,0.0,0.0,150000.0
623981062,mukono,20,400000.0,0.0,0.0,0.0,180000.0,0.0,0.0,0.0,580000.0
634929144,mukono,20,40000.0,0.0,0.0,0.0,75000.0,0.0,0.0,0.0,115000.0
635625391,mukono,20,120000.0,0.0,0.0,0.0,0.0,0.0,0.0,0.0,120000.0
635625490,mukono,20,80000.0,0.0,0.0,0.0,0.0,0.0,0.0,0.0,80000.0
556031317,nakaseke,20,450000.0,0.0,0.0,0.0,0.0,0.0,0.0,0.0,450000.0
556037719,nakaseke,20,400000.0,0.0,0.0,0.0,0.0,0.0,0.0,0.0,400000.0
560449324,nakaseke,20,2666000.0,0.0,0.0,0.0,1425600.0,0.0,0.0,0.0,4091600.0
586026956,nakaseke,20,354000.0,0.0,300000.0,0.0,0.0,0.0,0.0,0.0,654000.0
616680304,mukono,20,400000.0,0.0,800000.0,0.0,0.0,3600000.0,0.0,0.0,4800000.0
616700114,mukono,20,360000.0,0.0,0.0,0.0,0.0,0.0,0.0,0.0,360000.0
623980936,mukono,20,180000.0,0.0,0.0,0.0,0.0,0.0,0.0,0.0,180000.0
632872132,mukono,20,590000.0,0.0,0.0,0.0,0.0,0.0,0.0,0.0,590000.0
550732883,nakaseke,20,2800000.0,0.0,0.0,0.0,0.0,0.0,0.0,0.0,2800000.0
582502735,nakaseke,20,450000.0,0.0,0.0,0.0,0.0,0.0,0.0,0.0,450000.0
586030936,nakaseke,20,195000.0,0.0,150000.0,0.0,0.0,0.0,0.0,0.0,345000.0
614807290,mukono,20,900000.0,0.0,0.0,0.0,0.0,0.0,0.0,600000.0,1500000.0
614850521,mukono,20,200000.0,0.0,150000.0,0.0,300000.0,0.0,0.0,0.0,650000.0
614880379,mukono,20,2600000.0,0.0,0.0,20000.0,19999999.999999978,0.0,0.0,0.0,22619999.999999978
615759274,mukono,20,1000000.0,0.0,0.0,0.0,0.0,0.0,500000.0,0.0,1500000.0
615825361,mukono,20,2600000.0,0.0,0.0,0.0,0.0,0.0,0.0,0.0,2600000.0
616578776,mukono,20,1200000.0,300000.0,200000.0,0.0,0.0,1500000.0,0.0,0.0,3200000.0
616579437,mukono,20,1500000.0,0.0,0.0,500000.0,0.0,0.0,0.0,0.0,2000000.0
616580090,mukono,20,300000.0,100000.0,100000.0,100000.0,300000.0,0.0,0.0,0.0,900000.0
616699119,mukono,20,90000.0,0.0,0.0,0.0,0.0,0.0,0.0,0.0,90000.0
617648886,mukono,20,320000.0,0.0,0.0,0.0,0.0,0.0,0.0,0.0,320000.0
618056277,mukono,20,900000.0,0.0,0.0,100000.0,0.0,0.0,0.0,0.0,1000000.0
618502771,mukono,20,500000.0,0.0,200000.0,0.0,0.0,0.0,0.0,0.0,700000.0
618503624,mukono,20,1100000.0,0.0,0.0,1000000.0,0.0,0.0,0.0,0.0,2100000.0
619549456,mukono,20,1600000.0,0.0,0.0,0.0,0.0,1200000.0,0.0,1400000.0,4200000.0
619551006,mukono,20,480000.0,0.0,0.0,500000.0,0.0,0.0,0.0,0.0,980000.0
619552154,mukono,20,1200000.0,0.0,0.0,0.0,1000000.0,0.0,0.0,0.0,2200000.0
619559855,mukono,20,1800000.0,0.0,0.0,0.0,2000000.0,1350000.0,0.0,0.0,5150000.0
622292961,mukono,20,500000.0,0.0,0.0,400000.0,0.0,0.0,0.0,0.0,900000.0
623188000,mukono,20,600000.0,0.0,0.0,0.0,15000000.0,6000000.0,0.0,0.0,21600000.0
623704256,mukono,20,3500000.0,0.0,0.0,600000.0,500000.0,0.0,0.0,0.0,4600000.0
624717557,mukono,20,400000.0,0.0,2000000.0,0.0,0.0,0.0,0.0,0.0,2400000.0
628775538,mukono,20,1000000.0,0.0,0.0,1000000.0,0.0,0.0,0.0,0.0,2000000.0
632457381,mukono,20,1200000.0,0.0,0.0,600000.0,300000.0,0.0,0.0,0.0,2100000.0
632479613,mukono,20,800000.0,100000.0,0.0,200000.0,100000.0,0.0,0.0,0.0,1200000.0
632526756,mukono,20,17500000.0,0.0,0.0,2000000.0,0.0,0.0,0.0,0.0,19500000.0
632870245,mukono,20,120000.0,0.0,0.0,0.0,15000.0,0.0,0.0,0.0,135000.0
633860192,mukono,20,15000000.0,0.0,0.0,1000000.0,600000.0,0.0,0.0,0.0,16600000.0
633861646,mukono,20,3000000.0,0.0,0.0,0.0,2800000.0,0.0,0.0,0.0,5800000.0
634322667,mukono,20,160000.0,0.0,0.0,0.0,0.0,0.0,0.0,0.0,160000.0
634322758,mukono,20,800000.0,0.0,0.0,0.0,0.0,0.0,0.0,0.0,800000.0
635625535,mukono,20,900000.0,0.0,0.0,0.0,40000.0,0.0,0.0,0.0,940000.0
635860119,mukono,20,1200000.0,200000.0,0.0,300000.0,300000.0,0.0,0.0,0.0,2000000.0
636602799,mukono,20,1500000.0,200000.0,0.0,0.0,200000.0,0.0,0.0,0.0,1900000.0
558422222,nakaseke,20,1180000.0,240000.0,0.0,0.0,0.0,0.0,0.0,0.0,1420000.0
559666954,nakaseke,20,494000.0,0.0,0.0,0.0,0.0,0.0,0.0,0.0,494000.0
560448617,nakaseke,20,560000.0,0.0,0.0,0.0,0.0,0.0,0.0,0.0,560000.0
583505993,nakaseke,20,450000.0,0.0,180000.0,0.0,0.0,0.0,0.0,0.0,630000.0
584452976,nakaseke,20,286000.0,1500000.0,250000.0,0.0,0.0,0.0,0.0,0.0,2036000.0
586809899,nakaseke,20,298900.0,250000.0,150000.0,0.0,0.0,0.0,0.0,0.0,698900.0
618738329,mukono,20,1200000.0,0.0,0.0,0.0,0.0,0.0,0.0,0.0,1200000.0
623981362,mukono,20,800000.0,0.0,0.0,0.0,0.0,0.0,0.0,0.0,800000.0
633706233,mukono,20,180000.0,0.0,0.0,0.0,0.0,0.0,0.0,0.0,180000.0
555219650,nakaseke,20,700000.0,0.0,0.0,0.0,0.0,0.0,0.0,0.0,700000.0
581666974,nakaseke,20,663600.0,0.0,0.0,250000.0,162000.0,0.0,0.0,0.0,1075600.0
589566940,nakaseke,20,420000.0,0.0,0.0,0.0,0.0,0.0,0.0,0.0,420000.0
615760019,mukono,20,600000.0,300000.0,0.0,0.0,0.0,0.0,0.0,0.0,900000.0
615825276,mukono,20,1200000.0,0.0,0.0,0.0,0.0,0.0,0.0,0.0,1200000.0
616698945,mukono,20,6000000.0,0.0,0.0,0.0,1500000.0,0.0,0.0,0.0,7500000.0
616699320,mukono,20,1800000.0,0.0,0.0,0.0,0.0,0.0,0.0,0.0,1800000.0
619769782,mukono,20,1800000.0,0.0,0.0,0.0,0.0,0.0,0.0,0.0,1800000.0
621639263,mukono,20,100000.0,0.0,0.0,0.0,0.0,0.0,0.0,0.0,100000.0
622484708,mukono,20,1600000.0,0.0,0.0,0.0,0.0,0.0,0.0,0.0,1600000.0
623981163,mukono,20,1800000.0,0.0,0.0,0.0,2200000.0,0.0,0.0,0.0,4000000.0
550732746,nakaseke,20,1200000.0,0.0,0.0,0.0,0.0,0.0,0.0,0.0,1200000.0
615825485,mukono,20,2400000.0,0.0,0.0,0.0,0.0,0.0,0.0,0.0,2400000.0
551438282,nakaseke,20,1250000.0,0.0,0.0,0.0,0.0,0.0,0.0,0.0,1250000.0
585181910,nakaseke,20,468000.0,230000.0,0.0,250000.0,0.0,0.0,0.0,0.0,948000.0
553313598,nakaseke,20,14010000.0,0.0,0.0,0.0,999999.9999999995,0.0,0.0,0.0,15010000.0
555219886,nakaseke,20,1900000.0,420000.0,0.0,0.0,0.0,0.0,0.0,0.0,2320000.0
561236657,nakaseke,20,1296000.0,0.0,0.0,500000.0,221000.0,0.0,0.0,0.0,2017000.0
583502844,nakaseke,20,510000.0,0.0,0.0,0.0,0.0,0.0,0.0,0.0,510000.0
584472197,nakaseke,20,702000.0,0.0,300000.0,0.0,466200.0,0.0,0.0,0.0,1468200.0
588619360,nakaseke,20,492000.0,0.0,0.0,0.0,0.0,0.0,0.0,0.0,492000.0
613814407,nakaseke,20,2560000.0,0.0,0.0,0.0,0.0,0.0,0.0,0.0,2560000.0
614850687,mukono,20,200000.0,0.0,0.0,200000.0,0.0,0.0,0.0,0.0,400000.0
615773237,mukono,20,700000.0,0.0,300000.0,200000.0,120000.0,200000.0,0.0,0.0,1520000.0
616679140,mukono,20,3000000.0,1000000.0,0.0,0.0,6000000.0,10000000.0,0.0,0.0,20000000.0
618056509,mukono,20,3000000.0,0.0,0.0,100000.0,0.0,0.0,0.0,0.0,3100000.0
618502947,mukono,20,1000000.0,0.0,0.0,300000.0,200000.0,0.0,0.0,0.0,1500000.0
618503261,mukono,20,900000.0,0.0,0.0,0.0,0.0,0.0,0.0,1000000.0,1900000.0
618738549,mukono,20,900000.0,0.0,0.0,0.0,0.0,0.0,0.0,0.0,900000.0
619307564,mukono,20,1300000.0,0.0,0.0,200000.0,500000.0,0.0,0.0,0.0,2000000.0
619543012,mukono,20,400000.0,360000.0,0.0,0.0,0.0,5100000.0,0.0,0.0,5860000.0
620136574,mukono,20,900000.0,300000.0,200000.0,0.0,300000.0,0.0,0.0,0.0,1700000.0
620155076,mukono,20,500000.0,500000.0,0.0,0.0,300000.0,0.0,0.0,0.0,1300000.0
621076849,mukono,20,1500000.0,0.0,0.0,0.0,2000000.0,0.0,0.0,2000000.0,5500000.0
622287746,mukono,20,700000.0,0.0,0.0,100000.0,70000.0,0.0,0.0,0.0,870000.0
622484987,mukono,20,2400000.0,0.0,0.0,0.0,0.0,0.0,0.0,0.0,2400000.0
631647870,mukono,20,1800000.0,0.0,0.0,0.0,0.0,0.0,0.0,0.0,1800000.0
632483673,mukono,20,2000000.0,200000.0,0.0,300000.0,300000.0,0.0,0.0,0.0,2800000.0
632532023,mukono,20,4800000.0,0.0,0.0,0.0,1000000.0,0.0,0.0,0.0,5800000.0
633706958,mukono,20,320000.0,0.0,0.0,0.0,150000.0,0.0,0.0,0.0,470000.0
634023370,mukono,20,2000000.0,0.0,0.0,200000.0,0.0,0.0,0.0,100000.0,2300000.0
634718078,mukono,20,3000000.0,300000.0,0.0,0.0,300000.0,0.0,0.0,100000.0,3700000.0
634718387,mukono,20,1000000.0,100000.0,100000.0,100000.0,200000.0,0.0,0.0,0.0,1500000.0
635238203,mukono,20,700000.0,100000.0,300000.0,0.0,100000.0,0.0,0.0,0.0,1200000.0
635859907,mukono,20,1800000.0,200000.0,0.0,300000.0,30000.0,0.0,0.0,0.0,2330000.0
636603192,mukono,20,7000000.0,0.0,0.0,0.0,500000.0,2000000.0,0.0,0.0,9500000.0
551433371,nakaseke,20,930000.0,200000.00000000006,0.0,0.0,0.0,0.0,0.0,0.0,1130000.0
581719428,nakaseke,20,554400.0,0.0,0.0,0.0,0.0,0.0,0.0,0.0,554400.0
584453809,nakaseke,20,1008000.0,0.0,0.0,300000.0,0.0,0.0,0.0,0.0,1308000.0
588629366,nakaseke,20,552000.0,350000.0,0.0,0.0,0.0,0.0,0.0,0.0,902000.0
593198085,nakaseke,20,456000.0,0.0,0.0,0.0,0.0,0.0,0.0,0.0,456000.0
614850630,mukono,20,500000.0,0.0,100000.0,0.0,100000.0,0.0,0.0,0.0,700000.0
558415060,nakaseke,20,694400.0,0.0,0.0,250000.0,0.0,0.0,0.0,0.0,944400.0
561237697,nakaseke,20,499200.0,450000.0,0.0,0.0,500000.0,0.0,0.0,0.0,1449200.0
582502398,nakaseke,20,480000.0,0.0,0.0,0.0,225000.0,0.0,0.0,0.0,705000.0
586028388,nakaseke,20,617400.0,0.0,300000.0,0.0,200000.0,0.0,0.0,0.0,1117400.0
613819661,nakaseke,20,336000.0,0.0,0.0,0.0,0.0,0.0,0.0,0.0,336000.0
619770045,mukono,20,900000.0,0.0,0.0,0.0,0.0,0.0,0.0,0.0,900000.0
553313800,nakaseke,20,14000000.0,0.0,0.0,0.0,359999.99999999994,0.0,0.0,0.0,14360000.0
560449000,nakaseke,20,680400.0,0.0,0.0,0.0,150000.0,0.0,0.0,0.0,830400.0
560449862,nakaseke,20,610000.0,0.0,0.0,300000.0,0.0,0.0,0.0,0.0,910000.0
583505325,nakaseke,20,1500000.0,0.0,0.0,0.0,0.0,0.0,0.0,0.0,1500000.0
613821415,nakaseke,20,2232000.0,0.0,0.0,0.0,0.0,0.0,0.0,0.0,2232000.0
561257600,nakaseke,20,325000.0,0.0,0.0,0.0,0.0,0.0,0.0,0.0,325000.0
585193571,nakaseke,20,545200.0,0.0,200000.0,0.0,640800.0,0.0,0.0,0.0,1386000.0
621639988,mukono,20,600000.0,0.0,0.0,0.0,1200000.0,0.0,0.0,0.0,1800000.0
550731204,nakaseke,20,600000.0,0.0,0.0,0.0,0.0,0.0,0.0,0.0,600000.0
550739292,nakaseke,20,500000.0,0.0,0.0,0.0,0.0,0.0,0.0,0.0,500000.0
550740686,nakaseke,20,1000000.0,0.0,0.0,0.0,0.0,0.0,0.0,0.0,1000000.0
551433006,nakaseke,20,1210000.0,299999.9999999999,0.0,0.0,0.0,0.0,0.0,0.0,1510000.0
552803009,nakaseke,20,7950000.0,0.0,0.0,0.0,0.0,0.0,0.0,0.0,7950000.0
554395712,nakaseke,20,2360000.0,0.0,0.0,0.0,640799.9999999995,0.0,0.0,0.0,3000799.9999999995
554399870,,20,8800000.0,0.0,0.0,0.0,1079999.9999999993,0.0,0.0,0.0,9880000.0
555219447,nakaseke,20,1050000.0,0.0,0.0,0.0,0.0,0.0,0.0,0.0,1050000.0
559669939,nakaseke,20,2697500.0,0.0,0.0,0.0,520000.0,0.0,0.0,0.0,3217500.0
581666409,nakaseke,20,680400.0,0.0,100000.0,0.0,180000.0,0.0,0.0,0.0,960400.0
585208171,nakaseke,20,975000.0,0.0,300000.0,0.0,0.0,0.0,0.0,0.0,1275000.0
613829595,nakaseke,20,1003400.0,0.0,0.0,0.0,0.0,0.0,0.0,0.0,1003400.0
614807717,mukono,20,800000.0,0.0,0.0,500000.0,0.0,0.0,0.0,0.0,1300000.0
615773415,mukono,20,900000.0,200000.0,0.0,300000.0,300000.0,500000.0,0.0,0.0,2200000.0
616587562,mukono,20,1500000.0,20000.0,0.0,0.0,200000.0,0.0,0.0,0.0,1720000.0
617648818,mukono,20,1200000.0,0.0,0.0,0.0,0.0,0.0,0.0,0.0,1200000.0
617656724,mukono,20,3200000.0,0.0,0.0,0.0,0.0,0.0,0.0,0.0,3200000.0
618738718,mukono,20,2400000.0,0.0,0.0,0.0,0.0,0.0,0.0,0.0,2400000.0
618740822,mukono,20,2400000.0,0.0,0.0,0.0,0.0,0.0,0.0,0.0,2400000.0
619306835,mukono,20,1200000.0,300000.0,0.0,200000.0,0.0,300000.0,0.0,0.0,2000000.0
619559199,mukono,20,6000000.0,0.0,0.0,0.0,12000000.0,0.0,0.0,0.0,18000000.0
619769613,mukono,20,4500000.0,0.0,0.0,0.0,0.0,0.0,0.0,0.0,4500000.0
620129760,mukono,20,3500000.0,500000.0,0.0,0.0,500000.0,0.0,0.0,0.0,4500000.0
620157158,mukono,20,2500000.0,0.0,0.0,2000000.0,1000000.0,300000.0,0.0,0.0,5800000.0
620418682,mukono,20,12000000.0,1800000.0,0.0,0.0,1000000.0,0.0,0.0,0.0,14800000.0
620699865,mukono,20,2400000.0,0.0,0.0,0.0,0.0,0.0,0.0,0.0,2400000.0
620699988,mukono,20,36000000.0,0.0,0.0,0.0,0.0,0.0,0.0,0.0,36000000.0
621075678,mukono,20,1200000.0,0.0,0.0,0.0,0.0,0.0,0.0,100000.0,1300000.0
621078199,mukono,20,1200000.0,0.0,0.0,0.0,500000.0,0.0,0.0,1000000.0,2700000.0
621497521,mukono,20,750000.0,0.0,0.0,500000.0,200000.0,0.0,0.0,0.0,1450000.0
622288485,mukono,20,2000000.0,2500000.0,0.0,0.0,1000000.0,500000.0,0.0,0.0,6000000.0
622289226,mukono,20,900000.0,200000.0,100000.0,0.0,500000.0,0.0,0.0,300000.0,2000000.0
622950844,mukono,20,2600000.0,400000.0,0.0,0.0,1500000.0,0.0,0.0,0.0,4500000.0
622950959,mukono,20,700000.0,100000.0,0.0,200000.0,0.0,0.0,0.0,0.0,1000000.0
622951178,mukono,20,2100000.0,0.0,0.0,0.0,2000000.0,0.0,0.0,0.0,4100000.0
623479319,mukono,20,400000.0,0.0,0.0,0.0,2800000.0,0.0,0.0,0.0,3200000.0
623704150,mukono,20,1000000.0,500000.0,0.0,500000.0,300000.0,0.0,0.0,0.0,2300000.0
623704380,mukono,20,300000.0,0.0,200000.0,0.0,200000.0,0.0,0.0,0.0,700000.0
624715344,mukono,20,200000.0,0.0,0.0,0.0,200000.0,0.0,0.0,1000000.0,1400000.0
631647480,mukono,20,3200000.0,0.0,0.0,0.0,700000.0,0.0,0.0,0.0,3900000.0
632449589,mukono,20,3000000.0,0.0,0.0,500000.0,0.0,0.0,0.0,0.0,3500000.0
632465838,mukono,20,2500000.0,200000.0,0.0,300000.0,300000.0,0.0,0.0,0.0,3300000.0
633165465,mukono,20,2000000.0,400000.0,0.0,500000.0,500000.0,0.0,0.0,0.0,3400000.0
633165662,mukono,20,2000000.0,300000.0,0.0,0.0,300000.0,200000.0,0.0,0.0,2800000.0
634022615,mukono,20,4000000.0,1000000.0,0.0,1000000.0,300000.0,0.0,0.0,0.0,6300000.0
634718321,mukono,20,1000000.0,0.0,0.0,0.0,300000.0,500000.0,0.0,0.0,1800000.0
634929270,mukono,20,80000.0,0.0,0.0,0.0,0.0,0.0,0.0,0.0,80000.0
635102819,mukono,20,1000000.0,0.0,500000.0,0.0,500000.0,0.0,0.0,0.0,2000000.0
635238371,mukono,20,2000000.0,1000000.0,0.0,500000.0,500000.0,0.0,0.0,0.0,4000000.0
635238449,mukono,20,2500000.0,100000.0,0.0,300000.0,300000.0,0.0,0.0,0.0,3200000.0
635238630,mukono,20,1500000.0,500000.0,0.0,300000.0,300000.0,0.0,0.0,0.0,2600000.0
635625333,mukono,20,400000.0,0.0,0.0,0.0,0.0,0.0,0.0,0.0,400000.0
635859825,mukono,20,1500000.0,0.0,0.0,500000.0,0.0,0.0,0.0,0.0,2000000.0
635860002,mukono,20,3000000.0,200000.0,0.0,0.0,0.0,0.0,0.0,0.0,3200000.0
635860179,mukono,20,3000000.0,1000000.0,0.0,500000.0,500000.0,0.0,0.0,0.0,5000000.0
636134719,mukono,20,24000000.0,0.0,0.0,1000000.0,1950000.0,0.0,0.0,0.0,26950000.0
636135880,mukono,20,1400000.0,0.0,1500000.0,0.0,500000.0,0.0,0.0,0.0,3400000.0
636603058,mukono,20,900000.0,0.0,0.0,0.0,200000.0,0.0,0.0,0.0,1100000.0
636603136,mukono,20,700000.0,0.0,0.0,300000.0,500000.0,0.0,0.0,0.0,1500000.0
644152753,mukono,20,2000000.0,200000.0,0.0,300000.0,300000.0,0.0,0.0,300000.0,3100000.0
644152847,mukono,20,700000.0,100000.0,0.0,200000.0,200000.0,0.0,0.0,0.0,1200000.0
644159669,mukono,20,3200000.0,0.0,0.0,0.0,420000.0,0.0,0.0,0.0,3620000.0
554400498,nakaseke,20,7000000.0,0.0,0.0,0.0,50000.00000000001,0.0,0.0,0.0,7050000.0
559666632,nakaseke,20,990000.0,0.0,0.0,150000.0,0.0,0.0,0.0,0.0,1140000.0
619306547,mukono,20,2000000.0,500000.0,0.0,0.0,0.0,0.0,0.0,320000.0,2820000.0
622485261,mukono,20,800000.0,0.0,0.0,0.0,0.0,0.0,0.0,0.0,800000.0
631647195,mukono,20,600000.0,0.0,0.0,0.0,150000.0,0.0,0.0,0.0,750000.0
565368592,nakaseke,20,571200.0,0.0,0.0,0.0,127000.0,0.0,0.0,0.0,698200.0
584454693,nakaseke,20,250000.0,0.0,250000.0,0.0,0.0,0.0,0.0,0.0,500000.0
618738814,mukono,20,2600000.0,0.0,0.0,0.0,0.0,0.0,0.0,0.0,2600000.0
582503421,nakaseke,20,690000.0,0.0,0.0,0.0,0.0,0.0,0.0,0.0,690000.0
589565846,nakaseke,20,720000.0,0.0,0.0,0.0,850000.0,0.0,0.0,0.0,1570000.0
614850459,mukono,20,1100000.0,0.0,0.0,0.0,550000.0,0.0,0.0,0.0,1650000.0
556032422,nakaseke,20,2500000.0,1800000.0,0.0,300000.0,0.0,0.0,0.0,0.0,4600000.0
558422563,nakaseke,20,1750000.0,0.0,0.0,0.0,950000.0,0.0,0.0,0.0,2700000.0
585223034,nakaseke,20,342000.0,0.0,0.0,0.0,0.0,0.0,0.0,0.0,342000.0
623704362,mukono,20,700000.0,500000.0,0.0,0.0,500000.0,0.0,0.0,0.0,1700000.0
633165535,mukono,20,1800000.0,0.0,0.0,500000.0,500000.0,0.0,0.0,0.0,2800000.0
634929225,mukono,20,4000000.0,0.0,0.0,0.0,100000.0,0.0,0.0,0.0,4100000.0
636602878,mukono,20,3500000.0,200000.0,0.0,200000.0,300000.0,0.0,0.0,0.0,4200000.0
558418973,nakaseke,20,1664000.0,0.0,0.0,0.0,1800000.0,2500000.0,0.0,0.0,5964000.0
613827164,nakaseke,20,1560200.0,0.0,450000.0,0.0,950000.0,0.0,0.0,0.0,2960200.0
632876809,mukono,20,320000.0,0.0,0.0,0.0,0.0,0.0,0.0,0.0,320000.0
559670838,nakaseke,20,2073500.0,0.0,0.0,200000.0,0.0,0.0,0.0,0.0,2273500.0
588625655,nakaseke,20,2496000.0,0.0,300000.0,0.0,1050000.0,0.0,0.0,0.0,3846000.0
550732633,nakaseke,20,1050000.0,100000.00000000004,0.0,0.0,499999.99999999977,0.0,0.0,0.0,1649999.9999999998
550740078,nakaseke,20,1100000.0,30000.000000000007,0.0,0.0,0.0,0.0,0.0,0.0,1130000.0
552802393,nakaseke,20,8800000.0,999999.9999999995,0.0,0.0,149999.99999999994,0.0,0.0,0.0,9950000.0
553314788,nakaseke,20,7500000.0,0.0,0.0,0.0,420000.00000000023,0.0,0.0,0.0,7920000.0
556033462,nakaseke,20,4032000.0,0.0,0.0,0.0,1755000.0,0.0,0.0,0.0,5787000.0
557694485,nakaseke,20,90000.0,0.0,0.0,50000.0,0.0,0.0,0.0,0.0,140000.0
557694682,nakaseke,20,90000.0,0.0,0.0,25000.0,0.0,0.0,0.0,0.0,115000.0
557711753,nakaseke,20,1750000.0,0.0,0.0,0.0,0.0,0.0,0.0,0.0,1750000.0
557713215,nakaseke,20,1100000.0000000002,0.0,0.0,0.0,0.0,0.0,0.0,0.0,1100000.0000000002
558375556,nakaseke,20,300000.0,0.0,0.0,50000.0,60000.0,0.0,0.0,0.0,410000.0
565368815,nakaseke,20,1150000.0,0.0,0.0,300000.0,0.0,0.0,0.0,0.0,1450000.0
583503314,nakaseke,20,3060000.0,0.0,0.0,0.0,639000.0,0.0,0.0,0.0,3699000.0
592192864,nakaseke,20,2400000.0,0.0,0.0,0.0,0.0,0.0,0.0,0.0,2400000.0
614807974,mukono,20,700000.0,0.0,0.0,400000.0,0.0,0.0,0.0,0.0,1100000.0
614850566,mukono,20,3200000.0,0.0,0.0,0.0,3000000.0,0.0,0.0,0.0,6200000.0
615761193,mukono,20,7000000.0,1000000.0,0.0,0.0,1000000.0,0.0,500000.0,0.0,9500000.0
615773611,mukono,20,1000000.0,200000.0,100000.0,0.0,100000.0,0.0,0.0,0.0,1400000.0
616675567,mukono,20,300000.0,0.0,0.0,0.0,0.0,1000000.0,600000.0,0.0,1900000.0
617462488,mukono,20,650000.0,0.0,0.0,0.0,0.0,4000000.0,0.0,0.0,4650000.0
617463415,mukono,20,300000.0,0.0,0.0,0.0,300000.0,2400000.0,0.0,0.0,3000000.0
617648934,mukono,20,2400000.0,0.0,0.0,0.0,0.0,0.0,0.0,0.0,2400000.0
619547863,mukono,20,1000000.0,0.0,0.0,0.0,250000.0,1000000.0,0.0,0.0,2250000.0
619769827,mukono,20,560000.0,0.0,0.0,0.0,0.0,0.0,0.0,250000.0,810000.0
619769984,mukono,20,1800000.0,0.0,0.0,0.0,0.0,0.0,0.0,0.0,1800000.0
620417365,mukono,20,600000.0,0.0,0.0,0.0,0.0,5000000.0,1000000.0,0.0,6600000.0
620699936,mukono,20,3200000.0,0.0,0.0,0.0,0.0,0.0,0.0,0.0,3200000.0
620700057,mukono,20,1200000.0,0.0,0.0,0.0,1600000.0,0.0,0.0,0.0,2800000.0
621078668,mukono,20,1100000.0,200000.0,0.0,0.0,800000.0,0.0,4800000.0,500000.0,7400000.0
621640204,mukono,20,130000.0,0.0,0.0,0.0,0.0,0.0,0.0,0.0,130000.0
621642449,mukono,20,200000.0,0.0,0.0,0.0,0.0,0.0,0.0,0.0,200000.0
622289483,mukono,20,400000.0,200000.0,100000.0,0.0,200000.0,0.0,0.0,0.0,900000.0
622485078,mukono,20,8000000.0,0.0,0.0,0.0,4500000.0,0.0,0.0,0.0,12500000.0
623981243,mukono,20,100000.0,0.0,0.0,0.0,250000.0,0.0,0.0,0.0,350000.0
624290457,mukono,20,1800000.0,500000.0,0.0,1000000.0,500000.0,600000.0,0.0,0.0,4400000.0
624291333,mukono,20,700000.0,600000.0,0.0,600000.0,500000.0,0.0,0.0,0.0,2400000.0
624292438,mukono,20,700000.0,700000.0,200000.0,200000.0,200000.0,0.0,0.0,0.0,2000000.0
631647010,mukono,20,1200000.0,0.0,0.0,0.0,75000.0,0.0,0.0,0.0,1275000.0
633165312,mukono,20,1200000.0,0.0,0.0,200000.0,0.0,0.0,0.0,0.0,1400000.0
633706793,mukono,20,300000.0,0.0,0.0,0.0,500000.0,0.0,0.0,0.0,800000.0
634022985,mukono,20,900000.0,0.0,0.0,300000.0,0.0,0.0,0.0,100000.0,1300000.0
634718242,mukono,20,5000000.0,1000000.0,0.0,1000000.0,1000000.0,0.0,0.0,0.0,8000000.0
635238561,mukono,20,1200000.0,0.0,0.0,500000.0,300000.0,0.0,0.0,0.0,2000000.0
636135365,mukono,20,3000000.0,0.0,500000.0,300000.0,100000.0,0.0,0.0,0.0,3900000.0
636136285,mukono,20,2400000.0,0.0,0.0,1000000.0,0.0,0.0,0.0,3000000.0,6400000.0
616674531,mukono,20,5100000.0,0.0,0.0,0.0,0.0,0.0,2000000.0,0.0,7100000.0
557715625,nakaseke,20,1650000.0,0.0,0.0,0.0,0.0,0.0,0.0,0.0,1650000.0
582503133,nakaseke,20,1260000.0,0.0,0.0,500000.0,0.0,0.0,0.0,0.0,1760000.0
586804272,nakaseke,20,3217800.0,300000.0,1000000.0,0.0,560000.0,0.0,0.0,0.0,5077800.0
620699783,mukono,20,2800000.0,0.0,0.0,0.0,0.0,0.0,0.0,0.0,2800000.0
550738751,nakaseke,20,400000.0,0.0,0.0,0.0,0.0,0.0,0.0,0.0,400000.0
589566299,nakaseke,20,540000.0,0.0,0.0,0.0,0.0,0.0,0.0,0.0,540000.0
556042851,nakaseke,20,700000.0,0.0,0.0,300000.0,250000.0,0.0,0.0,0.0,1250000.0
581667076,nakaseke,20,831600.0,0.0,300000.0,150000.0,0.0,0.0,0.0,0.0,1281600.0
561201812,nakaseke,20,600000.0,0.0,250000.0,90000.0,90000.0,0.0,0.0,0.0,1030000.0
561202655,nakaseke,20,300000.0,60000.0,55000.0,150000.0,70000.0,0.0,0.0,0.0,635000.0
622951271,mukono,20,1800000.0,1000000.0,0.0,0.0,1200000.0,0.0,0.0,0.0,4000000.0
623479194,mukono,20,2400000.0,0.0,0.0,0.0,1200000.0,0.0,0.0,0.0,3600000.0
633859954,mukono,20,1200000.0,0.0,1000000.0,0.0,500000.0,0.0,0.0,0.0,2700000.0
634322609,mukono,20,1800000.0,0.0,0.0,0.0,0.0,0.0,0.0,0.0,1800000.0
634718422,mukono,20,1000000.0,0.0,0.0,0.0,0.0,0.0,0.0,0.0,1000000.0
618738459,mukono,20,5400000.0,0.0,0.0,0.0,0.0,0.0,0.0,0.0,5400000.0
552806909,nakaseke,20,1120000.0,0.0,0.0,0.0,849999.9999999994,0.0,0.0,0.0,1969999.9999999995
557694859,nakaseke,20,90000.0,0.0,0.0,0.0,0.0,0.0,0.0,0.0,90000.0
589566059,nakaseke,20,6300000.0,1000000.0,0.0,300000.0,0.0,0.0,0.0,0.0,7600000.0
593200247,nakaseke,20,31200005.0,1000000.0,0.0,0.0,1080000.0,0.0,0.0,0.0,33280005.0
613820537,nakaseke,20,5040000.0,500000.0,0.0,0.0,0.0,0.0,0.0,0.0,5540000.0
614808240,mukono,20,1000000.0,0.0,0.0,600000.0,0.0,200000.0,0.0,0.0,1800000.0
615773753,mukono,20,1500000.0,1000000.0,0.0,200000.0,0.0,0.0,0.0,0.0,2700000.0
617460629,mukono,20,800000.0,0.0,0.0,0.0,0.0,20000000.0,0.0,500000.0,21300000.0
617461111,mukono,20,400000.0,0.0,0.0,300000.0,0.0,0.0,0.0,0.0,700000.0
617461597,mukono,20,120000.0,0.0,0.0,0.0,0.0,0.0,0.0,0.0,120000.0
618056660,mukono,20,1200000.0,0.0,0.0,200000.0,0.0,500000.0,0.0,0.0,1900000.0
618502638,mukono,20,2000000.0,0.0,0.0,0.0,300000.0,0.0,0.0,3000000.0000000023,5300000.000000002
618738618,mukono,20,3400000.0,0.0,0.0,0.0,0.0,0.0,0.0,0.0,3400000.0
619308856,mukono,20,3000000.0,500000.0,0.0,0.0,500000.0,0.0,0.0,9000000.0,13000000.0
620131758,mukono,20,700000.0,500000.0,0.0,0.0,500000.0,0.0,0.0,0.0,1700000.0
621077765,mukono,20,2500000.0,0.0,0.0,0.0,0.0,0.0,0.0,1000000.0,3500000.0
622950517,mukono,20,8000000.0,300000.0,0.0,500000.0,4000000.0,0.0,0.0,0.0,12800000.0
623178431,mukono,20,1600000.0,0.0,1000000.0,240000.0,0.0,0.0,0.0,0.0,2840000.0
623271316,mukono,20,750000.0,0.0,0.0,0.0,10000000.0,2000000.0,0.0,0.0,12750000.0
623272577,mukono,20,1000000.0,0.0,0.0,0.0,20000000.0,0.0,0.0,0.0,21000000.0
624293459,mukono,20,1100000.0,1000000.0,0.0,0.0,0.0,0.0,0.0,0.0,2100000.0
624713073,mukono,20,400000.0,0.0,0.0,5000000.0,0.0,0.0,0.0,0.0,5400000.0
624713879,mukono,20,685000.0,0.0,0.0,0.0,0.0,2000000.0,0.0,0.0,2685000.0
625320144,mukono,20,800000.0,360000.0,0.0,0.0,6000000.0,0.0,0.0,0.0,7160000.0
628089142,mukono,20,840000.0,0.0,0.0,0.0,0.0,0.0,5000000.0,0.0,5840000.0
628089849,mukono,20,1400000.0,0.0,0.0,0.0,0.0,3000000.0,0.0,0.0,4400000.0
628775275,mukono,20,45000000.0,0.0,0.0,1000000.0,0.0,10000000.0,0.0,0.0,56000000.0
630120893,mukono,20,2400000.0,0.0,0.0,500000.0,0.0,1000000.0,0.0,0.0,3900000.0
632524617,mukono,20,6500000.0,0.0,0.0,0.0,240000.0,2000000.0,0.0,0.0,8740000.0
633860632,mukono,20,2400000.0,0.0,0.0,0.0,1200000.0,0.0,4800000.0,0.0,8400000.0
633861486,mukono,20,1410000.0,0.0,0.0,0.0,0.0,0.0,6000000.0,0.0,7410000.0
634021883,mukono,20,5000000.0,1000000.0,0.0,0.0,600000.0,0.0,0.0,0.0,6600000.0
634952329,mukono,20,49000000.0,0.0,0.0,0.0,2000000.0,0.0,6000000.0,0.0,57000000.0
635102211,mukono,20,4000000.0,10000000.0,0.0,0.0,5000000.0,0.0,0.0,2000000.0,21000000.0
635102285,mukono,20,1200000.0,0.0,2000000.0,0.0,500000.0,0.0,0.0,0.0,3700000.0
623184098,mukono,20,1500000.0,0.0,0.0,0.0,500000.0,0.0,1000000.0,0.0,3000000.0
554408234,nakaseke,20,550000.0,0.0,0.0,0.0,0.0,0.0,0.0,0.0,550000.0
556042141,nakaseke,20,300000.0,0.0,0.0,0.0,120000.0,0.0,0.0,0.0,420000.0
559614978,nakaseke,20,600000.0,0.0,500000.0,0.0,400000.0,0.0,0.0,0.0,1500000.0
581570782,nakaseke,20,1000000.0,0.0,0.0,500000.0,15000.000000000004,0.0,0.0,0.0,1515000.0
552806065,,20,500000.0,0.0,0.0,0.0,0.0,0.0,0.0,0.0,500000.0
553316435,nakaseke,20,1700000.0,0.0,0.0,4999999.999999999,162000.00000000012,0.0,0.0,0.0,6861999.999999999
558375760,nakaseke,20,150000.0,0.0,0.0,0.0,0.0,0.0,0.0,0.0,150000.0
559615316,nakaseke,20,500000.0,0.0,400000.0,250000.0,50000.0,0.0,0.0,0.0,1200000.0
630121155,mukono,20,4200000.0,1000000.0,0.0,0.0,200000.0,0.0,0.0,0.0,5400000.0
630121646,mukono,20,2800000.0,0.0,0.0,700000.0,120000.0,0.0,0.0,0.0,3620000.0
560425493,nakaseke,20,250000.0,0.0,0.0,100000.0,50000.0,0.0,0.0,0.0,400000.0
560424556,nakaseke,20,600000.0,0.0,500000.0,90000.0,200000.0,0.0,0.0,0.0,1390000.0
561200542,nakaseke,20,600000.0,450000.0,0.0,90000.0,50000.0,0.0,0.0,0.0,1190000.0
561202398,nakaseke,20,350000.0,0.0,200000.0,100000.0,60000.0,0.0,0.0,0.0,710000.0
560425197,nakaseke,20,500000.0,0.0,350000.0,160000.0,90000.0,0.0,0.0,0.0,1100000.0
628088416,mukono,20,1300000.0,3000000.0,0.0,500000.0,0.0,2000000.0,0.0,0.0,6800000.0
628089405,mukono,20,1400000.0,0.0,0.0,0.0,0.0,6000000.0,0.0,0.0,7400000.0
628774965,mukono,20,1000000.0,0.0,2000000.0,500000.0,0.0,0.0,0.0,0.0,3500000.0
632530379,mukono,20,1000000.0,0.0,0.0,5000000.0,500000.0,0.0,0.0,0.0,6500000.0
636135085,mukono,20,20800000.0,1000000.0,0.0,0.0,500000.0,0.0,0.0,0.0,22300000.0
556039009,nakaseke,20,20000.0,0.0,0.0,50000.0,120000.0,0.0,0.0,0.0,190000.0
553316712,nakaseke,20,370000.0,0.0,0.0,0.0,60000.00000000002,0.0,0.0,0.0,430000.0
621496649,mukono,20,2400000.0,0.0,0.0,2400000.0,100000.0,0.0,0.0,0.0,4900000.0
629845932,mukono,20,2000000.0,0.0,0.0,3000000.0,360000.0,0.0,0.0,0.0,5360000.0
632528316,mukono,20,5000000.0,0.0,0.0,1500000.0,0.0,0.0,0.0,0.0,6500000.0
633861263,mukono,20,8400000.0,10000000.0,0.0,0.0,6000000.0,0.0,0.0,0.0,24400000.0
635102642,mukono,20,7000000.0,0.0,0.0,0.0,10000000.0,0.0,0.0,0.0,17000000.0
560423470,nakaseke,20,450000.0,0.0,240000.0,0.0,300000.0,0.0,0.0,0.0,990000.0
551439101,nakaseke,20,1100000.0,0.0,0.0,0.0,0.0,0.0,0.0,0.0,1100000.0
553316111,nakaseke,20,380000.0,0.0,0.0,0.0,499999.9999999997,0.0,0.0,0.0,879999.9999999998
554407800,nakaseke,20,900000.0,0.0,0.0,0.0,120000.00000000004,0.0,0.0,0.0,1020000.0
558374654,nakaseke,20,450000.0,599999.9999999998,250000.0,100000.0,0.0,0.0,0.0,0.0,1399999.9999999998
558375246,nakaseke,20,220000.0,0.0,50000.0,150000.0,0.0,0.0,0.0,0.0,420000.0
581569323,nakaseke,20,1350000.0,0.0,0.0,100000.00000000004,6000000.0,0.0,0.0,0.0,7450000.0
581571879,nakaseke,20,500000.0,0.0,200000.0,150000.0,60000.0,0.0,0.0,0.0,910000.0
564861263,nakaseke,20,500000.0,150000.0,50000.0,100000.0,60000.0,0.0,0.0,0.0,860000.0
559615143,nakaseke,20,300000.0,0.0,50000.0,60000.0,100000.0,0.0,0.0,0.0,510000.0
564864365,nakaseke,20,300000.0,60000.0,58000.0,100000.0,60000.0,0.0,0.0,0.0,578000.0
553315619,nakaseke,20,350000.0,0.0,0.0,0.0,0.0,0.0,0.0,0.0,350000.0
556039301,nakaseke,20,500000.0,0.0,0.0,90000.0,150000.0,0.0,0.0,0.0,740000.0
615757479,mukono,20,800000.0,0.0,0.0,0.0,100000.0,0.0,0.0,0.0,900000.0
615773011,mukono,20,1500000.0,0.0,0.0,0.0,0.0,0.0,0.0,200000.0,1700000.0
619554974,mukono,20,3600000.0,2000000.0,0.0,0.0,1000000.0,0.0,0.0,0.0,6600000.0
620416772,mukono,20,500000.0,0.0,0.0,600000.0,0.0,180000.0,0.0,0.0,1280000.0
620419799,mukono,20,4000000.0,0.0,0.0,0.0,125000.0,0.0,0.0,0.0,4125000.0
621494958,mukono,20,500000.0,0.0,0.0,0.0,0.0,0.0,0.0,5000000.0,5500000.0
621496210,mukono,20,6000000.0,1000000.0,0.0,500000.0,0.0,0.0,0.0,0.0,7500000.0
621498584,mukono,20,16800000.0,0.0,0.0,0.0,500000.0,1000000.0,0.0,0.0,18300000.0
621639094,mukono,20,400000.0,0.0,0.0,0.0,300000.0,0.0,1999999.9999999993,0.0,2699999.999999999
623187149,mukono,20,560000.0,0.0,0.0,240000.0,0.0,1000000.0,0.0,0.0,1800000.0
623270536,mukono,20,13500000.0,0.0,0.0,0.0,1900000.0,0.0,0.0,0.0,15400000.0
624711692,mukono,20,1200000.0,1000000.0,0.0,0.0,2000000.0,0.0,0.0,0.0,4200000.0
624712163,mukono,20,2400000.0,1080000.0,0.0,0.0,0.0,5000000.0,0.0,0.0,8480000.0
625315993,mukono,20,1200000.0,0.0,0.0,500000.0,100000.0,0.0,0.0,0.0,1800000.0
628080096,mukono,20,7000000.0,0.0,0.0,0.0,2000000.0,0.0,0.0,0.0,9000000.0
628775775,mukono,20,36000000.0,3000000.0,0.0,0.0,0.0,1000000.0,0.0,0.0,40000000.0
630120684,mukono,20,7000000.0,2000000.0,0.0,0.0,0.0,3000000.0,0.0,0.0,12000000.0
632531024,mukono,20,3500000.0,0.0,0.0,1000000.0,0.0,0.0,5000000.0,0.0,9500000.0
632870785,mukono,20,3200000.0,0.0,0.0,0.0,70000.0,0.0,0.0,0.0,3270000.0
634322563,mukono,20,1200000.0,0.0,0.0,0.0,2000000.0,0.0,0.0,0.0,3200000.0
634951268,mukono,20,1000000.0,0.0,0.0,1300000.0,0.0,0.0,0.0,0.0,2300000.0
619307991,mukono,20,6000000.0,1000000.0,0.0,500000.0,15000000.0,0.0,6000000.0,0.0,28500000.0
634929055,mukono,20,2400000.0,0.0,0.0,0.0,500000.0,0.0,0.0,0.0,2900000.0
635625431,mukono,20,1200000.0,0.0,0.0,0.0,800000.0,0.0,0.0,0.0,2000000.0
625318562,mukono,20,400000.0,0.0,2000000.0,1000000.0,0.0,0.0,0.0,0.0,3400000.0
628776109,mukono,20,4900000.0,0.0,0.0,450000.0,0.0,2000000.0,0.0,0.0,7350000.0
633860413,mukono,20,42000000.0,0.0,0.0,1000000.0,500000.0,0.0,0.0,12000000.0,55500000.0
557694292,nakaseke,20,300000.0,0.0,0.0,50000.0,60000.0,0.0,0.0,0.0,410000.0
582450581,nakaseke,20,350000.0,50000.0,90000.0,0.0,0.0,0.0,0.0,0.0,490000.0
613185259,nakaseke,20,390000.0,0.0,0.0,0.0,400000.0,0.0,0.0,0.0,790000.0
614810845,mukono,20,800000.0,0.0,0.0,0.0,0.0,0.0,0.0,0.0,800000.0
617648764,mukono,20,1200000.0,0.0,0.0,0.0,0.0,0.0,0.0,0.0,1200000.0
551438934,nakaseke,20,1700000.0,0.0,0.0,0.0,0.0,0.0,0.0,0.0,1700000.0
589548879,nakaseke,20,20000.0,0.0,100000.0,0.0,250000.0,0.0,0.0,0.0,370000.0
554402613,nakaseke,20,0.0,0.0,0.0,0.0,161999.99999999988,0.0,0.0,0.0,161999.99999999988
589547568,nakaseke,20,350000.0,0.0,0.0,149999.99999999994,0.0,999999.9999999995,0.0,0.0,1499999.9999999995
592180125,nakaseke,20,350000.0,0.0,0.0,0.0,200000.0,0.0,0.0,0.0,550000.0
613184766,nakaseke,20,600000.0,0.0,0.0,100000.0,250000.0,0.0,0.0,0.0,950000.0
613185864,nakaseke,20,600000.0,20000.0,0.0,350000.0000000001,500000.0,0.0,0.0,0.0,1470000.0
593216040,nakaseke,20,400000.0,250000.0,69000.0,0.0,200000.0,0.0,0.0,0.0,919000.0
552806578,nakaseke,20,1300000.0,0.0,0.0,0.0,0.0,0.0,0.0,0.0,1300000.0
554403180,,20,1100000.0,0.0,0.0,0.0,0.0,0.0,0.0,0.0,1100000.0
554997531,nakaseke,20,400000.0,0.0,0.0,60000.0,250000.0,0.0,0.0,0.0,710000.0
581568916,nakaseke,20,500000.0,0.0,90000.0,60000.0,170000.0,0.0,0.0,0.0,820000.0
582449149,nakaseke,20,600000.0,250000.0,0.0,150000.0,50000.0,0.0,0.0,0.0,1050000.0
583384059,nakaseke,20,9000000.0,350000.0,0.0,0.0,250000.0,0.0,0.0,0.0,9600000.0
584465855,nakaseke,20,400000.0,150000.0,0.0,0.0,0.0,0.0,0.0,0.0,550000.0
585291611,nakaseke,20,9000000.0,30000.0,0.0,60000.0,350000.0,0.0,0.0,0.0,9440000.0
588618114,nakaseke,20,600000.0,0.0,0.0,120000.0,30000.0,0.0,0.0,0.0,750000.0
589549118,nakaseke,20,600000.0,0.0,90000.0,0.0,250000.0,0.0,0.0,0.0,940000.0
592179551,nakaseke,20,200000.0,0.0,0.0,150000.0,150000.0,0.0,0.0,0.0,500000.0
613185857,nakaseke,20,600000.0,300000.0,0.0,120000.0,350000.0,0.0,0.0,0.0,1370000.0
613185868,nakaseke,20,500000.0,350000.0,0.0,0.0,400000.0,0.0,0.0,0.0,1250000.0
618737230,mukono,20,1800000.0,0.0,0.0,0.0,0.0,0.0,0.0,0.0,1800000.0
625321534,mukono,20,5600000.0,0.0,0.0,0.0,2000000.0,10000000.0,0.0,0.0,17600000.0
613185262,nakaseke,20,260000.0,0.0,300000.0,100000.0,250000.0,0.0,0.0,0.0,910000.0
586823072,nakaseke,20,600000.0,0.0,0.0,100000.00000000001,600000.0,0.0,0.0,0.0,1300000.0
586821078,nakaseke,20,800000.0,0.0,0.0,20000.0,96000.0,0.0,0.0,0.0,916000.0
586823179,nakaseke,20,600000.0,0.0,0.0,100000.0,600000.0,0.0,0.0,0.0,1300000.0
588618032,nakaseke,20,1000000.0,200000.0,0.0,150000.0,350000.0,0.0,0.0,0.0,1700000.0
592179319,nakaseke,20,300000.0,0.0,0.0,0.0,200000.0,0.0,0.0,0.0,500000.0
613185254,nakaseke,20,350000.0,400000.0,249999.99999999983,0.0,230000.0,0.0,0.0,0.0,1229999.9999999998
613184756,nakaseke,20,380000.0,0.0,89999.99999999997,0.0,350000.0,0.0,0.0,0.0,820000.0
613184762,nakaseke,20,5000000.0,0.0,50000.00000000001,700000.0,250000.0,100000.0,0.0,0.0,6100000.0
593216705,nakaseke,20,350000.0,109.0,0.0,0.0,200000.0,0.0,0.0,0.0,550109.0
582448458,nakaseke,20,600000.0,300000.0,0.0,150000.0,200000.0,0.0,0.0,0.0,1250000.0
583383308,nakaseke,20,560000.0,30000.0,90000.0,3.0,20000.0,0.0,0.0,0.0,700003.0
584457728,nakaseke,20,350000.0,0.0,0.0,0.0,0.0,0.0,0.0,0.0,350000.0
584460556,nakaseke,20,250000.0,100000.0,0.0,150000.0,499999.9999999997,0.0,0.0,0.0,999999.9999999998
586822745,nakaseke,20,600000.0,300000.0,0.0,0.0,200000.0,0.0,0.0,0.0,1100000.0
588618956,nakaseke,20,600000.0,0.0,150000.0,0.0,250000.0,0.0,0.0,0.0,1000000.0
588619984,nakaseke,20,500000.0,0.0,0.0,0.0,250000.0,0.0,0.0,0.0,750000.0
589548430,nakaseke,20,300000.0,0.0,25000.0,0.0,500000.0,0.0,0.0,0.0,825000.0
613184214,nakaseke,20,200000.0,0.0,50000.0,0.0,130000.0,0.0,0.0,0.0,380000.0
551438775,nakaseke,20,1200000.0,0.0,0.0,0.0,0.0,0.0,0.0,0.0,1200000.0
552805506,nakaseke,20,9700000.0,0.0,0.0,0.0,0.0,0.0,0.0,0.0,9700000.0
582449815,nakaseke,20,500000.0,200000.0,0.0,0.0,60000.0,1999999.9999999993,0.0,0.0,2759999.999999999
583383783,nakaseke,20,500000.0,200000.0,0.0,0.0,300000.0,0.0,0.0,0.0,1000000.0
583384470,nakaseke,20,500000.0,250000.0,0.0,100000.00000000001,200000.0,0.0,0.0,0.0,1050000.0
585919910,nakaseke,20,2000000.0,500000.0,149999.99999999994,500000.0,600000.0,0.0,0.0,0.0,3750000.0
585937638,nakaseke,20,600000.0,250000.0,249999.99999999983,60000.0,260000.0,0.0,0.0,0.0,1419999.9999999998
592179023,nakaseke,20,1000000.0,200000.0,0.0,100000.0,0.0,0.0,0.0,0.0,1300000.0
551439238,nakaseke,20,1500000.0,0.0,0.0,0.0,0.0,0.0,0.0,0.0,1500000.0
555070994,nakaseke,20,600000.0,250000.0,0.0,100000.0,60000.0,0.0,0.0,0.0,1010000.0
555112218,nakaseke,20,1050000.0,0.0,0.0,0.0,0.0,0.0,0.0,0.0,1050000.0
555148547,nakaseke,20,400000.0,250000.0,0.0,90000.0,400000.0,0.0,0.0,0.0,1140000.0
584458624,nakaseke,20,600000.0,250000.0,400000.0,100000.0,0.0,0.0,0.0,0.0,1350000.0
585290674,nakaseke,20,500000.0,250000.0,0.0,100000.0,900000.0,0.0,0.0,0.0,1750000.0
585290890,nakaseke,20,700000.0,300000.0,50000.0,120000.0,350000.0,0.0,0.0,0.0,1520000.0
585309665,nakaseke,20,500000.0,0.0,0.0,0.0,200000.0,0.0,0.0,0.0,700000.0
585924133,nakaseke,20,600000.0,200000.0,0.0,150000.0,300000.0,0.0,0.0,0.0,1250000.0
585929887,nakaseke,20,500000.0,0.0,0.0,0.0,0.0,0.0,0.0,0.0,500000.0
613834815,nakaseke,20,2100000.0,0.0,0.0,0.0,0.0,0.0,0.0,1999999.9999999993,4099999.999999999
613836978,nakaseke,20,700000.0,0.0,0.0,0.0,0.0,0.0,0.0,0.0,700000.0
617656696,mukono,20,1099999.9999999998,0.0,0.0,0.0,0.0,0.0,0.0,0.0,1099999.9999999998
633860938,mukono,20,3000000.0,1000000.0,0.0,0.0,5000000.0,0.0,0.0,0.0,9000000.0
